


 ########  #          ######   #           #
 #         #         #      #   #         # 
 #####     #         #      #    #   #   #  
 #         #         #      #     # # # #   
 #         #######    ######       #   #    

Flow is a simulator for fully implicit three-phase black-oil flow, and is part of OPM.
For more information visit: https://opm-project.org 

Flow Version     =  2024.10 (100218a05)
Machine name     =  ptyche0072.ptyche.clusters.nvidia.com (Number of logical cores: 144, Memory size: 1732294.69 MB) 
Operating system =  Linux aarch64 (Kernel: 6.14.0-1015-nvidia-64k, #15-Ubuntu SMP PREEMPT_DYNAMIC Tue Nov 25 21:56:38 UTC 2025 )
Build time       =  2026-04-29 at 21:24:01 hrs
Simulation started on 29-04-2026 at 21:30:06 hrs
Using 32 MPI processes with 2 OMP threads on each 
Parameters used by Flow:
# [known parameters which were specified at run-time]
EclDeckFileName="FULLNORNE.DATA" # default: ""
ParsingStrictness="low" # default: "normal"
EnableEclOutput="true" # default: "1"
# [parameters which were specified at compile-time]
AcceleratorMode="none"
ActionParsingStrictness="normal"
AllowDistributedWells="0"
AlternativeWellRateInit="1"
BdaDeviceId="0"
CheckGroupConstraintsInnerWellIterations="1"
ContinueOnConvergenceError="0"
ConvergenceMonitoring="0"
ConvergenceMonitoringCutOff="6"
ConvergenceMonitoringDecayFactor="0.75"
CprReuseInterval="30"
CprReuseSetup="4"
DbhpMaxRel="1"
DebugEmitCellPartition="0"
DpMaxRel="0.3"
DsMax="0.2"
DwellFractionMax="0.2"
EclOutputDoublePrecision="0"
EclOutputInterval="-1"
EdgeWeightsMethod="1"
EnableAdaptiveTimeStepping="1"
EnableAsyncEclOutput="1"
EnableAsyncVtkOutput="1"
EnableDriftCompensation="0"
EnableDryRun="auto"
EnableEsmry="0"
EnableGravity="1"
EnableGridAdaptation="0"
EnableIntensiveQuantityCache="1"
EnableLoggingFalloutWarning="0"
EnableOpmRstFile="0"
EnableStorageCache="1"
EnableTerminalOutput="1"
EnableThermodynamicHints="0"
EnableTuning="0"
EnableVtkOutput="0"
EnableWellOperabilityCheck="1"
EnableWellOperabilityCheckIter="0"
EnableWriteAllSolutions="0"
EndTime="1e+100"
ExplicitRockCompaction="0"
ExternalPartition=""
ForceDisableFluidInPlaceOutput="0"
ForceDisableResvFluidInPlaceOutput="0"
FullTimeStepInitially="0"
IgnoreKeywords=""
IluFillinLevel="0"
IluRedblack="0"
IluRelaxation="0.9"
IluReorderSpheres="0"
ImbalanceTol="1.1"
InitialTimeStepInDays="1"
InitialTimeStepSize="86400"
InjMultDampMult="0.9"
InjMultMinDampFactor="0.05"
InjMultOscThreshold="0.1"
InputSkipMode="100"
LinearSolver="cprw"
LinearSolverIgnoreConvergenceFailure="0"
LinearSolverMaxIter="200"
LinearSolverPrintJsonDefinition="1"
LinearSolverReduction="0.01"
LinearSolverRestart="40"
LinearSolverVerbosity="0"
LoadFile=""
LoadStep="-1"
LocalDomainsOrderingMeasure="maxpressure"
LocalDomainsPartitioningImbalance="1.03"
LocalDomainsPartitioningMethod="zoltan"
LocalSolveApproach="gauss-seidel"
LocalToleranceScalingCnv="0.1"
LocalToleranceScalingMb="1"
LocalWellSolveControlSwitching="1"
MatrixAddWellContributions="0"
MaxInnerIterMsWells="100"
MaxInnerIterWells="50"
MaxLocalSolveIterations="20"
MaxNewtonIterationsWithInnerWellIterations="8"
MaxPressureChangeMsWells="1e+06"
MaxResidualAllowed="1e+07"
MaxSinglePrecisionDays="20"
MaxTemperatureChange="5"
MaxTimeStepDivisions="10"
MaxTimeStepSize="inf"
MaxWelleqIter="30"
MaximumNumberOfWellSwitches="3"
MaximumWaterSaturation="1"
MetisParams="default"
MiluVariant="ILU"
MinStrictCnvIter="-1"
MinStrictMbIter="-1"
MinTimeStepBasedOnNewtonIterations="0"
MinTimeStepBeforeShuttingProblematicWellsInDays="0.01"
MinTimeStepSize="0"
NetworkMaxIterations="200"
NetworkMaxStrictIterations="100"
NewtonMaxError="1e+100"
NewtonMaxIterations="20"
NewtonMaxRelax="0.5"
NewtonMinIterations="2"
NewtonRelaxationType="dampen"
NewtonTargetIterations="10"
NewtonTolerance="0.01"
NewtonVerbose="1"
NewtonWriteConvergence="0"
NlddLocalLinearSolver="ilu0"
NlddLocalLinearSolverMaxIter="200"
NlddLocalLinearSolverReduction="0.01"
NlddNumInitialNewtonIter="1"
NonlinearSolver="newton"
NumJacobiBlocks="0"
NumLocalDomains="0"
NumPressurePointsEquil="2000"
OpenclIluParallel="1"
OpenclPlatformId="0"
OutputDir=""
OutputExtraConvergenceInfo="none"
OutputInterval="1"
OutputMode="all"
OwnerCellsFirst="1"
ParameterFile=""
PartitionMethod="1"
PredeterminedTimeStepsFile=""
PressureMax="1e+99"
PressureMin="-1e+99"
PressureScale="1"
PriVarOscilationThreshold="1e-05"
PrintParameters="2"
ProjectSaturations="0"
RegularizationFactorWells="100"
RelaxedLinearSolverReduction="0.01"
RelaxedMaxPvFraction="0.03"
RelaxedPressureTolMsw="10000"
RelaxedWellFlowTol="0.001"
RestartTime="-1e+35"
RestartWritingInterval="16777215"
SaveFile=""
SaveStep=""
ScaleLinearSystem="0"
SchedRestart="0"
SerialPartitioning="0"
ShutUnsolvableWells="1"
SolveWelleqInitially="1"
SolverContinueOnConvergenceFailure="0"
SolverGrowthFactor="2"
SolverMaxGrowth="3"
SolverMaxRestarts="10"
SolverMaxTimeStepInDays="365"
SolverMinTimeStep="1e-12"
SolverRestartFactor="0.33"
SolverVerbosity="1"
StrictInnerIterWells="40"
StrictOuterIterWells="6"
TemperatureMax="1e+09"
TemperatureMin="0"
ThreadsPerProcess="-1"
TimeStepAfterEventInDays="-1"
TimeStepControl="pid+newtoniteration"
TimeStepControlDecayDampingFactor="1"
TimeStepControlDecayRate="0.75"
TimeStepControlFileName="timesteps"
TimeStepControlGrowthDampingFactor="3.2"
TimeStepControlGrowthRate="1.25"
TimeStepControlTargetIterations="30"
TimeStepControlTargetNewtonIterations="8"
TimeStepControlTolerance="0.1"
TimeStepVerbosity="1"
ToleranceCnv="0.01"
ToleranceCnvEnergy="0.01"
ToleranceCnvEnergyRelaxed="1"
ToleranceCnvRelaxed="1"
ToleranceEnergyBalance="1e-07"
ToleranceEnergyBalanceRelaxed="1e-06"
ToleranceMb="1e-07"
ToleranceMbRelaxed="1e-06"
TolerancePressureMsWells="1000"
ToleranceWellControl="1e-07"
ToleranceWells="0.0001"
UpdateEquationsScaling="0"
UseAverageDensityMsWells="0"
UseGmres="0"
UseImplicitIpr="1"
UseMultisegmentWell="1"
UseUpdateStabilization="1"
VtkWriteAverageMolarMasses="0"
VtkWriteDensities="1"
VtkWriteDiffusionCoefficients="0"
VtkWriteDofIndex="0"
VtkWriteEffectiveDiffusionCoefficients="0"
VtkWriteExtrusionFactor="0"
VtkWriteFilterVelocities="0"
VtkWriteFugacities="0"
VtkWriteFugacityCoeffs="0"
VtkWriteGasDissolutionFactor="0"
VtkWriteGasFormationVolumeFactor="0"
VtkWriteGasSaturationPressure="0"
VtkWriteIntrinsicPermeabilities="0"
VtkWriteMassFractions="0"
VtkWriteMobilities="0"
VtkWriteMolarities="0"
VtkWriteMoleFractions="1"
VtkWriteOilFormationVolumeFactor="0"
VtkWriteOilSaturationPressure="0"
VtkWriteOilVaporizationFactor="0"
VtkWritePorosity="1"
VtkWritePotentialGradients="0"
VtkWritePressures="1"
VtkWritePrimaryVars="0"
VtkWritePrimaryVarsMeaning="0"
VtkWriteProcessRank="0"
VtkWriteRelativePermeabilities="1"
VtkWriteSaturatedGasOilVaporizationFactor="0"
VtkWriteSaturatedOilGasDissolutionFactor="0"
VtkWriteSaturationRatios="0"
VtkWriteSaturations="1"
VtkWriteTemperature="1"
VtkWriteTortuosities="0"
VtkWriteTotalMassFractions="0"
VtkWriteTotalMoleFractions="0"
VtkWriteTracerConcentration="0"
VtkWriteViscosities="0"
VtkWriteWaterFormationVolumeFactor="0"
WaterOnlyThreshold="1"
ZoltanImbalanceTol="1.1"
ZoltanParams="graph"

Reading deck file 'FULLNORNE.DATA'
    0 Reading RUNSPEC  in FULLNORNE.DATA line 2
    1 Reading DIMENS   in FULLNORNE.DATA line 4
    2 Reading GRIDOPTS in FULLNORNE.DATA line 7
    3 Reading OIL      in FULLNORNE.DATA line 10
    4 Reading WATER    in FULLNORNE.DATA line 12
    5 Reading GAS      in FULLNORNE.DATA line 14
    6 Reading DISGAS   in FULLNORNE.DATA line 16
    7 Reading VAPOIL   in FULLNORNE.DATA line 18
    8 Reading ENDSCALE in FULLNORNE.DATA line 20
    9 Reading METRIC   in FULLNORNE.DATA line 23
   10 Reading SATOPTS  in FULLNORNE.DATA line 25
   11 Reading START    in FULLNORNE.DATA line 28
   12 Reading EQLDIMS  in FULLNORNE.DATA line 31
   13 Reading EQLOPTS  in FULLNORNE.DATA line 34
   14 Reading REGDIMS  in FULLNORNE.DATA line 37
   15 Reading WELLDIMS in FULLNORNE.DATA line 45
   16 Reading TABDIMS  in FULLNORNE.DATA line 48
   17 Reading FAULTDIM in FULLNORNE.DATA line 86
   18 Reading PIMTDIMS in FULLNORNE.DATA line 89
   19 Reading NSTACK   in FULLNORNE.DATA line 92
   20 Reading UNIFIN   in FULLNORNE.DATA line 95
   21 Reading UNIFOUT  in FULLNORNE.DATA line 96
   22 Reading OPTIONS  in FULLNORNE.DATA line 99
   23 Reading GRID     in FULLNORNE.DATA line 107
   24 Reading NEWTRAN  in FULLNORNE.DATA line 109
   25 Reading NOGGF    in FULLNORNE.DATA line 111
   26 Reading GRIDFILE in FULLNORNE.DATA line 113
   27 Reading MAPAXES  in FULLNORNE.DATA line 117
   28 Reading GRIDUNIT in FULLNORNE.DATA line 120
   29 Reading MESSAGES in FULLNORNE.DATA line 126
   30 Reading PINCH    in FULLNORNE.DATA line 129
   31 Reading NOECHO   in FULLNORNE.DATA line 132
   32 Reading SPECGRID in /workspace/project/RESULTS/FORWARD_RESULTS/RESULTS/True_Flow/IRAP_1005.GRDECL line 3
   33 Reading COORD    in /workspace/project/RESULTS/FORWARD_RESULTS/RESULTS/True_Flow/IRAP_1005.GRDECL line 32
   34 Reading ZCORN    in /workspace/project/RESULTS/FORWARD_RESULTS/RESULTS/True_Flow/IRAP_1005.GRDECL line 5372
   35 Reading ACTNUM   in /workspace/project/RESULTS/FORWARD_RESULTS/RESULTS/True_Flow/ACTNUM_0704.prop line 8
   36 Reading FAULTS   in /workspace/project/RESULTS/FORWARD_RESULTS/RESULTS/True_Flow/FAULT_JUN_05.INC line 2
   37 Reading MULTFLT  in /workspace/project/RESULTS/FORWARD_RESULTS/RESULTS/True_Flow/multflt.dat line 1
   38 Reading PORO     in /workspace/project/RESULTS/FORWARD_RESULTS/RESULTS/True_Flow/porosity.dat line 1
   39 Reading PERMX    in /workspace/project/RESULTS/FORWARD_RESULTS/RESULTS/True_Flow/permx.dat line 1
   40 Reading NTG      in /workspace/project/RESULTS/FORWARD_RESULTS/RESULTS/True_Flow/ntg.dat line 1
   41 Reading COPY     in FULLNORNE.DATA line 168
   42 Reading MULTIPLY in FULLNORNE.DATA line 174
   43 Reading MULTZ    in /workspace/project/RESULTS/FORWARD_RESULTS/RESULTS/True_Flow/multz.dat line 1
   44 Reading EQUALS   in FULLNORNE.DATA line 209
   45 Reading MULTNUM  in /workspace/project/RESULTS/FORWARD_RESULTS/RESULTS/True_Flow/FLUXNUM_0704.prop line 1
   46 Reading MULTREGT in /workspace/project/RESULTS/FORWARD_RESULTS/RESULTS/True_Flow/MULTREGT_D_27.prop line 42
   47 Reading MULTREGT in /workspace/project/RESULTS/FORWARD_RESULTS/RESULTS/True_Flow/multregt.dat line 1
   48 Reading NOECHO   in FULLNORNE.DATA line 224
   49 Reading MINPV    in FULLNORNE.DATA line 226
   50 Reading EDIT     in FULLNORNE.DATA line 229
   51 Reading PROPS    in FULLNORNE.DATA line 234
   52 Reading NOECHO   in FULLNORNE.DATA line 241
   53 Reading PVTG     in /workspace/project/RESULTS/FORWARD_RESULTS/RESULTS/True_Flow/PVT-WET-GAS.INC line 1
   54 Reading PVTO     in /workspace/project/RESULTS/FORWARD_RESULTS/RESULTS/True_Flow/PVT-WET-GAS.INC line 213
   55 Reading ROCK     in /workspace/project/RESULTS/FORWARD_RESULTS/RESULTS/True_Flow/PVT-WET-GAS.INC line 523
   56 Reading PVTW     in /workspace/project/RESULTS/FORWARD_RESULTS/RESULTS/True_Flow/PVT-WET-GAS.INC line 532
   57 Reading DENSITY  in /workspace/project/RESULTS/FORWARD_RESULTS/RESULTS/True_Flow/PVT-WET-GAS.INC line 539
   58 Reading SWOF     in /workspace/project/RESULTS/FORWARD_RESULTS/RESULTS/True_Flow/SCAL_NORNE.INC line 1
   59 Reading SGOF     in /workspace/project/RESULTS/FORWARD_RESULTS/RESULTS/True_Flow/SCAL_NORNE.INC line 50
   60 Reading SCALECRS in FULLNORNE.DATA line 250
   61 Reading EQUALS   in FULLNORNE.DATA line 254
   62 Reading COPY     in FULLNORNE.DATA line 266
   63 Reading ADD      in FULLNORNE.DATA line 272
   64 Reading MULTIPLY in FULLNORNE.DATA line 277
   65 Reading ADD      in FULLNORNE.DATA line 281
   66 Reading EQUALS   in FULLNORNE.DATA line 285
   67 Reading EHYSTR   in FULLNORNE.DATA line 294
   68 Reading COPY     in FULLNORNE.DATA line 297
   69 Reading EQUALS   in FULLNORNE.DATA line 307
   70 Reading EQUALS   in FULLNORNE.DATA line 311
   71 Reading MULTIPLY in /workspace/project/RESULTS/FORWARD_RESULTS/RESULTS/True_Flow/relperm.dat line 1
   72 Reading REGIONS  in FULLNORNE.DATA line 325
   73 Reading FIPNUM   in /workspace/project/RESULTS/FORWARD_RESULTS/RESULTS/True_Flow/FIPNUM_0704.prop line 2
   74 Reading EQUALS   in FULLNORNE.DATA line 331
   75 Reading EQLNUM   in /workspace/project/RESULTS/FORWARD_RESULTS/RESULTS/True_Flow/EQLNUM_0704.prop line 2
   76 Reading EQUALS   in /workspace/project/RESULTS/FORWARD_RESULTS/RESULTS/True_Flow/EXTRA_REG.inc line 1
   77 Reading SOLUTION in FULLNORNE.DATA line 346
   78 Reading EQUIL    in /workspace/project/RESULTS/FORWARD_RESULTS/RESULTS/True_Flow/owc.dat line 1
   79 Reading RSVD     in /workspace/project/RESULTS/FORWARD_RESULTS/RESULTS/True_Flow/E3-RSVD.prop line 17
   80 Reading THPRES   in FULLNORNE.DATA line 363
   81 Reading SUMMARY  in FULLNORNE.DATA line 375
   82 Reading RUNSUM   in FULLNORNE.DATA line 377
   83 Reading SEPARATE in FULLNORNE.DATA line 378
   84 Reading RPTONLY  in FULLNORNE.DATA line 379
   85 Reading WOPR     in /workspace/project/RESULTS/FORWARD_RESULTS/RESULTS/True_Flow/summaryShort.inc line 1
   86 Reading WWPR     in /workspace/project/RESULTS/FORWARD_RESULTS/RESULTS/True_Flow/summaryShort.inc line 25
   87 Reading WGPR     in /workspace/project/RESULTS/FORWARD_RESULTS/RESULTS/True_Flow/summaryShort.inc line 49
   88 Reading WWIR     in /workspace/project/RESULTS/FORWARD_RESULTS/RESULTS/True_Flow/summaryShort.inc line 73
   89 Reading WGIR     in /workspace/project/RESULTS/FORWARD_RESULTS/RESULTS/True_Flow/summaryShort.inc line 85
   90 Reading WBHP     in /workspace/project/RESULTS/FORWARD_RESULTS/RESULTS/True_Flow/summary-wbhp.inc line 1
   91 Reading SCHEDULE in FULLNORNE.DATA line 391
   92 Reading DRSDT    in FULLNORNE.DATA line 393
   93 Reading NOECHO   in FULLNORNE.DATA line 396
   94 Reading TUNING   in FULLNORNE.DATA line 399
   95 Reading ZIPPY2   in FULLNORNE.DATA line 406
   96 Reading PIMULTAB in /workspace/project/RESULTS/FORWARD_RESULTS/RESULTS/True_Flow/pimultab_low-high_aug-2006.inc line 1
   97 Reading RPTSCHED in FULLNORNE.DATA line 413
   98 Reading GRADRFT  in FULLNORNE.DATA line 415
   99 Reading WELSPECS in /workspace/project/RESULTS/FORWARD_RESULTS/RESULTS/True_Flow/NORPT_NOKH.SCH line 117
  100 Reading COMPDAT  in /workspace/project/RESULTS/FORWARD_RESULTS/RESULTS/True_Flow/NORPT_NOKH.SCH line 123
  101 Reading GRUPTREE in /workspace/project/RESULTS/FORWARD_RESULTS/RESULTS/True_Flow/NORPT_NOKH.SCH line 145
  102 Reading WCONHIST in /workspace/project/RESULTS/FORWARD_RESULTS/RESULTS/True_Flow/NORPT_NOKH.SCH line 163
  103 Reading WPAVE    in /workspace/project/RESULTS/FORWARD_RESULTS/RESULTS/True_Flow/NORPT_NOKH.SCH line 169
  104 Reading VAPPARS  in /workspace/project/RESULTS/FORWARD_RESULTS/RESULTS/True_Flow/NORPT_NOKH.SCH line 188
  105 Reading DATES    in /workspace/project/RESULTS/FORWARD_RESULTS/RESULTS/True_Flow/NORPT_NOKH.SCH line 197
  106 Reading WCONHIST in /workspace/project/RESULTS/FORWARD_RESULTS/RESULTS/True_Flow/NORPT_NOKH.SCH line 201
  107 Reading WCONINJE in /workspace/project/RESULTS/FORWARD_RESULTS/RESULTS/True_Flow/NORPT_NOKH.SCH line 205
  108 Reading GECON    in /workspace/project/RESULTS/FORWARD_RESULTS/RESULTS/True_Flow/NORPT_NOKH.SCH line 209
  109 Reading DATES    in /workspace/project/RESULTS/FORWARD_RESULTS/RESULTS/True_Flow/NORPT_NOKH.SCH line 214
  110 Reading WCONHIST in /workspace/project/RESULTS/FORWARD_RESULTS/RESULTS/True_Flow/NORPT_NOKH.SCH line 218
  111 Reading WCONINJE in /workspace/project/RESULTS/FORWARD_RESULTS/RESULTS/True_Flow/NORPT_NOKH.SCH line 223
  112 Reading DATES    in /workspace/project/RESULTS/FORWARD_RESULTS/RESULTS/True_Flow/NORPT_NOKH.SCH line 228
  113 Reading WELSPECS in /workspace/project/RESULTS/FORWARD_RESULTS/RESULTS/True_Flow/NORPT_NOKH.SCH line 262
  114 Reading COMPDAT  in /workspace/project/RESULTS/FORWARD_RESULTS/RESULTS/True_Flow/NORPT_NOKH.SCH line 266
  115 Reading WCONHIST in /workspace/project/RESULTS/FORWARD_RESULTS/RESULTS/True_Flow/NORPT_NOKH.SCH line 279
  116 Reading WCONINJE in /workspace/project/RESULTS/FORWARD_RESULTS/RESULTS/True_Flow/NORPT_NOKH.SCH line 285
  117 Reading DATES    in /workspace/project/RESULTS/FORWARD_RESULTS/RESULTS/True_Flow/NORPT_NOKH.SCH line 290
  118 Reading WCONHIST in /workspace/project/RESULTS/FORWARD_RESULTS/RESULTS/True_Flow/NORPT_NOKH.SCH line 294
  119 Reading WCONINJE in /workspace/project/RESULTS/FORWARD_RESULTS/RESULTS/True_Flow/NORPT_NOKH.SCH line 300
  120 Reading DATES    in /workspace/project/RESULTS/FORWARD_RESULTS/RESULTS/True_Flow/NORPT_NOKH.SCH line 306
  121 Reading WCONHIST in /workspace/project/RESULTS/FORWARD_RESULTS/RESULTS/True_Flow/NORPT_NOKH.SCH line 310
  122 Reading WCONINJE in /workspace/project/RESULTS/FORWARD_RESULTS/RESULTS/True_Flow/NORPT_NOKH.SCH line 316
  123 Reading DATES    in /workspace/project/RESULTS/FORWARD_RESULTS/RESULTS/True_Flow/NORPT_NOKH.SCH line 322
  124 Reading WCONHIST in /workspace/project/RESULTS/FORWARD_RESULTS/RESULTS/True_Flow/NORPT_NOKH.SCH line 326
  125 Reading WCONINJE in /workspace/project/RESULTS/FORWARD_RESULTS/RESULTS/True_Flow/NORPT_NOKH.SCH line 332
  126 Reading DATES    in /workspace/project/RESULTS/FORWARD_RESULTS/RESULTS/True_Flow/NORPT_NOKH.SCH line 337
  127 Reading WELSPECS in /workspace/project/RESULTS/FORWARD_RESULTS/RESULTS/True_Flow/NORPT_NOKH.SCH line 369
  128 Reading COMPDAT  in /workspace/project/RESULTS/FORWARD_RESULTS/RESULTS/True_Flow/NORPT_NOKH.SCH line 373
  129 Reading WCONHIST in /workspace/project/RESULTS/FORWARD_RESULTS/RESULTS/True_Flow/NORPT_NOKH.SCH line 397
  130 Reading WCONPROD in /workspace/project/RESULTS/FORWARD_RESULTS/RESULTS/True_Flow/NORPT_NOKH.SCH line 404
  131 Reading WCONINJE in /workspace/project/RESULTS/FORWARD_RESULTS/RESULTS/True_Flow/NORPT_NOKH.SCH line 408
  132 Reading WRFTPLT  in /workspace/project/RESULTS/FORWARD_RESULTS/RESULTS/True_Flow/NORPT_NOKH.SCH line 412
  133 Reading DATES    in /workspace/project/RESULTS/FORWARD_RESULTS/RESULTS/True_Flow/NORPT_NOKH.SCH line 417
  134 Reading WELOPEN  in /workspace/project/RESULTS/FORWARD_RESULTS/RESULTS/True_Flow/NORPT_NOKH.SCH line 425
  135 Reading WCONHIST in /workspace/project/RESULTS/FORWARD_RESULTS/RESULTS/True_Flow/NORPT_NOKH.SCH line 429
  136 Reading WCONINJE in /workspace/project/RESULTS/FORWARD_RESULTS/RESULTS/True_Flow/NORPT_NOKH.SCH line 435
  137 Reading DATES    in /workspace/project/RESULTS/FORWARD_RESULTS/RESULTS/True_Flow/NORPT_NOKH.SCH line 440
  138 Reading WCONHIST in /workspace/project/RESULTS/FORWARD_RESULTS/RESULTS/True_Flow/NORPT_NOKH.SCH line 444
  139 Reading WCONINJE in /workspace/project/RESULTS/FORWARD_RESULTS/RESULTS/True_Flow/NORPT_NOKH.SCH line 450
  140 Reading DATES    in /workspace/project/RESULTS/FORWARD_RESULTS/RESULTS/True_Flow/NORPT_NOKH.SCH line 456
  141 Reading COMPDAT  in /workspace/project/RESULTS/FORWARD_RESULTS/RESULTS/True_Flow/NORPT_NOKH.SCH line 468
  142 Reading WCONHIST in /workspace/project/RESULTS/FORWARD_RESULTS/RESULTS/True_Flow/NORPT_NOKH.SCH line 475
  143 Reading WCONINJE in /workspace/project/RESULTS/FORWARD_RESULTS/RESULTS/True_Flow/NORPT_NOKH.SCH line 482
  144 Reading DATES    in /workspace/project/RESULTS/FORWARD_RESULTS/RESULTS/True_Flow/NORPT_NOKH.SCH line 488
  145 Reading WCONHIST in /workspace/project/RESULTS/FORWARD_RESULTS/RESULTS/True_Flow/NORPT_NOKH.SCH line 492
  146 Reading WCONINJE in /workspace/project/RESULTS/FORWARD_RESULTS/RESULTS/True_Flow/NORPT_NOKH.SCH line 499
  147 Reading DATES    in /workspace/project/RESULTS/FORWARD_RESULTS/RESULTS/True_Flow/NORPT_NOKH.SCH line 504
  148 Reading WELSPECS in /workspace/project/RESULTS/FORWARD_RESULTS/RESULTS/True_Flow/NORPT_NOKH.SCH line 542
  149 Reading COMPDAT  in /workspace/project/RESULTS/FORWARD_RESULTS/RESULTS/True_Flow/NORPT_NOKH.SCH line 546
  150 Reading WCONHIST in /workspace/project/RESULTS/FORWARD_RESULTS/RESULTS/True_Flow/NORPT_NOKH.SCH line 576
  151 Reading WCONPROD in /workspace/project/RESULTS/FORWARD_RESULTS/RESULTS/True_Flow/NORPT_NOKH.SCH line 584
  152 Reading WCONINJE in /workspace/project/RESULTS/FORWARD_RESULTS/RESULTS/True_Flow/NORPT_NOKH.SCH line 588
  153 Reading WRFTPLT  in /workspace/project/RESULTS/FORWARD_RESULTS/RESULTS/True_Flow/NORPT_NOKH.SCH line 592
  154 Reading DATES    in /workspace/project/RESULTS/FORWARD_RESULTS/RESULTS/True_Flow/NORPT_NOKH.SCH line 597
  155 Reading WELOPEN  in /workspace/project/RESULTS/FORWARD_RESULTS/RESULTS/True_Flow/NORPT_NOKH.SCH line 605
  156 Reading WCONHIST in /workspace/project/RESULTS/FORWARD_RESULTS/RESULTS/True_Flow/NORPT_NOKH.SCH line 609
  157 Reading WCONINJE in /workspace/project/RESULTS/FORWARD_RESULTS/RESULTS/True_Flow/NORPT_NOKH.SCH line 616
  158 Reading DATES    in /workspace/project/RESULTS/FORWARD_RESULTS/RESULTS/True_Flow/NORPT_NOKH.SCH line 621
  159 Reading WCONHIST in /workspace/project/RESULTS/FORWARD_RESULTS/RESULTS/True_Flow/NORPT_NOKH.SCH line 625
  160 Reading WCONINJE in /workspace/project/RESULTS/FORWARD_RESULTS/RESULTS/True_Flow/NORPT_NOKH.SCH line 632
  161 Reading DATES    in /workspace/project/RESULTS/FORWARD_RESULTS/RESULTS/True_Flow/NORPT_NOKH.SCH line 637
  162 Reading COMPDAT  in /workspace/project/RESULTS/FORWARD_RESULTS/RESULTS/True_Flow/NORPT_NOKH.SCH line 662
  163 Reading WCONHIST in /workspace/project/RESULTS/FORWARD_RESULTS/RESULTS/True_Flow/NORPT_NOKH.SCH line 673
  164 Reading WCONINJE in /workspace/project/RESULTS/FORWARD_RESULTS/RESULTS/True_Flow/NORPT_NOKH.SCH line 681
  165 Reading DATES    in /workspace/project/RESULTS/FORWARD_RESULTS/RESULTS/True_Flow/NORPT_NOKH.SCH line 686
  166 Reading WELSPECS in /workspace/project/RESULTS/FORWARD_RESULTS/RESULTS/True_Flow/NORPT_NOKH.SCH line 720
  167 Reading COMPDAT  in /workspace/project/RESULTS/FORWARD_RESULTS/RESULTS/True_Flow/NORPT_NOKH.SCH line 724
  168 Reading WCONHIST in /workspace/project/RESULTS/FORWARD_RESULTS/RESULTS/True_Flow/NORPT_NOKH.SCH line 749
  169 Reading WCONINJE in /workspace/project/RESULTS/FORWARD_RESULTS/RESULTS/True_Flow/NORPT_NOKH.SCH line 758
  170 Reading WRFTPLT  in /workspace/project/RESULTS/FORWARD_RESULTS/RESULTS/True_Flow/NORPT_NOKH.SCH line 763
  171 Reading DATES    in /workspace/project/RESULTS/FORWARD_RESULTS/RESULTS/True_Flow/NORPT_NOKH.SCH line 768
  172 Reading WELOPEN  in /workspace/project/RESULTS/FORWARD_RESULTS/RESULTS/True_Flow/NORPT_NOKH.SCH line 777
  173 Reading WCONHIST in /workspace/project/RESULTS/FORWARD_RESULTS/RESULTS/True_Flow/NORPT_NOKH.SCH line 781
  174 Reading WCONINJE in /workspace/project/RESULTS/FORWARD_RESULTS/RESULTS/True_Flow/NORPT_NOKH.SCH line 789
  175 Reading DATES    in /workspace/project/RESULTS/FORWARD_RESULTS/RESULTS/True_Flow/NORPT_NOKH.SCH line 794
  176 Reading WCONHIST in /workspace/project/RESULTS/FORWARD_RESULTS/RESULTS/True_Flow/NORPT_NOKH.SCH line 798
  177 Reading WCONINJE in /workspace/project/RESULTS/FORWARD_RESULTS/RESULTS/True_Flow/NORPT_NOKH.SCH line 806
  178 Reading DATES    in /workspace/project/RESULTS/FORWARD_RESULTS/RESULTS/True_Flow/NORPT_NOKH.SCH line 812
  179 Reading COMPDAT  in /workspace/project/RESULTS/FORWARD_RESULTS/RESULTS/True_Flow/NORPT_NOKH.SCH line 836
  180 Reading WCONHIST in /workspace/project/RESULTS/FORWARD_RESULTS/RESULTS/True_Flow/NORPT_NOKH.SCH line 844
  181 Reading WCONINJE in /workspace/project/RESULTS/FORWARD_RESULTS/RESULTS/True_Flow/NORPT_NOKH.SCH line 852
  182 Reading DATES    in /workspace/project/RESULTS/FORWARD_RESULTS/RESULTS/True_Flow/NORPT_NOKH.SCH line 859
  183 Reading WCONHIST in /workspace/project/RESULTS/FORWARD_RESULTS/RESULTS/True_Flow/NORPT_NOKH.SCH line 863
  184 Reading WCONINJE in /workspace/project/RESULTS/FORWARD_RESULTS/RESULTS/True_Flow/NORPT_NOKH.SCH line 871
  185 Reading DATES    in /workspace/project/RESULTS/FORWARD_RESULTS/RESULTS/True_Flow/NORPT_NOKH.SCH line 877
  186 Reading WELSPECS in /workspace/project/RESULTS/FORWARD_RESULTS/RESULTS/True_Flow/NORPT_NOKH.SCH line 911
  187 Reading COMPDAT  in /workspace/project/RESULTS/FORWARD_RESULTS/RESULTS/True_Flow/NORPT_NOKH.SCH line 915
  188 Reading WCONHIST in /workspace/project/RESULTS/FORWARD_RESULTS/RESULTS/True_Flow/NORPT_NOKH.SCH line 939
  189 Reading WCONPROD in /workspace/project/RESULTS/FORWARD_RESULTS/RESULTS/True_Flow/NORPT_NOKH.SCH line 948
  190 Reading WCONINJE in /workspace/project/RESULTS/FORWARD_RESULTS/RESULTS/True_Flow/NORPT_NOKH.SCH line 952
  191 Reading WRFTPLT  in /workspace/project/RESULTS/FORWARD_RESULTS/RESULTS/True_Flow/NORPT_NOKH.SCH line 957
  192 Reading DATES    in /workspace/project/RESULTS/FORWARD_RESULTS/RESULTS/True_Flow/NORPT_NOKH.SCH line 962
  193 Reading WELOPEN  in /workspace/project/RESULTS/FORWARD_RESULTS/RESULTS/True_Flow/NORPT_NOKH.SCH line 970
  194 Reading WCONHIST in /workspace/project/RESULTS/FORWARD_RESULTS/RESULTS/True_Flow/NORPT_NOKH.SCH line 974
  195 Reading WCONINJE in /workspace/project/RESULTS/FORWARD_RESULTS/RESULTS/True_Flow/NORPT_NOKH.SCH line 982
  196 Reading DATES    in /workspace/project/RESULTS/FORWARD_RESULTS/RESULTS/True_Flow/NORPT_NOKH.SCH line 988
  197 Reading WCONHIST in /workspace/project/RESULTS/FORWARD_RESULTS/RESULTS/True_Flow/NORPT_NOKH.SCH line 992
  198 Reading WCONINJE in /workspace/project/RESULTS/FORWARD_RESULTS/RESULTS/True_Flow/NORPT_NOKH.SCH line 1000
  199 Reading DATES    in /workspace/project/RESULTS/FORWARD_RESULTS/RESULTS/True_Flow/NORPT_NOKH.SCH line 1006
  200 Reading COMPDAT  in /workspace/project/RESULTS/FORWARD_RESULTS/RESULTS/True_Flow/NORPT_NOKH.SCH line 1039
  201 Reading WCONHIST in /workspace/project/RESULTS/FORWARD_RESULTS/RESULTS/True_Flow/NORPT_NOKH.SCH line 1050
  202 Reading WCONINJE in /workspace/project/RESULTS/FORWARD_RESULTS/RESULTS/True_Flow/NORPT_NOKH.SCH line 1059
  203 Reading DATES    in /workspace/project/RESULTS/FORWARD_RESULTS/RESULTS/True_Flow/NORPT_NOKH.SCH line 1065
  204 Reading WCONHIST in /workspace/project/RESULTS/FORWARD_RESULTS/RESULTS/True_Flow/NORPT_NOKH.SCH line 1069
  205 Reading WCONINJE in /workspace/project/RESULTS/FORWARD_RESULTS/RESULTS/True_Flow/NORPT_NOKH.SCH line 1078
  206 Reading GECON    in /workspace/project/RESULTS/FORWARD_RESULTS/RESULTS/True_Flow/NORPT_NOKH.SCH line 1083
  207 Reading DATES    in /workspace/project/RESULTS/FORWARD_RESULTS/RESULTS/True_Flow/NORPT_NOKH.SCH line 1088
  208 Reading WCONHIST in /workspace/project/RESULTS/FORWARD_RESULTS/RESULTS/True_Flow/NORPT_NOKH.SCH line 1092
  209 Reading WCONINJE in /workspace/project/RESULTS/FORWARD_RESULTS/RESULTS/True_Flow/NORPT_NOKH.SCH line 1101
  210 Reading DATES    in /workspace/project/RESULTS/FORWARD_RESULTS/RESULTS/True_Flow/NORPT_NOKH.SCH line 1108
  211 Reading WELOPEN  in /workspace/project/RESULTS/FORWARD_RESULTS/RESULTS/True_Flow/NORPT_NOKH.SCH line 1115
  212 Reading WCONHIST in /workspace/project/RESULTS/FORWARD_RESULTS/RESULTS/True_Flow/NORPT_NOKH.SCH line 1119
  213 Reading WCONINJE in /workspace/project/RESULTS/FORWARD_RESULTS/RESULTS/True_Flow/NORPT_NOKH.SCH line 1128
  214 Reading DATES    in /workspace/project/RESULTS/FORWARD_RESULTS/RESULTS/True_Flow/NORPT_NOKH.SCH line 1135
  215 Reading COMPDAT  in /workspace/project/RESULTS/FORWARD_RESULTS/RESULTS/True_Flow/NORPT_NOKH.SCH line 1146
  216 Reading WCONHIST in /workspace/project/RESULTS/FORWARD_RESULTS/RESULTS/True_Flow/NORPT_NOKH.SCH line 1152
  217 Reading WCONINJE in /workspace/project/RESULTS/FORWARD_RESULTS/RESULTS/True_Flow/NORPT_NOKH.SCH line 1161
  218 Reading DATES    in /workspace/project/RESULTS/FORWARD_RESULTS/RESULTS/True_Flow/NORPT_NOKH.SCH line 1167
  219 Reading WCONHIST in /workspace/project/RESULTS/FORWARD_RESULTS/RESULTS/True_Flow/NORPT_NOKH.SCH line 1171
  220 Reading WCONINJE in /workspace/project/RESULTS/FORWARD_RESULTS/RESULTS/True_Flow/NORPT_NOKH.SCH line 1180
  221 Reading DATES    in /workspace/project/RESULTS/FORWARD_RESULTS/RESULTS/True_Flow/NORPT_NOKH.SCH line 1186
  222 Reading WCONHIST in /workspace/project/RESULTS/FORWARD_RESULTS/RESULTS/True_Flow/NORPT_NOKH.SCH line 1190
  223 Reading WCONINJE in /workspace/project/RESULTS/FORWARD_RESULTS/RESULTS/True_Flow/NORPT_NOKH.SCH line 1199
  224 Reading DATES    in /workspace/project/RESULTS/FORWARD_RESULTS/RESULTS/True_Flow/NORPT_NOKH.SCH line 1205
  225 Reading WELOPEN  in /workspace/project/RESULTS/FORWARD_RESULTS/RESULTS/True_Flow/NORPT_NOKH.SCH line 1235
  226 Reading COMPDAT  in /workspace/project/RESULTS/FORWARD_RESULTS/RESULTS/True_Flow/NORPT_NOKH.SCH line 1239
  227 Reading WCONHIST in /workspace/project/RESULTS/FORWARD_RESULTS/RESULTS/True_Flow/NORPT_NOKH.SCH line 1248
  228 Reading WCONINJE in /workspace/project/RESULTS/FORWARD_RESULTS/RESULTS/True_Flow/NORPT_NOKH.SCH line 1257
  229 Reading DATES    in /workspace/project/RESULTS/FORWARD_RESULTS/RESULTS/True_Flow/NORPT_NOKH.SCH line 1263
  230 Reading WCONHIST in /workspace/project/RESULTS/FORWARD_RESULTS/RESULTS/True_Flow/NORPT_NOKH.SCH line 1267
  231 Reading WCONINJE in /workspace/project/RESULTS/FORWARD_RESULTS/RESULTS/True_Flow/NORPT_NOKH.SCH line 1276
  232 Reading DATES    in /workspace/project/RESULTS/FORWARD_RESULTS/RESULTS/True_Flow/NORPT_NOKH.SCH line 1283
  233 Reading WCONHIST in /workspace/project/RESULTS/FORWARD_RESULTS/RESULTS/True_Flow/NORPT_NOKH.SCH line 1287
  234 Reading WCONINJE in /workspace/project/RESULTS/FORWARD_RESULTS/RESULTS/True_Flow/NORPT_NOKH.SCH line 1296
  235 Reading GECON    in /workspace/project/RESULTS/FORWARD_RESULTS/RESULTS/True_Flow/NORPT_NOKH.SCH line 1302
  236 Reading DATES    in /workspace/project/RESULTS/FORWARD_RESULTS/RESULTS/True_Flow/NORPT_NOKH.SCH line 1307
  237 Reading WCONHIST in /workspace/project/RESULTS/FORWARD_RESULTS/RESULTS/True_Flow/NORPT_NOKH.SCH line 1311
  238 Reading WCONINJE in /workspace/project/RESULTS/FORWARD_RESULTS/RESULTS/True_Flow/NORPT_NOKH.SCH line 1320
  239 Reading GECON    in /workspace/project/RESULTS/FORWARD_RESULTS/RESULTS/True_Flow/NORPT_NOKH.SCH line 1325
  240 Reading DATES    in /workspace/project/RESULTS/FORWARD_RESULTS/RESULTS/True_Flow/NORPT_NOKH.SCH line 1330
  241 Reading WELSPECS in /workspace/project/RESULTS/FORWARD_RESULTS/RESULTS/True_Flow/NORPT_NOKH.SCH line 1342
  242 Reading COMPDAT  in /workspace/project/RESULTS/FORWARD_RESULTS/RESULTS/True_Flow/NORPT_NOKH.SCH line 1346
  243 Reading WCONHIST in /workspace/project/RESULTS/FORWARD_RESULTS/RESULTS/True_Flow/NORPT_NOKH.SCH line 1353
  244 Reading WCONINJE in /workspace/project/RESULTS/FORWARD_RESULTS/RESULTS/True_Flow/NORPT_NOKH.SCH line 1362
  245 Reading DATES    in /workspace/project/RESULTS/FORWARD_RESULTS/RESULTS/True_Flow/NORPT_NOKH.SCH line 1370
  246 Reading WCONHIST in /workspace/project/RESULTS/FORWARD_RESULTS/RESULTS/True_Flow/NORPT_NOKH.SCH line 1374
  247 Reading WCONINJE in /workspace/project/RESULTS/FORWARD_RESULTS/RESULTS/True_Flow/NORPT_NOKH.SCH line 1383
  248 Reading DATES    in /workspace/project/RESULTS/FORWARD_RESULTS/RESULTS/True_Flow/NORPT_NOKH.SCH line 1390
  249 Reading WCONHIST in /workspace/project/RESULTS/FORWARD_RESULTS/RESULTS/True_Flow/NORPT_NOKH.SCH line 1394
  250 Reading WCONINJE in /workspace/project/RESULTS/FORWARD_RESULTS/RESULTS/True_Flow/NORPT_NOKH.SCH line 1403
  251 Reading GECON    in /workspace/project/RESULTS/FORWARD_RESULTS/RESULTS/True_Flow/NORPT_NOKH.SCH line 1410
  252 Reading DATES    in /workspace/project/RESULTS/FORWARD_RESULTS/RESULTS/True_Flow/NORPT_NOKH.SCH line 1415
  253 Reading WCONHIST in /workspace/project/RESULTS/FORWARD_RESULTS/RESULTS/True_Flow/NORPT_NOKH.SCH line 1419
  254 Reading WCONINJE in /workspace/project/RESULTS/FORWARD_RESULTS/RESULTS/True_Flow/NORPT_NOKH.SCH line 1428
  255 Reading DATES    in /workspace/project/RESULTS/FORWARD_RESULTS/RESULTS/True_Flow/NORPT_NOKH.SCH line 1435
  256 Reading WCONHIST in /workspace/project/RESULTS/FORWARD_RESULTS/RESULTS/True_Flow/NORPT_NOKH.SCH line 1439
  257 Reading WCONINJE in /workspace/project/RESULTS/FORWARD_RESULTS/RESULTS/True_Flow/NORPT_NOKH.SCH line 1448
  258 Reading GECON    in /workspace/project/RESULTS/FORWARD_RESULTS/RESULTS/True_Flow/NORPT_NOKH.SCH line 1454
  259 Reading DATES    in /workspace/project/RESULTS/FORWARD_RESULTS/RESULTS/True_Flow/NORPT_NOKH.SCH line 1459
  260 Reading WCONHIST in /workspace/project/RESULTS/FORWARD_RESULTS/RESULTS/True_Flow/NORPT_NOKH.SCH line 1463
  261 Reading WCONINJE in /workspace/project/RESULTS/FORWARD_RESULTS/RESULTS/True_Flow/NORPT_NOKH.SCH line 1472
  262 Reading GECON    in /workspace/project/RESULTS/FORWARD_RESULTS/RESULTS/True_Flow/NORPT_NOKH.SCH line 1478
  263 Reading DATES    in /workspace/project/RESULTS/FORWARD_RESULTS/RESULTS/True_Flow/NORPT_NOKH.SCH line 1483
  264 Reading WELSPECS in /workspace/project/RESULTS/FORWARD_RESULTS/RESULTS/True_Flow/NORPT_NOKH.SCH line 1502
  265 Reading COMPDAT  in /workspace/project/RESULTS/FORWARD_RESULTS/RESULTS/True_Flow/NORPT_NOKH.SCH line 1506
  266 Reading WCONHIST in /workspace/project/RESULTS/FORWARD_RESULTS/RESULTS/True_Flow/NORPT_NOKH.SCH line 1518
  267 Reading WCONINJE in /workspace/project/RESULTS/FORWARD_RESULTS/RESULTS/True_Flow/NORPT_NOKH.SCH line 1528
  268 Reading DATES    in /workspace/project/RESULTS/FORWARD_RESULTS/RESULTS/True_Flow/NORPT_NOKH.SCH line 1535
  269 Reading WELOPEN  in /workspace/project/RESULTS/FORWARD_RESULTS/RESULTS/True_Flow/NORPT_NOKH.SCH line 1566
  270 Reading COMPDAT  in /workspace/project/RESULTS/FORWARD_RESULTS/RESULTS/True_Flow/NORPT_NOKH.SCH line 1570
  271 Reading WCONHIST in /workspace/project/RESULTS/FORWARD_RESULTS/RESULTS/True_Flow/NORPT_NOKH.SCH line 1588
  272 Reading WCONINJE in /workspace/project/RESULTS/FORWARD_RESULTS/RESULTS/True_Flow/NORPT_NOKH.SCH line 1597
  273 Reading DATES    in /workspace/project/RESULTS/FORWARD_RESULTS/RESULTS/True_Flow/NORPT_NOKH.SCH line 1604
  274 Reading WCONHIST in /workspace/project/RESULTS/FORWARD_RESULTS/RESULTS/True_Flow/NORPT_NOKH.SCH line 1608
  275 Reading WCONINJE in /workspace/project/RESULTS/FORWARD_RESULTS/RESULTS/True_Flow/NORPT_NOKH.SCH line 1617
  276 Reading DATES    in /workspace/project/RESULTS/FORWARD_RESULTS/RESULTS/True_Flow/NORPT_NOKH.SCH line 1625
  277 Reading WCONHIST in /workspace/project/RESULTS/FORWARD_RESULTS/RESULTS/True_Flow/NORPT_NOKH.SCH line 1629
  278 Reading WCONINJE in /workspace/project/RESULTS/FORWARD_RESULTS/RESULTS/True_Flow/NORPT_NOKH.SCH line 1639
  279 Reading DATES    in /workspace/project/RESULTS/FORWARD_RESULTS/RESULTS/True_Flow/NORPT_NOKH.SCH line 1647
  280 Reading WELSPECS in /workspace/project/RESULTS/FORWARD_RESULTS/RESULTS/True_Flow/NORPT_NOKH.SCH line 1681
  281 Reading COMPDAT  in /workspace/project/RESULTS/FORWARD_RESULTS/RESULTS/True_Flow/NORPT_NOKH.SCH line 1685
  282 Reading WCONHIST in /workspace/project/RESULTS/FORWARD_RESULTS/RESULTS/True_Flow/NORPT_NOKH.SCH line 1710
  283 Reading WCONINJE in /workspace/project/RESULTS/FORWARD_RESULTS/RESULTS/True_Flow/NORPT_NOKH.SCH line 1721
  284 Reading WRFTPLT  in /workspace/project/RESULTS/FORWARD_RESULTS/RESULTS/True_Flow/NORPT_NOKH.SCH line 1728
  285 Reading DATES    in /workspace/project/RESULTS/FORWARD_RESULTS/RESULTS/True_Flow/NORPT_NOKH.SCH line 1733
  286 Reading WELOPEN  in /workspace/project/RESULTS/FORWARD_RESULTS/RESULTS/True_Flow/NORPT_NOKH.SCH line 1742
  287 Reading WCONHIST in /workspace/project/RESULTS/FORWARD_RESULTS/RESULTS/True_Flow/NORPT_NOKH.SCH line 1746
  288 Reading WCONINJE in /workspace/project/RESULTS/FORWARD_RESULTS/RESULTS/True_Flow/NORPT_NOKH.SCH line 1756
  289 Reading DATES    in /workspace/project/RESULTS/FORWARD_RESULTS/RESULTS/True_Flow/NORPT_NOKH.SCH line 1763
  290 Reading COMPDAT  in /workspace/project/RESULTS/FORWARD_RESULTS/RESULTS/True_Flow/NORPT_NOKH.SCH line 1793
  291 Reading WCONHIST in /workspace/project/RESULTS/FORWARD_RESULTS/RESULTS/True_Flow/NORPT_NOKH.SCH line 1803
  292 Reading WCONINJE in /workspace/project/RESULTS/FORWARD_RESULTS/RESULTS/True_Flow/NORPT_NOKH.SCH line 1814
  293 Reading DATES    in /workspace/project/RESULTS/FORWARD_RESULTS/RESULTS/True_Flow/NORPT_NOKH.SCH line 1821
  294 Reading WELSPECS in /workspace/project/RESULTS/FORWARD_RESULTS/RESULTS/True_Flow/NORPT_NOKH.SCH line 1851
  295 Reading COMPDAT  in /workspace/project/RESULTS/FORWARD_RESULTS/RESULTS/True_Flow/NORPT_NOKH.SCH line 1855
  296 Reading WCONHIST in /workspace/project/RESULTS/FORWARD_RESULTS/RESULTS/True_Flow/NORPT_NOKH.SCH line 1876
  297 Reading WCONINJE in /workspace/project/RESULTS/FORWARD_RESULTS/RESULTS/True_Flow/NORPT_NOKH.SCH line 1886
  298 Reading WRFTPLT  in /workspace/project/RESULTS/FORWARD_RESULTS/RESULTS/True_Flow/NORPT_NOKH.SCH line 1894
  299 Reading GECON    in /workspace/project/RESULTS/FORWARD_RESULTS/RESULTS/True_Flow/NORPT_NOKH.SCH line 1899
  300 Reading DATES    in /workspace/project/RESULTS/FORWARD_RESULTS/RESULTS/True_Flow/NORPT_NOKH.SCH line 1904
  301 Reading WELOPEN  in /workspace/project/RESULTS/FORWARD_RESULTS/RESULTS/True_Flow/NORPT_NOKH.SCH line 1912
  302 Reading WCONHIST in /workspace/project/RESULTS/FORWARD_RESULTS/RESULTS/True_Flow/NORPT_NOKH.SCH line 1916
  303 Reading WCONINJE in /workspace/project/RESULTS/FORWARD_RESULTS/RESULTS/True_Flow/NORPT_NOKH.SCH line 1926
  304 Reading DATES    in /workspace/project/RESULTS/FORWARD_RESULTS/RESULTS/True_Flow/NORPT_NOKH.SCH line 1934
  305 Reading WCONHIST in /workspace/project/RESULTS/FORWARD_RESULTS/RESULTS/True_Flow/NORPT_NOKH.SCH line 1938
  306 Reading WCONINJE in /workspace/project/RESULTS/FORWARD_RESULTS/RESULTS/True_Flow/NORPT_NOKH.SCH line 1948
  307 Reading DATES    in /workspace/project/RESULTS/FORWARD_RESULTS/RESULTS/True_Flow/NORPT_NOKH.SCH line 1956
  308 Reading WELSPECS in /workspace/project/RESULTS/FORWARD_RESULTS/RESULTS/True_Flow/NORPT_NOKH.SCH line 1992
  309 Reading COMPDAT  in /workspace/project/RESULTS/FORWARD_RESULTS/RESULTS/True_Flow/NORPT_NOKH.SCH line 1996
  310 Reading WCONHIST in /workspace/project/RESULTS/FORWARD_RESULTS/RESULTS/True_Flow/NORPT_NOKH.SCH line 2012
  311 Reading WCONINJE in /workspace/project/RESULTS/FORWARD_RESULTS/RESULTS/True_Flow/NORPT_NOKH.SCH line 2023
  312 Reading DATES    in /workspace/project/RESULTS/FORWARD_RESULTS/RESULTS/True_Flow/NORPT_NOKH.SCH line 2031
  313 Reading WCONHIST in /workspace/project/RESULTS/FORWARD_RESULTS/RESULTS/True_Flow/NORPT_NOKH.SCH line 2035
  314 Reading WCONINJE in /workspace/project/RESULTS/FORWARD_RESULTS/RESULTS/True_Flow/NORPT_NOKH.SCH line 2045
  315 Reading DATES    in /workspace/project/RESULTS/FORWARD_RESULTS/RESULTS/True_Flow/NORPT_NOKH.SCH line 2054
  316 Reading WELOPEN  in /workspace/project/RESULTS/FORWARD_RESULTS/RESULTS/True_Flow/NORPT_NOKH.SCH line 2082
  317 Reading COMPDAT  in /workspace/project/RESULTS/FORWARD_RESULTS/RESULTS/True_Flow/NORPT_NOKH.SCH line 2086
  318 Reading WCONHIST in /workspace/project/RESULTS/FORWARD_RESULTS/RESULTS/True_Flow/NORPT_NOKH.SCH line 2098
  319 Reading WCONINJE in /workspace/project/RESULTS/FORWARD_RESULTS/RESULTS/True_Flow/NORPT_NOKH.SCH line 2108
  320 Reading DATES    in /workspace/project/RESULTS/FORWARD_RESULTS/RESULTS/True_Flow/NORPT_NOKH.SCH line 2118
  321 Reading WCONHIST in /workspace/project/RESULTS/FORWARD_RESULTS/RESULTS/True_Flow/NORPT_NOKH.SCH line 2122
  322 Reading WCONINJE in /workspace/project/RESULTS/FORWARD_RESULTS/RESULTS/True_Flow/NORPT_NOKH.SCH line 2132
  323 Reading DATES    in /workspace/project/RESULTS/FORWARD_RESULTS/RESULTS/True_Flow/NORPT_NOKH.SCH line 2140
  324 Reading WELOPEN  in /workspace/project/RESULTS/FORWARD_RESULTS/RESULTS/True_Flow/NORPT_NOKH.SCH line 2151
  325 Reading COMPDAT  in /workspace/project/RESULTS/FORWARD_RESULTS/RESULTS/True_Flow/NORPT_NOKH.SCH line 2155
  326 Reading WCONHIST in /workspace/project/RESULTS/FORWARD_RESULTS/RESULTS/True_Flow/NORPT_NOKH.SCH line 2164
  327 Reading WCONINJE in /workspace/project/RESULTS/FORWARD_RESULTS/RESULTS/True_Flow/NORPT_NOKH.SCH line 2174
  328 Reading DATES    in /workspace/project/RESULTS/FORWARD_RESULTS/RESULTS/True_Flow/NORPT_NOKH.SCH line 2182
  329 Reading COMPDAT  in /workspace/project/RESULTS/FORWARD_RESULTS/RESULTS/True_Flow/NORPT_NOKH.SCH line 2217
  330 Reading WCONHIST in /workspace/project/RESULTS/FORWARD_RESULTS/RESULTS/True_Flow/NORPT_NOKH.SCH line 2230
  331 Reading WCONINJE in /workspace/project/RESULTS/FORWARD_RESULTS/RESULTS/True_Flow/NORPT_NOKH.SCH line 2241
  332 Reading DATES    in /workspace/project/RESULTS/FORWARD_RESULTS/RESULTS/True_Flow/NORPT_NOKH.SCH line 2249
  333 Reading WCONHIST in /workspace/project/RESULTS/FORWARD_RESULTS/RESULTS/True_Flow/NORPT_NOKH.SCH line 2253
  334 Reading WCONINJE in /workspace/project/RESULTS/FORWARD_RESULTS/RESULTS/True_Flow/NORPT_NOKH.SCH line 2263
  335 Reading DATES    in /workspace/project/RESULTS/FORWARD_RESULTS/RESULTS/True_Flow/NORPT_NOKH.SCH line 2273
  336 Reading WELSPECS in /workspace/project/RESULTS/FORWARD_RESULTS/RESULTS/True_Flow/NORPT_NOKH.SCH line 2302
  337 Reading COMPDAT  in /workspace/project/RESULTS/FORWARD_RESULTS/RESULTS/True_Flow/NORPT_NOKH.SCH line 2306
  338 Reading WCONHIST in /workspace/project/RESULTS/FORWARD_RESULTS/RESULTS/True_Flow/NORPT_NOKH.SCH line 2320
  339 Reading WCONINJE in /workspace/project/RESULTS/FORWARD_RESULTS/RESULTS/True_Flow/NORPT_NOKH.SCH line 2331
  340 Reading DATES    in /workspace/project/RESULTS/FORWARD_RESULTS/RESULTS/True_Flow/NORPT_NOKH.SCH line 2340
  341 Reading WCONHIST in /workspace/project/RESULTS/FORWARD_RESULTS/RESULTS/True_Flow/NORPT_NOKH.SCH line 2344
  342 Reading WCONINJE in /workspace/project/RESULTS/FORWARD_RESULTS/RESULTS/True_Flow/NORPT_NOKH.SCH line 2355
  343 Reading DATES    in /workspace/project/RESULTS/FORWARD_RESULTS/RESULTS/True_Flow/NORPT_NOKH.SCH line 2364
  344 Reading WCONHIST in /workspace/project/RESULTS/FORWARD_RESULTS/RESULTS/True_Flow/NORPT_NOKH.SCH line 2368
  345 Reading WCONINJE in /workspace/project/RESULTS/FORWARD_RESULTS/RESULTS/True_Flow/NORPT_NOKH.SCH line 2378
  346 Reading DATES    in /workspace/project/RESULTS/FORWARD_RESULTS/RESULTS/True_Flow/NORPT_NOKH.SCH line 2388
  347 Reading WCONHIST in /workspace/project/RESULTS/FORWARD_RESULTS/RESULTS/True_Flow/NORPT_NOKH.SCH line 2392
  348 Reading WCONINJE in /workspace/project/RESULTS/FORWARD_RESULTS/RESULTS/True_Flow/NORPT_NOKH.SCH line 2402
  349 Reading DATES    in /workspace/project/RESULTS/FORWARD_RESULTS/RESULTS/True_Flow/NORPT_NOKH.SCH line 2413
  350 Reading WELSPECS in /workspace/project/RESULTS/FORWARD_RESULTS/RESULTS/True_Flow/NORPT_NOKH.SCH line 2443
  351 Reading COMPDAT  in /workspace/project/RESULTS/FORWARD_RESULTS/RESULTS/True_Flow/NORPT_NOKH.SCH line 2447
  352 Reading WCONHIST in /workspace/project/RESULTS/FORWARD_RESULTS/RESULTS/True_Flow/NORPT_NOKH.SCH line 2470
  353 Reading WCONINJE in /workspace/project/RESULTS/FORWARD_RESULTS/RESULTS/True_Flow/NORPT_NOKH.SCH line 2481
  354 Reading WRFTPLT  in /workspace/project/RESULTS/FORWARD_RESULTS/RESULTS/True_Flow/NORPT_NOKH.SCH line 2490
  355 Reading DATES    in /workspace/project/RESULTS/FORWARD_RESULTS/RESULTS/True_Flow/NORPT_NOKH.SCH line 2497
  356 Reading WELOPEN  in /workspace/project/RESULTS/FORWARD_RESULTS/RESULTS/True_Flow/NORPT_NOKH.SCH line 2504
  357 Reading WCONHIST in /workspace/project/RESULTS/FORWARD_RESULTS/RESULTS/True_Flow/NORPT_NOKH.SCH line 2508
  358 Reading WCONINJE in /workspace/project/RESULTS/FORWARD_RESULTS/RESULTS/True_Flow/NORPT_NOKH.SCH line 2519
  359 Reading DATES    in /workspace/project/RESULTS/FORWARD_RESULTS/RESULTS/True_Flow/NORPT_NOKH.SCH line 2528
  360 Reading COMPDAT  in /workspace/project/RESULTS/FORWARD_RESULTS/RESULTS/True_Flow/NORPT_NOKH.SCH line 2560
  361 Reading WCONHIST in /workspace/project/RESULTS/FORWARD_RESULTS/RESULTS/True_Flow/NORPT_NOKH.SCH line 2573
  362 Reading WCONINJE in /workspace/project/RESULTS/FORWARD_RESULTS/RESULTS/True_Flow/NORPT_NOKH.SCH line 2584
  363 Reading DATES    in /workspace/project/RESULTS/FORWARD_RESULTS/RESULTS/True_Flow/NORPT_NOKH.SCH line 2595
  364 Reading WCONHIST in /workspace/project/RESULTS/FORWARD_RESULTS/RESULTS/True_Flow/NORPT_NOKH.SCH line 2599
  365 Reading WCONINJE in /workspace/project/RESULTS/FORWARD_RESULTS/RESULTS/True_Flow/NORPT_NOKH.SCH line 2609
  366 Reading GECON    in /workspace/project/RESULTS/FORWARD_RESULTS/RESULTS/True_Flow/NORPT_NOKH.SCH line 2618
  367 Reading DATES    in /workspace/project/RESULTS/FORWARD_RESULTS/RESULTS/True_Flow/NORPT_NOKH.SCH line 2623
  368 Reading WCONHIST in /workspace/project/RESULTS/FORWARD_RESULTS/RESULTS/True_Flow/NORPT_NOKH.SCH line 2627
  369 Reading WCONINJE in /workspace/project/RESULTS/FORWARD_RESULTS/RESULTS/True_Flow/NORPT_NOKH.SCH line 2637
  370 Reading DATES    in /workspace/project/RESULTS/FORWARD_RESULTS/RESULTS/True_Flow/NORPT_NOKH.SCH line 2647
  371 Reading WCONHIST in /workspace/project/RESULTS/FORWARD_RESULTS/RESULTS/True_Flow/NORPT_NOKH.SCH line 2651
  372 Reading WCONINJE in /workspace/project/RESULTS/FORWARD_RESULTS/RESULTS/True_Flow/NORPT_NOKH.SCH line 2660
  373 Reading GECON    in /workspace/project/RESULTS/FORWARD_RESULTS/RESULTS/True_Flow/NORPT_NOKH.SCH line 2668
  374 Reading DATES    in /workspace/project/RESULTS/FORWARD_RESULTS/RESULTS/True_Flow/NORPT_NOKH.SCH line 2673
  375 Reading WCONHIST in /workspace/project/RESULTS/FORWARD_RESULTS/RESULTS/True_Flow/NORPT_NOKH.SCH line 2677
  376 Reading WCONINJE in /workspace/project/RESULTS/FORWARD_RESULTS/RESULTS/True_Flow/NORPT_NOKH.SCH line 2688
  377 Reading GECON    in /workspace/project/RESULTS/FORWARD_RESULTS/RESULTS/True_Flow/NORPT_NOKH.SCH line 2697
  378 Reading DATES    in /workspace/project/RESULTS/FORWARD_RESULTS/RESULTS/True_Flow/NORPT_NOKH.SCH line 2702
  379 Reading WELSPECS in /workspace/project/RESULTS/FORWARD_RESULTS/RESULTS/True_Flow/NORPT_NOKH.SCH line 2730
  380 Reading COMPDAT  in /workspace/project/RESULTS/FORWARD_RESULTS/RESULTS/True_Flow/NORPT_NOKH.SCH line 2734
  381 Reading WCONHIST in /workspace/project/RESULTS/FORWARD_RESULTS/RESULTS/True_Flow/NORPT_NOKH.SCH line 2747
  382 Reading WCONINJE in /workspace/project/RESULTS/FORWARD_RESULTS/RESULTS/True_Flow/NORPT_NOKH.SCH line 2759
  383 Reading DATES    in /workspace/project/RESULTS/FORWARD_RESULTS/RESULTS/True_Flow/NORPT_NOKH.SCH line 2769
  384 Reading WCONHIST in /workspace/project/RESULTS/FORWARD_RESULTS/RESULTS/True_Flow/NORPT_NOKH.SCH line 2773
  385 Reading WCONINJE in /workspace/project/RESULTS/FORWARD_RESULTS/RESULTS/True_Flow/NORPT_NOKH.SCH line 2786
  386 Reading DATES    in /workspace/project/RESULTS/FORWARD_RESULTS/RESULTS/True_Flow/NORPT_NOKH.SCH line 2796
  387 Reading WCONHIST in /workspace/project/RESULTS/FORWARD_RESULTS/RESULTS/True_Flow/NORPT_NOKH.SCH line 2800
  388 Reading WCONINJE in /workspace/project/RESULTS/FORWARD_RESULTS/RESULTS/True_Flow/NORPT_NOKH.SCH line 2813
  389 Reading DATES    in /workspace/project/RESULTS/FORWARD_RESULTS/RESULTS/True_Flow/NORPT_NOKH.SCH line 2824
  390 Reading WCONHIST in /workspace/project/RESULTS/FORWARD_RESULTS/RESULTS/True_Flow/NORPT_NOKH.SCH line 2828
  391 Reading WCONINJE in /workspace/project/RESULTS/FORWARD_RESULTS/RESULTS/True_Flow/NORPT_NOKH.SCH line 2841
  392 Reading DATES    in /workspace/project/RESULTS/FORWARD_RESULTS/RESULTS/True_Flow/NORPT_NOKH.SCH line 2852
  393 Reading WCONHIST in /workspace/project/RESULTS/FORWARD_RESULTS/RESULTS/True_Flow/NORPT_NOKH.SCH line 2856
  394 Reading WCONINJE in /workspace/project/RESULTS/FORWARD_RESULTS/RESULTS/True_Flow/NORPT_NOKH.SCH line 2869
  395 Reading DATES    in /workspace/project/RESULTS/FORWARD_RESULTS/RESULTS/True_Flow/NORPT_NOKH.SCH line 2879
  396 Reading WELSPECS in /workspace/project/RESULTS/FORWARD_RESULTS/RESULTS/True_Flow/NORPT_NOKH.SCH line 2901
  397 Reading COMPDAT  in /workspace/project/RESULTS/FORWARD_RESULTS/RESULTS/True_Flow/NORPT_NOKH.SCH line 2905
  398 Reading WCONHIST in /workspace/project/RESULTS/FORWARD_RESULTS/RESULTS/True_Flow/NORPT_NOKH.SCH line 2919
  399 Reading WCONPROD in /workspace/project/RESULTS/FORWARD_RESULTS/RESULTS/True_Flow/NORPT_NOKH.SCH line 2931
  400 Reading WCONINJE in /workspace/project/RESULTS/FORWARD_RESULTS/RESULTS/True_Flow/NORPT_NOKH.SCH line 2935
  401 Reading WRFTPLT  in /workspace/project/RESULTS/FORWARD_RESULTS/RESULTS/True_Flow/NORPT_NOKH.SCH line 2941
  402 Reading DATES    in /workspace/project/RESULTS/FORWARD_RESULTS/RESULTS/True_Flow/NORPT_NOKH.SCH line 2946
  403 Reading WELOPEN  in /workspace/project/RESULTS/FORWARD_RESULTS/RESULTS/True_Flow/NORPT_NOKH.SCH line 2954
  404 Reading WCONHIST in /workspace/project/RESULTS/FORWARD_RESULTS/RESULTS/True_Flow/NORPT_NOKH.SCH line 2958
  405 Reading WCONINJE in /workspace/project/RESULTS/FORWARD_RESULTS/RESULTS/True_Flow/NORPT_NOKH.SCH line 2970
  406 Reading DATES    in /workspace/project/RESULTS/FORWARD_RESULTS/RESULTS/True_Flow/NORPT_NOKH.SCH line 2980
  407 Reading WCONHIST in /workspace/project/RESULTS/FORWARD_RESULTS/RESULTS/True_Flow/NORPT_NOKH.SCH line 2984
  408 Reading WCONINJE in /workspace/project/RESULTS/FORWARD_RESULTS/RESULTS/True_Flow/NORPT_NOKH.SCH line 2996
  409 Reading DATES    in /workspace/project/RESULTS/FORWARD_RESULTS/RESULTS/True_Flow/NORPT_NOKH.SCH line 3007
  410 Reading WCONHIST in /workspace/project/RESULTS/FORWARD_RESULTS/RESULTS/True_Flow/NORPT_NOKH.SCH line 3011
  411 Reading WCONINJE in /workspace/project/RESULTS/FORWARD_RESULTS/RESULTS/True_Flow/NORPT_NOKH.SCH line 3023
  412 Reading DATES    in /workspace/project/RESULTS/FORWARD_RESULTS/RESULTS/True_Flow/NORPT_NOKH.SCH line 3034
  413 Reading WELSPECS in /workspace/project/RESULTS/FORWARD_RESULTS/RESULTS/True_Flow/NORPT_NOKH.SCH line 3069
  414 Reading COMPDAT  in /workspace/project/RESULTS/FORWARD_RESULTS/RESULTS/True_Flow/NORPT_NOKH.SCH line 3073
  415 Reading WCONHIST in /workspace/project/RESULTS/FORWARD_RESULTS/RESULTS/True_Flow/NORPT_NOKH.SCH line 3089
  416 Reading WCONINJE in /workspace/project/RESULTS/FORWARD_RESULTS/RESULTS/True_Flow/NORPT_NOKH.SCH line 3100
  417 Reading DATES    in /workspace/project/RESULTS/FORWARD_RESULTS/RESULTS/True_Flow/NORPT_NOKH.SCH line 3110
  418 Reading WCONHIST in /workspace/project/RESULTS/FORWARD_RESULTS/RESULTS/True_Flow/NORPT_NOKH.SCH line 3114
  419 Reading WCONINJE in /workspace/project/RESULTS/FORWARD_RESULTS/RESULTS/True_Flow/NORPT_NOKH.SCH line 3125
  420 Reading DATES    in /workspace/project/RESULTS/FORWARD_RESULTS/RESULTS/True_Flow/NORPT_NOKH.SCH line 3135
  421 Reading WELOPEN  in /workspace/project/RESULTS/FORWARD_RESULTS/RESULTS/True_Flow/NORPT_NOKH.SCH line 3139
  422 Reading WCONHIST in /workspace/project/RESULTS/FORWARD_RESULTS/RESULTS/True_Flow/NORPT_NOKH.SCH line 3143
  423 Reading WCONINJE in /workspace/project/RESULTS/FORWARD_RESULTS/RESULTS/True_Flow/NORPT_NOKH.SCH line 3155
  424 Reading DATES    in /workspace/project/RESULTS/FORWARD_RESULTS/RESULTS/True_Flow/NORPT_NOKH.SCH line 3165
  425 Reading WELOPEN  in /workspace/project/RESULTS/FORWARD_RESULTS/RESULTS/True_Flow/NORPT_NOKH.SCH line 3175
  426 Reading COMPDAT  in /workspace/project/RESULTS/FORWARD_RESULTS/RESULTS/True_Flow/NORPT_NOKH.SCH line 3179
  427 Reading WCONHIST in /workspace/project/RESULTS/FORWARD_RESULTS/RESULTS/True_Flow/NORPT_NOKH.SCH line 3184
  428 Reading WCONINJE in /workspace/project/RESULTS/FORWARD_RESULTS/RESULTS/True_Flow/NORPT_NOKH.SCH line 3196
  429 Reading DATES    in /workspace/project/RESULTS/FORWARD_RESULTS/RESULTS/True_Flow/NORPT_NOKH.SCH line 3206
  430 Reading WCONHIST in /workspace/project/RESULTS/FORWARD_RESULTS/RESULTS/True_Flow/NORPT_NOKH.SCH line 3210
  431 Reading WCONINJE in /workspace/project/RESULTS/FORWARD_RESULTS/RESULTS/True_Flow/NORPT_NOKH.SCH line 3222
  432 Reading DATES    in /workspace/project/RESULTS/FORWARD_RESULTS/RESULTS/True_Flow/NORPT_NOKH.SCH line 3233
  433 Reading WCONHIST in /workspace/project/RESULTS/FORWARD_RESULTS/RESULTS/True_Flow/NORPT_NOKH.SCH line 3237
  434 Reading WCONINJE in /workspace/project/RESULTS/FORWARD_RESULTS/RESULTS/True_Flow/NORPT_NOKH.SCH line 3249
  435 Reading DATES    in /workspace/project/RESULTS/FORWARD_RESULTS/RESULTS/True_Flow/NORPT_NOKH.SCH line 3260
  436 Reading WELSPECS in /workspace/project/RESULTS/FORWARD_RESULTS/RESULTS/True_Flow/NORPT_NOKH.SCH line 3296
  437 Reading COMPDAT  in /workspace/project/RESULTS/FORWARD_RESULTS/RESULTS/True_Flow/NORPT_NOKH.SCH line 3300
  438 Reading WCONHIST in /workspace/project/RESULTS/FORWARD_RESULTS/RESULTS/True_Flow/NORPT_NOKH.SCH line 3328
  439 Reading WCONPROD in /workspace/project/RESULTS/FORWARD_RESULTS/RESULTS/True_Flow/NORPT_NOKH.SCH line 3340
  440 Reading WCONINJE in /workspace/project/RESULTS/FORWARD_RESULTS/RESULTS/True_Flow/NORPT_NOKH.SCH line 3344
  441 Reading WRFTPLT  in /workspace/project/RESULTS/FORWARD_RESULTS/RESULTS/True_Flow/NORPT_NOKH.SCH line 3353
  442 Reading DATES    in /workspace/project/RESULTS/FORWARD_RESULTS/RESULTS/True_Flow/NORPT_NOKH.SCH line 3358
  443 Reading WELOPEN  in /workspace/project/RESULTS/FORWARD_RESULTS/RESULTS/True_Flow/NORPT_NOKH.SCH line 3366
  444 Reading WCONHIST in /workspace/project/RESULTS/FORWARD_RESULTS/RESULTS/True_Flow/NORPT_NOKH.SCH line 3370
  445 Reading WCONINJE in /workspace/project/RESULTS/FORWARD_RESULTS/RESULTS/True_Flow/NORPT_NOKH.SCH line 3381
  446 Reading DATES    in /workspace/project/RESULTS/FORWARD_RESULTS/RESULTS/True_Flow/NORPT_NOKH.SCH line 3391
  447 Reading WELSPECS in /workspace/project/RESULTS/FORWARD_RESULTS/RESULTS/True_Flow/NORPT_NOKH.SCH line 3411
  448 Reading COMPDAT  in /workspace/project/RESULTS/FORWARD_RESULTS/RESULTS/True_Flow/NORPT_NOKH.SCH line 3415
  449 Reading WCONHIST in /workspace/project/RESULTS/FORWARD_RESULTS/RESULTS/True_Flow/NORPT_NOKH.SCH line 3431
  450 Reading WCONINJE in /workspace/project/RESULTS/FORWARD_RESULTS/RESULTS/True_Flow/NORPT_NOKH.SCH line 3443
  451 Reading DATES    in /workspace/project/RESULTS/FORWARD_RESULTS/RESULTS/True_Flow/NORPT_NOKH.SCH line 3453
  452 Reading WCONHIST in /workspace/project/RESULTS/FORWARD_RESULTS/RESULTS/True_Flow/NORPT_NOKH.SCH line 3457
  453 Reading WCONINJE in /workspace/project/RESULTS/FORWARD_RESULTS/RESULTS/True_Flow/NORPT_NOKH.SCH line 3468
  454 Reading DATES    in /workspace/project/RESULTS/FORWARD_RESULTS/RESULTS/True_Flow/NORPT_NOKH.SCH line 3479
  455 Reading WCONHIST in /workspace/project/RESULTS/FORWARD_RESULTS/RESULTS/True_Flow/NORPT_NOKH.SCH line 3483
  456 Reading WCONINJE in /workspace/project/RESULTS/FORWARD_RESULTS/RESULTS/True_Flow/NORPT_NOKH.SCH line 3495
  457 Reading DATES    in /workspace/project/RESULTS/FORWARD_RESULTS/RESULTS/True_Flow/NORPT_NOKH.SCH line 3506
  458 Reading WCONHIST in /workspace/project/RESULTS/FORWARD_RESULTS/RESULTS/True_Flow/NORPT_NOKH.SCH line 3510
  459 Reading WCONINJE in /workspace/project/RESULTS/FORWARD_RESULTS/RESULTS/True_Flow/NORPT_NOKH.SCH line 3522
  460 Reading DATES    in /workspace/project/RESULTS/FORWARD_RESULTS/RESULTS/True_Flow/NORPT_NOKH.SCH line 3532
  461 Reading WELSPECS in /workspace/project/RESULTS/FORWARD_RESULTS/RESULTS/True_Flow/NORPT_NOKH.SCH line 3567
  462 Reading COMPDAT  in /workspace/project/RESULTS/FORWARD_RESULTS/RESULTS/True_Flow/NORPT_NOKH.SCH line 3571
  463 Reading WCONHIST in /workspace/project/RESULTS/FORWARD_RESULTS/RESULTS/True_Flow/NORPT_NOKH.SCH line 3598
  464 Reading WCONINJE in /workspace/project/RESULTS/FORWARD_RESULTS/RESULTS/True_Flow/NORPT_NOKH.SCH line 3610
  465 Reading WRFTPLT  in /workspace/project/RESULTS/FORWARD_RESULTS/RESULTS/True_Flow/NORPT_NOKH.SCH line 3620
  466 Reading DATES    in /workspace/project/RESULTS/FORWARD_RESULTS/RESULTS/True_Flow/NORPT_NOKH.SCH line 3625
  467 Reading WELOPEN  in /workspace/project/RESULTS/FORWARD_RESULTS/RESULTS/True_Flow/NORPT_NOKH.SCH line 3633
  468 Reading WCONHIST in /workspace/project/RESULTS/FORWARD_RESULTS/RESULTS/True_Flow/NORPT_NOKH.SCH line 3637
  469 Reading WCONINJE in /workspace/project/RESULTS/FORWARD_RESULTS/RESULTS/True_Flow/NORPT_NOKH.SCH line 3648
  470 Reading DATES    in /workspace/project/RESULTS/FORWARD_RESULTS/RESULTS/True_Flow/NORPT_NOKH.SCH line 3658
  471 Reading COMPDAT  in /workspace/project/RESULTS/FORWARD_RESULTS/RESULTS/True_Flow/NORPT_NOKH.SCH line 3671
  472 Reading WCONHIST in /workspace/project/RESULTS/FORWARD_RESULTS/RESULTS/True_Flow/NORPT_NOKH.SCH line 3676
  473 Reading WCONINJE in /workspace/project/RESULTS/FORWARD_RESULTS/RESULTS/True_Flow/NORPT_NOKH.SCH line 3688
  474 Reading DATES    in /workspace/project/RESULTS/FORWARD_RESULTS/RESULTS/True_Flow/NORPT_NOKH.SCH line 3698
  475 Reading WELOPEN  in /workspace/project/RESULTS/FORWARD_RESULTS/RESULTS/True_Flow/NORPT_NOKH.SCH line 3714
  476 Reading COMPDAT  in /workspace/project/RESULTS/FORWARD_RESULTS/RESULTS/True_Flow/NORPT_NOKH.SCH line 3718
  477 Reading WCONHIST in /workspace/project/RESULTS/FORWARD_RESULTS/RESULTS/True_Flow/NORPT_NOKH.SCH line 3727
  478 Reading WCONINJE in /workspace/project/RESULTS/FORWARD_RESULTS/RESULTS/True_Flow/NORPT_NOKH.SCH line 3738
  479 Reading DATES    in /workspace/project/RESULTS/FORWARD_RESULTS/RESULTS/True_Flow/NORPT_NOKH.SCH line 3750
  480 Reading WCONHIST in /workspace/project/RESULTS/FORWARD_RESULTS/RESULTS/True_Flow/NORPT_NOKH.SCH line 3754
  481 Reading WCONINJE in /workspace/project/RESULTS/FORWARD_RESULTS/RESULTS/True_Flow/NORPT_NOKH.SCH line 3765
  482 Reading DATES    in /workspace/project/RESULTS/FORWARD_RESULTS/RESULTS/True_Flow/NORPT_NOKH.SCH line 3777
  483 Reading WCONHIST in /workspace/project/RESULTS/FORWARD_RESULTS/RESULTS/True_Flow/NORPT_NOKH.SCH line 3781
  484 Reading WCONINJE in /workspace/project/RESULTS/FORWARD_RESULTS/RESULTS/True_Flow/NORPT_NOKH.SCH line 3792
  485 Reading DATES    in /workspace/project/RESULTS/FORWARD_RESULTS/RESULTS/True_Flow/NORPT_NOKH.SCH line 3805
  486 Reading WELSPECS in /workspace/project/RESULTS/FORWARD_RESULTS/RESULTS/True_Flow/NORPT_NOKH.SCH line 3828
  487 Reading COMPDAT  in /workspace/project/RESULTS/FORWARD_RESULTS/RESULTS/True_Flow/NORPT_NOKH.SCH line 3832
  488 Reading WCONHIST in /workspace/project/RESULTS/FORWARD_RESULTS/RESULTS/True_Flow/NORPT_NOKH.SCH line 3843
  489 Reading WCONINJE in /workspace/project/RESULTS/FORWARD_RESULTS/RESULTS/True_Flow/NORPT_NOKH.SCH line 3855
  490 Reading DATES    in /workspace/project/RESULTS/FORWARD_RESULTS/RESULTS/True_Flow/NORPT_NOKH.SCH line 3866
  491 Reading WCONHIST in /workspace/project/RESULTS/FORWARD_RESULTS/RESULTS/True_Flow/NORPT_NOKH.SCH line 3870
  492 Reading WCONINJE in /workspace/project/RESULTS/FORWARD_RESULTS/RESULTS/True_Flow/NORPT_NOKH.SCH line 3884
  493 Reading DATES    in /workspace/project/RESULTS/FORWARD_RESULTS/RESULTS/True_Flow/NORPT_NOKH.SCH line 3896
  494 Reading WCONHIST in /workspace/project/RESULTS/FORWARD_RESULTS/RESULTS/True_Flow/NORPT_NOKH.SCH line 3900
  495 Reading WCONINJE in /workspace/project/RESULTS/FORWARD_RESULTS/RESULTS/True_Flow/NORPT_NOKH.SCH line 3914
  496 Reading DATES    in /workspace/project/RESULTS/FORWARD_RESULTS/RESULTS/True_Flow/NORPT_NOKH.SCH line 3927
  497 Reading WCONHIST in /workspace/project/RESULTS/FORWARD_RESULTS/RESULTS/True_Flow/NORPT_NOKH.SCH line 3931
  498 Reading WCONINJE in /workspace/project/RESULTS/FORWARD_RESULTS/RESULTS/True_Flow/NORPT_NOKH.SCH line 3944
  499 Reading DATES    in /workspace/project/RESULTS/FORWARD_RESULTS/RESULTS/True_Flow/NORPT_NOKH.SCH line 3955
  500 Reading WCONHIST in /workspace/project/RESULTS/FORWARD_RESULTS/RESULTS/True_Flow/NORPT_NOKH.SCH line 3959
  501 Reading WCONINJE in /workspace/project/RESULTS/FORWARD_RESULTS/RESULTS/True_Flow/NORPT_NOKH.SCH line 3972
  502 Reading DATES    in /workspace/project/RESULTS/FORWARD_RESULTS/RESULTS/True_Flow/NORPT_NOKH.SCH line 3985
  503 Reading WCONHIST in /workspace/project/RESULTS/FORWARD_RESULTS/RESULTS/True_Flow/NORPT_NOKH.SCH line 3989
  504 Reading WCONINJE in /workspace/project/RESULTS/FORWARD_RESULTS/RESULTS/True_Flow/NORPT_NOKH.SCH line 4001
  505 Reading DATES    in /workspace/project/RESULTS/FORWARD_RESULTS/RESULTS/True_Flow/NORPT_NOKH.SCH line 4013
  506 Reading WELOPEN  in /workspace/project/RESULTS/FORWARD_RESULTS/RESULTS/True_Flow/NORPT_NOKH.SCH line 4017
  507 Reading WCONHIST in /workspace/project/RESULTS/FORWARD_RESULTS/RESULTS/True_Flow/NORPT_NOKH.SCH line 4021
  508 Reading WCONINJE in /workspace/project/RESULTS/FORWARD_RESULTS/RESULTS/True_Flow/NORPT_NOKH.SCH line 4032
  509 Reading DATES    in /workspace/project/RESULTS/FORWARD_RESULTS/RESULTS/True_Flow/NORPT_NOKH.SCH line 4043
  510 Reading WCONHIST in /workspace/project/RESULTS/FORWARD_RESULTS/RESULTS/True_Flow/NORPT_NOKH.SCH line 4047
  511 Reading WCONINJE in /workspace/project/RESULTS/FORWARD_RESULTS/RESULTS/True_Flow/NORPT_NOKH.SCH line 4058
  512 Reading DATES    in /workspace/project/RESULTS/FORWARD_RESULTS/RESULTS/True_Flow/NORPT_NOKH.SCH line 4069
  513 Reading WELSPECS in /workspace/project/RESULTS/FORWARD_RESULTS/RESULTS/True_Flow/NORPT_NOKH.SCH line 4110
  514 Reading COMPDAT  in /workspace/project/RESULTS/FORWARD_RESULTS/RESULTS/True_Flow/NORPT_NOKH.SCH line 4114
  515 Reading WCONHIST in /workspace/project/RESULTS/FORWARD_RESULTS/RESULTS/True_Flow/NORPT_NOKH.SCH line 4147
  516 Reading WCONPROD in /workspace/project/RESULTS/FORWARD_RESULTS/RESULTS/True_Flow/NORPT_NOKH.SCH line 4159
  517 Reading WCONINJE in /workspace/project/RESULTS/FORWARD_RESULTS/RESULTS/True_Flow/NORPT_NOKH.SCH line 4163
  518 Reading WRFTPLT  in /workspace/project/RESULTS/FORWARD_RESULTS/RESULTS/True_Flow/NORPT_NOKH.SCH line 4173
  519 Reading DATES    in /workspace/project/RESULTS/FORWARD_RESULTS/RESULTS/True_Flow/NORPT_NOKH.SCH line 4178
  520 Reading WELOPEN  in /workspace/project/RESULTS/FORWARD_RESULTS/RESULTS/True_Flow/NORPT_NOKH.SCH line 4186
  521 Reading WCONHIST in /workspace/project/RESULTS/FORWARD_RESULTS/RESULTS/True_Flow/NORPT_NOKH.SCH line 4190
  522 Reading WCONINJE in /workspace/project/RESULTS/FORWARD_RESULTS/RESULTS/True_Flow/NORPT_NOKH.SCH line 4201
  523 Reading DATES    in /workspace/project/RESULTS/FORWARD_RESULTS/RESULTS/True_Flow/NORPT_NOKH.SCH line 4212
  524 Reading WCONHIST in /workspace/project/RESULTS/FORWARD_RESULTS/RESULTS/True_Flow/NORPT_NOKH.SCH line 4216
  525 Reading WCONINJE in /workspace/project/RESULTS/FORWARD_RESULTS/RESULTS/True_Flow/NORPT_NOKH.SCH line 4227
  526 Reading GECON    in /workspace/project/RESULTS/FORWARD_RESULTS/RESULTS/True_Flow/NORPT_NOKH.SCH line 4237
  527 Reading DATES    in /workspace/project/RESULTS/FORWARD_RESULTS/RESULTS/True_Flow/NORPT_NOKH.SCH line 4242
  528 Reading WCONHIST in /workspace/project/RESULTS/FORWARD_RESULTS/RESULTS/True_Flow/NORPT_NOKH.SCH line 4246
  529 Reading WCONINJE in /workspace/project/RESULTS/FORWARD_RESULTS/RESULTS/True_Flow/NORPT_NOKH.SCH line 4258
  530 Reading GECON    in /workspace/project/RESULTS/FORWARD_RESULTS/RESULTS/True_Flow/NORPT_NOKH.SCH line 4268
  531 Reading DATES    in /workspace/project/RESULTS/FORWARD_RESULTS/RESULTS/True_Flow/NORPT_NOKH.SCH line 4273
  532 Reading WCONHIST in /workspace/project/RESULTS/FORWARD_RESULTS/RESULTS/True_Flow/NORPT_NOKH.SCH line 4277
  533 Reading WCONINJE in /workspace/project/RESULTS/FORWARD_RESULTS/RESULTS/True_Flow/NORPT_NOKH.SCH line 4289
  534 Reading DATES    in /workspace/project/RESULTS/FORWARD_RESULTS/RESULTS/True_Flow/NORPT_NOKH.SCH line 4302
  535 Reading WELSPECS in /workspace/project/RESULTS/FORWARD_RESULTS/RESULTS/True_Flow/NORPT_NOKH.SCH line 4331
  536 Reading COMPDAT  in /workspace/project/RESULTS/FORWARD_RESULTS/RESULTS/True_Flow/NORPT_NOKH.SCH line 4335
  537 Reading WCONHIST in /workspace/project/RESULTS/FORWARD_RESULTS/RESULTS/True_Flow/NORPT_NOKH.SCH line 4357
  538 Reading WCONINJE in /workspace/project/RESULTS/FORWARD_RESULTS/RESULTS/True_Flow/NORPT_NOKH.SCH line 4369
  539 Reading WRFTPLT  in /workspace/project/RESULTS/FORWARD_RESULTS/RESULTS/True_Flow/NORPT_NOKH.SCH line 4380
  540 Reading DATES    in /workspace/project/RESULTS/FORWARD_RESULTS/RESULTS/True_Flow/NORPT_NOKH.SCH line 4386
  541 Reading WELOPEN  in /workspace/project/RESULTS/FORWARD_RESULTS/RESULTS/True_Flow/NORPT_NOKH.SCH line 4394
  542 Reading WCONHIST in /workspace/project/RESULTS/FORWARD_RESULTS/RESULTS/True_Flow/NORPT_NOKH.SCH line 4398
  543 Reading WCONINJE in /workspace/project/RESULTS/FORWARD_RESULTS/RESULTS/True_Flow/NORPT_NOKH.SCH line 4409
  544 Reading DATES    in /workspace/project/RESULTS/FORWARD_RESULTS/RESULTS/True_Flow/NORPT_NOKH.SCH line 4420
  545 Reading WCONHIST in /workspace/project/RESULTS/FORWARD_RESULTS/RESULTS/True_Flow/NORPT_NOKH.SCH line 4424
  546 Reading WCONINJE in /workspace/project/RESULTS/FORWARD_RESULTS/RESULTS/True_Flow/NORPT_NOKH.SCH line 4435
  547 Reading DATES    in /workspace/project/RESULTS/FORWARD_RESULTS/RESULTS/True_Flow/NORPT_NOKH.SCH line 4447
  548 Reading WCONHIST in /workspace/project/RESULTS/FORWARD_RESULTS/RESULTS/True_Flow/NORPT_NOKH.SCH line 4451
  549 Reading WCONINJE in /workspace/project/RESULTS/FORWARD_RESULTS/RESULTS/True_Flow/NORPT_NOKH.SCH line 4463
  550 Reading DATES    in /workspace/project/RESULTS/FORWARD_RESULTS/RESULTS/True_Flow/NORPT_NOKH.SCH line 4475
  551 Reading WELSPECS in /workspace/project/RESULTS/FORWARD_RESULTS/RESULTS/True_Flow/NORPT_NOKH.SCH line 4497
  552 Reading COMPDAT  in /workspace/project/RESULTS/FORWARD_RESULTS/RESULTS/True_Flow/NORPT_NOKH.SCH line 4501
  553 Reading WCONHIST in /workspace/project/RESULTS/FORWARD_RESULTS/RESULTS/True_Flow/NORPT_NOKH.SCH line 4515
  554 Reading WCONINJE in /workspace/project/RESULTS/FORWARD_RESULTS/RESULTS/True_Flow/NORPT_NOKH.SCH line 4528
  555 Reading DATES    in /workspace/project/RESULTS/FORWARD_RESULTS/RESULTS/True_Flow/NORPT_NOKH.SCH line 4539
  556 Reading WCONHIST in /workspace/project/RESULTS/FORWARD_RESULTS/RESULTS/True_Flow/NORPT_NOKH.SCH line 4543
  557 Reading WCONINJE in /workspace/project/RESULTS/FORWARD_RESULTS/RESULTS/True_Flow/NORPT_NOKH.SCH line 4556
  558 Reading DATES    in /workspace/project/RESULTS/FORWARD_RESULTS/RESULTS/True_Flow/NORPT_NOKH.SCH line 4567
  559 Reading COMPDAT  in /workspace/project/RESULTS/FORWARD_RESULTS/RESULTS/True_Flow/NORPT_NOKH.SCH line 4584
  560 Reading WCONHIST in /workspace/project/RESULTS/FORWARD_RESULTS/RESULTS/True_Flow/NORPT_NOKH.SCH line 4591
  561 Reading WCONINJE in /workspace/project/RESULTS/FORWARD_RESULTS/RESULTS/True_Flow/NORPT_NOKH.SCH line 4605
  562 Reading DATES    in /workspace/project/RESULTS/FORWARD_RESULTS/RESULTS/True_Flow/NORPT_NOKH.SCH line 4616
  563 Reading WCONHIST in /workspace/project/RESULTS/FORWARD_RESULTS/RESULTS/True_Flow/NORPT_NOKH.SCH line 4620
  564 Reading WCONINJE in /workspace/project/RESULTS/FORWARD_RESULTS/RESULTS/True_Flow/NORPT_NOKH.SCH line 4632
  565 Reading GECON    in /workspace/project/RESULTS/FORWARD_RESULTS/RESULTS/True_Flow/NORPT_NOKH.SCH line 4642
  566 Reading DATES    in /workspace/project/RESULTS/FORWARD_RESULTS/RESULTS/True_Flow/NORPT_NOKH.SCH line 4647
  567 Reading WCONHIST in /workspace/project/RESULTS/FORWARD_RESULTS/RESULTS/True_Flow/NORPT_NOKH.SCH line 4651
  568 Reading WCONINJE in /workspace/project/RESULTS/FORWARD_RESULTS/RESULTS/True_Flow/NORPT_NOKH.SCH line 4662
  569 Reading DATES    in /workspace/project/RESULTS/FORWARD_RESULTS/RESULTS/True_Flow/NORPT_NOKH.SCH line 4673
  570 Reading WCONHIST in /workspace/project/RESULTS/FORWARD_RESULTS/RESULTS/True_Flow/NORPT_NOKH.SCH line 4677
  571 Reading WCONINJE in /workspace/project/RESULTS/FORWARD_RESULTS/RESULTS/True_Flow/NORPT_NOKH.SCH line 4688
  572 Reading GECON    in /workspace/project/RESULTS/FORWARD_RESULTS/RESULTS/True_Flow/NORPT_NOKH.SCH line 4700
  573 Reading DATES    in /workspace/project/RESULTS/FORWARD_RESULTS/RESULTS/True_Flow/NORPT_NOKH.SCH line 4705
  574 Reading WCONHIST in /workspace/project/RESULTS/FORWARD_RESULTS/RESULTS/True_Flow/NORPT_NOKH.SCH line 4709
  575 Reading WCONINJE in /workspace/project/RESULTS/FORWARD_RESULTS/RESULTS/True_Flow/NORPT_NOKH.SCH line 4720
  576 Reading DATES    in /workspace/project/RESULTS/FORWARD_RESULTS/RESULTS/True_Flow/NORPT_NOKH.SCH line 4733
  577 Reading WCONHIST in /workspace/project/RESULTS/FORWARD_RESULTS/RESULTS/True_Flow/NORPT_NOKH.SCH line 4737
  578 Reading WCONINJE in /workspace/project/RESULTS/FORWARD_RESULTS/RESULTS/True_Flow/NORPT_NOKH.SCH line 4748
  579 Reading DATES    in /workspace/project/RESULTS/FORWARD_RESULTS/RESULTS/True_Flow/NORPT_NOKH.SCH line 4762
  580 Reading WCONHIST in /workspace/project/RESULTS/FORWARD_RESULTS/RESULTS/True_Flow/NORPT_NOKH.SCH line 4766
  581 Reading WCONINJE in /workspace/project/RESULTS/FORWARD_RESULTS/RESULTS/True_Flow/NORPT_NOKH.SCH line 4777
  582 Reading DATES    in /workspace/project/RESULTS/FORWARD_RESULTS/RESULTS/True_Flow/NORPT_NOKH.SCH line 4789
  583 Reading WCONHIST in /workspace/project/RESULTS/FORWARD_RESULTS/RESULTS/True_Flow/NORPT_NOKH.SCH line 4793
  584 Reading WCONINJE in /workspace/project/RESULTS/FORWARD_RESULTS/RESULTS/True_Flow/NORPT_NOKH.SCH line 4803
  585 Reading GECON    in /workspace/project/RESULTS/FORWARD_RESULTS/RESULTS/True_Flow/NORPT_NOKH.SCH line 4814
  586 Reading DATES    in /workspace/project/RESULTS/FORWARD_RESULTS/RESULTS/True_Flow/NORPT_NOKH.SCH line 4819
  587 Reading WCONHIST in /workspace/project/RESULTS/FORWARD_RESULTS/RESULTS/True_Flow/NORPT_NOKH.SCH line 4823
  588 Reading WCONINJE in /workspace/project/RESULTS/FORWARD_RESULTS/RESULTS/True_Flow/NORPT_NOKH.SCH line 4837
  589 Reading DATES    in /workspace/project/RESULTS/FORWARD_RESULTS/RESULTS/True_Flow/NORPT_NOKH.SCH line 4850
  590 Reading WCONHIST in /workspace/project/RESULTS/FORWARD_RESULTS/RESULTS/True_Flow/NORPT_NOKH.SCH line 4854
  591 Reading WCONINJE in /workspace/project/RESULTS/FORWARD_RESULTS/RESULTS/True_Flow/NORPT_NOKH.SCH line 4868
  592 Reading DATES    in /workspace/project/RESULTS/FORWARD_RESULTS/RESULTS/True_Flow/NORPT_NOKH.SCH line 4882
  593 Reading WCONHIST in /workspace/project/RESULTS/FORWARD_RESULTS/RESULTS/True_Flow/NORPT_NOKH.SCH line 4886
  594 Reading WCONINJE in /workspace/project/RESULTS/FORWARD_RESULTS/RESULTS/True_Flow/NORPT_NOKH.SCH line 4898
  595 Reading DATES    in /workspace/project/RESULTS/FORWARD_RESULTS/RESULTS/True_Flow/NORPT_NOKH.SCH line 4911
  596 Reading WCONHIST in /workspace/project/RESULTS/FORWARD_RESULTS/RESULTS/True_Flow/NORPT_NOKH.SCH line 4915
  597 Reading WCONINJE in /workspace/project/RESULTS/FORWARD_RESULTS/RESULTS/True_Flow/NORPT_NOKH.SCH line 4928
  598 Reading DATES    in /workspace/project/RESULTS/FORWARD_RESULTS/RESULTS/True_Flow/NORPT_NOKH.SCH line 4941
  599 Reading WCONHIST in /workspace/project/RESULTS/FORWARD_RESULTS/RESULTS/True_Flow/NORPT_NOKH.SCH line 4945
  600 Reading WCONINJE in /workspace/project/RESULTS/FORWARD_RESULTS/RESULTS/True_Flow/NORPT_NOKH.SCH line 4958
  601 Reading DATES    in /workspace/project/RESULTS/FORWARD_RESULTS/RESULTS/True_Flow/NORPT_NOKH.SCH line 4970
  602 Reading WCONHIST in /workspace/project/RESULTS/FORWARD_RESULTS/RESULTS/True_Flow/NORPT_NOKH.SCH line 4974
  603 Reading WCONINJE in /workspace/project/RESULTS/FORWARD_RESULTS/RESULTS/True_Flow/NORPT_NOKH.SCH line 4987
  604 Reading DATES    in /workspace/project/RESULTS/FORWARD_RESULTS/RESULTS/True_Flow/NORPT_NOKH.SCH line 5001
  605 Reading WELOPEN  in /workspace/project/RESULTS/FORWARD_RESULTS/RESULTS/True_Flow/NORPT_NOKH.SCH line 5005
  606 Reading WCONHIST in /workspace/project/RESULTS/FORWARD_RESULTS/RESULTS/True_Flow/NORPT_NOKH.SCH line 5009
  607 Reading WCONINJE in /workspace/project/RESULTS/FORWARD_RESULTS/RESULTS/True_Flow/NORPT_NOKH.SCH line 5022
  608 Reading DATES    in /workspace/project/RESULTS/FORWARD_RESULTS/RESULTS/True_Flow/NORPT_NOKH.SCH line 5036
  609 Reading WCONHIST in /workspace/project/RESULTS/FORWARD_RESULTS/RESULTS/True_Flow/NORPT_NOKH.SCH line 5040
  610 Reading WCONINJE in /workspace/project/RESULTS/FORWARD_RESULTS/RESULTS/True_Flow/NORPT_NOKH.SCH line 5053
  611 Reading DATES    in /workspace/project/RESULTS/FORWARD_RESULTS/RESULTS/True_Flow/NORPT_NOKH.SCH line 5065
  612 Reading WCONHIST in /workspace/project/RESULTS/FORWARD_RESULTS/RESULTS/True_Flow/NORPT_NOKH.SCH line 5069
  613 Reading WCONINJE in /workspace/project/RESULTS/FORWARD_RESULTS/RESULTS/True_Flow/NORPT_NOKH.SCH line 5081
  614 Reading DATES    in /workspace/project/RESULTS/FORWARD_RESULTS/RESULTS/True_Flow/NORPT_NOKH.SCH line 5095
  615 Reading WELOPEN  in /workspace/project/RESULTS/FORWARD_RESULTS/RESULTS/True_Flow/NORPT_NOKH.SCH line 5119
  616 Reading COMPDAT  in /workspace/project/RESULTS/FORWARD_RESULTS/RESULTS/True_Flow/NORPT_NOKH.SCH line 5123
  617 Reading WCONHIST in /workspace/project/RESULTS/FORWARD_RESULTS/RESULTS/True_Flow/NORPT_NOKH.SCH line 5137
  618 Reading WCONINJE in /workspace/project/RESULTS/FORWARD_RESULTS/RESULTS/True_Flow/NORPT_NOKH.SCH line 5148
  619 Reading GECON    in /workspace/project/RESULTS/FORWARD_RESULTS/RESULTS/True_Flow/NORPT_NOKH.SCH line 5161
  620 Reading DATES    in /workspace/project/RESULTS/FORWARD_RESULTS/RESULTS/True_Flow/NORPT_NOKH.SCH line 5166
  621 Reading WCONHIST in /workspace/project/RESULTS/FORWARD_RESULTS/RESULTS/True_Flow/NORPT_NOKH.SCH line 5170
  622 Reading WCONINJE in /workspace/project/RESULTS/FORWARD_RESULTS/RESULTS/True_Flow/NORPT_NOKH.SCH line 5181
  623 Reading GECON    in /workspace/project/RESULTS/FORWARD_RESULTS/RESULTS/True_Flow/NORPT_NOKH.SCH line 5192
  624 Reading DATES    in /workspace/project/RESULTS/FORWARD_RESULTS/RESULTS/True_Flow/NORPT_NOKH.SCH line 5197
  625 Reading WCONHIST in /workspace/project/RESULTS/FORWARD_RESULTS/RESULTS/True_Flow/NORPT_NOKH.SCH line 5201
  626 Reading WCONINJE in /workspace/project/RESULTS/FORWARD_RESULTS/RESULTS/True_Flow/NORPT_NOKH.SCH line 5213
  627 Reading GECON    in /workspace/project/RESULTS/FORWARD_RESULTS/RESULTS/True_Flow/NORPT_NOKH.SCH line 5224
  628 Reading DATES    in /workspace/project/RESULTS/FORWARD_RESULTS/RESULTS/True_Flow/NORPT_NOKH.SCH line 5229
  629 Reading WCONHIST in /workspace/project/RESULTS/FORWARD_RESULTS/RESULTS/True_Flow/NORPT_NOKH.SCH line 5233
  630 Reading WCONINJE in /workspace/project/RESULTS/FORWARD_RESULTS/RESULTS/True_Flow/NORPT_NOKH.SCH line 5246
  631 Reading DATES    in /workspace/project/RESULTS/FORWARD_RESULTS/RESULTS/True_Flow/NORPT_NOKH.SCH line 5258
  632 Reading WCONHIST in /workspace/project/RESULTS/FORWARD_RESULTS/RESULTS/True_Flow/NORPT_NOKH.SCH line 5262
  633 Reading WCONINJE in /workspace/project/RESULTS/FORWARD_RESULTS/RESULTS/True_Flow/NORPT_NOKH.SCH line 5276
  634 Reading GECON    in /workspace/project/RESULTS/FORWARD_RESULTS/RESULTS/True_Flow/NORPT_NOKH.SCH line 5287
  635 Reading DATES    in /workspace/project/RESULTS/FORWARD_RESULTS/RESULTS/True_Flow/NORPT_NOKH.SCH line 5292
  636 Reading WCONHIST in /workspace/project/RESULTS/FORWARD_RESULTS/RESULTS/True_Flow/NORPT_NOKH.SCH line 5296
  637 Reading WCONINJE in /workspace/project/RESULTS/FORWARD_RESULTS/RESULTS/True_Flow/NORPT_NOKH.SCH line 5309
  638 Reading DATES    in /workspace/project/RESULTS/FORWARD_RESULTS/RESULTS/True_Flow/NORPT_NOKH.SCH line 5321
  639 Reading WCONHIST in /workspace/project/RESULTS/FORWARD_RESULTS/RESULTS/True_Flow/NORPT_NOKH.SCH line 5325
  640 Reading WCONINJE in /workspace/project/RESULTS/FORWARD_RESULTS/RESULTS/True_Flow/NORPT_NOKH.SCH line 5338
  641 Reading GECON    in /workspace/project/RESULTS/FORWARD_RESULTS/RESULTS/True_Flow/NORPT_NOKH.SCH line 5349
  642 Reading DATES    in /workspace/project/RESULTS/FORWARD_RESULTS/RESULTS/True_Flow/NORPT_NOKH.SCH line 5354
  643 Reading WELOPEN  in /workspace/project/RESULTS/FORWARD_RESULTS/RESULTS/True_Flow/NORPT_NOKH.SCH line 5366
  644 Reading COMPDAT  in /workspace/project/RESULTS/FORWARD_RESULTS/RESULTS/True_Flow/NORPT_NOKH.SCH line 5370
  645 Reading WCONHIST in /workspace/project/RESULTS/FORWARD_RESULTS/RESULTS/True_Flow/NORPT_NOKH.SCH line 5375
  646 Reading WCONINJE in /workspace/project/RESULTS/FORWARD_RESULTS/RESULTS/True_Flow/NORPT_NOKH.SCH line 5388
  647 Reading DATES    in /workspace/project/RESULTS/FORWARD_RESULTS/RESULTS/True_Flow/NORPT_NOKH.SCH line 5400
  648 Reading WCONHIST in /workspace/project/RESULTS/FORWARD_RESULTS/RESULTS/True_Flow/NORPT_NOKH.SCH line 5404
  649 Reading WCONINJE in /workspace/project/RESULTS/FORWARD_RESULTS/RESULTS/True_Flow/NORPT_NOKH.SCH line 5416
  650 Reading DATES    in /workspace/project/RESULTS/FORWARD_RESULTS/RESULTS/True_Flow/NORPT_NOKH.SCH line 5430
  651 Reading WCONHIST in /workspace/project/RESULTS/FORWARD_RESULTS/RESULTS/True_Flow/NORPT_NOKH.SCH line 5434
  652 Reading WCONINJE in /workspace/project/RESULTS/FORWARD_RESULTS/RESULTS/True_Flow/NORPT_NOKH.SCH line 5448
  653 Reading GECON    in /workspace/project/RESULTS/FORWARD_RESULTS/RESULTS/True_Flow/NORPT_NOKH.SCH line 5460
  654 Reading DATES    in /workspace/project/RESULTS/FORWARD_RESULTS/RESULTS/True_Flow/NORPT_NOKH.SCH line 5465
  655 Reading WCONHIST in /workspace/project/RESULTS/FORWARD_RESULTS/RESULTS/True_Flow/NORPT_NOKH.SCH line 5469
  656 Reading WCONINJE in /workspace/project/RESULTS/FORWARD_RESULTS/RESULTS/True_Flow/NORPT_NOKH.SCH line 5482
  657 Reading GECON    in /workspace/project/RESULTS/FORWARD_RESULTS/RESULTS/True_Flow/NORPT_NOKH.SCH line 5493
  658 Reading DATES    in /workspace/project/RESULTS/FORWARD_RESULTS/RESULTS/True_Flow/NORPT_NOKH.SCH line 5498
  659 Reading WCONHIST in /workspace/project/RESULTS/FORWARD_RESULTS/RESULTS/True_Flow/NORPT_NOKH.SCH line 5502
  660 Reading WCONINJE in /workspace/project/RESULTS/FORWARD_RESULTS/RESULTS/True_Flow/NORPT_NOKH.SCH line 5515
  661 Reading DATES    in /workspace/project/RESULTS/FORWARD_RESULTS/RESULTS/True_Flow/NORPT_NOKH.SCH line 5527
  662 Reading WELOPEN  in /workspace/project/RESULTS/FORWARD_RESULTS/RESULTS/True_Flow/NORPT_NOKH.SCH line 5531
  663 Reading WCONHIST in /workspace/project/RESULTS/FORWARD_RESULTS/RESULTS/True_Flow/NORPT_NOKH.SCH line 5535
  664 Reading WCONINJE in /workspace/project/RESULTS/FORWARD_RESULTS/RESULTS/True_Flow/NORPT_NOKH.SCH line 5546
  665 Reading DATES    in /workspace/project/RESULTS/FORWARD_RESULTS/RESULTS/True_Flow/NORPT_NOKH.SCH line 5558
  666 Reading WCONHIST in /workspace/project/RESULTS/FORWARD_RESULTS/RESULTS/True_Flow/NORPT_NOKH.SCH line 5562
  667 Reading WCONINJE in /workspace/project/RESULTS/FORWARD_RESULTS/RESULTS/True_Flow/NORPT_NOKH.SCH line 5574
  668 Reading DATES    in /workspace/project/RESULTS/FORWARD_RESULTS/RESULTS/True_Flow/NORPT_NOKH.SCH line 5585
  669 Reading WCONHIST in /workspace/project/RESULTS/FORWARD_RESULTS/RESULTS/True_Flow/NORPT_NOKH.SCH line 5589
  670 Reading WCONINJE in /workspace/project/RESULTS/FORWARD_RESULTS/RESULTS/True_Flow/NORPT_NOKH.SCH line 5601
  671 Reading GECON    in /workspace/project/RESULTS/FORWARD_RESULTS/RESULTS/True_Flow/NORPT_NOKH.SCH line 5611
  672 Reading DATES    in /workspace/project/RESULTS/FORWARD_RESULTS/RESULTS/True_Flow/NORPT_NOKH.SCH line 5616
  673 Reading WCONHIST in /workspace/project/RESULTS/FORWARD_RESULTS/RESULTS/True_Flow/NORPT_NOKH.SCH line 5620
  674 Reading WCONINJE in /workspace/project/RESULTS/FORWARD_RESULTS/RESULTS/True_Flow/NORPT_NOKH.SCH line 5631
  675 Reading DATES    in /workspace/project/RESULTS/FORWARD_RESULTS/RESULTS/True_Flow/NORPT_NOKH.SCH line 5644
  676 Reading WCONHIST in /workspace/project/RESULTS/FORWARD_RESULTS/RESULTS/True_Flow/NORPT_NOKH.SCH line 5648
  677 Reading WCONINJE in /workspace/project/RESULTS/FORWARD_RESULTS/RESULTS/True_Flow/NORPT_NOKH.SCH line 5659
  678 Reading GECON    in /workspace/project/RESULTS/FORWARD_RESULTS/RESULTS/True_Flow/NORPT_NOKH.SCH line 5671
  679 Reading DATES    in /workspace/project/RESULTS/FORWARD_RESULTS/RESULTS/True_Flow/NORPT_NOKH.SCH line 5676
  680 Reading WCONHIST in /workspace/project/RESULTS/FORWARD_RESULTS/RESULTS/True_Flow/NORPT_NOKH.SCH line 5680
  681 Reading WCONINJE in /workspace/project/RESULTS/FORWARD_RESULTS/RESULTS/True_Flow/NORPT_NOKH.SCH line 5691
  682 Reading GECON    in /workspace/project/RESULTS/FORWARD_RESULTS/RESULTS/True_Flow/NORPT_NOKH.SCH line 5701
  683 Reading DATES    in /workspace/project/RESULTS/FORWARD_RESULTS/RESULTS/True_Flow/NORPT_NOKH.SCH line 5706
  684 Reading WCONHIST in /workspace/project/RESULTS/FORWARD_RESULTS/RESULTS/True_Flow/NORPT_NOKH.SCH line 5710
  685 Reading WCONINJE in /workspace/project/RESULTS/FORWARD_RESULTS/RESULTS/True_Flow/NORPT_NOKH.SCH line 5722
  686 Reading GECON    in /workspace/project/RESULTS/FORWARD_RESULTS/RESULTS/True_Flow/NORPT_NOKH.SCH line 5732
  687 Reading DATES    in /workspace/project/RESULTS/FORWARD_RESULTS/RESULTS/True_Flow/NORPT_NOKH.SCH line 5737
  688 Reading WCONHIST in /workspace/project/RESULTS/FORWARD_RESULTS/RESULTS/True_Flow/NORPT_NOKH.SCH line 5741
  689 Reading WCONINJE in /workspace/project/RESULTS/FORWARD_RESULTS/RESULTS/True_Flow/NORPT_NOKH.SCH line 5753
  690 Reading DATES    in /workspace/project/RESULTS/FORWARD_RESULTS/RESULTS/True_Flow/NORPT_NOKH.SCH line 5764
  691 Reading WCONHIST in /workspace/project/RESULTS/FORWARD_RESULTS/RESULTS/True_Flow/NORPT_NOKH.SCH line 5768
  692 Reading WCONINJE in /workspace/project/RESULTS/FORWARD_RESULTS/RESULTS/True_Flow/NORPT_NOKH.SCH line 5780
  693 Reading GECON    in /workspace/project/RESULTS/FORWARD_RESULTS/RESULTS/True_Flow/NORPT_NOKH.SCH line 5790
  694 Reading DATES    in /workspace/project/RESULTS/FORWARD_RESULTS/RESULTS/True_Flow/NORPT_NOKH.SCH line 5795
  695 Reading WCONHIST in /workspace/project/RESULTS/FORWARD_RESULTS/RESULTS/True_Flow/NORPT_NOKH.SCH line 5799
  696 Reading WCONINJE in /workspace/project/RESULTS/FORWARD_RESULTS/RESULTS/True_Flow/NORPT_NOKH.SCH line 5811
  697 Reading DATES    in /workspace/project/RESULTS/FORWARD_RESULTS/RESULTS/True_Flow/NORPT_NOKH.SCH line 5822
  698 Reading WELOPEN  in /workspace/project/RESULTS/FORWARD_RESULTS/RESULTS/True_Flow/NORPT_NOKH.SCH line 5828
  699 Reading WCONHIST in /workspace/project/RESULTS/FORWARD_RESULTS/RESULTS/True_Flow/NORPT_NOKH.SCH line 5832
  700 Reading WCONINJE in /workspace/project/RESULTS/FORWARD_RESULTS/RESULTS/True_Flow/NORPT_NOKH.SCH line 5841
  701 Reading DATES    in /workspace/project/RESULTS/FORWARD_RESULTS/RESULTS/True_Flow/NORPT_NOKH.SCH line 5852
  702 Reading COMPDAT  in /workspace/project/RESULTS/FORWARD_RESULTS/RESULTS/True_Flow/NORPT_NOKH.SCH line 5865
  703 Reading WCONHIST in /workspace/project/RESULTS/FORWARD_RESULTS/RESULTS/True_Flow/NORPT_NOKH.SCH line 5871
  704 Reading WCONINJE in /workspace/project/RESULTS/FORWARD_RESULTS/RESULTS/True_Flow/NORPT_NOKH.SCH line 5883
  705 Reading DATES    in /workspace/project/RESULTS/FORWARD_RESULTS/RESULTS/True_Flow/NORPT_NOKH.SCH line 5894
  706 Reading WCONHIST in /workspace/project/RESULTS/FORWARD_RESULTS/RESULTS/True_Flow/NORPT_NOKH.SCH line 5898
  707 Reading WCONINJE in /workspace/project/RESULTS/FORWARD_RESULTS/RESULTS/True_Flow/NORPT_NOKH.SCH line 5911
  708 Reading DATES    in /workspace/project/RESULTS/FORWARD_RESULTS/RESULTS/True_Flow/NORPT_NOKH.SCH line 5924
  709 Reading WCONHIST in /workspace/project/RESULTS/FORWARD_RESULTS/RESULTS/True_Flow/NORPT_NOKH.SCH line 5928
  710 Reading WCONINJE in /workspace/project/RESULTS/FORWARD_RESULTS/RESULTS/True_Flow/NORPT_NOKH.SCH line 5941
  711 Reading DATES    in /workspace/project/RESULTS/FORWARD_RESULTS/RESULTS/True_Flow/NORPT_NOKH.SCH line 5955
  712 Reading WCONHIST in /workspace/project/RESULTS/FORWARD_RESULTS/RESULTS/True_Flow/NORPT_NOKH.SCH line 5959
  713 Reading WCONINJE in /workspace/project/RESULTS/FORWARD_RESULTS/RESULTS/True_Flow/NORPT_NOKH.SCH line 5972
  714 Reading DATES    in /workspace/project/RESULTS/FORWARD_RESULTS/RESULTS/True_Flow/NORPT_NOKH.SCH line 5984
  715 Reading WELSPECS in /workspace/project/RESULTS/FORWARD_RESULTS/RESULTS/True_Flow/NORPT_NOKH.SCH line 6003
  716 Reading COMPDAT  in /workspace/project/RESULTS/FORWARD_RESULTS/RESULTS/True_Flow/NORPT_NOKH.SCH line 6007
  717 Reading WCONHIST in /workspace/project/RESULTS/FORWARD_RESULTS/RESULTS/True_Flow/NORPT_NOKH.SCH line 6017
  718 Reading WCONINJE in /workspace/project/RESULTS/FORWARD_RESULTS/RESULTS/True_Flow/NORPT_NOKH.SCH line 6029
  719 Reading DATES    in /workspace/project/RESULTS/FORWARD_RESULTS/RESULTS/True_Flow/NORPT_NOKH.SCH line 6040
  720 Reading WCONHIST in /workspace/project/RESULTS/FORWARD_RESULTS/RESULTS/True_Flow/NORPT_NOKH.SCH line 6044
  721 Reading WCONINJE in /workspace/project/RESULTS/FORWARD_RESULTS/RESULTS/True_Flow/NORPT_NOKH.SCH line 6056
  722 Reading DATES    in /workspace/project/RESULTS/FORWARD_RESULTS/RESULTS/True_Flow/NORPT_NOKH.SCH line 6069
  723 Reading WCONHIST in /workspace/project/RESULTS/FORWARD_RESULTS/RESULTS/True_Flow/NORPT_NOKH.SCH line 6073
  724 Reading WCONINJE in /workspace/project/RESULTS/FORWARD_RESULTS/RESULTS/True_Flow/NORPT_NOKH.SCH line 6086
  725 Reading GECON    in /workspace/project/RESULTS/FORWARD_RESULTS/RESULTS/True_Flow/NORPT_NOKH.SCH line 6098
  726 Reading DATES    in /workspace/project/RESULTS/FORWARD_RESULTS/RESULTS/True_Flow/NORPT_NOKH.SCH line 6103
  727 Reading WCONHIST in /workspace/project/RESULTS/FORWARD_RESULTS/RESULTS/True_Flow/NORPT_NOKH.SCH line 6107
  728 Reading WCONINJE in /workspace/project/RESULTS/FORWARD_RESULTS/RESULTS/True_Flow/NORPT_NOKH.SCH line 6120
  729 Reading DATES    in /workspace/project/RESULTS/FORWARD_RESULTS/RESULTS/True_Flow/NORPT_NOKH.SCH line 6131
  730 Reading WCONHIST in /workspace/project/RESULTS/FORWARD_RESULTS/RESULTS/True_Flow/NORPT_NOKH.SCH line 6135
  731 Reading WCONINJE in /workspace/project/RESULTS/FORWARD_RESULTS/RESULTS/True_Flow/NORPT_NOKH.SCH line 6147
  732 Reading DATES    in /workspace/project/RESULTS/FORWARD_RESULTS/RESULTS/True_Flow/NORPT_NOKH.SCH line 6160
  733 Reading WCONHIST in /workspace/project/RESULTS/FORWARD_RESULTS/RESULTS/True_Flow/NORPT_NOKH.SCH line 6164
  734 Reading WCONINJE in /workspace/project/RESULTS/FORWARD_RESULTS/RESULTS/True_Flow/NORPT_NOKH.SCH line 6176
  735 Reading GECON    in /workspace/project/RESULTS/FORWARD_RESULTS/RESULTS/True_Flow/NORPT_NOKH.SCH line 6188
  736 Reading DATES    in /workspace/project/RESULTS/FORWARD_RESULTS/RESULTS/True_Flow/NORPT_NOKH.SCH line 6193
  737 Reading WELOPEN  in /workspace/project/RESULTS/FORWARD_RESULTS/RESULTS/True_Flow/NORPT_NOKH.SCH line 6197
  738 Reading WCONHIST in /workspace/project/RESULTS/FORWARD_RESULTS/RESULTS/True_Flow/NORPT_NOKH.SCH line 6201
  739 Reading WCONINJE in /workspace/project/RESULTS/FORWARD_RESULTS/RESULTS/True_Flow/NORPT_NOKH.SCH line 6213
  740 Reading DATES    in /workspace/project/RESULTS/FORWARD_RESULTS/RESULTS/True_Flow/NORPT_NOKH.SCH line 6224
  741 Reading WCONHIST in /workspace/project/RESULTS/FORWARD_RESULTS/RESULTS/True_Flow/NORPT_NOKH.SCH line 6228
  742 Reading WCONINJE in /workspace/project/RESULTS/FORWARD_RESULTS/RESULTS/True_Flow/NORPT_NOKH.SCH line 6240
  743 Reading GECON    in /workspace/project/RESULTS/FORWARD_RESULTS/RESULTS/True_Flow/NORPT_NOKH.SCH line 6250
  744 Reading DATES    in /workspace/project/RESULTS/FORWARD_RESULTS/RESULTS/True_Flow/NORPT_NOKH.SCH line 6255
  745 Reading WELOPEN  in /workspace/project/RESULTS/FORWARD_RESULTS/RESULTS/True_Flow/NORPT_NOKH.SCH line 6263
  746 Reading WCONHIST in /workspace/project/RESULTS/FORWARD_RESULTS/RESULTS/True_Flow/NORPT_NOKH.SCH line 6267
  747 Reading WCONINJE in /workspace/project/RESULTS/FORWARD_RESULTS/RESULTS/True_Flow/NORPT_NOKH.SCH line 6279
  748 Reading DATES    in /workspace/project/RESULTS/FORWARD_RESULTS/RESULTS/True_Flow/NORPT_NOKH.SCH line 6290
  749 Reading COMPDAT  in /workspace/project/RESULTS/FORWARD_RESULTS/RESULTS/True_Flow/NORPT_NOKH.SCH line 6299
  750 Reading WCONHIST in /workspace/project/RESULTS/FORWARD_RESULTS/RESULTS/True_Flow/NORPT_NOKH.SCH line 6304
  751 Reading WCONINJE in /workspace/project/RESULTS/FORWARD_RESULTS/RESULTS/True_Flow/NORPT_NOKH.SCH line 6316
  752 Reading DATES    in /workspace/project/RESULTS/FORWARD_RESULTS/RESULTS/True_Flow/NORPT_NOKH.SCH line 6327
  753 Reading WELOPEN  in /workspace/project/RESULTS/FORWARD_RESULTS/RESULTS/True_Flow/NORPT_NOKH.SCH line 6338
  754 Reading COMPDAT  in /workspace/project/RESULTS/FORWARD_RESULTS/RESULTS/True_Flow/NORPT_NOKH.SCH line 6342
  755 Reading WCONHIST in /workspace/project/RESULTS/FORWARD_RESULTS/RESULTS/True_Flow/NORPT_NOKH.SCH line 6348
  756 Reading WCONINJE in /workspace/project/RESULTS/FORWARD_RESULTS/RESULTS/True_Flow/NORPT_NOKH.SCH line 6360
  757 Reading DATES    in /workspace/project/RESULTS/FORWARD_RESULTS/RESULTS/True_Flow/NORPT_NOKH.SCH line 6371
  758 Reading WELOPEN  in /workspace/project/RESULTS/FORWARD_RESULTS/RESULTS/True_Flow/NORPT_NOKH.SCH line 6382
  759 Reading COMPDAT  in /workspace/project/RESULTS/FORWARD_RESULTS/RESULTS/True_Flow/NORPT_NOKH.SCH line 6386
  760 Reading WCONHIST in /workspace/project/RESULTS/FORWARD_RESULTS/RESULTS/True_Flow/NORPT_NOKH.SCH line 6392
  761 Reading WCONINJE in /workspace/project/RESULTS/FORWARD_RESULTS/RESULTS/True_Flow/NORPT_NOKH.SCH line 6405
  762 Reading DATES    in /workspace/project/RESULTS/FORWARD_RESULTS/RESULTS/True_Flow/NORPT_NOKH.SCH line 6417
  763 Reading WCONHIST in /workspace/project/RESULTS/FORWARD_RESULTS/RESULTS/True_Flow/NORPT_NOKH.SCH line 6421
  764 Reading WCONINJE in /workspace/project/RESULTS/FORWARD_RESULTS/RESULTS/True_Flow/NORPT_NOKH.SCH line 6434
  765 Reading GECON    in /workspace/project/RESULTS/FORWARD_RESULTS/RESULTS/True_Flow/NORPT_NOKH.SCH line 6447
  766 Reading DATES    in /workspace/project/RESULTS/FORWARD_RESULTS/RESULTS/True_Flow/NORPT_NOKH.SCH line 6452
  767 Reading WELSPECS in /workspace/project/RESULTS/FORWARD_RESULTS/RESULTS/True_Flow/NORPT_NOKH.SCH line 6489
  768 Reading COMPDAT  in /workspace/project/RESULTS/FORWARD_RESULTS/RESULTS/True_Flow/NORPT_NOKH.SCH line 6493
  769 Reading WCONHIST in /workspace/project/RESULTS/FORWARD_RESULTS/RESULTS/True_Flow/NORPT_NOKH.SCH line 6512
  770 Reading WCONINJE in /workspace/project/RESULTS/FORWARD_RESULTS/RESULTS/True_Flow/NORPT_NOKH.SCH line 6526
  771 Reading DATES    in /workspace/project/RESULTS/FORWARD_RESULTS/RESULTS/True_Flow/NORPT_NOKH.SCH line 6539
  772 Reading WCONHIST in /workspace/project/RESULTS/FORWARD_RESULTS/RESULTS/True_Flow/NORPT_NOKH.SCH line 6543
  773 Reading WCONINJE in /workspace/project/RESULTS/FORWARD_RESULTS/RESULTS/True_Flow/NORPT_NOKH.SCH line 6557
  774 Reading DATES    in /workspace/project/RESULTS/FORWARD_RESULTS/RESULTS/True_Flow/NORPT_NOKH.SCH line 6568
  775 Reading WELOPEN  in /workspace/project/RESULTS/FORWARD_RESULTS/RESULTS/True_Flow/NORPT_NOKH.SCH line 6572
  776 Reading WCONHIST in /workspace/project/RESULTS/FORWARD_RESULTS/RESULTS/True_Flow/NORPT_NOKH.SCH line 6576
  777 Reading WCONINJE in /workspace/project/RESULTS/FORWARD_RESULTS/RESULTS/True_Flow/NORPT_NOKH.SCH line 6590
  778 Reading DATES    in /workspace/project/RESULTS/FORWARD_RESULTS/RESULTS/True_Flow/NORPT_NOKH.SCH line 6601
  779 Reading WCONHIST in /workspace/project/RESULTS/FORWARD_RESULTS/RESULTS/True_Flow/NORPT_NOKH.SCH line 6605
  780 Reading WCONINJE in /workspace/project/RESULTS/FORWARD_RESULTS/RESULTS/True_Flow/NORPT_NOKH.SCH line 6619
  781 Reading DATES    in /workspace/project/RESULTS/FORWARD_RESULTS/RESULTS/True_Flow/NORPT_NOKH.SCH line 6630
  782 Reading WELSPECS in /workspace/project/RESULTS/FORWARD_RESULTS/RESULTS/True_Flow/NORPT_NOKH.SCH line 6655
  783 Reading COMPDAT  in /workspace/project/RESULTS/FORWARD_RESULTS/RESULTS/True_Flow/NORPT_NOKH.SCH line 6659
  784 Reading WCONHIST in /workspace/project/RESULTS/FORWARD_RESULTS/RESULTS/True_Flow/NORPT_NOKH.SCH line 6678
  785 Reading WCONINJE in /workspace/project/RESULTS/FORWARD_RESULTS/RESULTS/True_Flow/NORPT_NOKH.SCH line 6693
  786 Reading WRFTPLT  in /workspace/project/RESULTS/FORWARD_RESULTS/RESULTS/True_Flow/NORPT_NOKH.SCH line 6703
  787 Reading DATES    in /workspace/project/RESULTS/FORWARD_RESULTS/RESULTS/True_Flow/NORPT_NOKH.SCH line 6708
  788 Reading WELOPEN  in /workspace/project/RESULTS/FORWARD_RESULTS/RESULTS/True_Flow/NORPT_NOKH.SCH line 6716
  789 Reading WCONHIST in /workspace/project/RESULTS/FORWARD_RESULTS/RESULTS/True_Flow/NORPT_NOKH.SCH line 6720
  790 Reading WCONINJE in /workspace/project/RESULTS/FORWARD_RESULTS/RESULTS/True_Flow/NORPT_NOKH.SCH line 6734
  791 Reading DATES    in /workspace/project/RESULTS/FORWARD_RESULTS/RESULTS/True_Flow/NORPT_NOKH.SCH line 6745
  792 Reading WCONHIST in /workspace/project/RESULTS/FORWARD_RESULTS/RESULTS/True_Flow/NORPT_NOKH.SCH line 6749
  793 Reading WCONINJE in /workspace/project/RESULTS/FORWARD_RESULTS/RESULTS/True_Flow/NORPT_NOKH.SCH line 6763
  794 Reading GECON    in /workspace/project/RESULTS/FORWARD_RESULTS/RESULTS/True_Flow/NORPT_NOKH.SCH line 6773
  795 Reading DATES    in /workspace/project/RESULTS/FORWARD_RESULTS/RESULTS/True_Flow/NORPT_NOKH.SCH line 6778
  796 Reading WCONHIST in /workspace/project/RESULTS/FORWARD_RESULTS/RESULTS/True_Flow/NORPT_NOKH.SCH line 6782
  797 Reading WCONINJE in /workspace/project/RESULTS/FORWARD_RESULTS/RESULTS/True_Flow/NORPT_NOKH.SCH line 6796
  798 Reading DATES    in /workspace/project/RESULTS/FORWARD_RESULTS/RESULTS/True_Flow/NORPT_NOKH.SCH line 6808
  799 Reading WCONHIST in /workspace/project/RESULTS/FORWARD_RESULTS/RESULTS/True_Flow/NORPT_NOKH.SCH line 6812
  800 Reading WCONINJE in /workspace/project/RESULTS/FORWARD_RESULTS/RESULTS/True_Flow/NORPT_NOKH.SCH line 6826
  801 Reading GECON    in /workspace/project/RESULTS/FORWARD_RESULTS/RESULTS/True_Flow/NORPT_NOKH.SCH line 6838
  802 Reading DATES    in /workspace/project/RESULTS/FORWARD_RESULTS/RESULTS/True_Flow/NORPT_NOKH.SCH line 6843
  803 Reading COMPDAT  in /workspace/project/RESULTS/FORWARD_RESULTS/RESULTS/True_Flow/NORPT_NOKH.SCH line 6865
  804 Reading WCONHIST in /workspace/project/RESULTS/FORWARD_RESULTS/RESULTS/True_Flow/NORPT_NOKH.SCH line 6875
  805 Reading WCONINJE in /workspace/project/RESULTS/FORWARD_RESULTS/RESULTS/True_Flow/NORPT_NOKH.SCH line 6888
  806 Reading GECON    in /workspace/project/RESULTS/FORWARD_RESULTS/RESULTS/True_Flow/NORPT_NOKH.SCH line 6900
  807 Reading DATES    in /workspace/project/RESULTS/FORWARD_RESULTS/RESULTS/True_Flow/NORPT_NOKH.SCH line 6905
  808 Reading WCONHIST in /workspace/project/RESULTS/FORWARD_RESULTS/RESULTS/True_Flow/NORPT_NOKH.SCH line 6909
  809 Reading WCONINJE in /workspace/project/RESULTS/FORWARD_RESULTS/RESULTS/True_Flow/NORPT_NOKH.SCH line 6922
  810 Reading DATES    in /workspace/project/RESULTS/FORWARD_RESULTS/RESULTS/True_Flow/NORPT_NOKH.SCH line 6934
  811 Reading WCONHIST in /workspace/project/RESULTS/FORWARD_RESULTS/RESULTS/True_Flow/NORPT_NOKH.SCH line 6938
  812 Reading WCONINJE in /workspace/project/RESULTS/FORWARD_RESULTS/RESULTS/True_Flow/NORPT_NOKH.SCH line 6952
  813 Reading DATES    in /workspace/project/RESULTS/FORWARD_RESULTS/RESULTS/True_Flow/NORPT_NOKH.SCH line 6964
  814 Reading WCONHIST in /workspace/project/RESULTS/FORWARD_RESULTS/RESULTS/True_Flow/NORPT_NOKH.SCH line 6968
  815 Reading WCONINJE in /workspace/project/RESULTS/FORWARD_RESULTS/RESULTS/True_Flow/NORPT_NOKH.SCH line 6981
  816 Reading DATES    in /workspace/project/RESULTS/FORWARD_RESULTS/RESULTS/True_Flow/NORPT_NOKH.SCH line 6994
  817 Reading WCONHIST in /workspace/project/RESULTS/FORWARD_RESULTS/RESULTS/True_Flow/NORPT_NOKH.SCH line 6998
  818 Reading WCONINJE in /workspace/project/RESULTS/FORWARD_RESULTS/RESULTS/True_Flow/NORPT_NOKH.SCH line 7011
  819 Reading DATES    in /workspace/project/RESULTS/FORWARD_RESULTS/RESULTS/True_Flow/NORPT_NOKH.SCH line 7025
  820 Reading WCONHIST in /workspace/project/RESULTS/FORWARD_RESULTS/RESULTS/True_Flow/NORPT_NOKH.SCH line 7029
  821 Reading WCONINJE in /workspace/project/RESULTS/FORWARD_RESULTS/RESULTS/True_Flow/NORPT_NOKH.SCH line 7042
  822 Reading DATES    in /workspace/project/RESULTS/FORWARD_RESULTS/RESULTS/True_Flow/NORPT_NOKH.SCH line 7054
  823 Reading WCONHIST in /workspace/project/RESULTS/FORWARD_RESULTS/RESULTS/True_Flow/NORPT_NOKH.SCH line 7058
  824 Reading WCONINJE in /workspace/project/RESULTS/FORWARD_RESULTS/RESULTS/True_Flow/NORPT_NOKH.SCH line 7071
  825 Reading DATES    in /workspace/project/RESULTS/FORWARD_RESULTS/RESULTS/True_Flow/NORPT_NOKH.SCH line 7085
  826 Reading WELSPECS in /workspace/project/RESULTS/FORWARD_RESULTS/RESULTS/True_Flow/NORPT_NOKH.SCH line 7114
  827 Reading COMPDAT  in /workspace/project/RESULTS/FORWARD_RESULTS/RESULTS/True_Flow/NORPT_NOKH.SCH line 7118
  828 Reading WCONHIST in /workspace/project/RESULTS/FORWARD_RESULTS/RESULTS/True_Flow/NORPT_NOKH.SCH line 7133
  829 Reading WCONINJE in /workspace/project/RESULTS/FORWARD_RESULTS/RESULTS/True_Flow/NORPT_NOKH.SCH line 7148
  830 Reading DATES    in /workspace/project/RESULTS/FORWARD_RESULTS/RESULTS/True_Flow/NORPT_NOKH.SCH line 7162
  831 Reading WCONHIST in /workspace/project/RESULTS/FORWARD_RESULTS/RESULTS/True_Flow/NORPT_NOKH.SCH line 7166
  832 Reading WCONINJE in /workspace/project/RESULTS/FORWARD_RESULTS/RESULTS/True_Flow/NORPT_NOKH.SCH line 7181
  833 Reading GECON    in /workspace/project/RESULTS/FORWARD_RESULTS/RESULTS/True_Flow/NORPT_NOKH.SCH line 7192
  834 Reading DATES    in /workspace/project/RESULTS/FORWARD_RESULTS/RESULTS/True_Flow/NORPT_NOKH.SCH line 7197
  835 Reading WCONHIST in /workspace/project/RESULTS/FORWARD_RESULTS/RESULTS/True_Flow/NORPT_NOKH.SCH line 7201
  836 Reading WCONINJE in /workspace/project/RESULTS/FORWARD_RESULTS/RESULTS/True_Flow/NORPT_NOKH.SCH line 7216
  837 Reading DATES    in /workspace/project/RESULTS/FORWARD_RESULTS/RESULTS/True_Flow/NORPT_NOKH.SCH line 7228
  838 Reading WCONHIST in /workspace/project/RESULTS/FORWARD_RESULTS/RESULTS/True_Flow/NORPT_NOKH.SCH line 7232
  839 Reading WCONINJE in /workspace/project/RESULTS/FORWARD_RESULTS/RESULTS/True_Flow/NORPT_NOKH.SCH line 7247
  840 Reading DATES    in /workspace/project/RESULTS/FORWARD_RESULTS/RESULTS/True_Flow/NORPT_NOKH.SCH line 7261
  841 Reading WCONHIST in /workspace/project/RESULTS/FORWARD_RESULTS/RESULTS/True_Flow/NORPT_NOKH.SCH line 7265
  842 Reading WCONINJE in /workspace/project/RESULTS/FORWARD_RESULTS/RESULTS/True_Flow/NORPT_NOKH.SCH line 7278
  843 Reading DATES    in /workspace/project/RESULTS/FORWARD_RESULTS/RESULTS/True_Flow/NORPT_NOKH.SCH line 7292
  844 Reading WCONHIST in /workspace/project/RESULTS/FORWARD_RESULTS/RESULTS/True_Flow/NORPT_NOKH.SCH line 7296
  845 Reading WCONINJE in /workspace/project/RESULTS/FORWARD_RESULTS/RESULTS/True_Flow/NORPT_NOKH.SCH line 7311
  846 Reading DATES    in /workspace/project/RESULTS/FORWARD_RESULTS/RESULTS/True_Flow/NORPT_NOKH.SCH line 7323
  847 Reading WCONHIST in /workspace/project/RESULTS/FORWARD_RESULTS/RESULTS/True_Flow/NORPT_NOKH.SCH line 7327
  848 Reading WCONINJE in /workspace/project/RESULTS/FORWARD_RESULTS/RESULTS/True_Flow/NORPT_NOKH.SCH line 7342
  849 Reading GECON    in /workspace/project/RESULTS/FORWARD_RESULTS/RESULTS/True_Flow/NORPT_NOKH.SCH line 7353
  850 Reading DATES    in /workspace/project/RESULTS/FORWARD_RESULTS/RESULTS/True_Flow/NORPT_NOKH.SCH line 7358
  851 Reading WCONHIST in /workspace/project/RESULTS/FORWARD_RESULTS/RESULTS/True_Flow/NORPT_NOKH.SCH line 7362
  852 Reading WCONINJE in /workspace/project/RESULTS/FORWARD_RESULTS/RESULTS/True_Flow/NORPT_NOKH.SCH line 7377
  853 Reading DATES    in /workspace/project/RESULTS/FORWARD_RESULTS/RESULTS/True_Flow/NORPT_NOKH.SCH line 7391
  854 Reading WCONHIST in /workspace/project/RESULTS/FORWARD_RESULTS/RESULTS/True_Flow/NORPT_NOKH.SCH line 7395
  855 Reading WCONINJE in /workspace/project/RESULTS/FORWARD_RESULTS/RESULTS/True_Flow/NORPT_NOKH.SCH line 7410
  856 Reading DATES    in /workspace/project/RESULTS/FORWARD_RESULTS/RESULTS/True_Flow/NORPT_NOKH.SCH line 7424
  857 Reading WCONHIST in /workspace/project/RESULTS/FORWARD_RESULTS/RESULTS/True_Flow/NORPT_NOKH.SCH line 7428
  858 Reading WCONINJE in /workspace/project/RESULTS/FORWARD_RESULTS/RESULTS/True_Flow/NORPT_NOKH.SCH line 7443
  859 Reading DATES    in /workspace/project/RESULTS/FORWARD_RESULTS/RESULTS/True_Flow/NORPT_NOKH.SCH line 7455
  860 Reading WCONHIST in /workspace/project/RESULTS/FORWARD_RESULTS/RESULTS/True_Flow/NORPT_NOKH.SCH line 7459
  861 Reading WCONINJE in /workspace/project/RESULTS/FORWARD_RESULTS/RESULTS/True_Flow/NORPT_NOKH.SCH line 7474
  862 Reading DATES    in /workspace/project/RESULTS/FORWARD_RESULTS/RESULTS/True_Flow/NORPT_NOKH.SCH line 7488
  863 Reading WELOPEN  in /workspace/project/RESULTS/FORWARD_RESULTS/RESULTS/True_Flow/NORPT_NOKH.SCH line 7496
  864 Reading WCONHIST in /workspace/project/RESULTS/FORWARD_RESULTS/RESULTS/True_Flow/NORPT_NOKH.SCH line 7500
  865 Reading WCONINJE in /workspace/project/RESULTS/FORWARD_RESULTS/RESULTS/True_Flow/NORPT_NOKH.SCH line 7515
  866 Reading DATES    in /workspace/project/RESULTS/FORWARD_RESULTS/RESULTS/True_Flow/NORPT_NOKH.SCH line 7529
  867 Reading WCONHIST in /workspace/project/RESULTS/FORWARD_RESULTS/RESULTS/True_Flow/NORPT_NOKH.SCH line 7533
  868 Reading WCONINJE in /workspace/project/RESULTS/FORWARD_RESULTS/RESULTS/True_Flow/NORPT_NOKH.SCH line 7547
  869 Reading GECON    in /workspace/project/RESULTS/FORWARD_RESULTS/RESULTS/True_Flow/NORPT_NOKH.SCH line 7558
  870 Reading DATES    in /workspace/project/RESULTS/FORWARD_RESULTS/RESULTS/True_Flow/NORPT_NOKH.SCH line 7563
  871 Reading WCONHIST in /workspace/project/RESULTS/FORWARD_RESULTS/RESULTS/True_Flow/NORPT_NOKH.SCH line 7567
  872 Reading WCONINJE in /workspace/project/RESULTS/FORWARD_RESULTS/RESULTS/True_Flow/NORPT_NOKH.SCH line 7580
  873 Reading DATES    in /workspace/project/RESULTS/FORWARD_RESULTS/RESULTS/True_Flow/NORPT_NOKH.SCH line 7592
  874 Reading WCONHIST in /workspace/project/RESULTS/FORWARD_RESULTS/RESULTS/True_Flow/NORPT_NOKH.SCH line 7596
  875 Reading WCONINJE in /workspace/project/RESULTS/FORWARD_RESULTS/RESULTS/True_Flow/NORPT_NOKH.SCH line 7610
  876 Reading DATES    in /workspace/project/RESULTS/FORWARD_RESULTS/RESULTS/True_Flow/NORPT_NOKH.SCH line 7622
  877 Reading WELSPECS in /workspace/project/RESULTS/FORWARD_RESULTS/RESULTS/True_Flow/NORPT_NOKH.SCH line 7656
  878 Reading COMPDAT  in /workspace/project/RESULTS/FORWARD_RESULTS/RESULTS/True_Flow/NORPT_NOKH.SCH line 7660
  879 Reading WCONHIST in /workspace/project/RESULTS/FORWARD_RESULTS/RESULTS/True_Flow/NORPT_NOKH.SCH line 7690
  880 Reading WCONPROD in /workspace/project/RESULTS/FORWARD_RESULTS/RESULTS/True_Flow/NORPT_NOKH.SCH line 7705
  881 Reading WCONINJE in /workspace/project/RESULTS/FORWARD_RESULTS/RESULTS/True_Flow/NORPT_NOKH.SCH line 7709
  882 Reading WRFTPLT  in /workspace/project/RESULTS/FORWARD_RESULTS/RESULTS/True_Flow/NORPT_NOKH.SCH line 7720
  883 Reading DATES    in /workspace/project/RESULTS/FORWARD_RESULTS/RESULTS/True_Flow/NORPT_NOKH.SCH line 7725
  884 Reading WELOPEN  in /workspace/project/RESULTS/FORWARD_RESULTS/RESULTS/True_Flow/NORPT_NOKH.SCH line 7732
  885 Reading WCONHIST in /workspace/project/RESULTS/FORWARD_RESULTS/RESULTS/True_Flow/NORPT_NOKH.SCH line 7736
  886 Reading WCONINJE in /workspace/project/RESULTS/FORWARD_RESULTS/RESULTS/True_Flow/NORPT_NOKH.SCH line 7750
  887 Reading DATES    in /workspace/project/RESULTS/FORWARD_RESULTS/RESULTS/True_Flow/NORPT_NOKH.SCH line 7762
  888 Reading WCONHIST in /workspace/project/RESULTS/FORWARD_RESULTS/RESULTS/True_Flow/NORPT_NOKH.SCH line 7766
  889 Reading WCONINJE in /workspace/project/RESULTS/FORWARD_RESULTS/RESULTS/True_Flow/NORPT_NOKH.SCH line 7780
  890 Reading DATES    in /workspace/project/RESULTS/FORWARD_RESULTS/RESULTS/True_Flow/NORPT_NOKH.SCH line 7794
  891 Reading WELSPECS in /workspace/project/RESULTS/FORWARD_RESULTS/RESULTS/True_Flow/NORPT_NOKH.SCH line 7815
  892 Reading COMPDAT  in /workspace/project/RESULTS/FORWARD_RESULTS/RESULTS/True_Flow/NORPT_NOKH.SCH line 7819
  893 Reading WCONHIST in /workspace/project/RESULTS/FORWARD_RESULTS/RESULTS/True_Flow/NORPT_NOKH.SCH line 7831
  894 Reading WCONINJE in /workspace/project/RESULTS/FORWARD_RESULTS/RESULTS/True_Flow/NORPT_NOKH.SCH line 7846
  895 Reading DATES    in /workspace/project/RESULTS/FORWARD_RESULTS/RESULTS/True_Flow/NORPT_NOKH.SCH line 7860
  896 Reading WCONHIST in /workspace/project/RESULTS/FORWARD_RESULTS/RESULTS/True_Flow/NORPT_NOKH.SCH line 7864
  897 Reading WCONINJE in /workspace/project/RESULTS/FORWARD_RESULTS/RESULTS/True_Flow/NORPT_NOKH.SCH line 7879
  898 Reading DATES    in /workspace/project/RESULTS/FORWARD_RESULTS/RESULTS/True_Flow/NORPT_NOKH.SCH line 7891
  899 Reading WCONHIST in /workspace/project/RESULTS/FORWARD_RESULTS/RESULTS/True_Flow/NORPT_NOKH.SCH line 7895
  900 Reading WCONINJE in /workspace/project/RESULTS/FORWARD_RESULTS/RESULTS/True_Flow/NORPT_NOKH.SCH line 7910
  901 Reading DATES    in /workspace/project/RESULTS/FORWARD_RESULTS/RESULTS/True_Flow/NORPT_NOKH.SCH line 7922
  902 Reading WELOPEN  in /workspace/project/RESULTS/FORWARD_RESULTS/RESULTS/True_Flow/NORPT_NOKH.SCH line 7926
  903 Reading WCONHIST in /workspace/project/RESULTS/FORWARD_RESULTS/RESULTS/True_Flow/NORPT_NOKH.SCH line 7930
  904 Reading WCONINJE in /workspace/project/RESULTS/FORWARD_RESULTS/RESULTS/True_Flow/NORPT_NOKH.SCH line 7943
  905 Reading DATES    in /workspace/project/RESULTS/FORWARD_RESULTS/RESULTS/True_Flow/NORPT_NOKH.SCH line 7955
  906 Reading WCONHIST in /workspace/project/RESULTS/FORWARD_RESULTS/RESULTS/True_Flow/NORPT_NOKH.SCH line 7959
  907 Reading WCONINJE in /workspace/project/RESULTS/FORWARD_RESULTS/RESULTS/True_Flow/NORPT_NOKH.SCH line 7971
  908 Reading GECON    in /workspace/project/RESULTS/FORWARD_RESULTS/RESULTS/True_Flow/NORPT_NOKH.SCH line 7982
  909 Reading DATES    in /workspace/project/RESULTS/FORWARD_RESULTS/RESULTS/True_Flow/NORPT_NOKH.SCH line 7987
  910 Reading WCONHIST in /workspace/project/RESULTS/FORWARD_RESULTS/RESULTS/True_Flow/NORPT_NOKH.SCH line 7991
  911 Reading WCONINJE in /workspace/project/RESULTS/FORWARD_RESULTS/RESULTS/True_Flow/NORPT_NOKH.SCH line 8004
  912 Reading DATES    in /workspace/project/RESULTS/FORWARD_RESULTS/RESULTS/True_Flow/NORPT_NOKH.SCH line 8018
  913 Reading WELOPEN  in /workspace/project/RESULTS/FORWARD_RESULTS/RESULTS/True_Flow/NORPT_NOKH.SCH line 8023
  914 Reading WCONHIST in /workspace/project/RESULTS/FORWARD_RESULTS/RESULTS/True_Flow/NORPT_NOKH.SCH line 8027
  915 Reading WCONINJE in /workspace/project/RESULTS/FORWARD_RESULTS/RESULTS/True_Flow/NORPT_NOKH.SCH line 8040
  916 Reading DATES    in /workspace/project/RESULTS/FORWARD_RESULTS/RESULTS/True_Flow/NORPT_NOKH.SCH line 8054
  917 Reading WELOPEN  in /workspace/project/RESULTS/FORWARD_RESULTS/RESULTS/True_Flow/NORPT_NOKH.SCH line 8060
  918 Reading COMPDAT  in /workspace/project/RESULTS/FORWARD_RESULTS/RESULTS/True_Flow/NORPT_NOKH.SCH line 8064
  919 Reading WCONHIST in /workspace/project/RESULTS/FORWARD_RESULTS/RESULTS/True_Flow/NORPT_NOKH.SCH line 8069
  920 Reading WCONINJE in /workspace/project/RESULTS/FORWARD_RESULTS/RESULTS/True_Flow/NORPT_NOKH.SCH line 8081
  921 Reading DATES    in /workspace/project/RESULTS/FORWARD_RESULTS/RESULTS/True_Flow/NORPT_NOKH.SCH line 8093
  922 Reading WELOPEN  in /workspace/project/RESULTS/FORWARD_RESULTS/RESULTS/True_Flow/NORPT_NOKH.SCH line 8097
  923 Reading WCONHIST in /workspace/project/RESULTS/FORWARD_RESULTS/RESULTS/True_Flow/NORPT_NOKH.SCH line 8101
  924 Reading WCONINJE in /workspace/project/RESULTS/FORWARD_RESULTS/RESULTS/True_Flow/NORPT_NOKH.SCH line 8113
  925 Reading DATES    in /workspace/project/RESULTS/FORWARD_RESULTS/RESULTS/True_Flow/NORPT_NOKH.SCH line 8125
  926 Reading WCONHIST in /workspace/project/RESULTS/FORWARD_RESULTS/RESULTS/True_Flow/NORPT_NOKH.SCH line 8129
  927 Reading WCONINJE in /workspace/project/RESULTS/FORWARD_RESULTS/RESULTS/True_Flow/NORPT_NOKH.SCH line 8140
  928 Reading DATES    in /workspace/project/RESULTS/FORWARD_RESULTS/RESULTS/True_Flow/NORPT_NOKH.SCH line 8152
  929 Reading WELSPECS in /workspace/project/RESULTS/FORWARD_RESULTS/RESULTS/True_Flow/NORPT_NOKH.SCH line 8165
  930 Reading COMPDAT  in /workspace/project/RESULTS/FORWARD_RESULTS/RESULTS/True_Flow/NORPT_NOKH.SCH line 8169
  931 Reading WCONHIST in /workspace/project/RESULTS/FORWARD_RESULTS/RESULTS/True_Flow/NORPT_NOKH.SCH line 8180
  932 Reading WCONINJE in /workspace/project/RESULTS/FORWARD_RESULTS/RESULTS/True_Flow/NORPT_NOKH.SCH line 8192
  933 Reading DATES    in /workspace/project/RESULTS/FORWARD_RESULTS/RESULTS/True_Flow/NORPT_NOKH.SCH line 8204
  934 Reading WELSPECS in /workspace/project/RESULTS/FORWARD_RESULTS/RESULTS/True_Flow/NORPT_NOKH.SCH line 8225
  935 Reading COMPDAT  in /workspace/project/RESULTS/FORWARD_RESULTS/RESULTS/True_Flow/NORPT_NOKH.SCH line 8229
  936 Reading WCONHIST in /workspace/project/RESULTS/FORWARD_RESULTS/RESULTS/True_Flow/NORPT_NOKH.SCH line 8246
  937 Reading WCONINJE in /workspace/project/RESULTS/FORWARD_RESULTS/RESULTS/True_Flow/NORPT_NOKH.SCH line 8260
  938 Reading DATES    in /workspace/project/RESULTS/FORWARD_RESULTS/RESULTS/True_Flow/NORPT_NOKH.SCH line 8272
  939 Reading WCONHIST in /workspace/project/RESULTS/FORWARD_RESULTS/RESULTS/True_Flow/NORPT_NOKH.SCH line 8276
  940 Reading WCONINJE in /workspace/project/RESULTS/FORWARD_RESULTS/RESULTS/True_Flow/NORPT_NOKH.SCH line 8289
  941 Reading DATES    in /workspace/project/RESULTS/FORWARD_RESULTS/RESULTS/True_Flow/NORPT_NOKH.SCH line 8301
  942 Reading WELOPEN  in /workspace/project/RESULTS/FORWARD_RESULTS/RESULTS/True_Flow/NORPT_NOKH.SCH line 8305
  943 Reading WCONHIST in /workspace/project/RESULTS/FORWARD_RESULTS/RESULTS/True_Flow/NORPT_NOKH.SCH line 8309
  944 Reading WCONINJE in /workspace/project/RESULTS/FORWARD_RESULTS/RESULTS/True_Flow/NORPT_NOKH.SCH line 8322
  945 Reading DATES    in /workspace/project/RESULTS/FORWARD_RESULTS/RESULTS/True_Flow/NORPT_NOKH.SCH line 8334
  946 Reading WELOPEN  in /workspace/project/RESULTS/FORWARD_RESULTS/RESULTS/True_Flow/NORPT_NOKH.SCH line 8338
  947 Reading WCONHIST in /workspace/project/RESULTS/FORWARD_RESULTS/RESULTS/True_Flow/NORPT_NOKH.SCH line 8342
  948 Reading WCONINJE in /workspace/project/RESULTS/FORWARD_RESULTS/RESULTS/True_Flow/NORPT_NOKH.SCH line 8355
  949 Reading DATES    in /workspace/project/RESULTS/FORWARD_RESULTS/RESULTS/True_Flow/NORPT_NOKH.SCH line 8368
  950 Reading WCONHIST in /workspace/project/RESULTS/FORWARD_RESULTS/RESULTS/True_Flow/NORPT_NOKH.SCH line 8372
  951 Reading WCONINJE in /workspace/project/RESULTS/FORWARD_RESULTS/RESULTS/True_Flow/NORPT_NOKH.SCH line 8385
  952 Reading GCONINJE in /workspace/project/RESULTS/FORWARD_RESULTS/RESULTS/True_Flow/NORPT_NOKH.SCH line 8397
  953 Reading DATES    in /workspace/project/RESULTS/FORWARD_RESULTS/RESULTS/True_Flow/NORPT_NOKH.SCH line 8402
  954 Reading WELSPECS in /workspace/project/RESULTS/FORWARD_RESULTS/RESULTS/True_Flow/NORPT_NOKH.SCH line 8414
  955 Reading COMPDAT  in /workspace/project/RESULTS/FORWARD_RESULTS/RESULTS/True_Flow/NORPT_NOKH.SCH line 8418
  956 Reading WCONHIST in /workspace/project/RESULTS/FORWARD_RESULTS/RESULTS/True_Flow/NORPT_NOKH.SCH line 8427
  957 Reading WCONPROD in /workspace/project/RESULTS/FORWARD_RESULTS/RESULTS/True_Flow/NORPT_NOKH.SCH line 8440
  958 Reading WCONINJE in /workspace/project/RESULTS/FORWARD_RESULTS/RESULTS/True_Flow/NORPT_NOKH.SCH line 8444
  959 Reading WRFTPLT  in /workspace/project/RESULTS/FORWARD_RESULTS/RESULTS/True_Flow/NORPT_NOKH.SCH line 8454
  960 Reading DATES    in /workspace/project/RESULTS/FORWARD_RESULTS/RESULTS/True_Flow/NORPT_NOKH.SCH line 8459
  961 Reading WELOPEN  in /workspace/project/RESULTS/FORWARD_RESULTS/RESULTS/True_Flow/NORPT_NOKH.SCH line 8465
  962 Reading WCONHIST in /workspace/project/RESULTS/FORWARD_RESULTS/RESULTS/True_Flow/NORPT_NOKH.SCH line 8469
  963 Reading WCONINJE in /workspace/project/RESULTS/FORWARD_RESULTS/RESULTS/True_Flow/NORPT_NOKH.SCH line 8480
  964 Reading DATES    in /workspace/project/RESULTS/FORWARD_RESULTS/RESULTS/True_Flow/NORPT_NOKH.SCH line 8491
  965 Reading WELSPECS in /workspace/project/RESULTS/FORWARD_RESULTS/RESULTS/True_Flow/NORPT_NOKH.SCH line 8513
  966 Reading COMPDAT  in /workspace/project/RESULTS/FORWARD_RESULTS/RESULTS/True_Flow/NORPT_NOKH.SCH line 8517
  967 Reading WCONHIST in /workspace/project/RESULTS/FORWARD_RESULTS/RESULTS/True_Flow/NORPT_NOKH.SCH line 8527
  968 Reading WCONINJE in /workspace/project/RESULTS/FORWARD_RESULTS/RESULTS/True_Flow/NORPT_NOKH.SCH line 8539
  969 Reading DATES    in /workspace/project/RESULTS/FORWARD_RESULTS/RESULTS/True_Flow/NORPT_NOKH.SCH line 8550
  970 Reading WCONHIST in /workspace/project/RESULTS/FORWARD_RESULTS/RESULTS/True_Flow/NORPT_NOKH.SCH line 8554
  971 Reading WCONINJE in /workspace/project/RESULTS/FORWARD_RESULTS/RESULTS/True_Flow/NORPT_NOKH.SCH line 8565
  972 Reading WTEST    in /workspace/project/RESULTS/FORWARD_RESULTS/RESULTS/True_Flow/NORPT_NOKH.SCH line 8575
  973 Reading DATES    in /workspace/project/RESULTS/FORWARD_RESULTS/RESULTS/True_Flow/NORPT_NOKH.SCH line 8582
  974 Reading WELOPEN  in /workspace/project/RESULTS/FORWARD_RESULTS/RESULTS/True_Flow/NORPT_NOKH.SCH line 8586
  975 Reading WCONHIST in /workspace/project/RESULTS/FORWARD_RESULTS/RESULTS/True_Flow/NORPT_NOKH.SCH line 8590
  976 Reading WCONINJE in /workspace/project/RESULTS/FORWARD_RESULTS/RESULTS/True_Flow/NORPT_NOKH.SCH line 8602
  977 Reading DATES    in /workspace/project/RESULTS/FORWARD_RESULTS/RESULTS/True_Flow/NORPT_NOKH.SCH line 8615
  978 Reading WCONHIST in /workspace/project/RESULTS/FORWARD_RESULTS/RESULTS/True_Flow/NORPT_NOKH.SCH line 8619
  979 Reading WCONINJE in /workspace/project/RESULTS/FORWARD_RESULTS/RESULTS/True_Flow/NORPT_NOKH.SCH line 8631
  980 Reading DATES    in /workspace/project/RESULTS/FORWARD_RESULTS/RESULTS/True_Flow/NORPT_NOKH.SCH line 8642
  981 Reading WELOPEN  in /workspace/project/RESULTS/FORWARD_RESULTS/RESULTS/True_Flow/NORPT_NOKH.SCH line 8646
  982 Reading WCONHIST in /workspace/project/RESULTS/FORWARD_RESULTS/RESULTS/True_Flow/NORPT_NOKH.SCH line 8650
  983 Reading WCONINJE in /workspace/project/RESULTS/FORWARD_RESULTS/RESULTS/True_Flow/NORPT_NOKH.SCH line 8662
  984 Reading DATES    in /workspace/project/RESULTS/FORWARD_RESULTS/RESULTS/True_Flow/NORPT_NOKH.SCH line 8673
  985 Reading WCONHIST in /workspace/project/RESULTS/FORWARD_RESULTS/RESULTS/True_Flow/NORPT_NOKH.SCH line 8677
  986 Reading WCONINJE in /workspace/project/RESULTS/FORWARD_RESULTS/RESULTS/True_Flow/NORPT_NOKH.SCH line 8689
  987 Reading DATES    in /workspace/project/RESULTS/FORWARD_RESULTS/RESULTS/True_Flow/NORPT_NOKH.SCH line 8700
  988 Reading WCONHIST in /workspace/project/RESULTS/FORWARD_RESULTS/RESULTS/True_Flow/NORPT_NOKH.SCH line 8704
  989 Reading WCONINJE in /workspace/project/RESULTS/FORWARD_RESULTS/RESULTS/True_Flow/NORPT_NOKH.SCH line 8716
  990 Reading DATES    in /workspace/project/RESULTS/FORWARD_RESULTS/RESULTS/True_Flow/NORPT_NOKH.SCH line 8730
  991 Reading WELOPEN  in /workspace/project/RESULTS/FORWARD_RESULTS/RESULTS/True_Flow/NORPT_NOKH.SCH line 8734
  992 Reading WCONHIST in /workspace/project/RESULTS/FORWARD_RESULTS/RESULTS/True_Flow/NORPT_NOKH.SCH line 8741
  993 Reading WCONINJE in /workspace/project/RESULTS/FORWARD_RESULTS/RESULTS/True_Flow/NORPT_NOKH.SCH line 8753
  994 Reading DATES    in /workspace/project/RESULTS/FORWARD_RESULTS/RESULTS/True_Flow/NORPT_NOKH.SCH line 8767
  995 Reading WCONHIST in /workspace/project/RESULTS/FORWARD_RESULTS/RESULTS/True_Flow/NORPT_NOKH.SCH line 8771
  996 Reading WCONINJE in /workspace/project/RESULTS/FORWARD_RESULTS/RESULTS/True_Flow/NORPT_NOKH.SCH line 8784
  997 Reading DATES    in /workspace/project/RESULTS/FORWARD_RESULTS/RESULTS/True_Flow/NORPT_NOKH.SCH line 8796
  998 Reading WCONHIST in /workspace/project/RESULTS/FORWARD_RESULTS/RESULTS/True_Flow/NORPT_NOKH.SCH line 8800
  999 Reading WCONINJE in /workspace/project/RESULTS/FORWARD_RESULTS/RESULTS/True_Flow/NORPT_NOKH.SCH line 8814
 1000 Reading DATES    in /workspace/project/RESULTS/FORWARD_RESULTS/RESULTS/True_Flow/NORPT_NOKH.SCH line 8826
 1001 Reading WCONHIST in /workspace/project/RESULTS/FORWARD_RESULTS/RESULTS/True_Flow/NORPT_NOKH.SCH line 8830
 1002 Reading WCONINJE in /workspace/project/RESULTS/FORWARD_RESULTS/RESULTS/True_Flow/NORPT_NOKH.SCH line 8844
 1003 Reading DATES    in /workspace/project/RESULTS/FORWARD_RESULTS/RESULTS/True_Flow/NORPT_NOKH.SCH line 8854
 1004 Reading WCONHIST in /workspace/project/RESULTS/FORWARD_RESULTS/RESULTS/True_Flow/NORPT_NOKH.SCH line 8858
 1005 Reading WCONINJE in /workspace/project/RESULTS/FORWARD_RESULTS/RESULTS/True_Flow/NORPT_NOKH.SCH line 8870
 1006 Reading DATES    in /workspace/project/RESULTS/FORWARD_RESULTS/RESULTS/True_Flow/NORPT_NOKH.SCH line 8880
 1007 Reading WCONHIST in /workspace/project/RESULTS/FORWARD_RESULTS/RESULTS/True_Flow/NORPT_NOKH.SCH line 8884
 1008 Reading WCONINJE in /workspace/project/RESULTS/FORWARD_RESULTS/RESULTS/True_Flow/NORPT_NOKH.SCH line 8895
 1009 Reading DATES    in /workspace/project/RESULTS/FORWARD_RESULTS/RESULTS/True_Flow/NORPT_NOKH.SCH line 8905
 1010 Reading WCONHIST in /workspace/project/RESULTS/FORWARD_RESULTS/RESULTS/True_Flow/NORPT_NOKH.SCH line 8909
 1011 Reading WCONINJE in /workspace/project/RESULTS/FORWARD_RESULTS/RESULTS/True_Flow/NORPT_NOKH.SCH line 8920
 1012 Reading DATES    in /workspace/project/RESULTS/FORWARD_RESULTS/RESULTS/True_Flow/NORPT_NOKH.SCH line 8933
 1013 Reading WCONHIST in /workspace/project/RESULTS/FORWARD_RESULTS/RESULTS/True_Flow/NORPT_NOKH.SCH line 8937
 1014 Reading WCONINJE in /workspace/project/RESULTS/FORWARD_RESULTS/RESULTS/True_Flow/NORPT_NOKH.SCH line 8948
 1015 Reading DATES    in /workspace/project/RESULTS/FORWARD_RESULTS/RESULTS/True_Flow/NORPT_NOKH.SCH line 8959
 1016 Reading WELSPECS in /workspace/project/RESULTS/FORWARD_RESULTS/RESULTS/True_Flow/NORPT_NOKH.SCH line 8978
 1017 Reading COMPDAT  in /workspace/project/RESULTS/FORWARD_RESULTS/RESULTS/True_Flow/NORPT_NOKH.SCH line 8982
 1018 Reading WCONHIST in /workspace/project/RESULTS/FORWARD_RESULTS/RESULTS/True_Flow/NORPT_NOKH.SCH line 8997
 1019 Reading WCONPROD in /workspace/project/RESULTS/FORWARD_RESULTS/RESULTS/True_Flow/NORPT_NOKH.SCH line 9010
 1020 Reading WCONINJE in /workspace/project/RESULTS/FORWARD_RESULTS/RESULTS/True_Flow/NORPT_NOKH.SCH line 9014
 1021 Reading WRFTPLT  in /workspace/project/RESULTS/FORWARD_RESULTS/RESULTS/True_Flow/NORPT_NOKH.SCH line 9024
 1022 Reading DATES    in /workspace/project/RESULTS/FORWARD_RESULTS/RESULTS/True_Flow/NORPT_NOKH.SCH line 9029
 1023 Reading WCONHIST in /workspace/project/RESULTS/FORWARD_RESULTS/RESULTS/True_Flow/NORPT_NOKH.SCH line 9033
 1024 Reading WCONINJE in /workspace/project/RESULTS/FORWARD_RESULTS/RESULTS/True_Flow/NORPT_NOKH.SCH line 9045
 1025 Reading DATES    in /workspace/project/RESULTS/FORWARD_RESULTS/RESULTS/True_Flow/NORPT_NOKH.SCH line 9058
 1026 Reading WELOPEN  in /workspace/project/RESULTS/FORWARD_RESULTS/RESULTS/True_Flow/NORPT_NOKH.SCH line 9062
 1027 Reading WCONHIST in /workspace/project/RESULTS/FORWARD_RESULTS/RESULTS/True_Flow/NORPT_NOKH.SCH line 9066
 1028 Reading WCONINJE in /workspace/project/RESULTS/FORWARD_RESULTS/RESULTS/True_Flow/NORPT_NOKH.SCH line 9077
 1029 Reading DATES    in /workspace/project/RESULTS/FORWARD_RESULTS/RESULTS/True_Flow/NORPT_NOKH.SCH line 9090
 1030 Reading WCONHIST in /workspace/project/RESULTS/FORWARD_RESULTS/RESULTS/True_Flow/NORPT_NOKH.SCH line 9094
 1031 Reading WCONINJE in /workspace/project/RESULTS/FORWARD_RESULTS/RESULTS/True_Flow/NORPT_NOKH.SCH line 9107
 1032 Reading WTEST    in /workspace/project/RESULTS/FORWARD_RESULTS/RESULTS/True_Flow/NORPT_NOKH.SCH line 9116
 1033 Reading WPITAB   in /workspace/project/RESULTS/FORWARD_RESULTS/RESULTS/True_Flow/NORPT_NOKH.SCH line 9120
 1034 Reading DATES    in /workspace/project/RESULTS/FORWARD_RESULTS/RESULTS/True_Flow/NORPT_NOKH.SCH line 9125
 1035 Reading WCONHIST in /workspace/project/RESULTS/FORWARD_RESULTS/RESULTS/True_Flow/NORPT_NOKH.SCH line 9129
 1036 Reading WCONINJE in /workspace/project/RESULTS/FORWARD_RESULTS/RESULTS/True_Flow/NORPT_NOKH.SCH line 9142
 1037 Reading DATES    in /workspace/project/RESULTS/FORWARD_RESULTS/RESULTS/True_Flow/NORPT_NOKH.SCH line 9152
 1038 Reading WELOPEN  in /workspace/project/RESULTS/FORWARD_RESULTS/RESULTS/True_Flow/NORPT_NOKH.SCH line 9156
 1039 Reading WCONHIST in /workspace/project/RESULTS/FORWARD_RESULTS/RESULTS/True_Flow/NORPT_NOKH.SCH line 9160
 1040 Reading WCONINJE in /workspace/project/RESULTS/FORWARD_RESULTS/RESULTS/True_Flow/NORPT_NOKH.SCH line 9173
 1041 Reading DATES    in /workspace/project/RESULTS/FORWARD_RESULTS/RESULTS/True_Flow/NORPT_NOKH.SCH line 9183
 1042 Reading WCONHIST in /workspace/project/RESULTS/FORWARD_RESULTS/RESULTS/True_Flow/NORPT_NOKH.SCH line 9188
 1043 Reading WCONINJE in /workspace/project/RESULTS/FORWARD_RESULTS/RESULTS/True_Flow/NORPT_NOKH.SCH line 9200
 1044 Reading DATES    in /workspace/project/RESULTS/FORWARD_RESULTS/RESULTS/True_Flow/NORPT_NOKH.SCH line 9210
 1045 Reading WELOPEN  in /workspace/project/RESULTS/FORWARD_RESULTS/RESULTS/True_Flow/NORPT_NOKH.SCH line 9214
 1046 Reading WCONHIST in /workspace/project/RESULTS/FORWARD_RESULTS/RESULTS/True_Flow/NORPT_NOKH.SCH line 9218
 1047 Reading WCONINJE in /workspace/project/RESULTS/FORWARD_RESULTS/RESULTS/True_Flow/NORPT_NOKH.SCH line 9232
 1048 Reading DATES    in /workspace/project/RESULTS/FORWARD_RESULTS/RESULTS/True_Flow/NORPT_NOKH.SCH line 9241

Warning: Unsupported keywords or keyword items:

  NSTACK: keyword not supported
  In file: FULLNORNE.DATA, line 92

  OPTIONS: keyword not supported
  In file: FULLNORNE.DATA, line 99

  NOGGF: keyword not supported
  In file: FULLNORNE.DATA, line 111

  GRIDFILE: invalid value '2' for item 1
  In file: FULLNORNE.DATA, line 113
  GRIDFILE(NGRID): output of GRID file is not supported.

  MESSAGES: invalid value '10000' for item 7
  In file: FULLNORNE.DATA, line 126
  MESSAGES(STOPMESG): option is not supported

  MESSAGES: invalid value '10000' for item 8
  In file: FULLNORNE.DATA, line 126
  MESSAGES(STOPCOMT): option is not supported

  MESSAGES: invalid value '20000' for item 9
  In file: FULLNORNE.DATA, line 126
  MESSAGES(STOPWARN): option is not supported

  MESSAGES: invalid value '10000' for item 10
  In file: FULLNORNE.DATA, line 126
  MESSAGES(STOPPROB): option is not supported

  MESSAGES: invalid value '1000' for item 11
  In file: FULLNORNE.DATA, line 126
  MESSAGES(STOPERRS): option is not supported

  NOECHO: keyword not supported
  In file: FULLNORNE.DATA, line 132

  FAULTS: invalid value 'C_08_S_Ti' in record 839 for item 1
  In file: /workspace/project/RESULTS/FORWARD_RESULTS/RESULTS/True_Flow/FAULT_JUN_05.INC, line 2
  FAULTS(FLTNAME): Only names of faults up to 8 characters are supported. Will ignore excess characters.

  FAULTS: invalid value 'C_08_S_Ti' in record 840 for item 1
  In file: /workspace/project/RESULTS/FORWARD_RESULTS/RESULTS/True_Flow/FAULT_JUN_05.INC, line 2
  FAULTS(FLTNAME): Only names of faults up to 8 characters are supported. Will ignore excess characters.

  FAULTS: invalid value 'C_08_S_Ti' in record 841 for item 1
  In file: /workspace/project/RESULTS/FORWARD_RESULTS/RESULTS/True_Flow/FAULT_JUN_05.INC, line 2
  FAULTS(FLTNAME): Only names of faults up to 8 characters are supported. Will ignore excess characters.

  FAULTS: invalid value 'C_08_S_Ti' in record 842 for item 1
  In file: /workspace/project/RESULTS/FORWARD_RESULTS/RESULTS/True_Flow/FAULT_JUN_05.INC, line 2
  FAULTS(FLTNAME): Only names of faults up to 8 characters are supported. Will ignore excess characters.

  FAULTS: invalid value 'C_08_S_Ti' in record 843 for item 1
  In file: /workspace/project/RESULTS/FORWARD_RESULTS/RESULTS/True_Flow/FAULT_JUN_05.INC, line 2
  FAULTS(FLTNAME): Only names of faults up to 8 characters are supported. Will ignore excess characters.

  MULTFLT: invalid value 'C_08_S_Ti' in record 20 for item 1
  In file: /workspace/project/RESULTS/FORWARD_RESULTS/RESULTS/True_Flow/multflt.dat, line 1
  MLTFLT(FLTNAME): Only names of faults up to 8 characters are supported. Will ignore excess characters.

  NOECHO: keyword not supported
  In file: FULLNORNE.DATA, line 224

  NOECHO: keyword not supported
  In file: FULLNORNE.DATA, line 241

  EHYSTR: invalid value '0.100000' for item 3
  In file: FULLNORNE.DATA, line 294
  EHYSTR(HYSTREL): Killough’s option not supported and should be defaulted

  NOECHO: keyword not supported
  In file: FULLNORNE.DATA, line 396

  ZIPPY2: keyword not supported
  In file: FULLNORNE.DATA, line 406

  PIMULTAB: keyword not supported
  In file: /workspace/project/RESULTS/FORWARD_RESULTS/RESULTS/True_Flow/pimultab_low-high_aug-2006.inc, line 1

  GRADRFT: keyword not supported
  In file: FULLNORNE.DATA, line 415

  WPAVE: invalid value 'ALL' for item 4
  In file: /workspace/project/RESULTS/FORWARD_RESULTS/RESULTS/True_Flow/NORPT_NOKH.SCH, line 169
  WPAVE(WPAVE4) Connection flag not really supported. Should be OPEN or defaulted.

  WPITAB: keyword not supported
  In file: /workspace/project/RESULTS/FORWARD_RESULTS/RESULTS/True_Flow/NORPT_NOKH.SCH, line 9120

Creating corner-point grid from keywords COORD, ZCORN and others
3 fluid phases are active

Loading faults from FAULTS in /workspace/project/RESULTS/FORWARD_RESULTS/RESULTS/True_Flow/FAULT_JUN_05.INC line 2

Applying MULTFLT in /workspace/project/RESULTS/FORWARD_RESULTS/RESULTS/True_Flow/multflt.dat line 1
Setting fault transmissibility multiplier 0.0014502638 for fault E_01
Setting fault transmissibility multiplier 0.009693196 for fault E_01_F3
Setting fault transmissibility multiplier 2.1806703 for fault DE_1
Reporting limit reached for MULTFLT - see PRT file for additional messages
Setting fault transmissibility multiplier 0.009218113 for fault DE_1_LTo
Setting fault transmissibility multiplier 0.00020438123 for fault DE_B3
Setting fault transmissibility multiplier 0.023713792 for fault DE_2
Setting fault transmissibility multiplier 9.942761 for fault DE_0
Setting fault transmissibility multiplier 0.18949991 for fault BC
Setting fault transmissibility multiplier 0.31516138 for fault CD
Setting fault transmissibility multiplier 0.025133502 for fault CD_To
Setting fault transmissibility multiplier 0.010283146 for fault CD_B3
Setting fault transmissibility multiplier 0.5690468 for fault CD_0
Setting fault transmissibility multiplier 0.36992443 for fault CD_1
Setting fault transmissibility multiplier 0.036714025 for fault C_01
Setting fault transmissibility multiplier 0.02153332 for fault C_01_Ti
Setting fault transmissibility multiplier 0.49107972 for fault C_08
Setting fault transmissibility multiplier 0.024170352 for fault C_08_Ile
Setting fault transmissibility multiplier 2.084467 for fault C_08_S
Setting fault transmissibility multiplier 0.8218054 for fault C_08_Ti
Setting fault transmissibility multiplier 0.34872735 for fault C_08_S_Ti
Setting fault transmissibility multiplier 0.03307699 for fault C_09
Setting fault transmissibility multiplier 0.0032960896 for fault C_02
Setting fault transmissibility multiplier 0.0993299 for fault C_04
Setting fault transmissibility multiplier 0.010073561 for fault C_05
Setting fault transmissibility multiplier 0.030331438 for fault C_06
Setting fault transmissibility multiplier 0.0017517898 for fault C_10
Setting fault transmissibility multiplier 0.1362809 for fault C_12
Setting fault transmissibility multiplier 0.25569838 for fault C_20
Setting fault transmissibility multiplier 0.28492725 for fault C_20_LTo
Setting fault transmissibility multiplier 0.008603101 for fault C_21
Setting fault transmissibility multiplier 0.00085436215 for fault C_21_Ti
Setting fault transmissibility multiplier 0.00056812644 for fault C_22
Setting fault transmissibility multiplier 0.052612145 for fault C_23
Setting fault transmissibility multiplier 0.8334835 for fault C_24
Setting fault transmissibility multiplier 0.025998723 for fault C_25
Setting fault transmissibility multiplier 0.062331416 for fault C_26
Setting fault transmissibility multiplier 0.0005683371 for fault C_26N
Setting fault transmissibility multiplier 0.031193707 for fault C_27
Setting fault transmissibility multiplier 2.717534 for fault C_28
Setting fault transmissibility multiplier 0.62803954 for fault C_29
Setting fault transmissibility multiplier 0.33149424 for fault DI
Setting fault transmissibility multiplier 0.15104558 for fault DI_S
Setting fault transmissibility multiplier 0.0016352645 for fault D_05
Setting fault transmissibility multiplier 1.3075823 for fault EF
Setting fault transmissibility multiplier 0.46294564 for fault GH
Setting fault transmissibility multiplier 0.019996502 for fault G_01
Setting fault transmissibility multiplier 0.06904369 for fault G_02
Setting fault transmissibility multiplier 1.707281 for fault G_03
Setting fault transmissibility multiplier 0.2800651 for fault G_05
Setting fault transmissibility multiplier 0.018134642 for fault G_07
Setting fault transmissibility multiplier 0.05448877 for fault G_08
Setting fault transmissibility multiplier 0.010471261 for fault G_09
Setting fault transmissibility multiplier 0.025070153 for fault G_13

Processing dynamic information from
FULLNORNE.DATA line 391
Initializing report step 0/247 at 1997-11-06 0 DAYS line 391
Processing keyword DRSDT at line 393
Processing keyword NOECHO at line 396

Warning: No handler registered for keyword NOECHO in file FULLNORNE.DATA line 396
Processing keyword TUNING at line 399
Processing keyword ZIPPY2 at line 406

Warning: No handler registered for keyword ZIPPY2 in file FULLNORNE.DATA line 406
Reading from: /workspace/project/RESULTS/FORWARD_RESULTS/RESULTS/True_Flow/pimultab_low-high_aug-2006.inc line 1
Processing keyword PIMULTAB at line 1

Warning: No handler registered for keyword PIMULTAB in file /workspace/project/RESULTS/FORWARD_RESULTS/RESULTS/True_Flow/pimultab_low-high_aug-2006.inc line 1
Reading from: FULLNORNE.DATA line 413
Processing keyword RPTSCHED at line 413
Processing keyword GRADRFT at line 415

Warning: No handler registered for keyword GRADRFT in file FULLNORNE.DATA line 415
Reading from: /workspace/project/RESULTS/FORWARD_RESULTS/RESULTS/True_Flow/NORPT_NOKH.SCH line 117
Processing keyword WELSPECS at line 117
Processing keyword COMPDAT at line 123
Processing keyword GRUPTREE at line 145
Processing keyword WCONHIST at line 163
Processing keyword WPAVE at line 169
Processing keyword VAPPARS at line 188
Complete report step 1 (8 DAYS) at 1997-11-14 (0 DAYS)

Initializing report step 2/247 at 1997-11-14 (0 DAYS) line 197
Processing keyword WCONHIST at line 201
Processing keyword WCONINJE at line 205
Processing keyword GECON at line 209
Complete report step 2 (17 DAYS) at 1997-12-01 (8 DAYS)

Initializing report step 3/247 at 1997-12-01 (8 DAYS) line 214
Processing keyword WCONHIST at line 218
Processing keyword WCONINJE at line 223
Complete report step 3 (16 DAYS) at 1997-12-17 (25 DAYS)

Initializing report step 4/247 at 1997-12-17 (25 DAYS) line 228
Processing keyword WELSPECS at line 262
Processing keyword COMPDAT at line 266
Processing keyword WCONHIST at line 279
Processing keyword WCONINJE at line 285
Complete report step 4 (15 DAYS) at 1998-01-01 (41 DAYS)

Initializing report step 5/247 at 1998-01-01 (41 DAYS) line 290
Processing keyword WCONHIST at line 294
Processing keyword WCONINJE at line 300
Complete report step 5 (31 DAYS) at 1998-02-01 (56 DAYS)
Report limit reached, see PRT-file for remaining Schedule initialization.

Initializing report step 6/247 at 1998-02-01 (56 DAYS) line 306
Processing keyword WCONHIST at line 310
Processing keyword WCONINJE at line 316
Complete report step 6 (28 DAYS) at 1998-03-01 (87 DAYS)

Initializing report step 7/247 at 1998-03-01 (87 DAYS) line 322
Processing keyword WCONHIST at line 326
Processing keyword WCONINJE at line 332
Complete report step 7 (28 DAYS) at 1998-03-29 (115 DAYS)

Initializing report step 8/247 at 1998-03-29 (115 DAYS) line 337
Processing keyword WELSPECS at line 369
Processing keyword COMPDAT at line 373
Processing keyword WCONHIST at line 397
Processing keyword WCONPROD at line 404
Processing keyword WCONINJE at line 408
Processing keyword WRFTPLT at line 412
Complete report step 8 (1 DAYS) at 1998-03-30 (143 DAYS)

Initializing report step 9/247 at 1998-03-30 (143 DAYS) line 417
Processing keyword WELOPEN at line 425
Processing keyword WCONHIST at line 429
Processing keyword WCONINJE at line 435
Complete report step 9 (2 DAYS) at 1998-04-01 (144 DAYS)

Initializing report step 10/247 at 1998-04-01 (144 DAYS) line 440
Processing keyword WCONHIST at line 444
Processing keyword WCONINJE at line 450
Complete report step 10 (22 DAYS) at 1998-04-23 (146 DAYS)

Initializing report step 11/247 at 1998-04-23 (146 DAYS) line 456
Processing keyword COMPDAT at line 468
Processing keyword WCONHIST at line 475
Processing keyword WCONINJE at line 482
Complete report step 11 (8 DAYS) at 1998-05-01 (168 DAYS)

Initializing report step 12/247 at 1998-05-01 (168 DAYS) line 488
Processing keyword WCONHIST at line 492
Processing keyword WCONINJE at line 499
Complete report step 12 (25 DAYS) at 1998-05-26 (176 DAYS)

Initializing report step 13/247 at 1998-05-26 (176 DAYS) line 504
Processing keyword WELSPECS at line 542
Processing keyword COMPDAT at line 546
Processing keyword WCONHIST at line 576
Processing keyword WCONPROD at line 584
Processing keyword WCONINJE at line 588
Processing keyword WRFTPLT at line 592
Complete report step 13 (1 DAYS) at 1998-05-27 (201 DAYS)

Initializing report step 14/247 at 1998-05-27 (201 DAYS) line 597
Processing keyword WELOPEN at line 605
Processing keyword WCONHIST at line 609
Processing keyword WCONINJE at line 616
Complete report step 14 (5 DAYS) at 1998-06-01 (202 DAYS)

Initializing report step 15/247 at 1998-06-01 (202 DAYS) line 621
Processing keyword WCONHIST at line 625
Processing keyword WCONINJE at line 632
Complete report step 15 (13 DAYS) at 1998-06-14 (207 DAYS)

Initializing report step 16/247 at 1998-06-14 (207 DAYS) line 637
Processing keyword COMPDAT at line 662
Processing keyword WCONHIST at line 673
Processing keyword WCONINJE at line 681
Complete report step 16 (9 DAYS) at 1998-06-23 (220 DAYS)

Initializing report step 17/247 at 1998-06-23 (220 DAYS) line 686
Processing keyword WELSPECS at line 720
Processing keyword COMPDAT at line 724
Processing keyword WCONHIST at line 749
Processing keyword WCONINJE at line 758
Processing keyword WRFTPLT at line 763
Complete report step 17 (1 DAYS) at 1998-06-24 (229 DAYS)

Initializing report step 18/247 at 1998-06-24 (229 DAYS) line 768
Processing keyword WELOPEN at line 777
Processing keyword WCONHIST at line 781
Processing keyword WCONINJE at line 789
Complete report step 18 (7 DAYS) at 1998-07-01 (230 DAYS)

Initializing report step 19/247 at 1998-07-01 (230 DAYS) line 794
Processing keyword WCONHIST at line 798
Processing keyword WCONINJE at line 806
Complete report step 19 (15 DAYS) at 1998-07-16 (237 DAYS)

Initializing report step 20/247 at 1998-07-16 (237 DAYS) line 812
Processing keyword COMPDAT at line 836
Processing keyword WCONHIST at line 844
Processing keyword WCONINJE at line 852
Complete report step 20 (16 DAYS) at 1998-08-01 (252 DAYS)

Initializing report step 21/247 at 1998-08-01 (252 DAYS) line 859
Processing keyword WCONHIST at line 863
Processing keyword WCONINJE at line 871
Complete report step 21 (29 DAYS) at 1998-08-30 (268 DAYS)

Initializing report step 22/247 at 1998-08-30 (268 DAYS) line 877
Processing keyword WELSPECS at line 911
Processing keyword COMPDAT at line 915
Processing keyword WCONHIST at line 939
Processing keyword WCONPROD at line 948
Processing keyword WCONINJE at line 952
Processing keyword WRFTPLT at line 957
Complete report step 22 (1 DAYS) at 1998-08-31 (297 DAYS)

Initializing report step 23/247 at 1998-08-31 (297 DAYS) line 962
Processing keyword WELOPEN at line 970
Processing keyword WCONHIST at line 974
Processing keyword WCONINJE at line 982
Complete report step 23 (1 DAYS) at 1998-09-01 (298 DAYS)

Initializing report step 24/247 at 1998-09-01 (298 DAYS) line 988
Processing keyword WCONHIST at line 992
Processing keyword WCONINJE at line 1000
Complete report step 24 (17 DAYS) at 1998-09-18 (299 DAYS)

Initializing report step 25/247 at 1998-09-18 (299 DAYS) line 1006
Processing keyword COMPDAT at line 1039
Processing keyword WCONHIST at line 1050
Processing keyword WCONINJE at line 1059
Complete report step 25 (10 DAYS) at 1998-09-28 (316 DAYS)

Initializing report step 26/247 at 1998-09-28 (316 DAYS) line 1065
Processing keyword WCONHIST at line 1069
Processing keyword WCONINJE at line 1078
Processing keyword GECON at line 1083
Complete report step 26 (3 DAYS) at 1998-10-01 (326 DAYS)

Initializing report step 27/247 at 1998-10-01 (326 DAYS) line 1088
Processing keyword WCONHIST at line 1092
Processing keyword WCONINJE at line 1101
Complete report step 27 (12 DAYS) at 1998-10-13 (329 DAYS)

Initializing report step 28/247 at 1998-10-13 (329 DAYS) line 1108
Processing keyword WELOPEN at line 1115
Processing keyword WCONHIST at line 1119
Processing keyword WCONINJE at line 1128
All completions in well C-4H is shut at 341 days
The well is therefore also shut
Complete report step 28 (4 DAYS) at 1998-10-17 (341 DAYS)

Initializing report step 29/247 at 1998-10-17 (341 DAYS) line 1135
Processing keyword COMPDAT at line 1146
Processing keyword WCONHIST at line 1152
Processing keyword WCONINJE at line 1161
Complete report step 29 (15 DAYS) at 1998-11-01 (345 DAYS)

Initializing report step 30/247 at 1998-11-01 (345 DAYS) line 1167
Processing keyword WCONHIST at line 1171
Processing keyword WCONINJE at line 1180
Complete report step 30 (30 DAYS) at 1998-12-01 (360 DAYS)

Initializing report step 31/247 at 1998-12-01 (360 DAYS) line 1186
Processing keyword WCONHIST at line 1190
Processing keyword WCONINJE at line 1199
Complete report step 31 (24 DAYS) at 1998-12-25 (390 DAYS)

Initializing report step 32/247 at 1998-12-25 (390 DAYS) line 1205
Processing keyword WELOPEN at line 1235
Processing keyword COMPDAT at line 1239
Processing keyword WCONHIST at line 1248
Processing keyword WCONINJE at line 1257
Complete report step 32 (7 DAYS) at 1999-01-01 (414 DAYS)

Initializing report step 33/247 at 1999-01-01 (414 DAYS) line 1263
Processing keyword WCONHIST at line 1267
Processing keyword WCONINJE at line 1276
Complete report step 33 (3 DAYS) at 1999-01-04 (421 DAYS)

Initializing report step 34/247 at 1999-01-04 (421 DAYS) line 1283
Processing keyword WCONHIST at line 1287
Processing keyword WCONINJE at line 1296
Processing keyword GECON at line 1302
Complete report step 34 (15 DAYS) at 1999-01-19 (424 DAYS)

Initializing report step 35/247 at 1999-01-19 (424 DAYS) line 1307
Processing keyword WCONHIST at line 1311
Processing keyword WCONINJE at line 1320
Processing keyword GECON at line 1325
Complete report step 35 (2 DAYS) at 1999-01-21 (439 DAYS)

Initializing report step 36/247 at 1999-01-21 (439 DAYS) line 1330
Processing keyword WELSPECS at line 1342
Processing keyword COMPDAT at line 1346
Processing keyword WCONHIST at line 1353
Processing keyword WCONINJE at line 1362
Complete report step 36 (11 DAYS) at 1999-02-01 (441 DAYS)

Initializing report step 37/247 at 1999-02-01 (441 DAYS) line 1370
Processing keyword WCONHIST at line 1374
Processing keyword WCONINJE at line 1383
Complete report step 37 (23 DAYS) at 1999-02-24 (452 DAYS)

Initializing report step 38/247 at 1999-02-24 (452 DAYS) line 1390
Processing keyword WCONHIST at line 1394
Processing keyword WCONINJE at line 1403
Processing keyword GECON at line 1410
Complete report step 38 (5 DAYS) at 1999-03-01 (475 DAYS)

Initializing report step 39/247 at 1999-03-01 (475 DAYS) line 1415
Processing keyword WCONHIST at line 1419
Processing keyword WCONINJE at line 1428
Complete report step 39 (4 DAYS) at 1999-03-05 (480 DAYS)

Initializing report step 40/247 at 1999-03-05 (480 DAYS) line 1435
Processing keyword WCONHIST at line 1439
Processing keyword WCONINJE at line 1448
Processing keyword GECON at line 1454
Complete report step 40 (18 DAYS) at 1999-03-23 (484 DAYS)

Initializing report step 41/247 at 1999-03-23 (484 DAYS) line 1459
Processing keyword WCONHIST at line 1463
Processing keyword WCONINJE at line 1472
Processing keyword GECON at line 1478
Complete report step 41 (3 DAYS) at 1999-03-26 (502 DAYS)

Initializing report step 42/247 at 1999-03-26 (502 DAYS) line 1483
Processing keyword WELSPECS at line 1502
Processing keyword COMPDAT at line 1506
Processing keyword WCONHIST at line 1518
Processing keyword WCONINJE at line 1528
Complete report step 42 (2 DAYS) at 1999-03-28 (505 DAYS)

Initializing report step 43/247 at 1999-03-28 (505 DAYS) line 1535
Processing keyword WELOPEN at line 1566
Processing keyword COMPDAT at line 1570
Processing keyword WCONHIST at line 1588
Processing keyword WCONINJE at line 1597
Complete report step 43 (4 DAYS) at 1999-04-01 (507 DAYS)

Initializing report step 44/247 at 1999-04-01 (507 DAYS) line 1604
Processing keyword WCONHIST at line 1608
Processing keyword WCONINJE at line 1617
Complete report step 44 (30 DAYS) at 1999-05-01 (511 DAYS)

Initializing report step 45/247 at 1999-05-01 (511 DAYS) line 1625
Processing keyword WCONHIST at line 1629
Processing keyword WCONINJE at line 1639
Complete report step 45 (3 DAYS) at 1999-05-04 (541 DAYS)

Initializing report step 46/247 at 1999-05-04 (541 DAYS) line 1647
Processing keyword WELSPECS at line 1681
Processing keyword COMPDAT at line 1685
Processing keyword WCONHIST at line 1710
Processing keyword WCONINJE at line 1721
Processing keyword WRFTPLT at line 1728
Complete report step 46 (1 DAYS) at 1999-05-05 (544 DAYS)

Initializing report step 47/247 at 1999-05-05 (544 DAYS) line 1733
Processing keyword WELOPEN at line 1742
Processing keyword WCONHIST at line 1746
Processing keyword WCONINJE at line 1756
Complete report step 47 (12 DAYS) at 1999-05-17 (545 DAYS)

Initializing report step 48/247 at 1999-05-17 (545 DAYS) line 1763
Processing keyword COMPDAT at line 1793
Processing keyword WCONHIST at line 1803
Processing keyword WCONINJE at line 1814
Complete report step 48 (3 DAYS) at 1999-05-20 (557 DAYS)

Initializing report step 49/247 at 1999-05-20 (557 DAYS) line 1821
Processing keyword WELSPECS at line 1851
Processing keyword COMPDAT at line 1855
Processing keyword WCONHIST at line 1876
Processing keyword WCONINJE at line 1886
Processing keyword WRFTPLT at line 1894
Processing keyword GECON at line 1899
Complete report step 49 (1 DAYS) at 1999-05-21 (560 DAYS)

Initializing report step 50/247 at 1999-05-21 (560 DAYS) line 1904
Processing keyword WELOPEN at line 1912
Processing keyword WCONHIST at line 1916
Processing keyword WCONINJE at line 1926
Complete report step 50 (11 DAYS) at 1999-06-01 (561 DAYS)

Initializing report step 51/247 at 1999-06-01 (561 DAYS) line 1934
Processing keyword WCONHIST at line 1938
Processing keyword WCONINJE at line 1948
Complete report step 51 (21 DAYS) at 1999-06-22 (572 DAYS)

Initializing report step 52/247 at 1999-06-22 (572 DAYS) line 1956
Processing keyword WELSPECS at line 1992
Processing keyword COMPDAT at line 1996
Processing keyword WCONHIST at line 2012
Processing keyword WCONINJE at line 2023
Complete report step 52 (9 DAYS) at 1999-07-01 (593 DAYS)

Initializing report step 53/247 at 1999-07-01 (593 DAYS) line 2031
Processing keyword WCONHIST at line 2035
Processing keyword WCONINJE at line 2045
Complete report step 53 (14 DAYS) at 1999-07-15 (602 DAYS)

Initializing report step 54/247 at 1999-07-15 (602 DAYS) line 2054
Processing keyword WELOPEN at line 2082
Processing keyword COMPDAT at line 2086
Processing keyword WCONHIST at line 2098
Processing keyword WCONINJE at line 2108
Complete report step 54 (17 DAYS) at 1999-08-01 (616 DAYS)

Initializing report step 55/247 at 1999-08-01 (616 DAYS) line 2118
Processing keyword WCONHIST at line 2122
Processing keyword WCONINJE at line 2132
Complete report step 55 (4 DAYS) at 1999-08-05 (633 DAYS)

Initializing report step 56/247 at 1999-08-05 (633 DAYS) line 2140
Processing keyword WELOPEN at line 2151
Processing keyword COMPDAT at line 2155
Processing keyword WCONHIST at line 2164
Processing keyword WCONINJE at line 2174
Complete report step 56 (25 DAYS) at 1999-08-30 (637 DAYS)

Initializing report step 57/247 at 1999-08-30 (637 DAYS) line 2182
Processing keyword COMPDAT at line 2217
Processing keyword WCONHIST at line 2230
Processing keyword WCONINJE at line 2241
Complete report step 57 (2 DAYS) at 1999-09-01 (662 DAYS)

Initializing report step 58/247 at 1999-09-01 (662 DAYS) line 2249
Processing keyword WCONHIST at line 2253
Processing keyword WCONINJE at line 2263
Complete report step 58 (2 DAYS) at 1999-09-03 (664 DAYS)

Initializing report step 59/247 at 1999-09-03 (664 DAYS) line 2273
Processing keyword WELSPECS at line 2302
Processing keyword COMPDAT at line 2306
Processing keyword WCONHIST at line 2320
Processing keyword WCONINJE at line 2331
Complete report step 59 (18 DAYS) at 1999-09-21 (666 DAYS)

Initializing report step 60/247 at 1999-09-21 (666 DAYS) line 2340
Processing keyword WCONHIST at line 2344
Processing keyword WCONINJE at line 2355
Complete report step 60 (1 DAYS) at 1999-09-22 (684 DAYS)

Initializing report step 61/247 at 1999-09-22 (684 DAYS) line 2364
Processing keyword WCONHIST at line 2368
Processing keyword WCONINJE at line 2378
Complete report step 61 (9 DAYS) at 1999-10-01 (685 DAYS)

Initializing report step 62/247 at 1999-10-01 (685 DAYS) line 2388
Processing keyword WCONHIST at line 2392
Processing keyword WCONINJE at line 2402
Complete report step 62 (2 DAYS) at 1999-10-03 (694 DAYS)

Initializing report step 63/247 at 1999-10-03 (694 DAYS) line 2413
Processing keyword WELSPECS at line 2443
Processing keyword COMPDAT at line 2447
Processing keyword WCONHIST at line 2470
Processing keyword WCONINJE at line 2481
Processing keyword WRFTPLT at line 2490
Complete report step 63 (1 DAYS) at 1999-10-04 (696 DAYS)

Initializing report step 64/247 at 1999-10-04 (696 DAYS) line 2497
Processing keyword WELOPEN at line 2504
Processing keyword WCONHIST at line 2508
Processing keyword WCONINJE at line 2519
Complete report step 64 (9 DAYS) at 1999-10-13 (697 DAYS)

Initializing report step 65/247 at 1999-10-13 (697 DAYS) line 2528
Processing keyword COMPDAT at line 2560
Processing keyword WCONHIST at line 2573
Processing keyword WCONINJE at line 2584
Complete report step 65 (3 DAYS) at 1999-10-16 (706 DAYS)

Initializing report step 66/247 at 1999-10-16 (706 DAYS) line 2595
Processing keyword WCONHIST at line 2599
Processing keyword WCONINJE at line 2609
Processing keyword GECON at line 2618
Complete report step 66 (16 DAYS) at 1999-11-01 (709 DAYS)

Initializing report step 67/247 at 1999-11-01 (709 DAYS) line 2623
Processing keyword WCONHIST at line 2627
Processing keyword WCONINJE at line 2637
Complete report step 67 (8 DAYS) at 1999-11-09 (725 DAYS)

Initializing report step 68/247 at 1999-11-09 (725 DAYS) line 2647
Processing keyword WCONHIST at line 2651
Processing keyword WCONINJE at line 2660
Processing keyword GECON at line 2668
Complete report step 68 (1 DAYS) at 1999-11-10 (733 DAYS)

Initializing report step 69/247 at 1999-11-10 (733 DAYS) line 2673
Processing keyword WCONHIST at line 2677
Processing keyword WCONINJE at line 2688
Processing keyword GECON at line 2697
Complete report step 69 (3 DAYS) at 1999-11-13 (734 DAYS)

Initializing report step 70/247 at 1999-11-13 (734 DAYS) line 2702
Processing keyword WELSPECS at line 2730
Processing keyword COMPDAT at line 2734
Processing keyword WCONHIST at line 2747
Processing keyword WCONINJE at line 2759
Complete report step 70 (18 DAYS) at 1999-12-01 (737 DAYS)

Initializing report step 71/247 at 1999-12-01 (737 DAYS) line 2769
Processing keyword WCONHIST at line 2773
Processing keyword WCONINJE at line 2786
Complete report step 71 (31 DAYS) at 2000-01-01 (755 DAYS)

Initializing report step 72/247 at 2000-01-01 (755 DAYS) line 2796
Processing keyword WCONHIST at line 2800
Processing keyword WCONINJE at line 2813
Complete report step 72 (31 DAYS) at 2000-02-01 (786 DAYS)

Initializing report step 73/247 at 2000-02-01 (786 DAYS) line 2824
Processing keyword WCONHIST at line 2828
Processing keyword WCONINJE at line 2841
Complete report step 73 (29 DAYS) at 2000-03-01 (817 DAYS)

Initializing report step 74/247 at 2000-03-01 (817 DAYS) line 2852
Processing keyword WCONHIST at line 2856
Processing keyword WCONINJE at line 2869
Complete report step 74 (1 DAYS) at 2000-03-02 (846 DAYS)

Initializing report step 75/247 at 2000-03-02 (846 DAYS) line 2879
Processing keyword WELSPECS at line 2901
Processing keyword COMPDAT at line 2905
Processing keyword WCONHIST at line 2919
Processing keyword WCONPROD at line 2931
Processing keyword WCONINJE at line 2935
Processing keyword WRFTPLT at line 2941
Complete report step 75 (1 DAYS) at 2000-03-03 (847 DAYS)

Initializing report step 76/247 at 2000-03-03 (847 DAYS) line 2946
Processing keyword WELOPEN at line 2954
Processing keyword WCONHIST at line 2958
Processing keyword WCONINJE at line 2970
Complete report step 76 (29 DAYS) at 2000-04-01 (848 DAYS)

Initializing report step 77/247 at 2000-04-01 (848 DAYS) line 2980
Processing keyword WCONHIST at line 2984
Processing keyword WCONINJE at line 2996
Complete report step 77 (30 DAYS) at 2000-05-01 (877 DAYS)

Initializing report step 78/247 at 2000-05-01 (877 DAYS) line 3007
Processing keyword WCONHIST at line 3011
Processing keyword WCONINJE at line 3023
Complete report step 78 (25 DAYS) at 2000-05-26 (907 DAYS)

Initializing report step 79/247 at 2000-05-26 (907 DAYS) line 3034
Processing keyword WELSPECS at line 3069
Processing keyword COMPDAT at line 3073
Processing keyword WCONHIST at line 3089
Processing keyword WCONINJE at line 3100
Complete report step 79 (6 DAYS) at 2000-06-01 (932 DAYS)

Initializing report step 80/247 at 2000-06-01 (932 DAYS) line 3110
Processing keyword WCONHIST at line 3114
Processing keyword WCONINJE at line 3125
Complete report step 80 (8 DAYS) at 2000-06-09 (938 DAYS)

Initializing report step 81/247 at 2000-06-09 (938 DAYS) line 3135
Processing keyword WELOPEN at line 3139
Processing keyword WCONHIST at line 3143
Processing keyword WCONINJE at line 3155
Complete report step 81 (21 DAYS) at 2000-06-30 (946 DAYS)

Initializing report step 82/247 at 2000-06-30 (946 DAYS) line 3165
Processing keyword WELOPEN at line 3175
Processing keyword COMPDAT at line 3179
Processing keyword WCONHIST at line 3184
Processing keyword WCONINJE at line 3196
Complete report step 82 (1 DAYS) at 2000-07-01 (967 DAYS)

Initializing report step 83/247 at 2000-07-01 (967 DAYS) line 3206
Processing keyword WCONHIST at line 3210
Processing keyword WCONINJE at line 3222
Complete report step 83 (31 DAYS) at 2000-08-01 (968 DAYS)

Initializing report step 84/247 at 2000-08-01 (968 DAYS) line 3233
Processing keyword WCONHIST at line 3237
Processing keyword WCONINJE at line 3249
Complete report step 84 (1 DAYS) at 2000-08-02 (999 DAYS)

Initializing report step 85/247 at 2000-08-02 (999 DAYS) line 3260
Processing keyword WELSPECS at line 3296
Processing keyword COMPDAT at line 3300
Processing keyword WCONHIST at line 3328
Processing keyword WCONPROD at line 3340
Processing keyword WCONINJE at line 3344
Processing keyword WRFTPLT at line 3353
Complete report step 85 (1 DAYS) at 2000-08-03 (1000 DAYS)

Initializing report step 86/247 at 2000-08-03 (1000 DAYS) line 3358
Processing keyword WELOPEN at line 3366
Processing keyword WCONHIST at line 3370
Processing keyword WCONINJE at line 3381
Complete report step 86 (17 DAYS) at 2000-08-20 (1001 DAYS)

Initializing report step 87/247 at 2000-08-20 (1001 DAYS) line 3391
Processing keyword WELSPECS at line 3411
Processing keyword COMPDAT at line 3415
Processing keyword WCONHIST at line 3431
Processing keyword WCONINJE at line 3443
Complete report step 87 (6 DAYS) at 2000-08-26 (1018 DAYS)

Initializing report step 88/247 at 2000-08-26 (1018 DAYS) line 3453
Processing keyword WCONHIST at line 3457
Processing keyword WCONINJE at line 3468
Complete report step 88 (1 DAYS) at 2000-08-27 (1024 DAYS)

Initializing report step 89/247 at 2000-08-27 (1024 DAYS) line 3479
Processing keyword WCONHIST at line 3483
Processing keyword WCONINJE at line 3495
Complete report step 89 (5 DAYS) at 2000-09-01 (1025 DAYS)

Initializing report step 90/247 at 2000-09-01 (1025 DAYS) line 3506
Processing keyword WCONHIST at line 3510
Processing keyword WCONINJE at line 3522
Complete report step 90 (8 DAYS) at 2000-09-09 (1030 DAYS)

Initializing report step 91/247 at 2000-09-09 (1030 DAYS) line 3532
Processing keyword WELSPECS at line 3567
Processing keyword COMPDAT at line 3571
Processing keyword WCONHIST at line 3598
Processing keyword WCONINJE at line 3610
Processing keyword WRFTPLT at line 3620
Complete report step 91 (1 DAYS) at 2000-09-10 (1038 DAYS)

Initializing report step 92/247 at 2000-09-10 (1038 DAYS) line 3625
Processing keyword WELOPEN at line 3633
Processing keyword WCONHIST at line 3637
Processing keyword WCONINJE at line 3648
Complete report step 92 (11 DAYS) at 2000-09-21 (1039 DAYS)

Initializing report step 93/247 at 2000-09-21 (1039 DAYS) line 3658
Processing keyword COMPDAT at line 3671
Processing keyword WCONHIST at line 3676
Processing keyword WCONINJE at line 3688
Complete report step 93 (1 DAYS) at 2000-09-22 (1050 DAYS)

Initializing report step 94/247 at 2000-09-22 (1050 DAYS) line 3698
Processing keyword WELOPEN at line 3714
Processing keyword COMPDAT at line 3718
Processing keyword WCONHIST at line 3727
Processing keyword WCONINJE at line 3738
Complete report step 94 (9 DAYS) at 2000-10-01 (1051 DAYS)

Initializing report step 95/247 at 2000-10-01 (1051 DAYS) line 3750
Processing keyword WCONHIST at line 3754
Processing keyword WCONINJE at line 3765
Complete report step 95 (31 DAYS) at 2000-11-01 (1060 DAYS)

Initializing report step 96/247 at 2000-11-01 (1060 DAYS) line 3777
Processing keyword WCONHIST at line 3781
Processing keyword WCONINJE at line 3792
Complete report step 96 (30 DAYS) at 2000-12-01 (1091 DAYS)

Initializing report step 97/247 at 2000-12-01 (1091 DAYS) line 3805
Processing keyword WELSPECS at line 3828
Processing keyword COMPDAT at line 3832
Processing keyword WCONHIST at line 3843
Processing keyword WCONINJE at line 3855
Complete report step 97 (31 DAYS) at 2001-01-01 (1121 DAYS)

Initializing report step 98/247 at 2001-01-01 (1121 DAYS) line 3866
Processing keyword WCONHIST at line 3870
Processing keyword WCONINJE at line 3884
Complete report step 98 (31 DAYS) at 2001-02-01 (1152 DAYS)

Initializing report step 99/247 at 2001-02-01 (1152 DAYS) line 3896
Processing keyword WCONHIST at line 3900
Processing keyword WCONINJE at line 3914
Complete report step 99 (28 DAYS) at 2001-03-01 (1183 DAYS)

Initializing report step 100/247 at 2001-03-01 (1183 DAYS) line 3927
Processing keyword WCONHIST at line 3931
Processing keyword WCONINJE at line 3944
Complete report step 100 (31 DAYS) at 2001-04-01 (1211 DAYS)

Initializing report step 101/247 at 2001-04-01 (1211 DAYS) line 3955
Processing keyword WCONHIST at line 3959
Processing keyword WCONINJE at line 3972
Complete report step 101 (30 DAYS) at 2001-05-01 (1242 DAYS)

Initializing report step 102/247 at 2001-05-01 (1242 DAYS) line 3985
Processing keyword WCONHIST at line 3989
Processing keyword WCONINJE at line 4001
Complete report step 102 (30 DAYS) at 2001-05-31 (1272 DAYS)

Initializing report step 103/247 at 2001-05-31 (1272 DAYS) line 4013
Processing keyword WELOPEN at line 4017
Processing keyword WCONHIST at line 4021
Processing keyword WCONINJE at line 4032
Complete report step 103 (1 DAYS) at 2001-06-01 (1302 DAYS)

Initializing report step 104/247 at 2001-06-01 (1302 DAYS) line 4043
Processing keyword WCONHIST at line 4047
Processing keyword WCONINJE at line 4058
Complete report step 104 (5 DAYS) at 2001-06-06 (1303 DAYS)

Initializing report step 105/247 at 2001-06-06 (1303 DAYS) line 4069
Processing keyword WELSPECS at line 4110
Processing keyword COMPDAT at line 4114
Processing keyword WCONHIST at line 4147
Processing keyword WCONPROD at line 4159
Processing keyword WCONINJE at line 4163
Processing keyword WRFTPLT at line 4173
Complete report step 105 (1 DAYS) at 2001-06-07 (1308 DAYS)

Initializing report step 106/247 at 2001-06-07 (1308 DAYS) line 4178
Processing keyword WELOPEN at line 4186
Processing keyword WCONHIST at line 4190
Processing keyword WCONINJE at line 4201
Complete report step 106 (11 DAYS) at 2001-06-18 (1309 DAYS)

Initializing report step 107/247 at 2001-06-18 (1309 DAYS) line 4212
Processing keyword WCONHIST at line 4216
Processing keyword WCONINJE at line 4227
Processing keyword GECON at line 4237
Complete report step 107 (1 DAYS) at 2001-06-19 (1320 DAYS)

Initializing report step 108/247 at 2001-06-19 (1320 DAYS) line 4242
Processing keyword WCONHIST at line 4246
Processing keyword WCONINJE at line 4258
Processing keyword GECON at line 4268
Complete report step 108 (12 DAYS) at 2001-07-01 (1321 DAYS)

Initializing report step 109/247 at 2001-07-01 (1321 DAYS) line 4273
Processing keyword WCONHIST at line 4277
Processing keyword WCONINJE at line 4289
Complete report step 109 (1 DAYS) at 2001-07-02 (1333 DAYS)

Initializing report step 110/247 at 2001-07-02 (1333 DAYS) line 4302
Processing keyword WELSPECS at line 4331
Processing keyword COMPDAT at line 4335

Warning: Problem with COMPDAT keyword
In /workspace/project/RESULTS/FORWARD_RESULTS/RESULTS/True_Flow/NORPT_NOKH.SCH line 4335
The cell (36,68,17) in well F-4H is not active and the connection will be ignored
Processing keyword WCONHIST at line 4357
Processing keyword WCONINJE at line 4369
Processing keyword WRFTPLT at line 4380
Complete report step 110 (1 DAYS) at 2001-07-03 (1334 DAYS)

Initializing report step 111/247 at 2001-07-03 (1334 DAYS) line 4386
Processing keyword WELOPEN at line 4394
Processing keyword WCONHIST at line 4398
Processing keyword WCONINJE at line 4409
Complete report step 111 (12 DAYS) at 2001-07-15 (1335 DAYS)

Initializing report step 112/247 at 2001-07-15 (1335 DAYS) line 4420
Processing keyword WCONHIST at line 4424
Processing keyword WCONINJE at line 4435
Complete report step 112 (1 DAYS) at 2001-07-16 (1347 DAYS)

Initializing report step 113/247 at 2001-07-16 (1347 DAYS) line 4447
Processing keyword WCONHIST at line 4451
Processing keyword WCONINJE at line 4463
Complete report step 113 (14 DAYS) at 2001-07-30 (1348 DAYS)

Initializing report step 114/247 at 2001-07-30 (1348 DAYS) line 4475
Processing keyword WELSPECS at line 4497
Processing keyword COMPDAT at line 4501
Processing keyword WCONHIST at line 4515
Processing keyword WCONINJE at line 4528
Complete report step 114 (2 DAYS) at 2001-08-01 (1362 DAYS)

Initializing report step 115/247 at 2001-08-01 (1362 DAYS) line 4539
Processing keyword WCONHIST at line 4543
Processing keyword WCONINJE at line 4556
Complete report step 115 (9 DAYS) at 2001-08-10 (1364 DAYS)

Initializing report step 116/247 at 2001-08-10 (1364 DAYS) line 4567
Processing keyword COMPDAT at line 4584
Processing keyword WCONHIST at line 4591
Processing keyword WCONINJE at line 4605
Complete report step 116 (6 DAYS) at 2001-08-16 (1373 DAYS)

Initializing report step 117/247 at 2001-08-16 (1373 DAYS) line 4616
Processing keyword WCONHIST at line 4620
Processing keyword WCONINJE at line 4632
Processing keyword GECON at line 4642
Complete report step 117 (16 DAYS) at 2001-09-01 (1379 DAYS)

Initializing report step 118/247 at 2001-09-01 (1379 DAYS) line 4647
Processing keyword WCONHIST at line 4651
Processing keyword WCONINJE at line 4662
Complete report step 118 (9 DAYS) at 2001-09-10 (1395 DAYS)

Initializing report step 119/247 at 2001-09-10 (1395 DAYS) line 4673
Processing keyword WCONHIST at line 4677
Processing keyword WCONINJE at line 4688
Processing keyword GECON at line 4700
Complete report step 119 (21 DAYS) at 2001-10-01 (1404 DAYS)

Initializing report step 120/247 at 2001-10-01 (1404 DAYS) line 4705
Processing keyword WCONHIST at line 4709
Processing keyword WCONINJE at line 4720
Complete report step 120 (31 DAYS) at 2001-11-01 (1425 DAYS)

Initializing report step 121/247 at 2001-11-01 (1425 DAYS) line 4733
Processing keyword WCONHIST at line 4737
Processing keyword WCONINJE at line 4748
Complete report step 121 (30 DAYS) at 2001-12-01 (1456 DAYS)

Initializing report step 122/247 at 2001-12-01 (1456 DAYS) line 4762
Processing keyword WCONHIST at line 4766
Processing keyword WCONINJE at line 4777
Complete report step 122 (28 DAYS) at 2001-12-29 (1486 DAYS)

Initializing report step 123/247 at 2001-12-29 (1486 DAYS) line 4789
Processing keyword WCONHIST at line 4793
Processing keyword WCONINJE at line 4803
Processing keyword GECON at line 4814
Complete report step 123 (3 DAYS) at 2002-01-01 (1514 DAYS)

Initializing report step 124/247 at 2002-01-01 (1514 DAYS) line 4819
Processing keyword WCONHIST at line 4823
Processing keyword WCONINJE at line 4837
Complete report step 124 (31 DAYS) at 2002-02-01 (1517 DAYS)

Initializing report step 125/247 at 2002-02-01 (1517 DAYS) line 4850
Processing keyword WCONHIST at line 4854
Processing keyword WCONINJE at line 4868
Complete report step 125 (11 DAYS) at 2002-02-12 (1548 DAYS)

Initializing report step 126/247 at 2002-02-12 (1548 DAYS) line 4882
Processing keyword WCONHIST at line 4886
Processing keyword WCONINJE at line 4898
Complete report step 126 (1 DAYS) at 2002-02-13 (1559 DAYS)

Initializing report step 127/247 at 2002-02-13 (1559 DAYS) line 4911
Processing keyword WCONHIST at line 4915
Processing keyword WCONINJE at line 4928
Complete report step 127 (16 DAYS) at 2002-03-01 (1560 DAYS)

Initializing report step 128/247 at 2002-03-01 (1560 DAYS) line 4941
Processing keyword WCONHIST at line 4945
Processing keyword WCONINJE at line 4958
Complete report step 128 (31 DAYS) at 2002-04-01 (1576 DAYS)

Initializing report step 129/247 at 2002-04-01 (1576 DAYS) line 4970
Processing keyword WCONHIST at line 4974
Processing keyword WCONINJE at line 4987
Complete report step 129 (30 DAYS) at 2002-05-01 (1607 DAYS)

Initializing report step 130/247 at 2002-05-01 (1607 DAYS) line 5001
Processing keyword WELOPEN at line 5005
Processing keyword WCONHIST at line 5009
Processing keyword WCONINJE at line 5022
All completions in well D-1H is shut at 1637 days
The well is therefore also shut
Complete report step 130 (31 DAYS) at 2002-06-01 (1637 DAYS)

Initializing report step 131/247 at 2002-06-01 (1637 DAYS) line 5036
Processing keyword WCONHIST at line 5040
Processing keyword WCONINJE at line 5053
Complete report step 131 (30 DAYS) at 2002-07-01 (1668 DAYS)

Initializing report step 132/247 at 2002-07-01 (1668 DAYS) line 5065
Processing keyword WCONHIST at line 5069
Processing keyword WCONINJE at line 5081
Complete report step 132 (7 DAYS) at 2002-07-08 (1698 DAYS)

Initializing report step 133/247 at 2002-07-08 (1698 DAYS) line 5095
Processing keyword WELOPEN at line 5119
Processing keyword COMPDAT at line 5123
Processing keyword WCONHIST at line 5137
Processing keyword WCONINJE at line 5148
Processing keyword GECON at line 5161
Complete report step 133 (3 DAYS) at 2002-07-11 (1705 DAYS)

Initializing report step 134/247 at 2002-07-11 (1705 DAYS) line 5166
Processing keyword WCONHIST at line 5170
Processing keyword WCONINJE at line 5181
Processing keyword GECON at line 5192
Complete report step 134 (4 DAYS) at 2002-07-15 (1708 DAYS)

Initializing report step 135/247 at 2002-07-15 (1708 DAYS) line 5197
Processing keyword WCONHIST at line 5201
Processing keyword WCONINJE at line 5213
Processing keyword GECON at line 5224
Complete report step 135 (17 DAYS) at 2002-08-01 (1712 DAYS)

Initializing report step 136/247 at 2002-08-01 (1712 DAYS) line 5229
Processing keyword WCONHIST at line 5233
Processing keyword WCONINJE at line 5246
Complete report step 136 (13 DAYS) at 2002-08-14 (1729 DAYS)

Initializing report step 137/247 at 2002-08-14 (1729 DAYS) line 5258
Processing keyword WCONHIST at line 5262
Processing keyword WCONINJE at line 5276
Processing keyword GECON at line 5287
All completions in well D-1H is shut at 1742 days
The well is therefore also shut
Complete report step 137 (18 DAYS) at 2002-09-01 (1742 DAYS)

Initializing report step 138/247 at 2002-09-01 (1742 DAYS) line 5292
Processing keyword WCONHIST at line 5296
Processing keyword WCONINJE at line 5309
All completions in well D-1H is shut at 1760 days
The well is therefore also shut
Complete report step 138 (1 DAYS) at 2002-09-02 (1760 DAYS)

Initializing report step 139/247 at 2002-09-02 (1760 DAYS) line 5321
Processing keyword WCONHIST at line 5325
Processing keyword WCONINJE at line 5338
Processing keyword GECON at line 5349
Complete report step 139 (13 DAYS) at 2002-09-15 (1761 DAYS)

Initializing report step 140/247 at 2002-09-15 (1761 DAYS) line 5354
Processing keyword WELOPEN at line 5366
Processing keyword COMPDAT at line 5370
Processing keyword WCONHIST at line 5375
Processing keyword WCONINJE at line 5388
Complete report step 140 (16 DAYS) at 2002-10-01 (1774 DAYS)

Initializing report step 141/247 at 2002-10-01 (1774 DAYS) line 5400
Processing keyword WCONHIST at line 5404
Processing keyword WCONINJE at line 5416
Complete report step 141 (6 DAYS) at 2002-10-07 (1790 DAYS)

Initializing report step 142/247 at 2002-10-07 (1790 DAYS) line 5430
Processing keyword WCONHIST at line 5434
Processing keyword WCONINJE at line 5448
Processing keyword GECON at line 5460
Complete report step 142 (7 DAYS) at 2002-10-14 (1796 DAYS)

Initializing report step 143/247 at 2002-10-14 (1796 DAYS) line 5465
Processing keyword WCONHIST at line 5469
Processing keyword WCONINJE at line 5482
Processing keyword GECON at line 5493
Complete report step 143 (18 DAYS) at 2002-11-01 (1803 DAYS)

Initializing report step 144/247 at 2002-11-01 (1803 DAYS) line 5498
Processing keyword WCONHIST at line 5502
Processing keyword WCONINJE at line 5515
Complete report step 144 (15 DAYS) at 2002-11-16 (1821 DAYS)

Initializing report step 145/247 at 2002-11-16 (1821 DAYS) line 5527
Processing keyword WELOPEN at line 5531
Processing keyword WCONHIST at line 5535
Processing keyword WCONINJE at line 5546
Complete report step 145 (15 DAYS) at 2002-12-01 (1836 DAYS)

Initializing report step 146/247 at 2002-12-01 (1836 DAYS) line 5558
Processing keyword WCONHIST at line 5562
Processing keyword WCONINJE at line 5574
Complete report step 146 (23 DAYS) at 2002-12-24 (1851 DAYS)

Initializing report step 147/247 at 2002-12-24 (1851 DAYS) line 5585
Processing keyword WCONHIST at line 5589
Processing keyword WCONINJE at line 5601
Processing keyword GECON at line 5611
Complete report step 147 (8 DAYS) at 2003-01-01 (1874 DAYS)

Initializing report step 148/247 at 2003-01-01 (1874 DAYS) line 5616
Processing keyword WCONHIST at line 5620
Processing keyword WCONINJE at line 5631
Complete report step 148 (1 DAYS) at 2003-01-02 (1882 DAYS)

Initializing report step 149/247 at 2003-01-02 (1882 DAYS) line 5644
Processing keyword WCONHIST at line 5648
Processing keyword WCONINJE at line 5659
Processing keyword GECON at line 5671
Complete report step 149 (10 DAYS) at 2003-01-12 (1883 DAYS)

Initializing report step 150/247 at 2003-01-12 (1883 DAYS) line 5676
Processing keyword WCONHIST at line 5680
Processing keyword WCONINJE at line 5691
Processing keyword GECON at line 5701
Complete report step 150 (8 DAYS) at 2003-01-20 (1893 DAYS)

Initializing report step 151/247 at 2003-01-20 (1893 DAYS) line 5706
Processing keyword WCONHIST at line 5710
Processing keyword WCONINJE at line 5722
Processing keyword GECON at line 5732
Complete report step 151 (12 DAYS) at 2003-02-01 (1901 DAYS)

Initializing report step 152/247 at 2003-02-01 (1901 DAYS) line 5737
Processing keyword WCONHIST at line 5741
Processing keyword WCONINJE at line 5753
Complete report step 152 (13 DAYS) at 2003-02-14 (1913 DAYS)

Initializing report step 153/247 at 2003-02-14 (1913 DAYS) line 5764
Processing keyword WCONHIST at line 5768
Processing keyword WCONINJE at line 5780
Processing keyword GECON at line 5790
Complete report step 153 (15 DAYS) at 2003-03-01 (1926 DAYS)

Initializing report step 154/247 at 2003-03-01 (1926 DAYS) line 5795
Processing keyword WCONHIST at line 5799
Processing keyword WCONINJE at line 5811
Complete report step 154 (5 DAYS) at 2003-03-06 (1941 DAYS)

Initializing report step 155/247 at 2003-03-06 (1941 DAYS) line 5822
Processing keyword WELOPEN at line 5828
Processing keyword WCONHIST at line 5832
Processing keyword WCONINJE at line 5841
All completions in well B-3H is shut at 1946 days
The well is therefore also shut
Complete report step 155 (1 DAYS) at 2003-03-07 (1946 DAYS)

Initializing report step 156/247 at 2003-03-07 (1946 DAYS) line 5852
Processing keyword COMPDAT at line 5865
Processing keyword WCONHIST at line 5871
Processing keyword WCONINJE at line 5883
Complete report step 156 (25 DAYS) at 2003-04-01 (1947 DAYS)

Initializing report step 157/247 at 2003-04-01 (1947 DAYS) line 5894
Processing keyword WCONHIST at line 5898
Processing keyword WCONINJE at line 5911
Complete report step 157 (30 DAYS) at 2003-05-01 (1972 DAYS)

Initializing report step 158/247 at 2003-05-01 (1972 DAYS) line 5924
Processing keyword WCONHIST at line 5928
Processing keyword WCONINJE at line 5941
Complete report step 158 (31 DAYS) at 2003-06-01 (2002 DAYS)

Initializing report step 159/247 at 2003-06-01 (2002 DAYS) line 5955
Processing keyword WCONHIST at line 5959
Processing keyword WCONINJE at line 5972
Complete report step 159 (2 DAYS) at 2003-06-03 (2033 DAYS)

Initializing report step 160/247 at 2003-06-03 (2033 DAYS) line 5984
Processing keyword WELSPECS at line 6003
Processing keyword COMPDAT at line 6007
Processing keyword WCONHIST at line 6017
Processing keyword WCONINJE at line 6029
Complete report step 160 (28 DAYS) at 2003-07-01 (2035 DAYS)

Initializing report step 161/247 at 2003-07-01 (2035 DAYS) line 6040
Processing keyword WCONHIST at line 6044
Processing keyword WCONINJE at line 6056
Complete report step 161 (9 DAYS) at 2003-07-10 (2063 DAYS)

Initializing report step 162/247 at 2003-07-10 (2063 DAYS) line 6069
Processing keyword WCONHIST at line 6073
Processing keyword WCONINJE at line 6086
Processing keyword GECON at line 6098
Complete report step 162 (22 DAYS) at 2003-08-01 (2072 DAYS)

Initializing report step 163/247 at 2003-08-01 (2072 DAYS) line 6103
Processing keyword WCONHIST at line 6107
Processing keyword WCONINJE at line 6120
Complete report step 163 (9 DAYS) at 2003-08-10 (2094 DAYS)

Initializing report step 164/247 at 2003-08-10 (2094 DAYS) line 6131
Processing keyword WCONHIST at line 6135
Processing keyword WCONINJE at line 6147
Complete report step 164 (2 DAYS) at 2003-08-12 (2103 DAYS)

Initializing report step 165/247 at 2003-08-12 (2103 DAYS) line 6160
Processing keyword WCONHIST at line 6164
Processing keyword WCONINJE at line 6176
Processing keyword GECON at line 6188
Complete report step 165 (20 DAYS) at 2003-09-01 (2105 DAYS)

Initializing report step 166/247 at 2003-09-01 (2105 DAYS) line 6193
Processing keyword WELOPEN at line 6197
Processing keyword WCONHIST at line 6201
Processing keyword WCONINJE at line 6213
Complete report step 166 (1 DAYS) at 2003-09-02 (2125 DAYS)

Initializing report step 167/247 at 2003-09-02 (2125 DAYS) line 6224
Processing keyword WCONHIST at line 6228
Processing keyword WCONINJE at line 6240
Processing keyword GECON at line 6250
Complete report step 167 (8 DAYS) at 2003-09-10 (2126 DAYS)

Initializing report step 168/247 at 2003-09-10 (2126 DAYS) line 6255
Processing keyword WELOPEN at line 6263
Processing keyword WCONHIST at line 6267
Processing keyword WCONINJE at line 6279
All completions in well B-1H is shut at 2134 days
The well is therefore also shut
Complete report step 168 (2 DAYS) at 2003-09-12 (2134 DAYS)

Initializing report step 169/247 at 2003-09-12 (2134 DAYS) line 6290
Processing keyword COMPDAT at line 6299
Processing keyword WCONHIST at line 6304
Processing keyword WCONINJE at line 6316
Complete report step 169 (1 DAYS) at 2003-09-13 (2136 DAYS)

Initializing report step 170/247 at 2003-09-13 (2136 DAYS) line 6327
Processing keyword WELOPEN at line 6338
Processing keyword COMPDAT at line 6342
Processing keyword WCONHIST at line 6348
Processing keyword WCONINJE at line 6360
Complete report step 170 (3 DAYS) at 2003-09-16 (2137 DAYS)

Initializing report step 171/247 at 2003-09-16 (2137 DAYS) line 6371
Processing keyword WELOPEN at line 6382
Processing keyword COMPDAT at line 6386
Processing keyword WCONHIST at line 6392
Processing keyword WCONINJE at line 6405
Complete report step 171 (15 DAYS) at 2003-10-01 (2140 DAYS)

Initializing report step 172/247 at 2003-10-01 (2140 DAYS) line 6417
Processing keyword WCONHIST at line 6421
Processing keyword WCONINJE at line 6434
Processing keyword GECON at line 6447
Complete report step 172 (22 DAYS) at 2003-10-23 (2155 DAYS)

Initializing report step 173/247 at 2003-10-23 (2155 DAYS) line 6452
Processing keyword WELSPECS at line 6489
Processing keyword COMPDAT at line 6493
Processing keyword WCONHIST at line 6512
Processing keyword WCONINJE at line 6526
Complete report step 173 (9 DAYS) at 2003-11-01 (2177 DAYS)

Initializing report step 174/247 at 2003-11-01 (2177 DAYS) line 6539
Processing keyword WCONHIST at line 6543
Processing keyword WCONINJE at line 6557
Complete report step 174 (17 DAYS) at 2003-11-18 (2186 DAYS)

Initializing report step 175/247 at 2003-11-18 (2186 DAYS) line 6568
Processing keyword WELOPEN at line 6572
Processing keyword WCONHIST at line 6576
Processing keyword WCONINJE at line 6590
Complete report step 175 (13 DAYS) at 2003-12-01 (2203 DAYS)

Initializing report step 176/247 at 2003-12-01 (2203 DAYS) line 6601
Processing keyword WCONHIST at line 6605
Processing keyword WCONINJE at line 6619
Complete report step 176 (7 DAYS) at 2003-12-08 (2216 DAYS)

Initializing report step 177/247 at 2003-12-08 (2216 DAYS) line 6630
Processing keyword WELSPECS at line 6655
Processing keyword COMPDAT at line 6659
Processing keyword WCONHIST at line 6678
Processing keyword WCONINJE at line 6693
Processing keyword WRFTPLT at line 6703
Complete report step 177 (1 DAYS) at 2003-12-09 (2223 DAYS)

Initializing report step 178/247 at 2003-12-09 (2223 DAYS) line 6708
Processing keyword WELOPEN at line 6716
Processing keyword WCONHIST at line 6720
Processing keyword WCONINJE at line 6734
Complete report step 178 (9 DAYS) at 2003-12-18 (2224 DAYS)

Initializing report step 179/247 at 2003-12-18 (2224 DAYS) line 6745
Processing keyword WCONHIST at line 6749
Processing keyword WCONINJE at line 6763
Processing keyword GECON at line 6773
Complete report step 179 (14 DAYS) at 2004-01-01 (2233 DAYS)

Initializing report step 180/247 at 2004-01-01 (2233 DAYS) line 6778
Processing keyword WCONHIST at line 6782
Processing keyword WCONINJE at line 6796
Complete report step 180 (18 DAYS) at 2004-01-19 (2247 DAYS)

Initializing report step 181/247 at 2004-01-19 (2247 DAYS) line 6808
Processing keyword WCONHIST at line 6812
Processing keyword WCONINJE at line 6826
Processing keyword GECON at line 6838
Complete report step 181 (1 DAYS) at 2004-01-20 (2265 DAYS)

Initializing report step 182/247 at 2004-01-20 (2265 DAYS) line 6843
Processing keyword COMPDAT at line 6865
Processing keyword WCONHIST at line 6875
Processing keyword WCONINJE at line 6888
Processing keyword GECON at line 6900
Complete report step 182 (12 DAYS) at 2004-02-01 (2266 DAYS)

Initializing report step 183/247 at 2004-02-01 (2266 DAYS) line 6905
Processing keyword WCONHIST at line 6909
Processing keyword WCONINJE at line 6922
Complete report step 183 (29 DAYS) at 2004-03-01 (2278 DAYS)

Initializing report step 184/247 at 2004-03-01 (2278 DAYS) line 6934
Processing keyword WCONHIST at line 6938
Processing keyword WCONINJE at line 6952
Complete report step 184 (31 DAYS) at 2004-04-01 (2307 DAYS)

Initializing report step 185/247 at 2004-04-01 (2307 DAYS) line 6964
Processing keyword WCONHIST at line 6968
Processing keyword WCONINJE at line 6981
Complete report step 185 (30 DAYS) at 2004-05-01 (2338 DAYS)

Initializing report step 186/247 at 2004-05-01 (2338 DAYS) line 6994
Processing keyword WCONHIST at line 6998
Processing keyword WCONINJE at line 7011
Complete report step 186 (31 DAYS) at 2004-06-01 (2368 DAYS)

Initializing report step 187/247 at 2004-06-01 (2368 DAYS) line 7025
Processing keyword WCONHIST at line 7029
Processing keyword WCONINJE at line 7042
Complete report step 187 (30 DAYS) at 2004-07-01 (2399 DAYS)

Initializing report step 188/247 at 2004-07-01 (2399 DAYS) line 7054
Processing keyword WCONHIST at line 7058
Processing keyword WCONINJE at line 7071
Complete report step 188 (2 DAYS) at 2004-07-03 (2429 DAYS)

Initializing report step 189/247 at 2004-07-03 (2429 DAYS) line 7085
Processing keyword WELSPECS at line 7114
Processing keyword COMPDAT at line 7118
Processing keyword WCONHIST at line 7133
Processing keyword WCONINJE at line 7148
Complete report step 189 (22 DAYS) at 2004-07-25 (2431 DAYS)

Initializing report step 190/247 at 2004-07-25 (2431 DAYS) line 7162
Processing keyword WCONHIST at line 7166
Processing keyword WCONINJE at line 7181
Processing keyword GECON at line 7192
Complete report step 190 (7 DAYS) at 2004-08-01 (2453 DAYS)

Initializing report step 191/247 at 2004-08-01 (2453 DAYS) line 7197
Processing keyword WCONHIST at line 7201
Processing keyword WCONINJE at line 7216
Complete report step 191 (14 DAYS) at 2004-08-15 (2460 DAYS)

Initializing report step 192/247 at 2004-08-15 (2460 DAYS) line 7228
Processing keyword WCONHIST at line 7232
Processing keyword WCONINJE at line 7247
Complete report step 192 (1 DAYS) at 2004-08-16 (2474 DAYS)

Initializing report step 193/247 at 2004-08-16 (2474 DAYS) line 7261
Processing keyword WCONHIST at line 7265
Processing keyword WCONINJE at line 7278
Complete report step 193 (16 DAYS) at 2004-09-01 (2475 DAYS)

Initializing report step 194/247 at 2004-09-01 (2475 DAYS) line 7292
Processing keyword WCONHIST at line 7296
Processing keyword WCONINJE at line 7311
Complete report step 194 (19 DAYS) at 2004-09-20 (2491 DAYS)

Initializing report step 195/247 at 2004-09-20 (2491 DAYS) line 7323
Processing keyword WCONHIST at line 7327
Processing keyword WCONINJE at line 7342
Processing keyword GECON at line 7353
Complete report step 195 (11 DAYS) at 2004-10-01 (2510 DAYS)

Initializing report step 196/247 at 2004-10-01 (2510 DAYS) line 7358
Processing keyword WCONHIST at line 7362
Processing keyword WCONINJE at line 7377
Complete report step 196 (31 DAYS) at 2004-11-01 (2521 DAYS)

Initializing report step 197/247 at 2004-11-01 (2521 DAYS) line 7391
Processing keyword WCONHIST at line 7395
Processing keyword WCONINJE at line 7410
Complete report step 197 (30 DAYS) at 2004-12-01 (2552 DAYS)

Initializing report step 198/247 at 2004-12-01 (2552 DAYS) line 7424
Processing keyword WCONHIST at line 7428
Processing keyword WCONINJE at line 7443
Complete report step 198 (31 DAYS) at 2005-01-01 (2582 DAYS)

Initializing report step 199/247 at 2005-01-01 (2582 DAYS) line 7455
Processing keyword WCONHIST at line 7459
Processing keyword WCONINJE at line 7474
Complete report step 199 (11 DAYS) at 2005-01-12 (2613 DAYS)

Initializing report step 200/247 at 2005-01-12 (2613 DAYS) line 7488
Processing keyword WELOPEN at line 7496
Processing keyword WCONHIST at line 7500
Processing keyword WCONINJE at line 7515
All completions in well E-3AH is shut at 2624 days
The well is therefore also shut
Complete report step 200 (14 DAYS) at 2005-01-26 (2624 DAYS)

Initializing report step 201/247 at 2005-01-26 (2624 DAYS) line 7529
Processing keyword WCONHIST at line 7533
Processing keyword WCONINJE at line 7547
Processing keyword GECON at line 7558
Complete report step 201 (6 DAYS) at 2005-02-01 (2638 DAYS)

Initializing report step 202/247 at 2005-02-01 (2638 DAYS) line 7563
Processing keyword WCONHIST at line 7567
Processing keyword WCONINJE at line 7580
Complete report step 202 (28 DAYS) at 2005-03-01 (2644 DAYS)

Initializing report step 203/247 at 2005-03-01 (2644 DAYS) line 7592
Processing keyword WCONHIST at line 7596
Processing keyword WCONINJE at line 7610
Complete report step 203 (22 DAYS) at 2005-03-23 (2672 DAYS)

Initializing report step 204/247 at 2005-03-23 (2672 DAYS) line 7622
Processing keyword WELSPECS at line 7656
Processing keyword COMPDAT at line 7660
Processing keyword WCONHIST at line 7690
Processing keyword WCONPROD at line 7705
Processing keyword WCONINJE at line 7709
Processing keyword WRFTPLT at line 7720
Complete report step 204 (1 DAYS) at 2005-03-24 (2694 DAYS)

Initializing report step 205/247 at 2005-03-24 (2694 DAYS) line 7725
Processing keyword WELOPEN at line 7732
Processing keyword WCONHIST at line 7736
Processing keyword WCONINJE at line 7750
Complete report step 205 (8 DAYS) at 2005-04-01 (2695 DAYS)

Initializing report step 206/247 at 2005-04-01 (2695 DAYS) line 7762
Processing keyword WCONHIST at line 7766
Processing keyword WCONINJE at line 7780
Complete report step 206 (23 DAYS) at 2005-04-24 (2703 DAYS)

Initializing report step 207/247 at 2005-04-24 (2703 DAYS) line 7794
Processing keyword WELSPECS at line 7815
Processing keyword COMPDAT at line 7819
Processing keyword WCONHIST at line 7831
Processing keyword WCONINJE at line 7846
Complete report step 207 (7 DAYS) at 2005-05-01 (2726 DAYS)

Initializing report step 208/247 at 2005-05-01 (2726 DAYS) line 7860
Processing keyword WCONHIST at line 7864
Processing keyword WCONINJE at line 7879
Complete report step 208 (31 DAYS) at 2005-06-01 (2733 DAYS)

Initializing report step 209/247 at 2005-06-01 (2733 DAYS) line 7891
Processing keyword WCONHIST at line 7895
Processing keyword WCONINJE at line 7910
Complete report step 209 (1 DAYS) at 2005-06-02 (2764 DAYS)

Initializing report step 210/247 at 2005-06-02 (2764 DAYS) line 7922
Processing keyword WELOPEN at line 7926
Processing keyword WCONHIST at line 7930
Processing keyword WCONINJE at line 7943
All completions in well D-3AH is shut at 2765 days
The well is therefore also shut
Complete report step 210 (24 DAYS) at 2005-06-26 (2765 DAYS)

Initializing report step 211/247 at 2005-06-26 (2765 DAYS) line 7955
Processing keyword WCONHIST at line 7959
Processing keyword WCONINJE at line 7971
Processing keyword GECON at line 7982
Complete report step 211 (5 DAYS) at 2005-07-01 (2789 DAYS)

Initializing report step 212/247 at 2005-07-01 (2789 DAYS) line 7987
Processing keyword WCONHIST at line 7991
Processing keyword WCONINJE at line 8004
Complete report step 212 (9 DAYS) at 2005-07-10 (2794 DAYS)

Initializing report step 213/247 at 2005-07-10 (2794 DAYS) line 8018
Processing keyword WELOPEN at line 8023
Processing keyword WCONHIST at line 8027
Processing keyword WCONINJE at line 8040
All completions in well E-2H is shut at 2803 days
The well is therefore also shut
Complete report step 213 (6 DAYS) at 2005-07-16 (2803 DAYS)

Initializing report step 214/247 at 2005-07-16 (2803 DAYS) line 8054
Processing keyword WELOPEN at line 8060
Processing keyword COMPDAT at line 8064
Processing keyword WCONHIST at line 8069
Processing keyword WCONINJE at line 8081
Complete report step 214 (13 DAYS) at 2005-07-29 (2809 DAYS)

Initializing report step 215/247 at 2005-07-29 (2809 DAYS) line 8093
Processing keyword WELOPEN at line 8097
Processing keyword WCONHIST at line 8101
Processing keyword WCONINJE at line 8113
Complete report step 215 (3 DAYS) at 2005-08-01 (2822 DAYS)

Initializing report step 216/247 at 2005-08-01 (2822 DAYS) line 8125
Processing keyword WCONHIST at line 8129
Processing keyword WCONINJE at line 8140
Complete report step 216 (2 DAYS) at 2005-08-03 (2825 DAYS)

Initializing report step 217/247 at 2005-08-03 (2825 DAYS) line 8152
Processing keyword WELSPECS at line 8165
Processing keyword COMPDAT at line 8169
Processing keyword WCONHIST at line 8180
Processing keyword WCONINJE at line 8192
Complete report step 217 (1 DAYS) at 2005-08-04 (2827 DAYS)

Initializing report step 218/247 at 2005-08-04 (2827 DAYS) line 8204
Processing keyword WELSPECS at line 8225
Processing keyword COMPDAT at line 8229
Processing keyword WCONHIST at line 8246
Processing keyword WCONINJE at line 8260
Complete report step 218 (28 DAYS) at 2005-09-01 (2828 DAYS)

Initializing report step 219/247 at 2005-09-01 (2828 DAYS) line 8272
Processing keyword WCONHIST at line 8276
Processing keyword WCONINJE at line 8289
Complete report step 219 (13 DAYS) at 2005-09-14 (2856 DAYS)

Initializing report step 220/247 at 2005-09-14 (2856 DAYS) line 8301
Processing keyword WELOPEN at line 8305
Processing keyword WCONHIST at line 8309
Processing keyword WCONINJE at line 8322
Complete report step 220 (17 DAYS) at 2005-10-01 (2869 DAYS)

Initializing report step 221/247 at 2005-10-01 (2869 DAYS) line 8334
Processing keyword WELOPEN at line 8338
Processing keyword WCONHIST at line 8342
Processing keyword WCONINJE at line 8355
Complete report step 221 (31 DAYS) at 2005-11-01 (2886 DAYS)

Initializing report step 222/247 at 2005-11-01 (2886 DAYS) line 8368
Processing keyword WCONHIST at line 8372
Processing keyword WCONINJE at line 8385
Processing keyword GCONINJE at line 8397
Complete report step 222 (30 DAYS) at 2005-12-01 (2917 DAYS)

Initializing report step 223/247 at 2005-12-01 (2917 DAYS) line 8402
Processing keyword WELSPECS at line 8414
Processing keyword COMPDAT at line 8418
Processing keyword WCONHIST at line 8427
Processing keyword WCONPROD at line 8440
Processing keyword WCONINJE at line 8444
Processing keyword WRFTPLT at line 8454
Complete report step 223 (1 DAYS) at 2005-12-02 (2947 DAYS)

Initializing report step 224/247 at 2005-12-02 (2947 DAYS) line 8459
Processing keyword WELOPEN at line 8465
Processing keyword WCONHIST at line 8469
Processing keyword WCONINJE at line 8480
Complete report step 224 (28 DAYS) at 2005-12-30 (2948 DAYS)

Initializing report step 225/247 at 2005-12-30 (2948 DAYS) line 8491
Processing keyword WELSPECS at line 8513
Processing keyword COMPDAT at line 8517
Processing keyword WCONHIST at line 8527
Processing keyword WCONINJE at line 8539
Complete report step 225 (2 DAYS) at 2006-01-01 (2976 DAYS)

Initializing report step 226/247 at 2006-01-01 (2976 DAYS) line 8550
Processing keyword WCONHIST at line 8554
Processing keyword WCONINJE at line 8565
Processing keyword WTEST at line 8575
Complete report step 226 (17 DAYS) at 2006-01-18 (2978 DAYS)

Initializing report step 227/247 at 2006-01-18 (2978 DAYS) line 8582
Processing keyword WELOPEN at line 8586
Processing keyword WCONHIST at line 8590
Processing keyword WCONINJE at line 8602
Complete report step 227 (14 DAYS) at 2006-02-01 (2995 DAYS)

Initializing report step 228/247 at 2006-02-01 (2995 DAYS) line 8615
Processing keyword WCONHIST at line 8619
Processing keyword WCONINJE at line 8631
Complete report step 228 (23 DAYS) at 2006-02-24 (3009 DAYS)

Initializing report step 229/247 at 2006-02-24 (3009 DAYS) line 8642
Processing keyword WELOPEN at line 8646
Processing keyword WCONHIST at line 8650
Processing keyword WCONINJE at line 8662
Complete report step 229 (5 DAYS) at 2006-03-01 (3032 DAYS)

Initializing report step 230/247 at 2006-03-01 (3032 DAYS) line 8673
Processing keyword WCONHIST at line 8677
Processing keyword WCONINJE at line 8689
Complete report step 230 (31 DAYS) at 2006-04-01 (3037 DAYS)

Initializing report step 231/247 at 2006-04-01 (3037 DAYS) line 8700
Processing keyword WCONHIST at line 8704
Processing keyword WCONINJE at line 8716
Complete report step 231 (24 DAYS) at 2006-04-25 (3068 DAYS)

Initializing report step 232/247 at 2006-04-25 (3068 DAYS) line 8730
Processing keyword WELOPEN at line 8734
Processing keyword WCONHIST at line 8741
Processing keyword WCONINJE at line 8753
Complete report step 232 (6 DAYS) at 2006-05-01 (3092 DAYS)

Initializing report step 233/247 at 2006-05-01 (3092 DAYS) line 8767
Processing keyword WCONHIST at line 8771
Processing keyword WCONINJE at line 8784
Complete report step 233 (31 DAYS) at 2006-06-01 (3098 DAYS)

Initializing report step 234/247 at 2006-06-01 (3098 DAYS) line 8796
Processing keyword WCONHIST at line 8800
Processing keyword WCONINJE at line 8814
Complete report step 234 (30 DAYS) at 2006-07-01 (3129 DAYS)

Initializing report step 235/247 at 2006-07-01 (3129 DAYS) line 8826
Processing keyword WCONHIST at line 8830
Processing keyword WCONINJE at line 8844
Complete report step 235 (31 DAYS) at 2006-08-01 (3159 DAYS)

Initializing report step 236/247 at 2006-08-01 (3159 DAYS) line 8854
Processing keyword WCONHIST at line 8858
Processing keyword WCONINJE at line 8870
Complete report step 236 (14 DAYS) at 2006-08-15 (3190 DAYS)

Initializing report step 237/247 at 2006-08-15 (3190 DAYS) line 8880
Processing keyword WCONHIST at line 8884
Processing keyword WCONINJE at line 8895
Complete report step 237 (1 DAYS) at 2006-08-16 (3204 DAYS)

Initializing report step 238/247 at 2006-08-16 (3204 DAYS) line 8905
Processing keyword WCONHIST at line 8909
Processing keyword WCONINJE at line 8920
Complete report step 238 (16 DAYS) at 2006-09-01 (3205 DAYS)

Initializing report step 239/247 at 2006-09-01 (3205 DAYS) line 8933
Processing keyword WCONHIST at line 8937
Processing keyword WCONINJE at line 8948
Complete report step 239 (13 DAYS) at 2006-09-14 (3221 DAYS)

Initializing report step 240/247 at 2006-09-14 (3221 DAYS) line 8959
Processing keyword WELSPECS at line 8978
Processing keyword COMPDAT at line 8982
Processing keyword WCONHIST at line 8997
Processing keyword WCONPROD at line 9010
Processing keyword WCONINJE at line 9014
Processing keyword WRFTPLT at line 9024
Complete report step 240 (17 DAYS) at 2006-10-01 (3234 DAYS)

Initializing report step 241/247 at 2006-10-01 (3234 DAYS) line 9029
Processing keyword WCONHIST at line 9033
Processing keyword WCONINJE at line 9045
Complete report step 241 (9 DAYS) at 2006-10-10 (3251 DAYS)

Initializing report step 242/247 at 2006-10-10 (3251 DAYS) line 9058
Processing keyword WELOPEN at line 9062
Processing keyword WCONHIST at line 9066
Processing keyword WCONINJE at line 9077
Complete report step 242 (5 DAYS) at 2006-10-15 (3260 DAYS)

Initializing report step 243/247 at 2006-10-15 (3260 DAYS) line 9090
Processing keyword WCONHIST at line 9094
Processing keyword WCONINJE at line 9107
Processing keyword WTEST at line 9116
Processing keyword WPITAB at line 9120

Warning: No handler registered for keyword WPITAB in file /workspace/project/RESULTS/FORWARD_RESULTS/RESULTS/True_Flow/NORPT_NOKH.SCH line 9120
Complete report step 243 (17 DAYS) at 2006-11-01 (3265 DAYS)

Initializing report step 244/247 at 2006-11-01 (3265 DAYS) line 9125
Processing keyword WCONHIST at line 9129
Processing keyword WCONINJE at line 9142
Complete report step 244 (8 DAYS) at 2006-11-09 (3282 DAYS)

Initializing report step 245/247 at 2006-11-09 (3282 DAYS) line 9152
Processing keyword WELOPEN at line 9156
Processing keyword WCONHIST at line 9160
Processing keyword WCONINJE at line 9173
Complete report step 245 (2 DAYS) at 2006-11-11 (3290 DAYS)

Initializing report step 246/247 at 2006-11-11 (3290 DAYS) line 9183
Processing keyword WCONHIST at line 9188
Processing keyword WCONINJE at line 9200
Complete report step 246 (6 DAYS) at 2006-11-17 (3292 DAYS)

Initializing report step 247/247 at 2006-11-17 (3292 DAYS) line 9210
Processing keyword WELOPEN at line 9214
Processing keyword WCONHIST at line 9218
Processing keyword WCONINJE at line 9232
Complete report step 247 (14 DAYS) at 2006-12-01 (3298 DAYS)


Processing grid
2 pinch-out connections generated
Total number of active cells: 44573 / total pore volume: 667667371 RM3
Removed 354 cells with a pore volume of 21854 RM3 (0.003 %) due to MINPV/MINPVV

Load balancing distributes 44573 active cells on 32 processes as follows:
  rank   owned cells   overlap cells   total cells
--------------------------------------------------
     0          1513            1098          2611
     1          1512            1046          2558
     2          1529             301          1830
     3          1401             773          2174
     4          1532             916          2448
     5          1512             733          2245
     6          1531            1119          2650
     7          1521            1016          2537
     8          1474             779          2253
     9          1190             785          1975
    10          1361             950          2311
    11          1532             596          2128
    12          1488             516          2004
    13          1526            1067          2593
    14          1428            1161          2589
    15          1414            1221          2635
    16          1532             886          2418
    17          1456             863          2319
    18          1521             464          1985
    19          1210             621          1831
    20          1499             584          2083
    21          1352             880          2232
    22          1197             504          1701
    23          1314             527          1841
    24          1409             838          2247
    25          1433             590          2023
    26           688             374          1062
    27          1184             638          1822
    28          1413             629          2042
    29          1528             646          2174
    30          1200             463          1663
    31          1173             322          1495
--------------------------------------------------
   sum         44573           23906         68479


Load balancing distributed the wells as follows:
  well name            ranks with perforated cells
---------------------------------------------------
           B-1AH       2
           B-1BH      13
            B-1H      14
            B-2H       4
            B-3H       0
           B-4AH       0
           B-4BH      19
           B-4DH      11
            B-4H      13
            C-1H       6
            C-2H      14
            C-3H       8
           C-4AH      29
            C-4H       1
           D-1CH       4
            D-1H       9
            D-2H      11
           D-3AH      14
           D-3BH       5
            D-3H      14
           D-4AH      14
            D-4H      12
            E-1H      19
           E-2AH      18
            E-2H      18
           E-3AH      18
           E-3BH      16
           E-3CH      18
            E-3H      16
           E-4AH      30
            E-4H      25
            F-1H      20
            F-2H      23
            F-3H      16
            F-4H      24
            K-3H       9

Property tree for linear solvers:
{
    "maxiter": "20",
    "tol": "0.0050000000000000001",
    "verbosity": "0",
    "solver": "bicgstab",
    "preconditioner": {
        "type": "cprw",
        "use_well_weights": "false",
        "add_wells": "true",
        "weight_type": "trueimpes",
        "finesmoother": {
            "type": "ParOverILU0",
            "relaxation": "1"
        },
        "verbosity": "0",
        "coarsesolver": {
            "maxiter": "1",
            "tol": "0.10000000000000001",
            "solver": "loopsolver",
            "verbosity": "0",
            "preconditioner": {
                "type": "amg",
                "alpha": "0.33333333333300003",
                "relaxation": "1",
                "iterations": "1",
                "coarsenTarget": "1200",
                "pre_smooth": "1",
                "post_smooth": "1",
                "beta": "0",
                "smoother": "ILU0",
                "verbosity": "0",
                "maxlevel": "15",
                "skip_isolated": "0",
                "accumulate": "1",
                "prolongationdamping": "1",
                "maxdistance": "2",
                "maxconnectivity": "15",
                "maxaggsize": "6",
                "minaggsize": "4"
            }
        }
    }
}


===============Saturation Functions Diagnostics===============

System:  Black-oil system.
Relative permeability input format: Saturation Family I.
Number of saturation regions: 2


LIST OF ALL NON-ZERO THRESHOLD PRESSURES
----------------------------------------

    FLOW FROM REGION             TO REGION                     THRESHOLD PRESSURE
    ----------------             ---------                     ------------------
         1                            2                           0.588031       BARSA
         1                            3                           0.787619       BARSA
         1                            4                            7.00083       BARSA
    ----------------             ---------                     ------------------



================ Starting main simulation loop ===============


Report step  0/247 at day 0/3312, date = 06-Nov-1997
Using Newton nonlinear solver.

Starting time step 0, stepsize 1 days, at day 0/8, date = 06-Nov-1997
 Newton its= 3, linearizations= 4 (0.0sec), linear its=  2 (0.2sec)

Starting time step 1, stepsize 3 days, at day 1/8, date = 07-Nov-1997
 Newton its= 3, linearizations= 4 (0.0sec), linear its=  4 (0.0sec)

Starting time step 2, stepsize 4 days, at day 4/8, date = 10-Nov-1997
 Newton its= 2, linearizations= 3 (0.0sec), linear its=  2 (0.0sec)


Report step  1/247 at day 8/3312, date = 14-Nov-1997

Starting time step 0, stepsize 8.5 days, at day 8/25, date = 14-Nov-1997
Restart file written for report step   1/247, date = 14-Nov-1997 00:00:00
 Newton its= 3, linearizations= 4 (0.0sec), linear its=  5 (0.0sec)

Starting time step 1, stepsize 8.5 days, at day 16.5/25, date = 22-Nov-1997
 Newton its= 3, linearizations= 4 (0.0sec), linear its=  6 (0.0sec)


Report step  2/247 at day 25/3312, date = 01-Dec-1997

Starting time step 0, stepsize 16 days, at day 25/41, date = 01-Dec-1997
Restart file written for report step   2/247, date = 01-Dec-1997 00:00:00
 Newton its= 5, linearizations= 6 (0.0sec), linear its= 14 (0.1sec)


Report step  3/247 at day 41/3312, date = 17-Dec-1997

Starting time step 0, stepsize 15 days, at day 41/56, date = 17-Dec-1997
Restart file written for report step   3/247, date = 17-Dec-1997 00:00:00
 Newton its= 4, linearizations= 5 (0.0sec), linear its=  8 (0.1sec)


Report step  4/247 at day 56/3312, date = 01-Jan-1998

Starting time step 0, stepsize 31 days, at day 56/87, date = 01-Jan-1998
Restart file written for report step   4/247, date = 01-Jan-1998 00:00:00
 Newton its= 6, linearizations= 7 (0.0sec), linear its= 14 (0.1sec)


Report step  5/247 at day 87/3312, date = 01-Feb-1998

Starting time step 0, stepsize 28 days, at day 87/115, date = 01-Feb-1998
Restart file written for report step   5/247, date = 01-Feb-1998 00:00:00
 Newton its= 7, linearizations= 8 (0.0sec), linear its= 17 (0.4sec)


Report step  6/247 at day 115/3312, date = 01-Mar-1998

Starting time step 0, stepsize 28 days, at day 115/143, date = 01-Mar-1998
Restart file written for report step   6/247, date = 01-Mar-1998 00:00:00
 Newton its= 6, linearizations= 7 (0.0sec), linear its= 10 (0.1sec)


Report step  7/247 at day 143/3312, date = 29-Mar-1998

Starting time step 0, stepsize 1 days, at day 143/144, date = 29-Mar-1998
Restart file written for report step   7/247, date = 29-Mar-1998 00:00:00
 Newton its= 2, linearizations= 3 (0.0sec), linear its=  3 (0.0sec)


Report step  8/247 at day 144/3312, date = 30-Mar-1998

Starting time step 0, stepsize 2 days, at day 144/146, date = 30-Mar-1998
Restart file written for report step   8/247, date = 30-Mar-1998 00:00:00
 Newton its= 2, linearizations= 3 (0.0sec), linear its=  3 (0.0sec)


Report step  9/247 at day 146/3312, date = 01-Apr-1998

Starting time step 0, stepsize 6 days, at day 146/168, date = 01-Apr-1998
Restart file written for report step   9/247, date = 01-Apr-1998 00:00:00
 Newton its= 3, linearizations= 4 (0.0sec), linear its=  6 (0.1sec)

Starting time step 1, stepsize 16 days, at day 152/168, date = 07-Apr-1998
 Newton its= 3, linearizations= 4 (0.0sec), linear its=  7 (0.0sec)


Report step 10/247 at day 168/3312, date = 23-Apr-1998

Starting time step 0, stepsize 8 days, at day 168/176, date = 23-Apr-1998
Restart file written for report step  10/247, date = 23-Apr-1998 00:00:00
 Newton its= 3, linearizations= 4 (0.0sec), linear its=  7 (0.1sec)


Report step 11/247 at day 176/3312, date = 01-May-1998

Starting time step 0, stepsize 25 days, at day 176/201, date = 01-May-1998
Restart file written for report step  11/247, date = 01-May-1998 00:00:00
 Newton its= 5, linearizations= 6 (0.0sec), linear its=  7 (0.1sec)


Report step 12/247 at day 201/3312, date = 26-May-1998

Starting time step 0, stepsize 1 days, at day 201/202, date = 26-May-1998
Restart file written for report step  12/247, date = 26-May-1998 00:00:00
 Newton its= 2, linearizations= 3 (0.0sec), linear its=  3 (0.3sec)


Report step 13/247 at day 202/3312, date = 27-May-1998

Starting time step 0, stepsize 3 days, at day 202/207, date = 27-May-1998
Restart file written for report step  13/247, date = 27-May-1998 00:00:00
 Newton its= 2, linearizations= 3 (0.0sec), linear its=  4 (0.0sec)

Starting time step 1, stepsize 2 days, at day 205/207, date = 30-May-1998
 Newton its= 2, linearizations= 3 (0.0sec), linear its=  3 (0.0sec)


Report step 14/247 at day 207/3312, date = 01-Jun-1998

Starting time step 0, stepsize 6 days, at day 207/220, date = 01-Jun-1998
Restart file written for report step  14/247, date = 01-Jun-1998 00:00:00
 Newton its= 2, linearizations= 3 (0.0sec), linear its=  3 (0.0sec)

Starting time step 1, stepsize 7 days, at day 213/220, date = 07-Jun-1998
 Newton its= 2, linearizations= 3 (0.0sec), linear its=  3 (0.0sec)


Report step 15/247 at day 220/3312, date = 14-Jun-1998

Starting time step 0, stepsize 9 days, at day 220/229, date = 14-Jun-1998
Restart file written for report step  15/247, date = 14-Jun-1998 00:00:00
 Newton its= 3, linearizations= 4 (0.0sec), linear its=  5 (0.1sec)


Report step 16/247 at day 229/3312, date = 23-Jun-1998

Starting time step 0, stepsize 1 days, at day 229/230, date = 23-Jun-1998
Restart file written for report step  16/247, date = 23-Jun-1998 00:00:00
 Newton its= 2, linearizations= 3 (0.0sec), linear its=  3 (0.0sec)


Report step 17/247 at day 230/3312, date = 24-Jun-1998

Starting time step 0, stepsize 3 days, at day 230/237, date = 24-Jun-1998
Restart file written for report step  17/247, date = 24-Jun-1998 00:00:00
 Newton its= 2, linearizations= 3 (0.0sec), linear its=  3 (0.0sec)

Starting time step 1, stepsize 4 days, at day 233/237, date = 27-Jun-1998
 Newton its= 2, linearizations= 3 (0.0sec), linear its=  2 (0.0sec)


Report step 18/247 at day 237/3312, date = 01-Jul-1998

Starting time step 0, stepsize 7.5 days, at day 237/252, date = 01-Jul-1998
Restart file written for report step  18/247, date = 01-Jul-1998 00:00:00
 Newton its= 3, linearizations= 4 (0.0sec), linear its=  5 (0.1sec)

Starting time step 1, stepsize 7.5 days, at day 244.5/252, date = 08-Jul-1998
 Newton its= 2, linearizations= 3 (0.0sec), linear its=  4 (0.0sec)


Report step 19/247 at day 252/3312, date = 16-Jul-1998

Starting time step 0, stepsize 16 days, at day 252/268, date = 16-Jul-1998
Restart file written for report step  19/247, date = 16-Jul-1998 00:00:00
 Newton its= 3, linearizations= 4 (0.0sec), linear its=  6 (0.1sec)


Report step 20/247 at day 268/3312, date = 01-Aug-1998

Starting time step 0, stepsize 29 days, at day 268/297, date = 01-Aug-1998
Restart file written for report step  20/247, date = 01-Aug-1998 00:00:00
 Newton its= 5, linearizations= 6 (0.0sec), linear its= 11 (0.3sec)


Report step 21/247 at day 297/3312, date = 30-Aug-1998

Starting time step 0, stepsize 1 days, at day 297/298, date = 30-Aug-1998
Restart file written for report step  21/247, date = 30-Aug-1998 00:00:00
 Newton its= 2, linearizations= 3 (0.0sec), linear its=  4 (0.0sec)


Report step 22/247 at day 298/3312, date = 31-Aug-1998

Starting time step 0, stepsize 1 days, at day 298/299, date = 31-Aug-1998
Restart file written for report step  22/247, date = 31-Aug-1998 00:00:00
 Newton its= 2, linearizations= 3 (0.0sec), linear its=  4 (0.0sec)


Report step 23/247 at day 299/3312, date = 01-Sep-1998

Starting time step 0, stepsize 3 days, at day 299/316, date = 01-Sep-1998
Restart file written for report step  23/247, date = 01-Sep-1998 00:00:00
 Newton its= 2, linearizations= 3 (0.0sec), linear its=  4 (0.1sec)

Starting time step 1, stepsize 9 days, at day 302/316, date = 04-Sep-1998
 Newton its= 3, linearizations= 4 (0.0sec), linear its=  6 (0.0sec)

Starting time step 2, stepsize 5 days, at day 311/316, date = 13-Sep-1998
 Newton its= 2, linearizations= 3 (0.0sec), linear its=  4 (0.0sec)


Report step 24/247 at day 316/3312, date = 18-Sep-1998

Starting time step 0, stepsize 10 days, at day 316/326, date = 18-Sep-1998
Restart file written for report step  24/247, date = 18-Sep-1998 00:00:00
 Newton its= 4, linearizations= 5 (0.0sec), linear its=  7 (0.1sec)


Report step 25/247 at day 326/3312, date = 28-Sep-1998

Starting time step 0, stepsize 3 days, at day 326/329, date = 28-Sep-1998
Restart file written for report step  25/247, date = 28-Sep-1998 00:00:00
 Newton its= 5, linearizations= 6 (0.0sec), linear its=  8 (0.1sec)


Report step 26/247 at day 329/3312, date = 01-Oct-1998

Starting time step 0, stepsize 6.6 days, at day 329/341, date = 01-Oct-1998
Restart file written for report step  26/247, date = 01-Oct-1998 00:00:00
 Newton its= 6, linearizations= 7 (0.1sec), linear its= 10 (0.1sec)

Starting time step 1, stepsize 5.4 days, at day 335.6/341, date = 07-Oct-1998
 Newton its= 2, linearizations= 3 (0.0sec), linear its=  4 (0.0sec)


Report step 27/247 at day 341/3312, date = 13-Oct-1998

Starting time step 0, stepsize 4 days, at day 341/345, date = 13-Oct-1998
Restart file written for report step  27/247, date = 13-Oct-1998 00:00:00
**************************************************************************************************************
At time = 341.00 DAYS (date = 12-Oct-1998): Group FIELD will close because: 
  Oil rate = 0.00 SM3/DAY which is lower than the minimum economic value = 1000.00 SM3/DAY
      Closing group MANI-C.
       Closing well C-4H
       Closing well C-1H
      Closing group MANI-F.
      Closing group WI-GSEG.
    Closing group INJE.
      Closing group MANI-B2.
        Closing group MANI-K1.
        Closing group B1-DUMMY.
         Closing well B-2H
         Closing well B-4H
      Closing group MANI-B1.
      Closing group MANI-D1.
       Closing well D-1H
        Closing group MANI-K2.
        Closing group D2-DUMMY.
         Closing well D-2H
         Closing well D-4H
      Closing group MANI-D2.
      Closing group MANI-E1.
       Closing well E-3H
      Closing group MANI-E2.
    Closing group PROD.
**************************************************************************************************************

 Newton its= 3, linearizations= 4 (0.0sec), linear its=  5 (0.3sec)


Report step 28/247 at day 345/3312, date = 17-Oct-1998

Starting time step 0, stepsize 7.5 days, at day 345/360, date = 17-Oct-1998
Restart file written for report step  28/247, date = 17-Oct-1998 00:00:00
 Newton its= 8, linearizations= 9 (0.1sec), linear its= 14 (0.2sec)

Starting time step 1, stepsize 7.5 days, at day 352.5/360, date = 24-Oct-1998
 Newton its= 4, linearizations= 5 (0.0sec), linear its= 10 (0.0sec)


Report step 29/247 at day 360/3312, date = 01-Nov-1998

Starting time step 0, stepsize 19.5 days, at day 360/390, date = 01-Nov-1998
Restart file written for report step  29/247, date = 01-Nov-1998 00:00:00
 Newton its= 7, linearizations= 8 (0.0sec), linear its= 22 (0.2sec)

Starting time step 1, stepsize 10.5 days, at day 379.5/390, date = 20-Nov-1998
 Newton its= 3, linearizations= 4 (0.0sec), linear its=  9 (0.0sec)


Report step 30/247 at day 390/3312, date = 01-Dec-1998

Starting time step 0, stepsize 24 days, at day 390/414, date = 01-Dec-1998
Restart file written for report step  30/247, date = 01-Dec-1998 00:00:00
 Newton its= 7, linearizations= 8 (0.0sec), linear its= 17 (0.4sec)


Report step 31/247 at day 414/3312, date = 25-Dec-1998

Starting time step 0, stepsize 7 days, at day 414/421, date = 25-Dec-1998
    Oscillating behavior detected: Relaxation set to 0.900000
    Oscillating behavior detected: Relaxation set to 0.800000
Restart file written for report step  31/247, date = 25-Dec-1998 00:00:00
 Newton its=20, linearizations=21 (0.1sec), linear its= 43 (0.4sec)


Report step 32/247 at day 421/3312, date = 01-Jan-1999

Starting time step 0, stepsize 1.5 days, at day 421/424, date = 01-Jan-1999
Restart file written for report step  32/247, date = 01-Jan-1999 00:00:00
 Newton its= 2, linearizations= 3 (0.0sec), linear its=  4 (0.0sec)

Starting time step 1, stepsize 1.5 days, at day 422.5/424, date = 02-Jan-1999
 Newton its= 2, linearizations= 3 (0.0sec), linear its=  4 (0.0sec)


Report step 33/247 at day 424/3312, date = 04-Jan-1999

Starting time step 0, stepsize 4.5 days, at day 424/439, date = 04-Jan-1999
Restart file written for report step  33/247, date = 04-Jan-1999 00:00:00
 Newton its= 8, linearizations= 9 (0.1sec), linear its= 17 (0.4sec)

Starting time step 1, stepsize 4.5 days, at day 428.5/439, date = 08-Jan-1999
 Newton its= 3, linearizations= 4 (0.0sec), linear its=  6 (0.0sec)

Starting time step 2, stepsize 6 days, at day 433/439, date = 13-Jan-1999
 Newton its= 2, linearizations= 3 (0.0sec), linear its=  5 (0.0sec)


Report step 34/247 at day 439/3312, date = 19-Jan-1999

Starting time step 0, stepsize 2 days, at day 439/441, date = 19-Jan-1999
Restart file written for report step  34/247, date = 19-Jan-1999 00:00:00
 Newton its= 2, linearizations= 3 (0.0sec), linear its=  3 (0.0sec)


Report step 35/247 at day 441/3312, date = 21-Jan-1999

Starting time step 0, stepsize 6 days, at day 441/452, date = 21-Jan-1999
Restart file written for report step  35/247, date = 21-Jan-1999 00:00:00
 Newton its= 3, linearizations= 4 (0.0sec), linear its=  8 (0.1sec)

Starting time step 1, stepsize 5 days, at day 447/452, date = 27-Jan-1999
 Newton its= 3, linearizations= 4 (0.0sec), linear its=  7 (0.0sec)


Report step 36/247 at day 452/3312, date = 01-Feb-1999

Starting time step 0, stepsize 15 days, at day 452/475, date = 01-Feb-1999
Restart file written for report step  36/247, date = 01-Feb-1999 00:00:00
 Newton its= 6, linearizations= 7 (0.0sec), linear its= 18 (0.2sec)

Starting time step 1, stepsize 8 days, at day 467/475, date = 16-Feb-1999
 Newton its= 4, linearizations= 5 (0.0sec), linear its= 10 (0.0sec)


Report step 37/247 at day 475/3312, date = 24-Feb-1999

Starting time step 0, stepsize 5 days, at day 475/480, date = 24-Feb-1999
Restart file written for report step  37/247, date = 24-Feb-1999 00:00:00
 Newton its=11, linearizations=12 (0.1sec), linear its= 21 (0.4sec)


Report step 38/247 at day 480/3312, date = 01-Mar-1999

Starting time step 0, stepsize 2 days, at day 480/484, date = 01-Mar-1999
Restart file written for report step  38/247, date = 01-Mar-1999 00:00:00
 Newton its= 2, linearizations= 3 (0.0sec), linear its=  3 (0.0sec)

Starting time step 1, stepsize 2 days, at day 482/484, date = 03-Mar-1999
 Newton its= 3, linearizations= 4 (0.0sec), linear its=  4 (0.0sec)


Report step 39/247 at day 484/3312, date = 05-Mar-1999

Starting time step 0, stepsize 6 days, at day 484/502, date = 05-Mar-1999
Restart file written for report step  39/247, date = 05-Mar-1999 00:00:00
 Newton its= 6, linearizations= 7 (0.0sec), linear its= 12 (0.1sec)

Starting time step 1, stepsize 6 days, at day 490/502, date = 11-Mar-1999
 Newton its= 2, linearizations= 3 (0.0sec), linear its=  6 (0.0sec)

Starting time step 2, stepsize 6 days, at day 496/502, date = 17-Mar-1999
 Newton its= 2, linearizations= 3 (0.0sec), linear its=  6 (0.0sec)


Report step 40/247 at day 502/3312, date = 23-Mar-1999

Starting time step 0, stepsize 3 days, at day 502/505, date = 23-Mar-1999
Restart file written for report step  40/247, date = 23-Mar-1999 00:00:00
 Newton its= 5, linearizations= 6 (0.0sec), linear its= 13 (0.1sec)


Report step 41/247 at day 505/3312, date = 26-Mar-1999

Starting time step 0, stepsize 2 days, at day 505/507, date = 26-Mar-1999
Restart file written for report step  41/247, date = 26-Mar-1999 00:00:00
 Newton its= 2, linearizations= 3 (0.0sec), linear its=  4 (0.1sec)


Report step 42/247 at day 507/3312, date = 28-Mar-1999

Starting time step 0, stepsize 4 days, at day 507/511, date = 28-Mar-1999
Restart file written for report step  42/247, date = 28-Mar-1999 00:00:00
 Newton its= 3, linearizations= 4 (0.0sec), linear its=  6 (0.3sec)


Report step 43/247 at day 511/3312, date = 01-Apr-1999

Starting time step 0, stepsize 12 days, at day 511/541, date = 01-Apr-1999
Restart file written for report step  43/247, date = 01-Apr-1999 00:00:00
 Newton its= 6, linearizations= 7 (0.0sec), linear its= 14 (0.1sec)

Starting time step 1, stepsize 18 days, at day 523/541, date = 13-Apr-1999
 Newton its= 4, linearizations= 5 (0.0sec), linear its= 13 (0.1sec)


Report step 44/247 at day 541/3312, date = 01-May-1999

Starting time step 0, stepsize 3 days, at day 541/544, date = 01-May-1999
Restart file written for report step  44/247, date = 01-May-1999 00:00:00
 Newton its= 2, linearizations= 3 (0.0sec), linear its=  3 (0.0sec)


Report step 45/247 at day 544/3312, date = 04-May-1999

Starting time step 0, stepsize 1 days, at day 544/545, date = 04-May-1999
Restart file written for report step  45/247, date = 04-May-1999 00:00:00
 Newton its= 2, linearizations= 3 (0.0sec), linear its=  3 (0.0sec)


Report step 46/247 at day 545/3312, date = 05-May-1999

Starting time step 0, stepsize 3 days, at day 545/557, date = 05-May-1999
Restart file written for report step  46/247, date = 05-May-1999 00:00:00
 Newton its= 2, linearizations= 3 (0.0sec), linear its=  3 (0.0sec)

Starting time step 1, stepsize 9 days, at day 548/557, date = 08-May-1999
 Newton its= 3, linearizations= 4 (0.0sec), linear its=  7 (0.0sec)


Report step 47/247 at day 557/3312, date = 17-May-1999

Starting time step 0, stepsize 3 days, at day 557/560, date = 17-May-1999
Restart file written for report step  47/247, date = 17-May-1999 00:00:00
 Newton its= 2, linearizations= 3 (0.0sec), linear its=  4 (0.0sec)


Report step 48/247 at day 560/3312, date = 20-May-1999

Starting time step 0, stepsize 1 days, at day 560/561, date = 20-May-1999
Restart file written for report step  48/247, date = 20-May-1999 00:00:00
 Newton its= 2, linearizations= 3 (0.0sec), linear its=  3 (0.0sec)


Report step 49/247 at day 561/3312, date = 21-May-1999

Starting time step 0, stepsize 3 days, at day 561/572, date = 21-May-1999
Restart file written for report step  49/247, date = 21-May-1999 00:00:00
 Newton its= 2, linearizations= 3 (0.0sec), linear its=  5 (0.0sec)

Starting time step 1, stepsize 8 days, at day 564/572, date = 24-May-1999
 Newton its= 3, linearizations= 4 (0.0sec), linear its= 10 (0.2sec)


Report step 50/247 at day 572/3312, date = 01-Jun-1999

Starting time step 0, stepsize 21 days, at day 572/593, date = 01-Jun-1999
Restart file written for report step  50/247, date = 01-Jun-1999 00:00:00
 Newton its= 3, linearizations= 4 (0.0sec), linear its=  9 (0.1sec)


Report step 51/247 at day 593/3312, date = 22-Jun-1999

Starting time step 0, stepsize 9 days, at day 593/602, date = 22-Jun-1999
Restart file written for report step  51/247, date = 22-Jun-1999 00:00:00
 Newton its= 2, linearizations= 3 (0.0sec), linear its=  7 (0.1sec)


Report step 52/247 at day 602/3312, date = 01-Jul-1999

Starting time step 0, stepsize 14 days, at day 602/616, date = 01-Jul-1999
Restart file written for report step  52/247, date = 01-Jul-1999 00:00:00
 Newton its= 4, linearizations= 5 (0.0sec), linear its=  9 (0.1sec)


Report step 53/247 at day 616/3312, date = 15-Jul-1999

Starting time step 0, stepsize 17 days, at day 616/633, date = 15-Jul-1999
Restart file written for report step  53/247, date = 15-Jul-1999 00:00:00
 Newton its=13, linearizations=14 (0.1sec), linear its= 52 (0.3sec)


Report step 54/247 at day 633/3312, date = 01-Aug-1999

Starting time step 0, stepsize 4 days, at day 633/637, date = 01-Aug-1999
Restart file written for report step  54/247, date = 01-Aug-1999 00:00:00
 Newton its= 3, linearizations= 4 (0.0sec), linear its=  7 (0.1sec)


Report step 55/247 at day 637/3312, date = 05-Aug-1999

Starting time step 0, stepsize 12 days, at day 637/662, date = 05-Aug-1999
Restart file written for report step  55/247, date = 05-Aug-1999 00:00:00
 Newton its= 6, linearizations= 7 (0.0sec), linear its= 12 (0.4sec)

Starting time step 1, stepsize 13 days, at day 649/662, date = 17-Aug-1999
 Newton its= 3, linearizations= 4 (0.0sec), linear its=  9 (0.0sec)


Report step 56/247 at day 662/3312, date = 30-Aug-1999

Starting time step 0, stepsize 2 days, at day 662/664, date = 30-Aug-1999
    Well E-3H control mode changed from RESV to BHP
Restart file written for report step  56/247, date = 30-Aug-1999 00:00:00
 Newton its= 2, linearizations= 3 (0.0sec), linear its=  3 (0.0sec)


Report step 57/247 at day 664/3312, date = 01-Sep-1999

Starting time step 0, stepsize 2 days, at day 664/666, date = 01-Sep-1999
Restart file written for report step  57/247, date = 01-Sep-1999 00:00:00
 Newton its= 2, linearizations= 3 (0.0sec), linear its=  5 (0.0sec)


Report step 58/247 at day 666/3312, date = 03-Sep-1999

Starting time step 0, stepsize 6 days, at day 666/684, date = 03-Sep-1999
Restart file written for report step  58/247, date = 03-Sep-1999 00:00:00
 Newton its= 4, linearizations= 5 (0.0sec), linear its=  7 (0.1sec)

Starting time step 1, stepsize 12 days, at day 672/684, date = 09-Sep-1999
 Newton its= 3, linearizations= 4 (0.0sec), linear its=  9 (0.0sec)


Report step 59/247 at day 684/3312, date = 21-Sep-1999

Starting time step 0, stepsize 1 days, at day 684/685, date = 21-Sep-1999
Restart file written for report step  59/247, date = 21-Sep-1999 00:00:00
 Newton its= 2, linearizations= 3 (0.0sec), linear its=  2 (0.0sec)


Report step 60/247 at day 685/3312, date = 22-Sep-1999

Starting time step 0, stepsize 3 days, at day 685/694, date = 22-Sep-1999
Restart file written for report step  60/247, date = 22-Sep-1999 00:00:00
 Newton its= 2, linearizations= 3 (0.0sec), linear its=  4 (0.0sec)

Starting time step 1, stepsize 6 days, at day 688/694, date = 25-Sep-1999
 Newton its= 2, linearizations= 3 (0.0sec), linear its=  5 (0.0sec)


Report step 61/247 at day 694/3312, date = 01-Oct-1999

Starting time step 0, stepsize 2 days, at day 694/696, date = 01-Oct-1999
Restart file written for report step  61/247, date = 01-Oct-1999 00:00:00
 Newton its= 2, linearizations= 3 (0.0sec), linear its=  3 (0.0sec)


Report step 62/247 at day 696/3312, date = 03-Oct-1999

Starting time step 0, stepsize 1 days, at day 696/697, date = 03-Oct-1999
Restart file written for report step  62/247, date = 03-Oct-1999 00:00:00
 Newton its= 2, linearizations= 3 (0.0sec), linear its=  4 (0.0sec)


Report step 63/247 at day 697/3312, date = 04-Oct-1999

Starting time step 0, stepsize 3 days, at day 697/706, date = 04-Oct-1999
Restart file written for report step  63/247, date = 04-Oct-1999 00:00:00
 Newton its= 2, linearizations= 3 (0.0sec), linear its=  4 (0.0sec)

Starting time step 1, stepsize 6 days, at day 700/706, date = 07-Oct-1999
 Newton its= 2, linearizations= 3 (0.0sec), linear its=  5 (0.0sec)


Report step 64/247 at day 706/3312, date = 13-Oct-1999

Starting time step 0, stepsize 3 days, at day 706/709, date = 13-Oct-1999
Restart file written for report step  64/247, date = 13-Oct-1999 00:00:00
 Newton its= 2, linearizations= 3 (0.0sec), linear its=  3 (0.3sec)


Report step 65/247 at day 709/3312, date = 16-Oct-1999

Starting time step 0, stepsize 9 days, at day 709/725, date = 16-Oct-1999
Restart file written for report step  65/247, date = 16-Oct-1999 00:00:00
 Newton its= 7, linearizations= 8 (0.1sec), linear its= 14 (0.2sec)

Starting time step 1, stepsize 7 days, at day 718/725, date = 25-Oct-1999
 Newton its= 2, linearizations= 3 (0.0sec), linear its=  6 (0.0sec)


Report step 66/247 at day 725/3312, date = 01-Nov-1999

Starting time step 0, stepsize 8 days, at day 725/733, date = 01-Nov-1999
**************************************************************************************************************
At time = 725.00 DAYS (date = 31-Oct-1999): Group FIELD will close because: 
  Oil rate = 0.00 SM3/DAY which is lower than the minimum economic value = 1000.00 SM3/DAY
      Closing group MANI-C.
       Closing well C-2H
       Closing well C-3H
      Closing group MANI-F.
       Closing well F-1H
       Closing well F-2H
      Closing group WI-GSEG.
    Closing group INJE.
      Closing group MANI-B2.
       Closing well B-1H
       Closing well B-3H
        Closing group MANI-K1.
        Closing group B1-DUMMY.
      Closing group MANI-B1.
      Closing group MANI-D1.
        Closing group MANI-K2.
        Closing group D2-DUMMY.
      Closing group MANI-D2.
      Closing group MANI-E1.
       Closing well E-1H
      Closing group MANI-E2.
    Closing group PROD.
**************************************************************************************************************

Restart file written for report step  66/247, date = 01-Nov-1999 00:00:00
 Newton its= 5, linearizations= 6 (0.0sec), linear its=  8 (0.1sec)


Report step 67/247 at day 733/3312, date = 09-Nov-1999

Starting time step 0, stepsize 1 days, at day 733/734, date = 09-Nov-1999
Restart file written for report step  67/247, date = 09-Nov-1999 00:00:00
 Newton its= 2, linearizations= 3 (0.0sec), linear its=  3 (0.0sec)


Report step 68/247 at day 734/3312, date = 10-Nov-1999

Starting time step 0, stepsize 3 days, at day 734/737, date = 10-Nov-1999
Restart file written for report step  68/247, date = 10-Nov-1999 00:00:00
 Newton its= 7, linearizations= 8 (0.0sec), linear its= 10 (0.1sec)


Report step 69/247 at day 737/3312, date = 13-Nov-1999

Starting time step 0, stepsize 4.2 days, at day 737/755, date = 13-Nov-1999
Restart file written for report step  69/247, date = 13-Nov-1999 00:00:00
 Newton its= 6, linearizations= 7 (0.0sec), linear its= 10 (0.4sec)

Starting time step 1, stepsize 7.56 days, at day 741.2/755, date = 17-Nov-1999
 Newton its= 7, linearizations= 8 (0.0sec), linear its= 13 (0.1sec)

Starting time step 2, stepsize 6.24 days, at day 748.76/755, date = 24-Nov-1999
 Newton its= 6, linearizations= 7 (0.0sec), linear its=  9 (0.1sec)


Report step 70/247 at day 755/3312, date = 01-Dec-1999

Starting time step 0, stepsize 11.232 days, at day 755/786, date = 01-Dec-1999
Restart file written for report step  70/247, date = 01-Dec-1999 00:00:00
 Newton its= 6, linearizations= 7 (0.0sec), linear its= 10 (0.1sec)

Starting time step 1, stepsize 19.768 days, at day 766.232/786, date = 12-Dec-1999
 Newton its= 7, linearizations= 8 (0.0sec), linear its= 15 (0.1sec)


Report step 71/247 at day 786/3312, date = 01-Jan-2000

Starting time step 0, stepsize 15.5 days, at day 786/817, date = 01-Jan-2000
Restart file written for report step  71/247, date = 01-Jan-2000 00:00:00
 Newton its= 5, linearizations= 6 (0.0sec), linear its= 11 (0.4sec)

Starting time step 1, stepsize 15.5 days, at day 801.5/817, date = 16-Jan-2000
 Newton its= 5, linearizations= 6 (0.0sec), linear its= 11 (0.1sec)


Report step 72/247 at day 817/3312, date = 01-Feb-2000

Starting time step 0, stepsize 29 days, at day 817/846, date = 01-Feb-2000
Restart file written for report step  72/247, date = 01-Feb-2000 00:00:00
    Well E-3H control mode changed from RESV to BHP
 Newton its=16, linearizations=17 (0.1sec), linear its= 27 (0.3sec)


Report step 73/247 at day 846/3312, date = 01-Mar-2000

Starting time step 0, stepsize 1 days, at day 846/847, date = 01-Mar-2000
Restart file written for report step  73/247, date = 01-Mar-2000 00:00:00
 Newton its= 2, linearizations= 3 (0.0sec), linear its=  3 (0.0sec)


Report step 74/247 at day 847/3312, date = 02-Mar-2000

Starting time step 0, stepsize 1 days, at day 847/848, date = 02-Mar-2000
Restart file written for report step  74/247, date = 02-Mar-2000 00:00:00
 Newton its= 2, linearizations= 3 (0.0sec), linear its=  2 (0.0sec)


Report step 75/247 at day 848/3312, date = 03-Mar-2000

Starting time step 0, stepsize 3 days, at day 848/877, date = 03-Mar-2000
Restart file written for report step  75/247, date = 03-Mar-2000 00:00:00
 Newton its= 3, linearizations= 4 (0.0sec), linear its=  5 (0.1sec)

Starting time step 1, stepsize 9 days, at day 851/877, date = 06-Mar-2000
 Newton its= 3, linearizations= 4 (0.0sec), linear its=  6 (0.2sec)

Starting time step 2, stepsize 17 days, at day 860/877, date = 15-Mar-2000
 Newton its= 4, linearizations= 5 (0.0sec), linear its=  8 (0.0sec)


Report step 76/247 at day 877/3312, date = 01-Apr-2000

Starting time step 0, stepsize 30 days, at day 877/907, date = 01-Apr-2000
Restart file written for report step  76/247, date = 01-Apr-2000 00:00:00
 Newton its= 5, linearizations= 6 (0.0sec), linear its= 12 (0.1sec)


Report step 77/247 at day 907/3312, date = 01-May-2000

Starting time step 0, stepsize 25 days, at day 907/932, date = 01-May-2000
    Oscillating behavior detected: Relaxation set to 0.900000
Restart file written for report step  77/247, date = 01-May-2000 00:00:00
 Newton its= 9, linearizations=10 (0.1sec), linear its= 16 (0.2sec)


Report step 78/247 at day 932/3312, date = 26-May-2000

Starting time step 0, stepsize 6 days, at day 932/938, date = 26-May-2000
Restart file written for report step  78/247, date = 26-May-2000 00:00:00
 Newton its= 3, linearizations= 4 (0.0sec), linear its=  6 (0.1sec)


Report step 79/247 at day 938/3312, date = 01-Jun-2000

Starting time step 0, stepsize 8 days, at day 938/946, date = 01-Jun-2000
Restart file written for report step  79/247, date = 01-Jun-2000 00:00:00
 Newton its= 3, linearizations= 4 (0.0sec), linear its=  7 (0.1sec)


Report step 80/247 at day 946/3312, date = 09-Jun-2000

Starting time step 0, stepsize 10.5 days, at day 946/967, date = 09-Jun-2000
Restart file written for report step  80/247, date = 09-Jun-2000 00:00:00
 Newton its= 7, linearizations= 8 (0.0sec), linear its= 11 (0.4sec)

Starting time step 1, stepsize 10.5 days, at day 956.5/967, date = 19-Jun-2000
 Newton its= 2, linearizations= 3 (0.0sec), linear its=  4 (0.0sec)


Report step 81/247 at day 967/3312, date = 30-Jun-2000

Starting time step 0, stepsize 1 days, at day 967/968, date = 30-Jun-2000
Restart file written for report step  81/247, date = 30-Jun-2000 00:00:00
 Newton its= 2, linearizations= 3 (0.0sec), linear its=  3 (0.0sec)


Report step 82/247 at day 968/3312, date = 01-Jul-2000

Starting time step 0, stepsize 3 days, at day 968/999, date = 01-Jul-2000
Restart file written for report step  82/247, date = 01-Jul-2000 00:00:00
 Newton its= 3, linearizations= 4 (0.0sec), linear its=  5 (0.1sec)

Starting time step 1, stepsize 9 days, at day 971/999, date = 04-Jul-2000
 Newton its= 3, linearizations= 4 (0.0sec), linear its=  8 (0.0sec)

Starting time step 2, stepsize 19 days, at day 980/999, date = 13-Jul-2000
 Newton its= 5, linearizations= 6 (0.0sec), linear its=  9 (0.1sec)


Report step 83/247 at day 999/3312, date = 01-Aug-2000

Starting time step 0, stepsize 1 days, at day 999/1000, date = 01-Aug-2000
Restart file written for report step  83/247, date = 01-Aug-2000 00:00:00
 Newton its= 2, linearizations= 3 (0.0sec), linear its=  2 (0.0sec)


Report step 84/247 at day 1000/3312, date = 02-Aug-2000

Starting time step 0, stepsize 1 days, at day 1000/1001, date = 02-Aug-2000
 Newton its= 2, linearizations= 3 (0.0sec), linear its=  2 (0.0sec)
Restart file written for report step  84/247, date = 02-Aug-2000 00:00:00


Report step 85/247 at day 1001/3312, date = 03-Aug-2000

Starting time step 0, stepsize 3 days, at day 1001/1018, date = 03-Aug-2000
Restart file written for report step  85/247, date = 03-Aug-2000 00:00:00
 Newton its= 2, linearizations= 3 (0.0sec), linear its=  3 (0.0sec)

Starting time step 1, stepsize 9 days, at day 1004/1018, date = 06-Aug-2000
 Newton its= 3, linearizations= 4 (0.0sec), linear its=  8 (0.0sec)

Starting time step 2, stepsize 5 days, at day 1013/1018, date = 15-Aug-2000
 Newton its= 2, linearizations= 3 (0.0sec), linear its=  4 (0.0sec)


Report step 86/247 at day 1018/3312, date = 20-Aug-2000

Starting time step 0, stepsize 6 days, at day 1018/1024, date = 20-Aug-2000
Restart file written for report step  86/247, date = 20-Aug-2000 00:00:00
 Newton its= 3, linearizations= 4 (0.0sec), linear its=  4 (0.3sec)


Report step 87/247 at day 1024/3312, date = 26-Aug-2000

Starting time step 0, stepsize 1 days, at day 1024/1025, date = 26-Aug-2000
Restart file written for report step  87/247, date = 26-Aug-2000 00:00:00
 Newton its= 2, linearizations= 3 (0.0sec), linear its=  3 (0.0sec)


Report step 88/247 at day 1025/3312, date = 27-Aug-2000

Starting time step 0, stepsize 3 days, at day 1025/1030, date = 27-Aug-2000
Restart file written for report step  88/247, date = 27-Aug-2000 00:00:00
 Newton its= 2, linearizations= 3 (0.0sec), linear its=  3 (0.0sec)

Starting time step 1, stepsize 2 days, at day 1028/1030, date = 30-Aug-2000
 Newton its= 2, linearizations= 3 (0.0sec), linear its=  4 (0.0sec)


Report step 89/247 at day 1030/3312, date = 01-Sep-2000

Starting time step 0, stepsize 4 days, at day 1030/1038, date = 01-Sep-2000
Restart file written for report step  89/247, date = 01-Sep-2000 00:00:00
 Newton its= 2, linearizations= 3 (0.0sec), linear its=  3 (0.0sec)

Starting time step 1, stepsize 4 days, at day 1034/1038, date = 05-Sep-2000
 Newton its= 2, linearizations= 3 (0.0sec), linear its=  3 (0.0sec)


Report step 90/247 at day 1038/3312, date = 09-Sep-2000

Starting time step 0, stepsize 1 days, at day 1038/1039, date = 09-Sep-2000
Restart file written for report step  90/247, date = 09-Sep-2000 00:00:00
 Newton its= 2, linearizations= 3 (0.0sec), linear its=  3 (0.0sec)


Report step 91/247 at day 1039/3312, date = 10-Sep-2000

Starting time step 0, stepsize 3 days, at day 1039/1050, date = 10-Sep-2000
Restart file written for report step  91/247, date = 10-Sep-2000 00:00:00
 Newton its= 2, linearizations= 3 (0.0sec), linear its=  4 (0.0sec)

Starting time step 1, stepsize 8 days, at day 1042/1050, date = 13-Sep-2000
 Newton its= 2, linearizations= 3 (0.0sec), linear its=  4 (0.0sec)


Report step 92/247 at day 1050/3312, date = 21-Sep-2000

Starting time step 0, stepsize 1 days, at day 1050/1051, date = 21-Sep-2000
Restart file written for report step  92/247, date = 21-Sep-2000 00:00:00
 Newton its= 2, linearizations= 3 (0.0sec), linear its=  2 (0.0sec)


Report step 93/247 at day 1051/3312, date = 22-Sep-2000

Starting time step 0, stepsize 3 days, at day 1051/1060, date = 22-Sep-2000
 Newton its= 3, linearizations= 4 (0.0sec), linear its=  3 (0.1sec)
Restart file written for report step  93/247, date = 22-Sep-2000 00:00:00

Starting time step 1, stepsize 6 days, at day 1054/1060, date = 25-Sep-2000
 Newton its= 2, linearizations= 3 (0.0sec), linear its=  5 (0.0sec)


Report step 94/247 at day 1060/3312, date = 01-Oct-2000

Starting time step 0, stepsize 18 days, at day 1060/1091, date = 01-Oct-2000
Restart file written for report step  94/247, date = 01-Oct-2000 00:00:00
    Well F-2H control mode changed from RATE to BHP
 Newton its= 5, linearizations= 6 (0.0sec), linear its= 13 (0.4sec)

Starting time step 1, stepsize 13 days, at day 1078/1091, date = 19-Oct-2000
 Newton its= 3, linearizations= 4 (0.0sec), linear its=  6 (0.0sec)


Report step 95/247 at day 1091/3312, date = 01-Nov-2000

Starting time step 0, stepsize 30 days, at day 1091/1121, date = 01-Nov-2000
Restart file written for report step  95/247, date = 01-Nov-2000 00:00:00
 Newton its= 5, linearizations= 6 (0.0sec), linear its= 10 (0.1sec)


Report step 96/247 at day 1121/3312, date = 01-Dec-2000

Starting time step 0, stepsize 31 days, at day 1121/1152, date = 01-Dec-2000
Restart file written for report step  96/247, date = 01-Dec-2000 00:00:00
 Newton its=11, linearizations=12 (0.1sec), linear its= 33 (0.3sec)


Report step 97/247 at day 1152/3312, date = 01-Jan-2001

Starting time step 0, stepsize 15.5 days, at day 1152/1183, date = 01-Jan-2001
Restart file written for report step  97/247, date = 01-Jan-2001 00:00:00
 Newton its= 4, linearizations= 5 (0.0sec), linear its=  9 (0.1sec)

Starting time step 1, stepsize 15.5 days, at day 1167.5/1183, date = 16-Jan-2001
 Newton its= 3, linearizations= 4 (0.0sec), linear its=  8 (0.0sec)


Report step 98/247 at day 1183/3312, date = 01-Feb-2001

Starting time step 0, stepsize 28 days, at day 1183/1211, date = 01-Feb-2001
Restart file written for report step  98/247, date = 01-Feb-2001 00:00:00
    Well E-2H control mode changed from RESV to BHP
    Well F-1H control mode changed from RATE to BHP
 Newton its= 6, linearizations= 7 (0.0sec), linear its= 13 (0.4sec)


Report step 99/247 at day 1211/3312, date = 01-Mar-2001

Starting time step 0, stepsize 31 days, at day 1211/1242, date = 01-Mar-2001
Restart file written for report step  99/247, date = 01-Mar-2001 00:00:00
 Newton its= 7, linearizations= 8 (0.0sec), linear its= 19 (0.2sec)


Report step 100/247 at day 1242/3312, date = 01-Apr-2001

Starting time step 0, stepsize 30 days, at day 1242/1272, date = 01-Apr-2001
Restart file written for report step 100/247, date = 01-Apr-2001 00:00:00
 Newton its= 6, linearizations= 7 (0.0sec), linear its= 15 (0.2sec)


Report step 101/247 at day 1272/3312, date = 01-May-2001

Starting time step 0, stepsize 30 days, at day 1272/1302, date = 01-May-2001
Restart file written for report step 101/247, date = 01-May-2001 00:00:00
 Newton its= 8, linearizations= 9 (0.0sec), linear its= 17 (0.2sec)


Report step 102/247 at day 1302/3312, date = 31-May-2001

Starting time step 0, stepsize 1 days, at day 1302/1303, date = 31-May-2001
Restart file written for report step 102/247, date = 31-May-2001 00:00:00
 Newton its= 2, linearizations= 3 (0.0sec), linear its=  3 (0.0sec)


Report step 103/247 at day 1303/3312, date = 01-Jun-2001

Starting time step 0, stepsize 3 days, at day 1303/1308, date = 01-Jun-2001
Restart file written for report step 103/247, date = 01-Jun-2001 00:00:00
 Newton its= 2, linearizations= 3 (0.0sec), linear its=  4 (0.1sec)

Starting time step 1, stepsize 2 days, at day 1306/1308, date = 04-Jun-2001
 Newton its= 2, linearizations= 3 (0.0sec), linear its=  4 (0.0sec)


Report step 104/247 at day 1308/3312, date = 06-Jun-2001

Starting time step 0, stepsize 1 days, at day 1308/1309, date = 06-Jun-2001
Restart file written for report step 104/247, date = 06-Jun-2001 00:00:00
 Newton its= 2, linearizations= 3 (0.0sec), linear its=  3 (0.3sec)


Report step 105/247 at day 1309/3312, date = 07-Jun-2001

Starting time step 0, stepsize 3 days, at day 1309/1320, date = 07-Jun-2001
Restart file written for report step 105/247, date = 07-Jun-2001 00:00:00
 Newton its= 3, linearizations= 4 (0.0sec), linear its=  5 (0.1sec)

Starting time step 1, stepsize 8 days, at day 1312/1320, date = 10-Jun-2001
 Newton its= 3, linearizations= 4 (0.0sec), linear its=  8 (0.0sec)


Report step 106/247 at day 1320/3312, date = 18-Jun-2001

Starting time step 0, stepsize 1 days, at day 1320/1321, date = 18-Jun-2001
Restart file written for report step 106/247, date = 18-Jun-2001 00:00:00
 Newton its= 3, linearizations= 4 (0.0sec), linear its=  5 (0.1sec)


Report step 107/247 at day 1321/3312, date = 19-Jun-2001

Starting time step 0, stepsize 3 days, at day 1321/1333, date = 19-Jun-2001
Restart file written for report step 107/247, date = 19-Jun-2001 00:00:00
 Newton its= 8, linearizations= 9 (0.1sec), linear its= 13 (0.2sec)

Starting time step 1, stepsize 3 days, at day 1324/1333, date = 22-Jun-2001
 Newton its= 5, linearizations= 6 (0.0sec), linear its=  6 (0.0sec)

Starting time step 2, stepsize 6 days, at day 1327/1333, date = 25-Jun-2001
 Newton its= 4, linearizations= 5 (0.0sec), linear its=  7 (0.0sec)


Report step 108/247 at day 1333/3312, date = 01-Jul-2001

Starting time step 0, stepsize 1 days, at day 1333/1334, date = 01-Jul-2001
Restart file written for report step 108/247, date = 01-Jul-2001 00:00:00
 Newton its= 2, linearizations= 3 (0.0sec), linear its=  2 (0.0sec)


Report step 109/247 at day 1334/3312, date = 02-Jul-2001

Starting time step 0, stepsize 1 days, at day 1334/1335, date = 02-Jul-2001
Restart file written for report step 109/247, date = 02-Jul-2001 00:00:00
 Newton its= 2, linearizations= 3 (0.0sec), linear its=  3 (0.3sec)


Report step 110/247 at day 1335/3312, date = 03-Jul-2001

Starting time step 0, stepsize 3 days, at day 1335/1347, date = 03-Jul-2001
Restart file written for report step 110/247, date = 03-Jul-2001 00:00:00
 Newton its= 3, linearizations= 4 (0.0sec), linear its=  7 (0.1sec)

Starting time step 1, stepsize 9 days, at day 1338/1347, date = 06-Jul-2001
 Newton its= 6, linearizations= 7 (0.0sec), linear its= 12 (0.1sec)


Report step 111/247 at day 1347/3312, date = 15-Jul-2001

Starting time step 0, stepsize 1 days, at day 1347/1348, date = 15-Jul-2001
 Newton its= 2, linearizations= 3 (0.0sec), linear its=  3 (0.0sec)
Restart file written for report step 111/247, date = 15-Jul-2001 00:00:00


Report step 112/247 at day 1348/3312, date = 16-Jul-2001

Starting time step 0, stepsize 3 days, at day 1348/1362, date = 16-Jul-2001
Restart file written for report step 112/247, date = 16-Jul-2001 00:00:00
 Newton its= 2, linearizations= 3 (0.0sec), linear its=  4 (0.0sec)

Starting time step 1, stepsize 5.5 days, at day 1351/1362, date = 19-Jul-2001
 Newton its= 3, linearizations= 4 (0.0sec), linear its=  6 (0.0sec)

Starting time step 2, stepsize 5.5 days, at day 1356.5/1362, date = 24-Jul-2001
 Newton its= 2, linearizations= 3 (0.0sec), linear its=  5 (0.0sec)


Report step 113/247 at day 1362/3312, date = 30-Jul-2001

Starting time step 0, stepsize 2 days, at day 1362/1364, date = 30-Jul-2001
Restart file written for report step 113/247, date = 30-Jul-2001 00:00:00
 Newton its= 6, linearizations= 7 (0.0sec), linear its=  7 (0.1sec)


Report step 114/247 at day 1364/3312, date = 01-Aug-2001

Starting time step 0, stepsize 3.6 days, at day 1364/1373, date = 01-Aug-2001
Restart file written for report step 114/247, date = 01-Aug-2001 00:00:00
 Newton its= 4, linearizations= 5 (0.0sec), linear its=  8 (0.1sec)

Starting time step 1, stepsize 5.4 days, at day 1367.6/1373, date = 04-Aug-2001
 Newton its= 3, linearizations= 4 (0.0sec), linear its=  7 (0.2sec)


Report step 115/247 at day 1373/3312, date = 10-Aug-2001

Starting time step 0, stepsize 6 days, at day 1373/1379, date = 10-Aug-2001
Restart file written for report step 115/247, date = 10-Aug-2001 00:00:00
 Newton its= 3, linearizations= 4 (0.0sec), linear its=  9 (0.1sec)


Report step 116/247 at day 1379/3312, date = 16-Aug-2001

Starting time step 0, stepsize 16 days, at day 1379/1395, date = 16-Aug-2001
Restart file written for report step 116/247, date = 16-Aug-2001 00:00:00
 Newton its= 8, linearizations= 9 (0.1sec), linear its= 26 (0.2sec)


Report step 117/247 at day 1395/3312, date = 01-Sep-2001

Starting time step 0, stepsize 9 days, at day 1395/1404, date = 01-Sep-2001
    Well C-1H control mode changed from RATE to BHP
Restart file written for report step 117/247, date = 01-Sep-2001 00:00:00
 Newton its= 4, linearizations= 5 (0.0sec), linear its=  6 (0.1sec)


Report step 118/247 at day 1404/3312, date = 10-Sep-2001

Starting time step 0, stepsize 21 days, at day 1404/1425, date = 10-Sep-2001
Restart file written for report step 118/247, date = 10-Sep-2001 00:00:00
 Newton its= 9, linearizations=10 (0.1sec), linear its= 19 (0.2sec)


Report step 119/247 at day 1425/3312, date = 01-Oct-2001

Starting time step 0, stepsize 18.6667 days, at day 1425/1456, date = 01-Oct-2001
Restart file written for report step 119/247, date = 01-Oct-2001 00:00:00
 Newton its= 4, linearizations= 5 (0.0sec), linear its= 13 (0.4sec)

Starting time step 1, stepsize 12.3333 days, at day 1443.67/1456, date = 19-Oct-2001
 Newton its= 2, linearizations= 3 (0.0sec), linear its=  8 (0.0sec)


Report step 120/247 at day 1456/3312, date = 01-Nov-2001

Starting time step 0, stepsize 30 days, at day 1456/1486, date = 01-Nov-2001
Restart file written for report step 120/247, date = 01-Nov-2001 00:00:00
 Newton its= 6, linearizations= 7 (0.0sec), linear its= 14 (0.2sec)


Report step 121/247 at day 1486/3312, date = 01-Dec-2001

Starting time step 0, stepsize 28 days, at day 1486/1514, date = 01-Dec-2001
Restart file written for report step 121/247, date = 01-Dec-2001 00:00:00
 Newton its= 3, linearizations= 4 (0.0sec), linear its= 11 (0.1sec)


Report step 122/247 at day 1514/3312, date = 29-Dec-2001

Starting time step 0, stepsize 3 days, at day 1514/1517, date = 29-Dec-2001
Restart file written for report step 122/247, date = 29-Dec-2001 00:00:00
 Newton its= 3, linearizations= 4 (0.0sec), linear its=  4 (0.1sec)


Report step 123/247 at day 1517/3312, date = 01-Jan-2002

Starting time step 0, stepsize 9 days, at day 1517/1548, date = 01-Jan-2002
Restart file written for report step 123/247, date = 01-Jan-2002 00:00:00
 Newton its= 6, linearizations= 7 (0.0sec), linear its= 19 (0.2sec)

Starting time step 1, stepsize 11 days, at day 1526/1548, date = 10-Jan-2002
 Newton its= 3, linearizations= 4 (0.0sec), linear its= 10 (0.0sec)

Starting time step 2, stepsize 11 days, at day 1537/1548, date = 21-Jan-2002
 Newton its= 3, linearizations= 4 (0.0sec), linear its=  8 (0.0sec)


Report step 124/247 at day 1548/3312, date = 01-Feb-2002

Starting time step 0, stepsize 11 days, at day 1548/1559, date = 01-Feb-2002
Restart file written for report step 124/247, date = 01-Feb-2002 00:00:00
 Newton its= 3, linearizations= 4 (0.0sec), linear its=  8 (0.1sec)


Report step 125/247 at day 1559/3312, date = 12-Feb-2002

Starting time step 0, stepsize 1 days, at day 1559/1560, date = 12-Feb-2002
Restart file written for report step 125/247, date = 12-Feb-2002 00:00:00
 Newton its= 2, linearizations= 3 (0.0sec), linear its=  4 (0.3sec)


Report step 126/247 at day 1560/3312, date = 13-Feb-2002

Starting time step 0, stepsize 3 days, at day 1560/1576, date = 13-Feb-2002
Restart file written for report step 126/247, date = 13-Feb-2002 00:00:00
 Newton its= 2, linearizations= 3 (0.0sec), linear its=  4 (0.1sec)

Starting time step 1, stepsize 6.5 days, at day 1563/1576, date = 16-Feb-2002
 Newton its= 2, linearizations= 3 (0.0sec), linear its=  4 (0.0sec)

Starting time step 2, stepsize 6.5 days, at day 1569.5/1576, date = 22-Feb-2002
 Newton its= 3, linearizations= 4 (0.0sec), linear its=  7 (0.0sec)


Report step 127/247 at day 1576/3312, date = 01-Mar-2002

Starting time step 0, stepsize 19.5 days, at day 1576/1607, date = 01-Mar-2002
Restart file written for report step 127/247, date = 01-Mar-2002 00:00:00
 Newton its= 6, linearizations= 7 (0.0sec), linear its= 15 (0.2sec)

Starting time step 1, stepsize 11.5 days, at day 1595.5/1607, date = 20-Mar-2002
 Newton its= 2, linearizations= 3 (0.0sec), linear its=  7 (0.0sec)


Report step 128/247 at day 1607/3312, date = 01-Apr-2002

Starting time step 0, stepsize 30 days, at day 1607/1637, date = 01-Apr-2002
Restart file written for report step 128/247, date = 01-Apr-2002 00:00:00
 Newton its= 6, linearizations= 7 (0.0sec), linear its= 16 (0.2sec)


Report step 129/247 at day 1637/3312, date = 01-May-2002

Starting time step 0, stepsize 31 days, at day 1637/1668, date = 01-May-2002
Restart file written for report step 129/247, date = 01-May-2002 00:00:00
 Newton its= 7, linearizations= 8 (0.0sec), linear its= 16 (0.2sec)


Report step 130/247 at day 1668/3312, date = 01-Jun-2002

Starting time step 0, stepsize 30 days, at day 1668/1698, date = 01-Jun-2002
Restart file written for report step 130/247, date = 01-Jun-2002 00:00:00
 Newton its= 6, linearizations= 7 (0.0sec), linear its= 15 (0.4sec)


Report step 131/247 at day 1698/3312, date = 01-Jul-2002

Starting time step 0, stepsize 7 days, at day 1698/1705, date = 01-Jul-2002
Restart file written for report step 131/247, date = 01-Jul-2002 00:00:00
 Newton its= 4, linearizations= 5 (0.0sec), linear its=  8 (0.1sec)


Report step 132/247 at day 1705/3312, date = 08-Jul-2002

Starting time step 0, stepsize 3 days, at day 1705/1708, date = 08-Jul-2002
Restart file written for report step 132/247, date = 08-Jul-2002 00:00:00
 Newton its= 4, linearizations= 5 (0.0sec), linear its=  8 (0.1sec)


Report step 133/247 at day 1708/3312, date = 11-Jul-2002

Starting time step 0, stepsize 4 days, at day 1708/1712, date = 11-Jul-2002
Restart file written for report step 133/247, date = 11-Jul-2002 00:00:00
 Newton its= 4, linearizations= 5 (0.0sec), linear its=  7 (0.1sec)


Report step 134/247 at day 1712/3312, date = 15-Jul-2002

Starting time step 0, stepsize 10.4 days, at day 1712/1729, date = 15-Jul-2002
Restart file written for report step 134/247, date = 15-Jul-2002 00:00:00
 Newton its= 7, linearizations= 8 (0.1sec), linear its= 15 (0.2sec)

Starting time step 1, stepsize 6.6 days, at day 1722.4/1729, date = 25-Jul-2002
 Newton its= 2, linearizations= 3 (0.0sec), linear its=  5 (0.0sec)


Report step 135/247 at day 1729/3312, date = 01-Aug-2002

Starting time step 0, stepsize 13 days, at day 1729/1742, date = 01-Aug-2002
Restart file written for report step 135/247, date = 01-Aug-2002 00:00:00
 Newton its= 3, linearizations= 4 (0.0sec), linear its=  8 (0.1sec)


Report step 136/247 at day 1742/3312, date = 14-Aug-2002

Starting time step 0, stepsize 18 days, at day 1742/1760, date = 14-Aug-2002
Restart file written for report step 136/247, date = 14-Aug-2002 00:00:00

Problem: Solver convergence failure - Iteration limit reached
Timestep chopped to 5.940000 days


Starting time step 0, stepsize 5.94 days, at day 1742/1760, date = 14-Aug-2002
 Newton its=10, linearizations=11 (0.1sec), linear its= 12 (0.3sec)

Starting time step 1, stepsize 4.752 days, at day 1747.94/1760, date = 19-Aug-2002
 Newton its= 3, linearizations= 4 (0.0sec), linear its=  6 (0.0sec)

Starting time step 2, stepsize 7.308 days, at day 1752.69/1760, date = 24-Aug-2002
 Newton its= 3, linearizations= 4 (0.0sec), linear its=  7 (0.0sec)


Report step 137/247 at day 1760/3312, date = 01-Sep-2002

Starting time step 0, stepsize 1 days, at day 1760/1761, date = 01-Sep-2002
Restart file written for report step 137/247, date = 01-Sep-2002 00:00:00
 Newton its= 2, linearizations= 3 (0.0sec), linear its=  3 (0.0sec)


Report step 138/247 at day 1761/3312, date = 02-Sep-2002

Starting time step 0, stepsize 3 days, at day 1761/1774, date = 02-Sep-2002
Restart file written for report step 138/247, date = 02-Sep-2002 00:00:00
 Newton its= 7, linearizations= 8 (0.1sec), linear its= 15 (0.2sec)

Starting time step 1, stepsize 4.2 days, at day 1764/1774, date = 05-Sep-2002
 Newton its= 3, linearizations= 4 (0.0sec), linear its=  7 (0.0sec)

Starting time step 2, stepsize 5.8 days, at day 1768.2/1774, date = 09-Sep-2002
 Newton its= 2, linearizations= 3 (0.0sec), linear its=  6 (0.0sec)


Report step 139/247 at day 1774/3312, date = 15-Sep-2002

Starting time step 0, stepsize 16 days, at day 1774/1790, date = 15-Sep-2002
    Well F-3H control mode changed from RATE to BHP
Restart file written for report step 139/247, date = 15-Sep-2002 00:00:00
 Newton its= 6, linearizations= 7 (0.0sec), linear its= 16 (0.2sec)


Report step 140/247 at day 1790/3312, date = 01-Oct-2002

Starting time step 0, stepsize 6 days, at day 1790/1796, date = 01-Oct-2002
Restart file written for report step 140/247, date = 01-Oct-2002 00:00:00
 Newton its= 4, linearizations= 5 (0.0sec), linear its= 10 (0.4sec)


Report step 141/247 at day 1796/3312, date = 07-Oct-2002

Starting time step 0, stepsize 7 days, at day 1796/1803, date = 07-Oct-2002
Restart file written for report step 141/247, date = 07-Oct-2002 00:00:00
 Newton its= 7, linearizations= 8 (0.0sec), linear its= 15 (0.2sec)


Report step 142/247 at day 1803/3312, date = 14-Oct-2002

Starting time step 0, stepsize 9.8 days, at day 1803/1821, date = 14-Oct-2002
Restart file written for report step 142/247, date = 14-Oct-2002 00:00:00
 Newton its= 7, linearizations= 8 (0.0sec), linear its= 12 (0.2sec)

Starting time step 1, stepsize 8.2 days, at day 1812.8/1821, date = 23-Oct-2002
 Newton its= 6, linearizations= 7 (0.0sec), linear its=  9 (0.1sec)


Report step 143/247 at day 1821/3312, date = 01-Nov-2002

Starting time step 0, stepsize 15 days, at day 1821/1836, date = 01-Nov-2002
Restart file written for report step 143/247, date = 01-Nov-2002 00:00:00
 Newton its= 5, linearizations= 6 (0.0sec), linear its=  8 (0.1sec)


Report step 144/247 at day 1836/3312, date = 16-Nov-2002

Starting time step 0, stepsize 15 days, at day 1836/1851, date = 16-Nov-2002
Restart file written for report step 144/247, date = 16-Nov-2002 00:00:00
 Newton its= 6, linearizations= 7 (0.0sec), linear its=  9 (0.4sec)


Report step 145/247 at day 1851/3312, date = 01-Dec-2002

Starting time step 0, stepsize 23 days, at day 1851/1874, date = 01-Dec-2002
Restart file written for report step 145/247, date = 01-Dec-2002 00:00:00
 Newton its= 5, linearizations= 6 (0.0sec), linear its= 10 (0.1sec)


Report step 146/247 at day 1874/3312, date = 24-Dec-2002

Starting time step 0, stepsize 8 days, at day 1874/1882, date = 24-Dec-2002
Restart file written for report step 146/247, date = 24-Dec-2002 00:00:00
    Well C-1H control mode changed from RATE to BHP
 Newton its=12, linearizations=13 (0.1sec), linear its= 30 (0.3sec)


Report step 147/247 at day 1882/3312, date = 01-Jan-2003

Starting time step 0, stepsize 1 days, at day 1882/1883, date = 01-Jan-2003
Restart file written for report step 147/247, date = 01-Jan-2003 00:00:00
 Newton its= 2, linearizations= 3 (0.0sec), linear its=  3 (0.0sec)


Report step 148/247 at day 1883/3312, date = 02-Jan-2003

Starting time step 0, stepsize 3 days, at day 1883/1893, date = 02-Jan-2003
Restart file written for report step 148/247, date = 02-Jan-2003 00:00:00
 Newton its= 7, linearizations= 8 (0.0sec), linear its= 13 (0.2sec)

Starting time step 1, stepsize 4.2 days, at day 1886/1893, date = 05-Jan-2003
 Newton its= 2, linearizations= 3 (0.0sec), linear its=  6 (0.0sec)

Starting time step 2, stepsize 2.8 days, at day 1890.2/1893, date = 09-Jan-2003
 Newton its= 2, linearizations= 3 (0.0sec), linear its=  3 (0.2sec)


Report step 149/247 at day 1893/3312, date = 12-Jan-2003

Starting time step 0, stepsize 8 days, at day 1893/1901, date = 12-Jan-2003
    Well C-1H control mode changed from RATE to BHP
Restart file written for report step 149/247, date = 12-Jan-2003 00:00:00
 Newton its= 9, linearizations=10 (0.1sec), linear its= 19 (0.2sec)


Report step 150/247 at day 1901/3312, date = 20-Jan-2003

Starting time step 0, stepsize 7.11111 days, at day 1901/1913, date = 20-Jan-2003
Restart file written for report step 150/247, date = 20-Jan-2003 00:00:00
 Newton its= 4, linearizations= 5 (0.0sec), linear its=  8 (0.1sec)

Starting time step 1, stepsize 4.88889 days, at day 1908.11/1913, date = 27-Jan-2003
 Newton its= 2, linearizations= 3 (0.0sec), linear its=  5 (0.0sec)


Report step 151/247 at day 1913/3312, date = 01-Feb-2003

Starting time step 0, stepsize 13 days, at day 1913/1926, date = 01-Feb-2003
Restart file written for report step 151/247, date = 01-Feb-2003 00:00:00
 Newton its= 3, linearizations= 4 (0.0sec), linear its=  9 (0.1sec)


Report step 152/247 at day 1926/3312, date = 14-Feb-2003

Starting time step 0, stepsize 15 days, at day 1926/1941, date = 14-Feb-2003
Restart file written for report step 152/247, date = 14-Feb-2003 00:00:00

Problem: Solver convergence failure - Iteration limit reached
Timestep chopped to 4.950000 days


Starting time step 0, stepsize 4.95 days, at day 1926/1941, date = 14-Feb-2003
    Well C-1H control mode changed from RATE to BHP
 Newton its=17, linearizations=18 (0.1sec), linear its= 49 (0.2sec)

Starting time step 1, stepsize 2.32941 days, at day 1930.95/1941, date = 18-Feb-2003
 Newton its= 2, linearizations= 3 (0.0sec), linear its=  3 (0.0sec)

Starting time step 2, stepsize 3.86029 days, at day 1933.28/1941, date = 21-Feb-2003
 Newton its= 2, linearizations= 3 (0.0sec), linear its=  3 (0.2sec)

Starting time step 3, stepsize 3.86029 days, at day 1937.14/1941, date = 25-Feb-2003
 Newton its= 2, linearizations= 3 (0.0sec), linear its=  3 (0.0sec)


Report step 153/247 at day 1941/3312, date = 01-Mar-2003

Starting time step 0, stepsize 5 days, at day 1941/1946, date = 01-Mar-2003
    Well E-2H control mode changed from RESV to BHP
Restart file written for report step 153/247, date = 01-Mar-2003 00:00:00
 Newton its= 3, linearizations= 4 (0.0sec), linear its=  6 (0.1sec)


Report step 154/247 at day 1946/3312, date = 06-Mar-2003

Starting time step 0, stepsize 1 days, at day 1946/1947, date = 06-Mar-2003
Restart file written for report step 154/247, date = 06-Mar-2003 00:00:00
 Newton its= 2, linearizations= 3 (0.0sec), linear its=  2 (0.0sec)


Report step 155/247 at day 1947/3312, date = 07-Mar-2003

Starting time step 0, stepsize 3 days, at day 1947/1972, date = 07-Mar-2003
Restart file written for report step 155/247, date = 07-Mar-2003 00:00:00
 Newton its= 3, linearizations= 4 (0.0sec), linear its=  5 (0.1sec)

Starting time step 1, stepsize 9 days, at day 1950/1972, date = 10-Mar-2003
 Newton its= 3, linearizations= 4 (0.0sec), linear its=  7 (0.0sec)

Starting time step 2, stepsize 13 days, at day 1959/1972, date = 19-Mar-2003
    Well F-2H control mode changed from RATE to BHP
 Newton its= 3, linearizations= 4 (0.0sec), linear its=  9 (0.0sec)


Report step 156/247 at day 1972/3312, date = 01-Apr-2003

Starting time step 0, stepsize 30 days, at day 1972/2002, date = 01-Apr-2003
    Well C-1H control mode changed from RATE to BHP
Restart file written for report step 156/247, date = 01-Apr-2003 00:00:00
 Newton its= 6, linearizations= 7 (0.0sec), linear its= 16 (0.2sec)


Report step 157/247 at day 2002/3312, date = 01-May-2003

Starting time step 0, stepsize 31 days, at day 2002/2033, date = 01-May-2003
Restart file written for report step 157/247, date = 01-May-2003 00:00:00
 Newton its= 7, linearizations= 8 (0.1sec), linear its= 14 (0.4sec)


Report step 158/247 at day 2033/3312, date = 01-Jun-2003

Starting time step 0, stepsize 2 days, at day 2033/2035, date = 01-Jun-2003
Restart file written for report step 158/247, date = 01-Jun-2003 00:00:00
 Newton its= 2, linearizations= 3 (0.0sec), linear its=  3 (0.0sec)


Report step 159/247 at day 2035/3312, date = 03-Jun-2003

Starting time step 0, stepsize 6 days, at day 2035/2063, date = 03-Jun-2003
Restart file written for report step 159/247, date = 03-Jun-2003 00:00:00
 Newton its= 3, linearizations= 4 (0.0sec), linear its=  5 (0.1sec)

Starting time step 1, stepsize 11 days, at day 2041/2063, date = 09-Jun-2003
 Newton its= 2, linearizations= 3 (0.0sec), linear its=  6 (0.0sec)

Starting time step 2, stepsize 11 days, at day 2052/2063, date = 20-Jun-2003
    Well F-2H control mode changed from RATE to BHP
 Newton its= 3, linearizations= 4 (0.0sec), linear its=  8 (0.0sec)


Report step 160/247 at day 2063/3312, date = 01-Jul-2003

Starting time step 0, stepsize 9 days, at day 2063/2072, date = 01-Jul-2003
Restart file written for report step 160/247, date = 01-Jul-2003 00:00:00
 Newton its= 3, linearizations= 4 (0.0sec), linear its=  6 (0.1sec)


Report step 161/247 at day 2072/3312, date = 10-Jul-2003

Starting time step 0, stepsize 22 days, at day 2072/2094, date = 10-Jul-2003
Restart file written for report step 161/247, date = 10-Jul-2003 00:00:00
 Newton its= 9, linearizations=10 (0.1sec), linear its= 26 (0.2sec)


Report step 162/247 at day 2094/3312, date = 01-Aug-2003

Starting time step 0, stepsize 9 days, at day 2094/2103, date = 01-Aug-2003
Restart file written for report step 162/247, date = 01-Aug-2003 00:00:00
 Newton its= 4, linearizations= 5 (0.0sec), linear its= 12 (0.1sec)


Report step 163/247 at day 2103/3312, date = 10-Aug-2003

Starting time step 0, stepsize 2 days, at day 2103/2105, date = 10-Aug-2003
Restart file written for report step 163/247, date = 10-Aug-2003 00:00:00
 Newton its= 2, linearizations= 3 (0.0sec), linear its=  3 (0.0sec)


Report step 164/247 at day 2105/3312, date = 12-Aug-2003

Starting time step 0, stepsize 6 days, at day 2105/2125, date = 12-Aug-2003
Restart file written for report step 164/247, date = 12-Aug-2003 00:00:00
    Well C-1H control mode changed from RATE to BHP
 Newton its= 9, linearizations=10 (0.1sec), linear its= 16 (0.4sec)

Starting time step 1, stepsize 5.33333 days, at day 2111/2125, date = 18-Aug-2003
 Newton its= 3, linearizations= 4 (0.0sec), linear its=  7 (0.0sec)

Starting time step 2, stepsize 8.66667 days, at day 2116.33/2125, date = 23-Aug-2003
 Newton its= 2, linearizations= 3 (0.0sec), linear its=  6 (0.0sec)


Report step 165/247 at day 2125/3312, date = 01-Sep-2003

Starting time step 0, stepsize 1 days, at day 2125/2126, date = 01-Sep-2003
Restart file written for report step 165/247, date = 01-Sep-2003 00:00:00
 Newton its= 2, linearizations= 3 (0.0sec), linear its=  3 (0.0sec)


Report step 166/247 at day 2126/3312, date = 02-Sep-2003

Starting time step 0, stepsize 3 days, at day 2126/2134, date = 02-Sep-2003
Restart file written for report step 166/247, date = 02-Sep-2003 00:00:00
 Newton its= 3, linearizations= 4 (0.0sec), linear its=  5 (0.1sec)

Starting time step 1, stepsize 5 days, at day 2129/2134, date = 05-Sep-2003
 Newton its= 2, linearizations= 3 (0.0sec), linear its=  5 (0.0sec)


Report step 167/247 at day 2134/3312, date = 10-Sep-2003

Starting time step 0, stepsize 2 days, at day 2134/2136, date = 10-Sep-2003
Restart file written for report step 167/247, date = 10-Sep-2003 00:00:00
 Newton its= 2, linearizations= 3 (0.0sec), linear its=  3 (0.0sec)


Report step 168/247 at day 2136/3312, date = 12-Sep-2003

Starting time step 0, stepsize 1 days, at day 2136/2137, date = 12-Sep-2003
Restart file written for report step 168/247, date = 12-Sep-2003 00:00:00
 Newton its= 2, linearizations= 3 (0.0sec), linear its=  3 (0.0sec)


Report step 169/247 at day 2137/3312, date = 13-Sep-2003

Starting time step 0, stepsize 3 days, at day 2137/2140, date = 13-Sep-2003
 Newton its= 2, linearizations= 3 (0.0sec), linear its=  3 (0.0sec)
Restart file written for report step 169/247, date = 13-Sep-2003 00:00:00


Report step 170/247 at day 2140/3312, date = 16-Sep-2003

Starting time step 0, stepsize 9 days, at day 2140/2155, date = 16-Sep-2003
Restart file written for report step 170/247, date = 16-Sep-2003 00:00:00
 Newton its= 3, linearizations= 4 (0.0sec), linear its=  6 (0.1sec)

Starting time step 1, stepsize 6 days, at day 2149/2155, date = 25-Sep-2003
 Newton its= 2, linearizations= 3 (0.0sec), linear its=  5 (0.2sec)


Report step 171/247 at day 2155/3312, date = 01-Oct-2003

Starting time step 0, stepsize 11 days, at day 2155/2177, date = 01-Oct-2003
    Well C-1H control mode changed from RATE to BHP
Restart file written for report step 171/247, date = 01-Oct-2003 00:00:00
 Newton its= 9, linearizations=10 (0.1sec), linear its= 19 (0.2sec)

Starting time step 1, stepsize 5.5 days, at day 2166/2177, date = 12-Oct-2003
 Newton its= 3, linearizations= 4 (0.0sec), linear its=  7 (0.0sec)

Starting time step 2, stepsize 5.5 days, at day 2171.5/2177, date = 17-Oct-2003
 Newton its= 2, linearizations= 3 (0.0sec), linear its=  4 (0.0sec)


Report step 172/247 at day 2177/3312, date = 23-Oct-2003

Starting time step 0, stepsize 9 days, at day 2177/2186, date = 23-Oct-2003
Restart file written for report step 172/247, date = 23-Oct-2003 00:00:00
 Newton its= 4, linearizations= 5 (0.0sec), linear its=  8 (0.1sec)


Report step 173/247 at day 2186/3312, date = 01-Nov-2003

Starting time step 0, stepsize 17 days, at day 2186/2203, date = 01-Nov-2003
Restart file written for report step 173/247, date = 01-Nov-2003 00:00:00
 Newton its= 5, linearizations= 6 (0.0sec), linear its=  8 (0.1sec)


Report step 174/247 at day 2203/3312, date = 18-Nov-2003

Starting time step 0, stepsize 13 days, at day 2203/2216, date = 18-Nov-2003
Restart file written for report step 174/247, date = 18-Nov-2003 00:00:00
 Newton its= 3, linearizations= 4 (0.0sec), linear its=  7 (0.1sec)


Report step 175/247 at day 2216/3312, date = 01-Dec-2003

Starting time step 0, stepsize 7 days, at day 2216/2223, date = 01-Dec-2003
Restart file written for report step 175/247, date = 01-Dec-2003 00:00:00
 Newton its= 2, linearizations= 3 (0.0sec), linear its=  6 (0.1sec)


Report step 176/247 at day 2223/3312, date = 08-Dec-2003

Starting time step 0, stepsize 1 days, at day 2223/2224, date = 08-Dec-2003
Restart file written for report step 176/247, date = 08-Dec-2003 00:00:00
 Newton its= 2, linearizations= 3 (0.0sec), linear its=  3 (0.3sec)


Report step 177/247 at day 2224/3312, date = 09-Dec-2003

Starting time step 0, stepsize 3 days, at day 2224/2233, date = 09-Dec-2003
Restart file written for report step 177/247, date = 09-Dec-2003 00:00:00
 Newton its= 2, linearizations= 3 (0.0sec), linear its=  3 (0.0sec)

Starting time step 1, stepsize 6 days, at day 2227/2233, date = 12-Dec-2003
 Newton its= 2, linearizations= 3 (0.0sec), linear its=  4 (0.0sec)


Report step 178/247 at day 2233/3312, date = 18-Dec-2003

Starting time step 0, stepsize 14 days, at day 2233/2247, date = 18-Dec-2003
Restart file written for report step 178/247, date = 18-Dec-2003 00:00:00
 Newton its=10, linearizations=11 (0.1sec), linear its= 15 (0.2sec)


Report step 179/247 at day 2247/3312, date = 01-Jan-2004

Starting time step 0, stepsize 11.2 days, at day 2247/2265, date = 01-Jan-2004
Restart file written for report step 179/247, date = 01-Jan-2004 00:00:00
 Newton its= 7, linearizations= 8 (0.0sec), linear its= 14 (0.2sec)

Starting time step 1, stepsize 6.8 days, at day 2258.2/2265, date = 12-Jan-2004
 Newton its= 3, linearizations= 4 (0.0sec), linear its=  7 (0.0sec)


Report step 180/247 at day 2265/3312, date = 19-Jan-2004

Starting time step 0, stepsize 1 days, at day 2265/2266, date = 19-Jan-2004
Restart file written for report step 180/247, date = 19-Jan-2004 00:00:00
 Newton its= 2, linearizations= 3 (0.0sec), linear its=  2 (0.0sec)


Report step 181/247 at day 2266/3312, date = 20-Jan-2004

Starting time step 0, stepsize 3 days, at day 2266/2278, date = 20-Jan-2004
Restart file written for report step 181/247, date = 20-Jan-2004 00:00:00
 Newton its= 3, linearizations= 4 (0.0sec), linear its=  4 (0.1sec)

Starting time step 1, stepsize 9 days, at day 2269/2278, date = 23-Jan-2004
 Newton its= 4, linearizations= 5 (0.0sec), linear its=  7 (0.2sec)


Report step 182/247 at day 2278/3312, date = 01-Feb-2004

Starting time step 0, stepsize 14.5 days, at day 2278/2307, date = 01-Feb-2004
Restart file written for report step 182/247, date = 01-Feb-2004 00:00:00
 Newton its= 8, linearizations= 9 (0.1sec), linear its= 17 (0.2sec)

Starting time step 1, stepsize 14.5 days, at day 2292.5/2307, date = 15-Feb-2004
 Newton its= 6, linearizations= 7 (0.0sec), linear its= 15 (0.1sec)


Report step 183/247 at day 2307/3312, date = 01-Mar-2004

Starting time step 0, stepsize 15.5 days, at day 2307/2338, date = 01-Mar-2004
Restart file written for report step 183/247, date = 01-Mar-2004 00:00:00
 Newton its= 6, linearizations= 7 (0.0sec), linear its= 20 (0.2sec)

Starting time step 1, stepsize 15.5 days, at day 2322.5/2338, date = 16-Mar-2004
 Newton its= 3, linearizations= 4 (0.0sec), linear its=  8 (0.0sec)


Report step 184/247 at day 2338/3312, date = 01-Apr-2004

Starting time step 0, stepsize 30 days, at day 2338/2368, date = 01-Apr-2004
Restart file written for report step 184/247, date = 01-Apr-2004 00:00:00
 Newton its= 5, linearizations= 6 (0.0sec), linear its= 15 (0.4sec)


Report step 185/247 at day 2368/3312, date = 01-May-2004

Starting time step 0, stepsize 31 days, at day 2368/2399, date = 01-May-2004
Restart file written for report step 185/247, date = 01-May-2004 00:00:00
 Newton its= 6, linearizations= 7 (0.0sec), linear its= 18 (0.2sec)


Report step 186/247 at day 2399/3312, date = 01-Jun-2004

Starting time step 0, stepsize 30 days, at day 2399/2429, date = 01-Jun-2004
Restart file written for report step 186/247, date = 01-Jun-2004 00:00:00
 Newton its= 5, linearizations= 6 (0.0sec), linear its= 13 (0.1sec)


Report step 187/247 at day 2429/3312, date = 01-Jul-2004

Starting time step 0, stepsize 2 days, at day 2429/2431, date = 01-Jul-2004
Restart file written for report step 187/247, date = 01-Jul-2004 00:00:00
 Newton its= 2, linearizations= 3 (0.0sec), linear its=  3 (0.0sec)


Report step 188/247 at day 2431/3312, date = 03-Jul-2004

Starting time step 0, stepsize 6 days, at day 2431/2453, date = 03-Jul-2004
Restart file written for report step 188/247, date = 03-Jul-2004 00:00:00
 Newton its= 3, linearizations= 4 (0.0sec), linear its=  3 (0.1sec)

Starting time step 1, stepsize 16 days, at day 2437/2453, date = 09-Jul-2004
 Newton its= 4, linearizations= 5 (0.0sec), linear its=  9 (0.0sec)


Report step 189/247 at day 2453/3312, date = 25-Jul-2004

Starting time step 0, stepsize 7 days, at day 2453/2460, date = 25-Jul-2004
Restart file written for report step 189/247, date = 25-Jul-2004 00:00:00
 Newton its= 6, linearizations= 7 (0.0sec), linear its= 11 (0.1sec)


Report step 190/247 at day 2460/3312, date = 01-Aug-2004

Starting time step 0, stepsize 7 days, at day 2460/2474, date = 01-Aug-2004
Restart file written for report step 190/247, date = 01-Aug-2004 00:00:00
 Newton its= 3, linearizations= 4 (0.0sec), linear its=  7 (0.4sec)

Starting time step 1, stepsize 7 days, at day 2467/2474, date = 08-Aug-2004
 Newton its= 2, linearizations= 3 (0.0sec), linear its=  5 (0.0sec)


Report step 191/247 at day 2474/3312, date = 15-Aug-2004

Starting time step 0, stepsize 1 days, at day 2474/2475, date = 15-Aug-2004
Restart file written for report step 191/247, date = 15-Aug-2004 00:00:00
 Newton its= 2, linearizations= 3 (0.0sec), linear its=  2 (0.0sec)


Report step 192/247 at day 2475/3312, date = 16-Aug-2004

Starting time step 0, stepsize 3 days, at day 2475/2491, date = 16-Aug-2004
Restart file written for report step 192/247, date = 16-Aug-2004 00:00:00
 Newton its= 3, linearizations= 4 (0.0sec), linear its=  3 (0.1sec)

Starting time step 1, stepsize 7.59744 days, at day 2478/2491, date = 19-Aug-2004
 Newton its= 3, linearizations= 4 (0.0sec), linear its=  6 (0.0sec)

Starting time step 2, stepsize 5.40256 days, at day 2485.6/2491, date = 26-Aug-2004
 Newton its= 3, linearizations= 4 (0.0sec), linear its=  5 (0.0sec)


Report step 193/247 at day 2491/3312, date = 01-Sep-2004

Starting time step 0, stepsize 9.5 days, at day 2491/2510, date = 01-Sep-2004
Restart file written for report step 193/247, date = 01-Sep-2004 00:00:00
 Newton its= 4, linearizations= 5 (0.0sec), linear its=  6 (0.1sec)

Starting time step 1, stepsize 9.5 days, at day 2500.5/2510, date = 10-Sep-2004
 Newton its= 2, linearizations= 3 (0.0sec), linear its=  5 (0.0sec)


Report step 194/247 at day 2510/3312, date = 20-Sep-2004

Starting time step 0, stepsize 11 days, at day 2510/2521, date = 20-Sep-2004
    Well C-1H control mode changed from RATE to BHP
Restart file written for report step 194/247, date = 20-Sep-2004 00:00:00
 Newton its= 9, linearizations=10 (0.1sec), linear its= 22 (0.2sec)


Report step 195/247 at day 2521/3312, date = 01-Oct-2004

Starting time step 0, stepsize 9.77778 days, at day 2521/2552, date = 01-Oct-2004
Restart file written for report step 195/247, date = 01-Oct-2004 00:00:00
 Newton its= 5, linearizations= 6 (0.0sec), linear its= 11 (0.4sec)

Starting time step 1, stepsize 21.2222 days, at day 2530.78/2552, date = 10-Oct-2004
 Newton its= 5, linearizations= 6 (0.0sec), linear its= 12 (0.1sec)


Report step 196/247 at day 2552/3312, date = 01-Nov-2004

Starting time step 0, stepsize 30 days, at day 2552/2582, date = 01-Nov-2004
Restart file written for report step 196/247, date = 01-Nov-2004 00:00:00
 Newton its= 4, linearizations= 5 (0.0sec), linear its= 12 (0.1sec)


Report step 197/247 at day 2582/3312, date = 01-Dec-2004

Starting time step 0, stepsize 31 days, at day 2582/2613, date = 01-Dec-2004
    Well C-1H control mode changed from RATE to BHP
Restart file written for report step 197/247, date = 01-Dec-2004 00:00:00
 Newton its= 5, linearizations= 6 (0.0sec), linear its= 13 (0.1sec)


Report step 198/247 at day 2613/3312, date = 01-Jan-2005

Starting time step 0, stepsize 11 days, at day 2613/2624, date = 01-Jan-2005
Restart file written for report step 198/247, date = 01-Jan-2005 00:00:00
 Newton its= 3, linearizations= 4 (0.0sec), linear its=  8 (0.1sec)


Report step 199/247 at day 2624/3312, date = 12-Jan-2005

Starting time step 0, stepsize 14 days, at day 2624/2638, date = 12-Jan-2005
Restart file written for report step 199/247, date = 12-Jan-2005 00:00:00
 Newton its= 4, linearizations= 5 (0.0sec), linear its=  7 (0.1sec)


Report step 200/247 at day 2638/3312, date = 26-Jan-2005

Starting time step 0, stepsize 6 days, at day 2638/2644, date = 26-Jan-2005
Restart file written for report step 200/247, date = 26-Jan-2005 00:00:00
 Newton its= 5, linearizations= 6 (0.0sec), linear its=  9 (0.1sec)


Report step 201/247 at day 2644/3312, date = 01-Feb-2005

Starting time step 0, stepsize 13.2 days, at day 2644/2672, date = 01-Feb-2005
Restart file written for report step 201/247, date = 01-Feb-2005 00:00:00
 Newton its= 3, linearizations= 4 (0.0sec), linear its=  7 (0.4sec)

Starting time step 1, stepsize 14.8 days, at day 2657.2/2672, date = 14-Feb-2005
 Newton its= 4, linearizations= 5 (0.0sec), linear its=  9 (0.0sec)


Report step 202/247 at day 2672/3312, date = 01-Mar-2005

Starting time step 0, stepsize 22 days, at day 2672/2694, date = 01-Mar-2005
Restart file written for report step 202/247, date = 01-Mar-2005 00:00:00
 Newton its= 3, linearizations= 4 (0.0sec), linear its=  9 (0.1sec)


Report step 203/247 at day 2694/3312, date = 23-Mar-2005

Starting time step 0, stepsize 1 days, at day 2694/2695, date = 23-Mar-2005
Restart file written for report step 203/247, date = 23-Mar-2005 00:00:00
 Newton its= 2, linearizations= 3 (0.0sec), linear its=  2 (0.0sec)


Report step 204/247 at day 2695/3312, date = 24-Mar-2005

Starting time step 0, stepsize 3 days, at day 2695/2703, date = 24-Mar-2005
 Newton its= 2, linearizations= 3 (0.0sec), linear its=  4 (0.0sec)
Restart file written for report step 204/247, date = 24-Mar-2005 00:00:00

Starting time step 1, stepsize 5 days, at day 2698/2703, date = 27-Mar-2005
 Newton its= 2, linearizations= 3 (0.0sec), linear its=  4 (0.0sec)


Report step 205/247 at day 2703/3312, date = 01-Apr-2005

Starting time step 0, stepsize 15 days, at day 2703/2726, date = 01-Apr-2005
Restart file written for report step 205/247, date = 01-Apr-2005 00:00:00
 Newton its= 3, linearizations= 4 (0.0sec), linear its=  8 (0.1sec)

Starting time step 1, stepsize 8 days, at day 2718/2726, date = 16-Apr-2005
 Newton its= 2, linearizations= 3 (0.0sec), linear its=  5 (0.0sec)


Report step 206/247 at day 2726/3312, date = 24-Apr-2005

Starting time step 0, stepsize 7 days, at day 2726/2733, date = 24-Apr-2005
Restart file written for report step 206/247, date = 24-Apr-2005 00:00:00
 Newton its= 2, linearizations= 3 (0.0sec), linear its=  3 (0.0sec)


Report step 207/247 at day 2733/3312, date = 01-May-2005

Starting time step 0, stepsize 15.5 days, at day 2733/2764, date = 01-May-2005
Restart file written for report step 207/247, date = 01-May-2005 00:00:00
    Well E-3CH control mode changed from RESV to BHP
 Newton its= 8, linearizations= 9 (0.0sec), linear its= 15 (0.4sec)

Starting time step 1, stepsize 15.5 days, at day 2748.5/2764, date = 16-May-2005
 Newton its= 3, linearizations= 4 (0.0sec), linear its=  7 (0.0sec)


Report step 208/247 at day 2764/3312, date = 01-Jun-2005

Starting time step 0, stepsize 1 days, at day 2764/2765, date = 01-Jun-2005
Restart file written for report step 208/247, date = 01-Jun-2005 00:00:00
 Newton its= 2, linearizations= 3 (0.0sec), linear its=  2 (0.0sec)


Report step 209/247 at day 2765/3312, date = 02-Jun-2005

Starting time step 0, stepsize 3 days, at day 2765/2789, date = 02-Jun-2005
 Newton its= 2, linearizations= 3 (0.0sec), linear its=  3 (0.0sec)
Restart file written for report step 209/247, date = 02-Jun-2005 00:00:00

Starting time step 1, stepsize 9 days, at day 2768/2789, date = 05-Jun-2005
 Newton its= 2, linearizations= 3 (0.0sec), linear its=  5 (0.0sec)

Starting time step 2, stepsize 12 days, at day 2777/2789, date = 14-Jun-2005
 Newton its= 2, linearizations= 3 (0.0sec), linear its=  5 (0.0sec)


Report step 210/247 at day 2789/3312, date = 26-Jun-2005

Starting time step 0, stepsize 5 days, at day 2789/2794, date = 26-Jun-2005
Restart file written for report step 210/247, date = 26-Jun-2005 00:00:00
 Newton its= 2, linearizations= 3 (0.0sec), linear its=  4 (0.1sec)


Report step 211/247 at day 2794/3312, date = 01-Jul-2005

Starting time step 0, stepsize 9 days, at day 2794/2803, date = 01-Jul-2005
Restart file written for report step 211/247, date = 01-Jul-2005 00:00:00
 Newton its= 3, linearizations= 4 (0.0sec), linear its=  4 (0.1sec)


Report step 212/247 at day 2803/3312, date = 10-Jul-2005

Starting time step 0, stepsize 6 days, at day 2803/2809, date = 10-Jul-2005
Restart file written for report step 212/247, date = 10-Jul-2005 00:00:00
 Newton its= 3, linearizations= 4 (0.0sec), linear its=  4 (0.1sec)


Report step 213/247 at day 2809/3312, date = 16-Jul-2005

Starting time step 0, stepsize 13 days, at day 2809/2822, date = 16-Jul-2005
Restart file written for report step 213/247, date = 16-Jul-2005 00:00:00
 Newton its= 3, linearizations= 4 (0.0sec), linear its=  4 (0.1sec)


Report step 214/247 at day 2822/3312, date = 29-Jul-2005

Starting time step 0, stepsize 3 days, at day 2822/2825, date = 29-Jul-2005
    Well F-3H control mode changed from RATE to BHP
Restart file written for report step 214/247, date = 29-Jul-2005 00:00:00
 Newton its= 2, linearizations= 3 (0.0sec), linear its=  3 (0.0sec)


Report step 215/247 at day 2825/3312, date = 01-Aug-2005

Starting time step 0, stepsize 2 days, at day 2825/2827, date = 01-Aug-2005
Restart file written for report step 215/247, date = 01-Aug-2005 00:00:00
 Newton its= 2, linearizations= 3 (0.0sec), linear its=  2 (0.0sec)


Report step 216/247 at day 2827/3312, date = 03-Aug-2005

Starting time step 0, stepsize 1 days, at day 2827/2828, date = 03-Aug-2005
Restart file written for report step 216/247, date = 03-Aug-2005 00:00:00
 Newton its= 2, linearizations= 3 (0.0sec), linear its=  2 (0.0sec)


Report step 217/247 at day 2828/3312, date = 04-Aug-2005

Starting time step 0, stepsize 3 days, at day 2828/2856, date = 04-Aug-2005
Restart file written for report step 217/247, date = 04-Aug-2005 00:00:00
 Newton its= 2, linearizations= 3 (0.0sec), linear its=  3 (0.3sec)

Starting time step 1, stepsize 9 days, at day 2831/2856, date = 07-Aug-2005
 Newton its= 2, linearizations= 3 (0.0sec), linear its=  3 (0.0sec)

Starting time step 2, stepsize 16 days, at day 2840/2856, date = 16-Aug-2005
 Newton its= 2, linearizations= 3 (0.0sec), linear its=  4 (0.0sec)


Report step 218/247 at day 2856/3312, date = 01-Sep-2005

Starting time step 0, stepsize 13 days, at day 2856/2869, date = 01-Sep-2005
    Well E-2AH control mode changed from RESV to BHP
Restart file written for report step 218/247, date = 01-Sep-2005 00:00:00
 Newton its= 5, linearizations= 6 (0.0sec), linear its=  6 (0.1sec)


Report step 219/247 at day 2869/3312, date = 14-Sep-2005

Starting time step 0, stepsize 17 days, at day 2869/2886, date = 14-Sep-2005
Restart file written for report step 219/247, date = 14-Sep-2005 00:00:00
 Newton its= 6, linearizations= 7 (0.1sec), linear its=  7 (0.1sec)


Report step 220/247 at day 2886/3312, date = 01-Oct-2005

Starting time step 0, stepsize 31 days, at day 2886/2917, date = 01-Oct-2005
Restart file written for report step 220/247, date = 01-Oct-2005 00:00:00
 Newton its= 5, linearizations= 6 (0.0sec), linear its=  8 (0.1sec)


Report step 221/247 at day 2917/3312, date = 01-Nov-2005

Starting time step 0, stepsize 30 days, at day 2917/2947, date = 01-Nov-2005
Restart file written for report step 221/247, date = 01-Nov-2005 00:00:00
 Newton its= 5, linearizations= 6 (0.0sec), linear its= 15 (0.2sec)


Report step 222/247 at day 2947/3312, date = 01-Dec-2005

Starting time step 0, stepsize 1 days, at day 2947/2948, date = 01-Dec-2005
    Well C-1H control mode changed from RATE to GRUP
    Well F-3H control mode changed from RATE to GRUP
    Well F-2H control mode changed from RATE to GRUP
Restart file written for report step 222/247, date = 01-Dec-2005 00:00:00
 Newton its= 4, linearizations= 5 (0.0sec), linear its=  3 (0.1sec)


Report step 223/247 at day 2948/3312, date = 02-Dec-2005

Starting time step 0, stepsize 2.6 days, at day 2948/2976, date = 02-Dec-2005
Restart file written for report step 223/247, date = 02-Dec-2005 00:00:00
 Newton its= 2, linearizations= 3 (0.0sec), linear its=  1 (0.3sec)

Starting time step 1, stepsize 7.8 days, at day 2950.6/2976, date = 04-Dec-2005
 Newton its= 2, linearizations= 3 (0.0sec), linear its=  4 (0.0sec)

Starting time step 2, stepsize 17.6 days, at day 2958.4/2976, date = 12-Dec-2005
 Newton its= 3, linearizations= 4 (0.0sec), linear its=  7 (0.0sec)


Report step 224/247 at day 2976/3312, date = 30-Dec-2005

Starting time step 0, stepsize 2 days, at day 2976/2978, date = 30-Dec-2005
 Newton its= 2, linearizations= 3 (0.0sec), linear its=  3 (0.0sec)
Restart file written for report step 224/247, date = 30-Dec-2005 00:00:00


Report step 225/247 at day 2978/3312, date = 01-Jan-2006

Starting time step 0, stepsize 6 days, at day 2978/2995, date = 01-Jan-2006
    Well F-2H control mode changed from RATE to BHP
Restart file written for report step 225/247, date = 01-Jan-2006 00:00:00
 Newton its= 3, linearizations= 4 (0.0sec), linear its=  5 (0.1sec)

Starting time step 1, stepsize 11 days, at day 2984/2995, date = 07-Jan-2006
 Newton its= 2, linearizations= 3 (0.0sec), linear its=  7 (0.0sec)


Report step 226/247 at day 2995/3312, date = 18-Jan-2006

Starting time step 0, stepsize 14 days, at day 2995/3009, date = 18-Jan-2006
Restart file written for report step 226/247, date = 18-Jan-2006 00:00:00
 Newton its= 4, linearizations= 5 (0.0sec), linear its=  8 (0.1sec)


Report step 227/247 at day 3009/3312, date = 01-Feb-2006

Starting time step 0, stepsize 23 days, at day 3009/3032, date = 01-Feb-2006
    Oscillating behavior detected: Relaxation set to 0.900000
Restart file written for report step 227/247, date = 01-Feb-2006 00:00:00
 Newton its= 9, linearizations=10 (0.1sec), linear its= 13 (0.2sec)


Report step 228/247 at day 3032/3312, date = 24-Feb-2006

Starting time step 0, stepsize 5 days, at day 3032/3037, date = 24-Feb-2006
Restart file written for report step 228/247, date = 24-Feb-2006 00:00:00
 Newton its= 4, linearizations= 5 (0.0sec), linear its=  4 (0.4sec)


Report step 229/247 at day 3037/3312, date = 01-Mar-2006

Starting time step 0, stepsize 13 days, at day 3037/3068, date = 01-Mar-2006
Restart file written for report step 229/247, date = 01-Mar-2006 00:00:00
 Newton its= 5, linearizations= 6 (0.0sec), linear its=  7 (0.1sec)

Starting time step 1, stepsize 18 days, at day 3050/3068, date = 14-Mar-2006
 Newton its= 4, linearizations= 5 (0.0sec), linear its=  9 (0.0sec)


Report step 230/247 at day 3068/3312, date = 01-Apr-2006

Starting time step 0, stepsize 24 days, at day 3068/3092, date = 01-Apr-2006
Restart file written for report step 230/247, date = 01-Apr-2006 00:00:00
 Newton its= 5, linearizations= 6 (0.0sec), linear its=  7 (0.1sec)


Report step 231/247 at day 3092/3312, date = 25-Apr-2006

Starting time step 0, stepsize 6 days, at day 3092/3098, date = 25-Apr-2006
Restart file written for report step 231/247, date = 25-Apr-2006 00:00:00
 Newton its= 2, linearizations= 3 (0.0sec), linear its=  4 (0.0sec)


Report step 232/247 at day 3098/3312, date = 01-May-2006

Starting time step 0, stepsize 18 days, at day 3098/3129, date = 01-May-2006
 Newton its= 4, linearizations= 5 (0.0sec), linear its=  7 (0.1sec)
Restart file written for report step 232/247, date = 01-May-2006 00:00:00

Starting time step 1, stepsize 13 days, at day 3116/3129, date = 19-May-2006
 Newton its= 5, linearizations= 6 (0.0sec), linear its=  8 (0.1sec)


Report step 233/247 at day 3129/3312, date = 01-Jun-2006

Starting time step 0, stepsize 30 days, at day 3129/3159, date = 01-Jun-2006
Restart file written for report step 233/247, date = 01-Jun-2006 00:00:00
    Oscillating behavior detected: Relaxation set to 0.900000
 Newton its= 8, linearizations= 9 (0.0sec), linear its= 15 (0.5sec)


Report step 234/247 at day 3159/3312, date = 01-Jul-2006

Starting time step 0, stepsize 31 days, at day 3159/3190, date = 01-Jul-2006
    Well E-3CH control mode changed from RESV to BHP
Restart file written for report step 234/247, date = 01-Jul-2006 00:00:00
 Newton its= 5, linearizations= 6 (0.0sec), linear its= 12 (0.1sec)


Report step 235/247 at day 3190/3312, date = 01-Aug-2006

Starting time step 0, stepsize 14 days, at day 3190/3204, date = 01-Aug-2006
Restart file written for report step 235/247, date = 01-Aug-2006 00:00:00
 Newton its= 3, linearizations= 4 (0.0sec), linear its=  6 (0.1sec)


Report step 236/247 at day 3204/3312, date = 15-Aug-2006

Starting time step 0, stepsize 1 days, at day 3204/3205, date = 15-Aug-2006
 Newton its= 2, linearizations= 3 (0.0sec), linear its=  1 (0.0sec)
Restart file written for report step 236/247, date = 15-Aug-2006 00:00:00


Report step 237/247 at day 3205/3312, date = 16-Aug-2006

Starting time step 0, stepsize 3 days, at day 3205/3221, date = 16-Aug-2006
 Newton its= 2, linearizations= 3 (0.0sec), linear its=  2 (0.0sec)
Restart file written for report step 237/247, date = 16-Aug-2006 00:00:00

Starting time step 1, stepsize 6.5 days, at day 3208/3221, date = 19-Aug-2006
 Newton its= 2, linearizations= 3 (0.0sec), linear its=  4 (0.0sec)

Starting time step 2, stepsize 6.5 days, at day 3214.5/3221, date = 25-Aug-2006
 Newton its= 2, linearizations= 3 (0.0sec), linear its=  3 (0.0sec)


Report step 238/247 at day 3221/3312, date = 01-Sep-2006

Starting time step 0, stepsize 13 days, at day 3221/3234, date = 01-Sep-2006
Restart file written for report step 238/247, date = 01-Sep-2006 00:00:00
 Newton its= 7, linearizations= 8 (0.0sec), linear its= 14 (0.2sec)


Report step 239/247 at day 3234/3312, date = 14-Sep-2006

Starting time step 0, stepsize 17 days, at day 3234/3251, date = 14-Sep-2006
 Newton its= 3, linearizations= 4 (0.0sec), linear its=  7 (0.1sec)
Restart file written for report step 239/247, date = 14-Sep-2006 00:00:00


Report step 240/247 at day 3251/3312, date = 01-Oct-2006

Starting time step 0, stepsize 9 days, at day 3251/3260, date = 01-Oct-2006
Restart file written for report step 240/247, date = 01-Oct-2006 00:00:00
 Newton its= 2, linearizations= 3 (0.0sec), linear its=  4 (0.3sec)


Report step 241/247 at day 3260/3312, date = 10-Oct-2006

Starting time step 0, stepsize 5 days, at day 3260/3265, date = 10-Oct-2006
Restart file written for report step 241/247, date = 10-Oct-2006 00:00:00
 Newton its= 2, linearizations= 3 (0.0sec), linear its=  3 (0.0sec)


Report step 242/247 at day 3265/3312, date = 15-Oct-2006

Starting time step 0, stepsize 8.5 days, at day 3265/3282, date = 15-Oct-2006
Restart file written for report step 242/247, date = 15-Oct-2006 00:00:00
 Newton its= 4, linearizations= 5 (0.0sec), linear its= 11 (0.1sec)

Starting time step 1, stepsize 8.5 days, at day 3273.5/3282, date = 23-Oct-2006
 Newton its= 3, linearizations= 4 (0.0sec), linear its=  9 (0.0sec)


Report step 243/247 at day 3282/3312, date = 01-Nov-2006

Starting time step 0, stepsize 8 days, at day 3282/3290, date = 01-Nov-2006
Restart file written for report step 243/247, date = 01-Nov-2006 00:00:00
 Newton its= 2, linearizations= 3 (0.0sec), linear its=  5 (0.1sec)


Report step 244/247 at day 3290/3312, date = 09-Nov-2006

Starting time step 0, stepsize 2 days, at day 3290/3292, date = 09-Nov-2006
Restart file written for report step 244/247, date = 09-Nov-2006 00:00:00
 Newton its= 2, linearizations= 3 (0.0sec), linear its=  2 (0.0sec)


Report step 245/247 at day 3292/3312, date = 11-Nov-2006

Starting time step 0, stepsize 6 days, at day 3292/3298, date = 11-Nov-2006
Restart file written for report step 245/247, date = 11-Nov-2006 00:00:00
 Newton its= 5, linearizations= 6 (0.0sec), linear its=  9 (0.1sec)


Report step 246/247 at day 3298/3312, date = 17-Nov-2006

Starting time step 0, stepsize 7 days, at day 3298/3312, date = 17-Nov-2006
Restart file written for report step 246/247, date = 17-Nov-2006 00:00:00
 Newton its= 3, linearizations= 4 (0.0sec), linear its=  5 (0.1sec)

Starting time step 1, stepsize 7 days, at day 3305/3312, date = 24-Nov-2006
 Newton its= 2, linearizations= 3 (0.0sec), linear its=  4 (0.0sec)

Restart file written for report step 247/247, date = 01-Dec-2006 00:00:00


================    End of simulation     ===============

Number of MPI processes:        32
Threads per MPI process:         2
Setup time:                      6.29 s
  Deck input:                    2.98 s
Number of timesteps:           359
Simulation time:               183.29 s
  Assembly time:                 9.36 s (Wasted: 0.2 s; 2.5%)
    Well assembly:               5.74 s (Wasted: 0.2 s; 2.6%)
  Linear solve time:            39.96 s (Wasted: 1.1 s; 2.8%)
    Linear setup:               23.60 s (Wasted: 0.8 s; 3.3%)
  Props/update time:            13.23 s (Wasted: 0.3 s; 2.5%)
  Pre/post step:                79.65 s (Wasted: 0.0 s; 0.0%)
  Output write time:             2.27 s
Overall Linearizations:       1762      (Wasted:    42; 2.4%)
Overall Newton Iterations:    1405      (Wasted:    42; 3.0%)
Overall Linear Iterations:    2913      (Wasted:    78; 2.7%)



Error summary:
Warnings          7
Info              2358
Errors            0
Bugs              0
Debug             0
Problems          2

