PERMX
0.0000
0.0000
0.0000
0.0000
0.0000
0.0000
0.0000
0.0000
0.0000
0.0000
0.0000
0.0000
0.0000
0.0000
0.0000
0.0000
0.0000
0.0000
0.0000
0.0000
0.0000
0.0000
0.0000
0.0000
0.0000
0.0000
0.0000
0.0000
0.0000
0.0000
0.0000
0.0000
0.0000
0.0000
0.0000
0.0000
0.0000
0.0000
0.0000
0.0000
0.0000
0.0000
0.0000
0.0000
0.0000
0.0000
0.0000
0.0000
0.0000
0.0000
0.0000
0.0000
0.0000
0.0000
0.0000
0.0000
0.0000
0.0000
0.0000
0.0000
0.0000
0.0000
0.0000
0.0000
0.0000
0.0000
0.0000
0.0000
0.0000
0.0000
0.0000
0.0000
0.0000
0.0000
0.0000
0.0000
0.0000
0.0000
0.0000
0.0000
0.0000
0.0000
0.0000
0.0000
0.0000
0.0000
0.0000
0.0000
0.0000
0.0000
0.0000
0.0000
0.0000
0.0000
0.0000
0.0000
0.0000
0.0000
0.0000
0.0000
0.0000
0.0000
0.0000
0.0000
0.0000
0.0000
0.0000
0.0000
0.0000
0.0000
0.0000
0.0000
0.0000
0.0000
0.0000
0.0000
0.0000
0.0000
0.0000
0.0000
0.0000
0.0000
0.0000
0.0000
0.0000
0.0000
0.0000
0.0000
0.0000
0.0000
0.0000
0.0000
0.0000
0.0000
0.0000
0.0000
0.0000
0.0000
0.0000
0.0000
0.0000
0.0000
0.0000
0.0000
0.0000
0.0000
0.0000
0.0000
0.0000
0.0000
0.0000
0.0000
0.0000
0.0000
0.0000
0.0000
0.0000
0.0000
0.0000
0.0000
0.0000
0.0000
0.0000
0.0000
0.0000
0.0000
0.0000
0.0000
0.0000
0.0000
0.0000
0.0000
0.0000
0.0000
0.0000
0.0000
0.0000
0.0000
0.0000
0.0000
0.0000
0.0000
0.0000
0.0000
0.0000
0.0000
0.0000
0.0000
0.0000
0.0000
0.0000
0.0000
0.0000
0.0000
0.0000
0.0000
0.0000
0.0000
0.0000
0.0000
0.0000
0.0000
0.0000
0.0000
0.0000
0.0000
0.0000
0.0000
0.0000
0.0000
0.0000
0.0000
0.0000
0.0000
0.0000
0.0000
0.0000
0.0000
0.0000
0.0000
0.0000
0.0000
0.0000
0.0000
0.0000
0.0000
0.0000
0.0000
0.0000
0.0000
0.0000
0.0000
0.0000
0.0000
0.0000
0.0000
0.0000
0.0000
0.0000
0.0000
0.0000
0.0000
0.0000
0.0000
0.0000
0.0000
0.0000
0.0000
0.0000
0.0000
0.0000
0.0000
0.0000
0.0000
0.0000
0.0000
0.0000
0.0000
0.0000
0.0000
0.0000
0.0000
0.0000
0.0000
0.0000
0.0000
0.0000
0.0000
0.0000
0.0000
0.0000
0.0000
0.0000
0.0000
0.0000
0.0000
0.0000
0.0000
0.0000
0.0000
0.0000
0.0000
0.0000
0.0000
0.0000
0.0000
0.0000
0.0000
0.0000
0.0000
0.0000
0.0000
0.0000
0.0000
0.0000
0.0000
0.0000
0.0000
0.0000
0.0000
0.0000
0.0000
0.0000
0.0000
0.0000
0.0000
0.0000
0.0000
0.0000
0.0000
0.0000
0.0000
0.0000
0.0000
0.0000
0.0000
0.0000
0.0000
0.0000
0.0000
0.0000
0.0000
0.0000
0.0000
0.0000
0.0000
0.0000
0.0000
0.0000
0.0000
0.0000
0.0000
0.0000
0.0000
0.0000
0.0000
0.0000
0.0000
0.0000
0.0000
0.0000
0.0000
0.0000
0.0000
0.0000
0.0000
0.0000
0.0000
0.0000
0.0000
0.0000
0.0000
0.0000
0.0000
0.0000
0.0000
0.0000
0.0000
0.0000
0.0000
0.0000
0.0000
0.0000
0.0000
0.0000
0.0000
0.0000
0.0000
0.0000
0.0000
0.0000
0.0000
0.0000
0.0000
0.0000
0.0000
0.0000
0.0000
0.0000
0.0000
0.0000
0.0000
0.0000
0.0000
0.0000
0.0000
0.0000
0.0000
0.0000
0.0000
0.0000
0.0000
0.0000
0.0000
0.0000
0.0000
0.0000
0.0000
0.0000
0.0000
0.0000
0.0000
0.0000
0.0000
0.0000
0.0000
0.0000
0.0000
0.0000
0.0000
0.0000
0.0000
0.0000
0.0000
0.0000
0.0000
0.0000
0.0000
0.0000
0.0000
0.0000
0.0000
0.0000
0.0000
0.0000
0.0000
0.0000
0.0000
0.0000
0.0000
0.0000
0.0000
0.0000
0.0000
0.0000
0.0000
0.0000
0.0000
0.0000
0.0000
0.0000
0.0000
0.0000
0.0000
0.0000
0.0000
0.0000
0.0000
0.0000
0.0000
0.0000
0.0000
0.0000
0.0000
0.0000
0.0000
0.0000
0.0000
0.0000
0.0000
0.0000
0.0000
0.0000
0.0000
0.0000
526.0438
716.6696
817.6503
1200.3868
1295.9985
1603.7906
1300.0077
968.3924
1260.1812
1028.3514
927.2906
957.8317
1580.6010
2399.7310
1405.1776
658.8508
535.4452
230.2626
243.4483
250.8053
229.7708
384.7526
642.4388
689.3109
0.0000
0.0000
0.0000
0.0000
0.0000
0.0000
0.0000
0.0000
0.0000
0.0000
0.0000
0.0000
0.0000
0.0000
0.0000
0.0000
0.0000
0.0000
0.0000
0.0000
0.0000
0.0000
503.3648
876.0508
1060.7175
1266.9788
1492.4996
1864.7325
978.9690
859.3594
818.9835
951.6155
1041.9800
1271.6152
1870.7906
1801.3134
1409.3523
912.1638
412.3491
374.3987
229.2187
248.8327
246.0472
307.6811
497.4197
649.1147
0.0000
0.0000
0.0000
0.0000
0.0000
0.0000
0.0000
0.0000
0.0000
0.0000
0.0000
0.0000
0.0000
0.0000
0.0000
0.0000
0.0000
0.0000
0.0000
0.0000
0.0000
0.0000
457.8737
837.2696
1337.1161
1221.9030
1764.4182
1306.7271
933.7949
639.6296
662.4920
939.3554
1192.4092
1506.8635
2120.3250
2849.8506
1703.5708
996.8868
444.2652
329.5812
328.3189
319.6306
342.2806
463.2674
279.0872
344.6975
0.0000
0.0000
0.0000
0.0000
0.0000
0.0000
0.0000
0.0000
0.0000
0.0000
0.0000
0.0000
0.0000
0.0000
0.0000
0.0000
0.0000
0.0000
0.0000
0.0000
0.0000
0.0000
640.3602
628.4124
1339.1158
1382.6855
1698.3788
1295.9832
1131.2571
670.3101
798.2253
976.0964
1303.1254
1350.9225
1892.9185
1548.6917
1378.1794
858.8290
595.7932
426.1260
438.4398
377.4183
407.4394
467.3903
300.4897
364.7925
0.0000
0.0000
0.0000
0.0000
0.0000
0.0000
0.0000
0.0000
0.0000
0.0000
0.0000
0.0000
0.0000
0.0000
0.0000
0.0000
0.0000
0.0000
0.0000
0.0000
0.0000
0.0000
564.3647
919.3491
739.7479
686.1664
725.1684
790.6024
718.0787
976.9077
1082.2996
917.9127
1067.3810
989.7845
994.6763
1086.8221
1122.4948
771.7700
469.1194
381.3532
364.4522
556.5466
390.8984
503.0846
544.4111
487.6050
0.0000
0.0000
0.0000
0.0000
0.0000
0.0000
0.0000
0.0000
0.0000
0.0000
0.0000
0.0000
0.0000
0.0000
0.0000
0.0000
0.0000
0.0000
0.0000
0.0000
0.0000
0.0000
748.0115
781.0224
516.7277
575.1899
424.6032
414.4245
519.6259
511.3456
538.6777
667.9725
636.4709
614.1024
1031.4467
837.2143
832.9085
549.1469
403.1741
525.9927
406.2093
450.5192
441.4660
517.4974
539.7015
400.7309
0.0000
0.0000
0.0000
0.0000
0.0000
0.0000
0.0000
0.0000
0.0000
0.0000
0.0000
0.0000
0.0000
0.0000
0.0000
0.0000
0.0000
0.0000
0.0000
0.0000
0.0000
0.0000
689.7888
415.4003
286.2997
341.6004
589.9819
373.6682
486.2502
451.8274
434.1220
507.1417
537.4730
591.2457
595.6592
610.4041
550.7095
520.4888
561.2408
592.4799
553.8846
437.8870
365.1715
362.7846
377.1346
692.2429
0.0000
0.0000
0.0000
0.0000
0.0000
0.0000
0.0000
0.0000
0.0000
0.0000
0.0000
0.0000
0.0000
0.0000
0.0000
0.0000
0.0000
0.0000
0.0000
0.0000
0.0000
0.0000
495.4834
347.3451
322.5594
334.7997
374.9298
416.8293
486.6936
416.7578
284.6799
304.2888
375.4907
491.7522
634.4065
540.9387
408.0697
461.9922
437.9938
354.7831
605.1867
418.2719
552.9051
415.7201
531.0732
460.8668
0.0000
0.0000
0.0000
0.0000
0.0000
0.0000
0.0000
0.0000
0.0000
0.0000
0.0000
0.0000
0.0000
0.0000
0.0000
0.0000
0.0000
0.0000
0.0000
0.0000
0.0000
0.0000
496.4408
352.4958
288.3113
365.3408
281.2161
261.2640
401.7606
465.4542
235.3395
377.0040
332.6541
405.5638
482.7186
347.5385
295.1991
250.7327
289.7119
340.6407
469.0215
437.9788
526.5630
512.9967
345.3614
370.3566
0.0000
0.0000
0.0000
0.0000
0.0000
0.0000
0.0000
0.0000
0.0000
0.0000
0.0000
0.0000
0.0000
0.0000
0.0000
0.0000
0.0000
0.0000
0.0000
0.0000
0.0000
0.0000
410.6833
388.4216
360.5498
389.9727
315.6545
282.1389
446.7816
229.9839
341.9836
434.7486
374.5535
342.4465
455.9827
375.5067
292.9956
224.2645
275.6747
359.3997
288.1400
342.6187
510.7855
375.8060
345.9596
299.8176
0.0000
0.0000
0.0000
0.0000
0.0000
0.0000
0.0000
0.0000
0.0000
0.0000
0.0000
0.0000
0.0000
0.0000
0.0000
0.0000
0.0000
0.0000
0.0000
0.0000
0.0000
0.0000
376.2979
385.0992
334.6577
230.7555
329.6783
349.6306
365.5415
250.4372
373.5471
585.1039
370.0307
324.4910
254.6109
286.5350
296.9253
304.5730
267.7726
239.6024
312.8161
487.6317
238.8589
279.4360
231.0172
431.8160
0.0000
0.0000
0.0000
0.0000
0.0000
0.0000
0.0000
0.0000
0.0000
0.0000
0.0000
0.0000
0.0000
0.0000
0.0000
0.0000
0.0000
0.0000
0.0000
0.0000
0.0000
0.0000
704.1559
624.5963
355.3151
268.8827
241.4639
278.9183
234.1112
361.7310
313.3453
406.7243
397.7439
291.0732
308.5544
308.1173
280.4369
364.3421
223.8729
390.7629
331.8617
300.6210
228.5724
165.5797
286.7711
376.2399
0.0000
0.0000
0.0000
0.0000
0.0000
0.0000
0.0000
0.0000
0.0000
0.0000
0.0000
0.0000
0.0000
0.0000
0.0000
0.0000
0.0000
0.0000
0.0000
0.0000
0.0000
0.0000
932.8344
699.4081
366.2713
348.6790
316.1208
432.3675
284.4830
312.7855
383.7014
250.8478
291.2205
220.8140
474.9547
291.4802
392.4365
484.5986
383.2058
326.2256
334.7402
261.6307
303.4511
272.1232
329.2704
367.4428
0.0000
0.0000
0.0000
0.0000
0.0000
0.0000
0.0000
0.0000
0.0000
0.0000
0.0000
0.0000
0.0000
0.0000
0.0000
0.0000
0.0000
0.0000
0.0000
0.0000
0.0000
0.0000
898.0369
826.3633
646.8199
413.8973
331.3403
375.5981
314.8460
376.2869
482.4876
364.7990
381.5288
402.6996
407.0370
461.3353
391.2579
416.5948
416.3875
425.3232
267.5242
273.2529
390.3371
302.9341
386.6601
381.3938
0.0000
0.0000
0.0000
0.0000
0.0000
0.0000
0.0000
0.0000
0.0000
0.0000
0.0000
0.0000
0.0000
0.0000
0.0000
0.0000
0.0000
0.0000
0.0000
0.0000
0.0000
0.0000
1043.9186
923.2078
755.0060
632.7928
448.1141
475.7356
309.8410
391.1194
600.9633
531.0986
564.7393
638.7529
424.6823
475.8033
467.3152
437.3401
452.4844
413.3186
396.8969
378.7953
367.7033
353.4123
357.9303
401.4854
0.0000
0.0000
0.0000
0.0000
0.0000
0.0000
0.0000
0.0000
0.0000
0.0000
0.0000
0.0000
0.0000
0.0000
0.0000
0.0000
0.0000
0.0000
0.0000
0.0000
0.0000
0.0000
847.7792
986.4133
800.3970
1016.7271
965.9156
736.7761
597.9276
650.8483
469.5676
684.6818
494.9971
492.3842
461.2302
304.9389
408.1218
387.5539
506.2911
437.6759
404.4298
355.6794
290.1305
230.9601
384.4664
292.6253
0.0000
0.0000
0.0000
0.0000
0.0000
0.0000
0.0000
0.0000
0.0000
0.0000
0.0000
0.0000
0.0000
0.0000
0.0000
0.0000
0.0000
0.0000
0.0000
0.0000
0.0000
0.0000
1353.2408
1115.6198
1393.4608
920.5293
960.5658
736.9260
752.9677
691.4969
688.8931
607.3509
442.1316
413.8999
332.9670
335.3512
407.1180
404.2848
454.9228
496.8451
423.6017
411.0217
281.9267
304.6019
318.0475
231.4250
0.0000
0.0000
0.0000
0.0000
0.0000
0.0000
0.0000
0.0000
0.0000
0.0000
0.0000
0.0000
0.0000
0.0000
0.0000
0.0000
0.0000
0.0000
0.0000
0.0000
0.0000
0.0000
2344.0933
1531.8450
1040.9042
1549.4364
1556.2803
657.2512
759.3234
778.4725
614.6232
436.0885
477.0800
371.1261
351.3485
353.7032
463.6851
464.8949
593.4003
482.0401
501.8019
382.5382
314.0350
420.8297
438.8518
231.9863
0.0000
0.0000
0.0000
0.0000
0.0000
0.0000
0.0000
0.0000
0.0000
0.0000
0.0000
0.0000
0.0000
0.0000
0.0000
0.0000
0.0000
0.0000
0.0000
0.0000
0.0000
0.0000
1516.4753
1498.7551
1327.3868
1536.5040
1578.7352
1077.9574
958.9189
803.2803
604.3217
612.1634
340.4462
246.5340
389.5223
258.1991
400.8077
361.3470
555.5504
748.1705
540.8848
464.0568
546.2967
434.3665
311.5164
398.9088
0.0000
0.0000
0.0000
0.0000
0.0000
0.0000
0.0000
0.0000
0.0000
0.0000
0.0000
0.0000
0.0000
0.0000
0.0000
0.0000
0.0000
0.0000
0.0000
0.0000
0.0000
0.0000
1372.3007
1167.5604
1125.0162
1572.4662
1861.4019
1422.2426
1013.1451
1093.9877
834.1984
864.3840
432.6943
248.3884
257.7476
332.0532
343.5677
412.3080
494.0250
828.7423
631.9440
784.4781
533.9396
352.6504
413.9391
342.2180
0.0000
0.0000
0.0000
0.0000
0.0000
0.0000
0.0000
0.0000
0.0000
0.0000
0.0000
0.0000
0.0000
0.0000
0.0000
0.0000
0.0000
0.0000
0.0000
0.0000
0.0000
0.0000
1684.4556
1201.2517
1205.3531
2722.7886
2393.7539
1484.1788
1068.1411
805.7373
629.0117
625.6114
478.5511
435.8880
451.6335
381.0764
421.3613
519.8658
663.6797
674.1254
715.4824
663.5851
639.5423
386.5949
453.8056
351.4551
0.0000
0.0000
0.0000
0.0000
0.0000
0.0000
0.0000
0.0000
0.0000
0.0000
0.0000
0.0000
0.0000
0.0000
0.0000
0.0000
0.0000
0.0000
0.0000
0.0000
0.0000
0.0000
1430.0945
1406.4482
1399.7852
2838.6814
2644.6367
1381.3641
1067.9014
604.0078
686.7145
609.9136
623.1715
613.2246
621.9092
494.6499
483.7923
560.2303
622.1328
1048.5013
1031.5861
919.1449
696.9859
589.1065
724.7217
590.0446
0.0000
0.0000
0.0000
0.0000
0.0000
0.0000
0.0000
0.0000
0.0000
0.0000
0.0000
0.0000
0.0000
0.0000
0.0000
0.0000
0.0000
0.0000
0.0000
0.0000
0.0000
0.0000
1030.3566
997.9789
1517.6759
2406.4585
2092.1609
1740.3153
1222.0570
871.5466
724.8231
707.3914
794.0643
675.3850
856.2921
689.2742
546.1737
499.6372
642.1086
890.5995
930.2881
1173.5679
953.1790
829.9919
949.4193
642.4545
0.0000
0.0000
0.0000
0.0000
0.0000
0.0000
0.0000
0.0000
0.0000
0.0000
0.0000
0.0000
0.0000
0.0000
0.0000
0.0000
0.0000
0.0000
0.0000
0.0000
0.0000
0.0000
938.4717
1229.3385
1822.2968
1960.7046
2123.2583
1661.6951
1079.1328
948.4954
755.5546
678.3527
873.7048
838.7926
653.9017
1136.3586
923.3934
1114.4203
1612.5120
1180.0259
824.8732
1077.4868
995.2429
1186.0183
1310.3358
814.5790
0.0000
0.0000
0.0000
0.0000
0.0000
0.0000
0.0000
0.0000
0.0000
0.0000
0.0000
0.0000
0.0000
0.0000
0.0000
0.0000
0.0000
0.0000
0.0000
0.0000
0.0000
0.0000
756.9057
955.5739
1627.9569
1217.3512
1058.8333
1171.1198
990.3525
718.6577
682.3514
716.7646
831.8096
997.0481
946.7391
1087.0568
1386.6189
1604.4823
1139.3685
1219.1152
1046.6899
1170.1116
1232.6094
1296.6344
1149.9677
1127.0829
0.0000
0.0000
0.0000
0.0000
0.0000
0.0000
0.0000
0.0000
0.0000
0.0000
0.0000
0.0000
0.0000
0.0000
0.0000
0.0000
0.0000
0.0000
0.0000
0.0000
0.0000
0.0000
595.2776
823.7658
1158.3387
905.2272
1042.4017
1013.7336
887.2463
845.6752
941.3929
686.2092
716.8237
1046.6608
1053.7599
1495.0906
1567.0770
1244.4594
1106.4639
1079.4745
1096.0363
1101.3157
1040.5660
1343.0529
1152.4723
1034.1448
0.0000
0.0000
0.0000
0.0000
0.0000
0.0000
0.0000
0.0000
0.0000
0.0000
0.0000
0.0000
0.0000
0.0000
0.0000
0.0000
0.0000
0.0000
0.0000
0.0000
0.0000
0.0000
638.5209
883.4305
767.0425
732.9127
1034.8451
993.7101
873.8181
1031.6165
1188.4724
1113.8998
1016.5253
1263.6602
1351.3234
1606.9521
1927.3356
1494.7310
1578.0483
1523.5944
1265.2141
1321.9698
949.6456
1301.0087
1617.8583
934.1835
0.0000
0.0000
0.0000
0.0000
0.0000
0.0000
0.0000
0.0000
0.0000
0.0000
0.0000
0.0000
0.0000
0.0000
0.0000
0.0000
0.0000
0.0000
0.0000
0.0000
0.0000
0.0000
615.4583
730.0121
910.9493
1576.7725
1367.4790
1166.7955
1112.1650
1379.5691
1305.0211
1237.4561
1544.2626
1467.1798
1490.9371
1695.9231
1518.5934
2212.1338
1870.4763
1704.0872
2274.8987
1305.4218
1189.9290
1389.4828
1914.2202
884.6646
0.0000
0.0000
0.0000
0.0000
0.0000
0.0000
0.0000
0.0000
0.0000
0.0000
0.0000
0.0000
0.0000
0.0000
0.0000
0.0000
0.0000
0.0000
0.0000
0.0000
0.0000
0.0000
597.4831
794.6065
1161.5127
1372.0868
1139.6276
879.4726
761.0594
1335.3099
1200.6910
1373.7850
1667.3586
1395.9305
1755.9233
2309.8003
2117.5088
1414.2903
3108.1641
2584.6113
1854.4236
1756.2885
1278.5835
1822.8625
2586.7437
1555.3489
0.0000
0.0000
0.0000
0.0000
0.0000
0.0000
0.0000
0.0000
0.0000
0.0000
0.0000
0.0000
0.0000
0.0000
0.0000
0.0000
0.0000
0.0000
0.0000
0.0000
0.0000
0.0000
573.0891
795.8243
1008.5392
1229.3663
1352.4725
963.9814
872.0429
1011.4681
1224.3690
1162.9556
1180.5585
1386.8271
2493.3586
2690.8999
1700.8708
1789.5261
1925.9713
2510.5981
2183.4434
2140.0862
2113.8105
2569.5388
1598.4473
2296.1536
0.0000
0.0000
0.0000
0.0000
0.0000
0.0000
0.0000
0.0000
0.0000
0.0000
0.0000
0.0000
0.0000
0.0000
0.0000
0.0000
0.0000
0.0000
0.0000
0.0000
0.0000
0.0000
295.7468
494.8939
602.3754
820.2803
1391.1252
840.2191
784.4334
911.7223
837.3661
1155.9769
1035.3156
1231.0953
2282.7224
3409.3120
2858.5952
1811.9678
1596.6802
2239.1821
2067.4067
2376.7261
2211.8684
3075.4438
2109.3853
1426.7185
0.0000
0.0000
0.0000
0.0000
0.0000
0.0000
0.0000
0.0000
0.0000
0.0000
0.0000
0.0000
0.0000
0.0000
0.0000
0.0000
0.0000
0.0000
0.0000
0.0000
0.0000
0.0000
243.3329
327.3484
491.9606
583.8245
780.3249
828.4931
770.8758
710.4153
782.7606
1097.2383
1169.7467
1405.2504
1532.2438
1466.5502
1708.3765
2091.4072
1684.0616
2076.8625
2246.9856
3019.7356
3290.6318
2825.7151
1676.3260
1823.2668
0.0000
0.0000
0.0000
0.0000
0.0000
0.0000
0.0000
0.0000
0.0000
0.0000
0.0000
0.0000
0.0000
0.0000
0.0000
0.0000
0.0000
0.0000
0.0000
0.0000
0.0000
0.0000
293.4512
262.6801
321.9176
391.1989
558.8124
735.4055
567.7266
624.9553
593.2358
603.9940
1002.9074
1063.2390
1012.5130
1118.0638
1361.2111
1073.7476
1485.9836
2506.0469
3150.6592
3657.2346
3261.5476
2934.3242
1816.5272
1933.1943
0.0000
0.0000
0.0000
0.0000
0.0000
0.0000
0.0000
0.0000
0.0000
0.0000
0.0000
0.0000
0.0000
0.0000
0.0000
0.0000
0.0000
0.0000
0.0000
0.0000
0.0000
0.0000
409.0175
303.5119
399.6307
424.4980
546.1415
659.4534
480.5146
437.1792
578.1793
627.9653
914.3113
876.1815
681.0582
849.6828
647.2842
659.4575
970.3282
2010.1709
2365.2864
3011.4504
3453.1833
1763.3479
1174.3816
1293.8683
0.0000
0.0000
0.0000
0.0000
0.0000
0.0000
0.0000
0.0000
0.0000
0.0000
0.0000
0.0000
0.0000
0.0000
0.0000
0.0000
0.0000
0.0000
0.0000
0.0000
0.0000
0.0000
241.7729
315.2878
466.7050
456.6305
666.4819
507.7885
462.4507
459.0807
513.8600
505.8947
397.3376
664.4713
695.9124
785.4095
874.8423
768.7184
1091.1906
1627.8174
2985.4587
2795.4929
2184.0535
1706.9033
1484.2657
964.2104
0.0000
0.0000
0.0000
0.0000
0.0000
0.0000
0.0000
0.0000
0.0000
0.0000
0.0000
0.0000
0.0000
0.0000
0.0000
0.0000
0.0000
0.0000
0.0000
0.0000
0.0000
0.0000
152.8460
266.9828
429.4847
361.9114
498.1597
418.6206
575.5839
506.2623
510.4274
468.9943
403.8557
499.9180
450.9137
665.9225
953.4000
1030.4539
877.5500
1970.0100
2425.2847
1633.4867
1798.4296
1931.7716
1702.9694
1360.0826
0.0000
0.0000
0.0000
0.0000
0.0000
0.0000
0.0000
0.0000
0.0000
0.0000
0.0000
0.0000
0.0000
0.0000
0.0000
0.0000
0.0000
0.0000
0.0000
0.0000
0.0000
0.0000
184.6373
362.9541
393.2821
441.3836
541.1085
494.6519
501.7614
553.7863
499.7616
443.7134
363.2684
548.6567
491.9172
944.4490
1369.8375
830.7494
935.7052
1990.4573
1594.9545
1672.6658
1194.3457
1088.8805
1099.9156
882.3420
0.0000
0.0000
0.0000
0.0000
0.0000
0.0000
0.0000
0.0000
0.0000
0.0000
0.0000
0.0000
0.0000
0.0000
0.0000
0.0000
0.0000
0.0000
0.0000
0.0000
0.0000
0.0000
232.7349
303.7239
466.3045
726.0377
615.1971
449.7739
395.3165
356.2987
364.0191
501.7373
588.6771
500.6836
545.9219
792.4971
1343.0983
743.0049
535.0861
773.4191
811.3265
1205.2399
738.4632
694.0912
694.8600
681.5732
0.0000
0.0000
0.0000
0.0000
0.0000
0.0000
0.0000
0.0000
0.0000
0.0000
0.0000
0.0000
0.0000
0.0000
0.0000
0.0000
0.0000
0.0000
0.0000
0.0000
0.0000
0.0000
355.3051
409.6386
491.7699
355.9877
423.3237
413.0756
351.4543
260.2289
383.0636
553.2199
565.7914
598.3384
457.3717
836.2477
845.3691
753.6892
759.0961
472.7674
799.5455
993.3891
906.0570
848.4380
517.3609
684.6566
0.0000
0.0000
0.0000
0.0000
0.0000
0.0000
0.0000
0.0000
0.0000
0.0000
0.0000
0.0000
0.0000
0.0000
0.0000
0.0000
0.0000
0.0000
0.0000
0.0000
0.0000
0.0000
455.8777
497.3231
320.6191
372.3539
235.8703
279.7491
329.5608
573.3397
610.2490
608.4866
705.4848
698.4248
641.0278
659.0662
905.2235
571.4337
644.2128
616.3630
815.7278
869.8567
752.4709
682.6187
667.8024
587.7258
517.2650
0.0000
0.0000
0.0000
0.0000
0.0000
0.0000
0.0000
0.0000
0.0000
0.0000
0.0000
0.0000
0.0000
0.0000
0.0000
0.0000
0.0000
0.0000
0.0000
0.0000
0.0000
489.3718
585.6963
429.3851
439.5313
263.9418
470.8806
576.1732
426.8013
420.1757
424.3409
554.3338
786.4562
624.9137
439.5212
665.7773
649.8601
533.0007
395.0588
562.5024
924.0662
973.5320
515.9998
588.9380
535.0717
518.0064
0.0000
0.0000
0.0000
0.0000
0.0000
0.0000
0.0000
0.0000
0.0000
0.0000
0.0000
0.0000
0.0000
0.0000
0.0000
0.0000
0.0000
0.0000
0.0000
0.0000
0.0000
386.0223
462.4585
398.7924
399.7474
277.3339
265.0271
345.9409
369.1732
378.5957
495.7929
342.3473
482.7199
350.3961
461.5970
819.6547
642.9882
580.9153
397.4571
400.3932
473.4046
532.1570
460.4295
473.5315
593.7540
673.0394
970.2670
0.0000
0.0000
0.0000
0.0000
0.0000
0.0000
0.0000
0.0000
0.0000
0.0000
0.0000
0.0000
0.0000
0.0000
0.0000
0.0000
0.0000
0.0000
0.0000
0.0000
214.3507
218.4808
429.4161
342.6450
362.2752
329.7812
243.9287
284.7544
286.9502
499.1394
473.7248
436.5962
399.4854
376.5044
668.6805
634.4614
594.9481
509.9112
388.0224
229.0549
319.2206
297.0032
366.5377
720.5800
1066.9512
542.8707
534.7460
0.0000
0.0000
0.0000
0.0000
0.0000
0.0000
0.0000
0.0000
0.0000
0.0000
0.0000
0.0000
0.0000
0.0000
0.0000
0.0000
0.0000
0.0000
0.0000
240.5016
179.8698
358.4088
392.7726
343.3548
243.8908
289.1599
322.4264
248.0336
369.8614
631.7056
601.8553
477.5588
378.1697
475.4156
412.8087
462.7190
336.0612
308.8025
458.4702
369.6794
353.2406
507.1775
519.2928
593.1699
493.4041
512.4661
414.2861
0.0000
0.0000
0.0000
0.0000
0.0000
0.0000
0.0000
0.0000
0.0000
0.0000
0.0000
0.0000
0.0000
0.0000
0.0000
0.0000
0.0000
0.0000
162.6203
227.6133
379.2698
373.4153
599.6691
527.1253
348.3166
313.9299
470.6702
375.6783
627.6472
549.7368
731.6908
973.1147
703.4927
409.4374
334.4108
440.1754
432.7491
416.8300
270.5323
355.5496
366.2689
519.5721
567.6994
335.4894
568.8549
381.0662
0.0000
0.0000
0.0000
0.0000
0.0000
0.0000
0.0000
0.0000
0.0000
0.0000
0.0000
0.0000
0.0000
0.0000
0.0000
0.0000
0.0000
0.0000
115.0240
158.5275
320.8747
482.2340
546.0670
625.4501
340.1009
335.3271
509.3955
680.9490
555.8307
511.2515
680.9219
819.1035
659.2344
402.9330
368.9457
390.9724
338.8135
367.9828
285.5457
320.2435
351.7859
405.9337
533.3222
536.0688
537.2558
533.9616
253.2137
0.0000
0.0000
0.0000
0.0000
0.0000
0.0000
0.0000
0.0000
0.0000
0.0000
0.0000
0.0000
0.0000
0.0000
0.0000
0.0000
0.0000
185.2637
193.9751
318.6968
397.7080
549.7239
614.7574
542.4553
439.2070
512.0464
686.1924
641.0551
787.4799
663.3235
738.7534
528.2849
364.8713
329.6912
382.7437
284.2502
194.9661
269.2783
401.7283
498.4660
507.9417
783.0981
559.7054
442.4768
476.9386
375.2614
0.0000
0.0000
0.0000
0.0000
0.0000
0.0000
0.0000
0.0000
0.0000
0.0000
0.0000
0.0000
0.0000
0.0000
0.0000
0.0000
0.0000
144.5270
321.9942
253.6117
503.3568
607.5191
696.7715
517.8353
611.2522
633.2029
752.4300
678.3333
816.3264
836.0747
978.5065
662.5378
535.1282
419.2286
385.5045
331.1223
304.8501
196.6737
386.7669
572.8602
634.7676
697.8171
721.1276
755.8685
696.8846
475.9817
382.9056
0.0000
0.0000
0.0000
0.0000
0.0000
0.0000
0.0000
0.0000
0.0000
0.0000
0.0000
0.0000
0.0000
0.0000
0.0000
0.0000
340.1628
424.5002
380.1371
524.9611
702.6344
830.1431
910.4998
686.7675
625.0304
935.0229
1042.0903
959.9131
965.6736
1123.0443
927.5449
723.5092
581.4567
447.0486
407.9597
341.3654
389.6703
418.5025
562.1521
582.9997
888.9774
713.1628
957.8679
742.9129
456.2679
639.2318
296.3528
0.0000
0.0000
0.0000
0.0000
0.0000
0.0000
0.0000
0.0000
0.0000
0.0000
0.0000
0.0000
0.0000
0.0000
0.0000
498.1147
419.7483
394.6296
933.2135
1003.8162
1008.0091
1294.1841
829.8184
773.6184
930.8461
912.4483
1091.6393
1171.8546
1299.0193
1033.0372
709.8640
748.3307
588.4301
453.9650
413.9788
383.0352
444.3406
627.4532
878.4686
883.3489
715.7919
781.3898
834.5948
691.5724
561.9971
501.3709
466.6159
0.0000
0.0000
0.0000
0.0000
0.0000
0.0000
0.0000
0.0000
0.0000
0.0000
0.0000
0.0000
0.0000
0.0000
591.1273
526.9609
639.7178
1136.2832
1585.3280
1577.0518
1227.4928
893.5540
1056.6580
969.5113
1510.8873
1723.0826
1988.2856
1298.6399
944.3928
649.7526
897.3118
527.2459
445.3010
717.4416
675.5536
916.2426
707.6818
776.9424
856.8516
1057.4135
743.1943
602.8179
742.3146
726.2809
712.5771
548.2625
638.4938
0.0000
0.0000
0.0000
0.0000
0.0000
0.0000
0.0000
0.0000
0.0000
0.0000
0.0000
0.0000
0.0000
657.4796
781.7463
1194.0259
1623.7228
1421.1622
2167.1431
1326.3560
1220.6360
1847.1007
1381.2426
1494.8820
1767.2494
1833.0560
1389.0931
1253.3528
712.3304
549.4731
559.2456
550.5804
689.5862
907.2203
1158.8835
895.3203
695.6063
667.4719
887.9724
572.1815
436.7953
663.7855
587.3095
806.5131
724.8170
791.7620
0.0000
0.0000
0.0000
0.0000
0.0000
0.0000
0.0000
0.0000
0.0000
0.0000
0.0000
0.0000
0.0000
1014.0018
1135.9368
1430.7758
1469.3328
2808.8921
3512.7500
2456.8469
1270.3987
1633.2043
1432.0151
1669.9454
1767.2004
1877.4308
1674.3915
1507.4760
880.1028
687.6591
499.4951
467.4593
765.5672
923.6587
838.5532
678.0334
634.4617
525.3723
557.8320
484.9213
446.2648
486.4453
564.7142
539.8005
665.9476
1027.3986
605.9755
0.0000
0.0000
0.0000
0.0000
0.0000
0.0000
0.0000
0.0000
0.0000
0.0000
0.0000
0.0000
1058.6884
1497.4868
1421.4596
1376.5808
2145.4336
1714.9875
1937.9911
1455.7341
2057.7595
2137.6370
1699.8186
2209.0742
1696.0514
1484.1254
1298.9313
701.8406
334.8297
276.2135
393.4102
449.5935
497.0799
941.0143
491.3678
500.8202
747.6498
557.3054
411.9976
376.0367
383.5669
466.9565
457.6475
706.6798
847.0517
724.5439
400.9704
0.0000
0.0000
0.0000
0.0000
0.0000
0.0000
0.0000
0.0000
0.0000
0.0000
0.0000
1647.1554
1610.3394
1008.3825
1163.7159
1098.4459
1351.3645
2288.3083
2060.7871
1990.4806
1237.9072
1439.8340
1695.1691
1023.5203
1406.1620
999.9400
599.1249
407.6247
368.1404
520.6683
370.4865
280.3880
401.5504
412.1382
323.1428
477.3427
435.4154
232.7493
404.0246
385.4868
343.0173
445.5096
523.9036
611.9583
523.9659
221.4616
216.6582
0.0000
0.0000
0.0000
0.0000
0.0000
0.0000
0.0000
0.0000
0.0000
0.0000
858.6337
1075.6240
808.2006
721.7932
1387.6748
1431.3696
2009.0682
2413.6714
2074.2627
1778.8684
1524.7615
1717.6237
1094.7653
1153.4194
852.4594
618.1667
629.8766
497.2428
643.2767
336.4395
353.0629
317.6982
334.4333
326.7682
483.1633
314.8662
334.0758
263.1473
290.1856
299.8920
322.8691
355.7197
494.3381
329.8144
210.5598
149.7275
0.0000
0.0000
0.0000
0.0000
0.0000
0.0000
0.0000
0.0000
0.0000
0.0000
896.7117
849.4145
612.6955
807.0500
858.1319
2163.8137
1789.5864
1985.2249
1809.3918
1723.2928
1273.2662
1220.7195
737.6771
702.0925
797.3745
646.1349
783.8649
657.5870
713.5910
446.7440
365.1295
414.5800
305.9636
342.5068
324.3497
386.4707
283.3857
256.4580
275.2810
333.3207
378.7695
407.3878
303.2777
492.7430
326.3114
285.9838
0.0000
0.0000
0.0000
0.0000
0.0000
0.0000
0.0000
0.0000
0.0000
0.0000
595.9915
539.2183
428.2174
640.2634
779.9256
1301.0311
1485.7471
1646.3286
1531.6663
1057.1385
1163.9624
967.3210
776.2975
1075.2100
778.3327
826.1616
1018.8247
1023.0655
680.8344
491.1669
274.1068
252.3044
236.8648
202.3002
397.2401
426.6996
385.4524
216.1854
248.4576
249.8237
345.4430
265.8386
274.0310
438.9743
289.3275
360.7720
0.0000
0.0000
0.0000
0.0000
0.0000
0.0000
0.0000
0.0000
0.0000
0.0000
578.8588
583.4726
496.3629
486.3632
634.6232
956.8040
1549.5741
1466.8112
1059.7059
1298.2313
1109.6835
960.7658
854.4575
964.5925
1111.6772
1436.4969
957.3922
681.0522
600.1167
381.3983
361.6071
258.0670
161.4183
204.5328
215.7366
374.9576
497.7001
267.5689
302.8882
250.2590
191.8036
205.8792
261.6374
344.5542
445.6655
415.8587
0.0000
0.0000
0.0000
0.0000
0.0000
0.0000
0.0000
0.0000
0.0000
0.0000
397.6500
401.8036
353.6338
397.2816
620.6108
960.6699
1217.6279
781.5933
885.6645
998.1672
792.6273
956.1370
795.8563
869.6971
0.0000
0.0000
747.4343
521.7262
571.8824
293.9097
219.4743
166.3020
86.9167
82.0443
147.9806
282.2322
349.5726
341.1599
297.7900
380.0876
282.3854
276.6860
207.8930
350.5510
267.9982
384.8304
0.0000
0.0000
0.0000
0.0000
0.0000
0.0000
0.0000
0.0000
0.0000
0.0000
281.1093
256.7739
225.3814
279.2556
522.3386
810.2948
776.8230
506.2327
608.7036
729.1711
759.6326
623.5247
708.6624
614.7993
0.0000
0.0000
0.0000
0.0000
0.0000
0.0000
0.0000
0.0000
0.0000
0.0000
107.6748
131.7349
171.0275
235.8007
251.8961
315.9299
333.4104
239.4847
381.3899
220.6618
190.6139
263.2780
0.0000
0.0000
0.0000
0.0000
0.0000
0.0000
0.0000
0.0000
0.0000
0.0000
502.0114
378.3682
292.5365
389.8606
398.0467
590.6881
470.5547
601.0731
412.4659
390.1847
479.7043
377.6520
391.4530
410.8984
0.0000
0.0000
0.0000
0.0000
0.0000
0.0000
0.0000
0.0000
0.0000
0.0000
81.9493
68.1971
123.2804
195.2315
187.3927
217.7705
298.5317
245.8033
284.8449
432.7128
292.0978
302.0192
0.0000
0.0000
0.0000
0.0000
0.0000
0.0000
0.0000
0.0000
0.0000
0.0000
411.2793
366.9375
270.0516
495.8372
482.8185
419.9171
419.2629
404.6896
301.0519
259.9406
240.6120
228.6247
220.8106
311.9268
0.0000
0.0000
0.0000
0.0000
0.0000
0.0000
0.0000
0.0000
0.0000
0.0000
105.9653
93.1632
87.1063
160.8627
159.0790
245.3905
238.9691
177.4970
306.9651
370.9315
363.1153
368.1298
0.0000
0.0000
0.0000
0.0000
0.0000
0.0000
0.0000
0.0000
0.0000
0.0000
348.9911
256.3667
393.1126
391.0900
334.9882
393.8876
499.8407
524.2140
356.6337
258.2535
236.0016
240.3248
188.3581
171.9162
0.0000
0.0000
0.0000
0.0000
0.0000
0.0000
0.0000
0.0000
0.0000
0.0000
111.6756
120.8051
98.4159
102.7010
154.0058
171.7930
237.0836
276.0854
254.8699
358.4550
447.6425
706.2283
0.0000
0.0000
0.0000
0.0000
0.0000
0.0000
0.0000
0.0000
0.0000
0.0000
350.2324
244.7145
321.7128
292.9467
327.7518
343.3220
367.0371
468.9799
439.6544
394.4511
287.3037
169.6238
216.1165
183.6298
0.0000
0.0000
0.0000
0.0000
0.0000
0.0000
0.0000
0.0000
0.0000
0.0000
107.3412
98.6628
103.6772
161.4760
102.9151
93.5016
138.9016
274.2439
321.7585
425.2723
560.4505
628.6418
0.0000
0.0000
0.0000
0.0000
0.0000
0.0000
0.0000
0.0000
0.0000
0.0000
454.2961
358.4851
459.7188
298.3880
290.5770
385.9061
394.7413
362.9700
395.2711
649.8342
282.8187
322.2760
210.5480
136.3673
0.0000
0.0000
0.0000
0.0000
0.0000
0.0000
0.0000
0.0000
0.0000
0.0000
86.0273
89.2326
109.7977
161.2343
143.8965
117.0791
165.1459
263.1783
265.6882
309.0268
426.1512
691.7601
0.0000
0.0000
0.0000
0.0000
0.0000
0.0000
0.0000
0.0000
0.0000
0.0000
444.9519
527.0500
360.4179
344.0705
333.3050
327.7231
298.5952
322.0494
427.0600
396.3301
262.8548
310.0623
211.1738
141.2198
0.0000
0.0000
0.0000
0.0000
0.0000
0.0000
0.0000
0.0000
0.0000
0.0000
67.1689
87.8384
89.1387
138.1650
124.2026
145.4044
193.2852
175.0921
221.4150
329.1622
471.7029
504.1168
0.0000
0.0000
0.0000
0.0000
0.0000
0.0000
0.0000
0.0000
0.0000
0.0000
234.6013
317.3037
400.2931
368.4471
345.3623
320.9350
242.3685
180.5504
285.3418
320.9090
223.6686
335.1945
234.1608
123.6955
0.0000
0.0000
0.0000
0.0000
0.0000
0.0000
0.0000
0.0000
0.0000
0.0000
78.9456
65.7150
108.3678
178.5710
178.5764
211.8600
209.0183
205.3405
185.7277
311.6170
473.8017
488.4243
0.0000
0.0000
0.0000
0.0000
0.0000
0.0000
0.0000
0.0000
0.0000
0.0000
215.6833
298.9551
312.7444
436.6853
275.4584
265.7927
208.2889
210.2631
216.3979
320.6922
265.0571
253.8584
213.6189
159.8637
0.0000
0.0000
0.0000
0.0000
0.0000
0.0000
0.0000
0.0000
0.0000
0.0000
129.5210
76.4295
126.7266
158.7255
166.8888
187.4542
291.0190
357.1862
286.2510
370.1398
592.5215
667.5054
0.0000
0.0000
0.0000
0.0000
0.0000
0.0000
0.0000
0.0000
0.0000
0.0000
143.1063
248.6235
296.0590
362.6848
321.5038
187.9044
185.0564
182.6184
266.0675
308.7227
421.7782
307.3601
203.9701
204.6957
0.0000
0.0000
0.0000
0.0000
0.0000
0.0000
0.0000
0.0000
0.0000
0.0000
145.6618
133.5039
153.7616
169.4448
145.2272
178.8231
284.0151
409.5373
611.4583
540.2368
596.3026
722.9417
0.0000
0.0000
0.0000
0.0000
0.0000
0.0000
0.0000
0.0000
0.0000
0.0000
196.3952
194.6202
195.7758
263.5652
235.7234
181.0476
188.1870
261.5265
324.7200
334.7968
389.8953
284.9331
256.4550
211.4412
0.0000
0.0000
0.0000
0.0000
0.0000
0.0000
0.0000
0.0000
0.0000
0.0000
178.6888
128.3065
129.4458
116.8280
197.7011
339.6200
450.8104
573.5867
926.4718
610.3995
489.0851
464.3787
0.0000
0.0000
0.0000
0.0000
0.0000
0.0000
0.0000
0.0000
0.0000
0.0000
221.0544
232.1999
182.5123
183.4838
210.1381
258.3359
274.5075
285.7962
314.7939
245.2065
388.8336
271.8841
231.3604
222.3126
0.0000
0.0000
0.0000
0.0000
0.0000
0.0000
0.0000
0.0000
0.0000
0.0000
349.3317
259.6609
176.1024
147.6160
260.7455
328.9824
498.0791
595.7322
1075.8348
695.6373
503.2235
488.9095
0.0000
0.0000
0.0000
0.0000
0.0000
0.0000
0.0000
0.0000
0.0000
0.0000
285.7905
183.2968
266.5496
269.8387
371.1711
312.3853
316.5217
224.3374
200.2685
216.0878
234.0363
169.9258
226.1658
124.3039
0.0000
0.0000
0.0000
0.0000
0.0000
0.0000
0.0000
0.0000
0.0000
0.0000
397.7581
501.9966
360.6176
351.8863
390.3682
630.1559
786.4828
676.2613
1072.6978
932.9441
676.5852
760.1838
0.0000
0.0000
0.0000
0.0000
0.0000
0.0000
0.0000
0.0000
0.0000
0.0000
353.9151
253.3971
268.3819
286.4242
324.8932
313.4864
326.9893
237.3495
218.4771
241.6483
158.8638
199.3518
207.7154
151.2825
0.0000
0.0000
0.0000
0.0000
0.0000
0.0000
0.0000
0.0000
0.0000
0.0000
428.8101
589.9674
504.8603
463.7193
482.7509
729.2618
1216.5616
744.1434
979.3018
864.3029
884.0009
802.4716
0.0000
0.0000
0.0000
0.0000
0.0000
0.0000
0.0000
0.0000
0.0000
0.0000
289.7353
268.9572
218.5682
247.9564
404.2245
331.1390
296.5426
295.1603
376.9727
285.3325
250.4842
155.2023
156.7459
202.3627
0.0000
0.0000
0.0000
0.0000
0.0000
0.0000
0.0000
0.0000
0.0000
0.0000
617.4199
803.3002
476.7089
581.0728
597.7014
945.8951
760.6046
942.0851
1118.8372
1367.3762
886.5138
690.0712
0.0000
0.0000
0.0000
0.0000
0.0000
0.0000
0.0000
0.0000
0.0000
0.0000
320.5555
294.4047
288.7213
312.7118
435.9580
449.9676
397.8507
382.2062
378.0533
303.1561
222.7778
201.9497
128.2296
219.4988
0.0000
0.0000
0.0000
0.0000
0.0000
0.0000
0.0000
0.0000
0.0000
0.0000
855.4673
819.3764
803.7855
928.8513
815.6483
818.7236
1378.8969
1357.7833
1708.2897
1000.5220
1098.5487
691.4008
0.0000
0.0000
0.0000
0.0000
0.0000
0.0000
0.0000
0.0000
0.0000
0.0000
483.3273
364.6743
420.9145
455.7394
388.5002
477.2042
454.0842
360.7393
388.5914
315.8543
224.1461
192.6617
201.0300
281.0482
0.0000
0.0000
0.0000
0.0000
0.0000
0.0000
0.0000
0.0000
0.0000
0.0000
970.3524
1131.6310
945.0151
1146.5815
1083.1019
1144.6134
1128.5658
1601.6035
1735.8232
1164.0693
1234.8409
1471.0543
0.0000
0.0000
0.0000
0.0000
0.0000
0.0000
0.0000
0.0000
0.0000
0.0000
601.4115
399.7295
551.2358
426.8133
453.3969
515.7636
538.5808
482.9611
439.0892
330.5169
184.2101
137.7903
254.0572
356.8964
0.0000
0.0000
0.0000
0.0000
0.0000
0.0000
0.0000
0.0000
0.0000
0.0000
991.4128
1118.6532
1004.0418
1105.3184
993.9232
1177.8254
1122.3419
1406.5333
2514.5176
2451.5095
2106.7805
2629.9980
0.0000
0.0000
0.0000
0.0000
0.0000
0.0000
0.0000
0.0000
0.0000
0.0000
0.0000
837.8820
677.8712
731.7325
583.7459
397.2411
479.6270
445.2008
479.6558
385.2998
240.6701
212.6162
369.2708
366.5197
0.0000
0.0000
0.0000
0.0000
0.0000
0.0000
0.0000
0.0000
0.0000
0.0000
1280.9827
1257.3788
1230.4436
794.0013
890.4312
991.6653
1021.4168
1696.2557
3057.2700
2760.0750
2023.8400
3894.6248
0.0000
0.0000
0.0000
0.0000
0.0000
0.0000
0.0000
0.0000
0.0000
0.0000
0.0000
586.8030
827.3452
572.6060
387.9294
588.6440
488.1387
318.6095
392.2743
311.2777
344.4624
0.0000
0.0000
409.8435
0.0000
0.0000
0.0000
0.0000
0.0000
0.0000
0.0000
0.0000
0.0000
0.0000
1355.1375
1281.3018
1468.6228
860.0049
869.5760
949.8420
896.0054
1658.4200
1981.9603
3057.9121
3648.5227
3908.6531
0.0000
0.0000
0.0000
0.0000
0.0000
0.0000
0.0000
0.0000
0.0000
0.0000
0.0000
0.0000
681.3510
605.2866
562.1094
603.5709
349.3541
464.1942
303.6924
281.7998
288.4076
0.0000
0.0000
0.0000
0.0000
0.0000
0.0000
0.0000
0.0000
0.0000
0.0000
0.0000
0.0000
0.0000
1287.0526
1468.6071
1084.9438
1016.7719
1162.5868
1047.8542
1380.9683
1962.1388
1903.6849
2537.3730
4345.1699
3879.8401
0.0000
0.0000
0.0000
0.0000
0.0000
0.0000
0.0000
0.0000
0.0000
0.0000
0.0000
0.0000
0.0000
578.2469
500.7047
445.9664
401.5627
322.9538
345.2699
469.1696
308.0066
0.0000
0.0000
0.0000
0.0000
0.0000
0.0000
0.0000
0.0000
0.0000
0.0000
0.0000
0.0000
0.0000
1126.5841
1635.0978
1247.6626
2182.7683
1437.5166
1659.4707
2012.2883
1596.4995
1700.9760
2112.8008
1653.1361
1968.1934
0.0000
0.0000
0.0000
0.0000
0.0000
0.0000
0.0000
0.0000
0.0000
0.0000
0.0000
0.0000
0.0000
0.0000
606.5315
446.9124
445.5815
398.1778
648.5805
608.9404
558.6029
0.0000
0.0000
0.0000
0.0000
0.0000
0.0000
0.0000
0.0000
0.0000
0.0000
0.0000
0.0000
0.0000
1619.5901
1738.5507
2084.2068
2137.9771
1992.0732
2748.2556
2238.8501
2355.8337
2268.7925
2400.6204
1502.3802
1664.3857
0.0000
0.0000
0.0000
0.0000
0.0000
0.0000
0.0000
0.0000
0.0000
0.0000
0.0000
0.0000
0.0000
0.0000
594.9709
552.6612
690.4739
598.4257
856.2120
876.6686
574.7425
0.0000
0.0000
0.0000
0.0000
0.0000
0.0000
0.0000
0.0000
0.0000
0.0000
0.0000
0.0000
0.0000
1680.0095
1162.5309
2063.8328
1924.7004
2653.1687
2532.0544
2727.1382
1964.7147
0.0000
0.0000
0.0000
0.0000
0.0000
0.0000
0.0000
0.0000
0.0000
0.0000
0.0000
0.0000
0.0000
0.0000
0.0000
0.0000
0.0000
0.0000
0.0000
0.0000
607.5197
564.4438
956.8502
717.4866
767.7141
0.0000
0.0000
0.0000
0.0000
0.0000
0.0000
0.0000
0.0000
0.0000
0.0000
0.0000
0.0000
0.0000
0.0000
1801.3018
2566.4060
1751.9603
2737.8225
2704.2456
1784.9725
0.0000
0.0000
0.0000
0.0000
0.0000
0.0000
0.0000
0.0000
0.0000
0.0000
0.0000
0.0000
0.0000
0.0000
0.0000
0.0000
0.0000
0.0000
0.0000
0.0000
0.0000
783.9742
719.9205
881.8723
805.3583
611.0740
0.0000
0.0000
0.0000
0.0000
0.0000
0.0000
0.0000
0.0000
0.0000
0.0000
0.0000
0.0000
0.0000
0.0000
0.0000
0.0000
1778.6125
2464.4326
1928.8062
1700.2155
0.0000
0.0000
0.0000
0.0000
0.0000
0.0000
0.0000
0.0000
0.0000
0.0000
0.0000
0.0000
0.0000
0.0000
0.0000
0.0000
0.0000
0.0000
0.0000
0.0000
0.0000
0.0000
1231.3373
803.8015
738.0372
698.6445
0.0000
0.0000
0.0000
0.0000
0.0000
0.0000
0.0000
0.0000
0.0000
0.0000
0.0000
0.0000
0.0000
0.0000
0.0000
0.0000
0.0000
2863.5969
2208.8977
0.0000
0.0000
0.0000
0.0000
0.0000
0.0000
0.0000
0.0000
0.0000
0.0000
0.0000
0.0000
0.0000
0.0000
0.0000
0.0000
0.0000
0.0000
0.0000
0.0000
0.0000
0.0000
0.0000
0.0000
1330.3696
981.6271
965.8246
0.0000
0.0000
0.0000
0.0000
0.0000
0.0000
0.0000
0.0000
0.0000
0.0000
0.0000
0.0000
0.0000
0.0000
0.0000
0.0000
0.0000
0.0000
2338.2095
0.0000
0.0000
0.0000
0.0000
0.0000
0.0000
0.0000
0.0000
0.0000
0.0000
0.0000
0.0000
0.0000
0.0000
0.0000
0.0000
0.0000
0.0000
0.0000
0.0000
0.0000
0.0000
0.0000
0.0000
1558.3015
1423.1993
1424.5491
0.0000
0.0000
0.0000
0.0000
0.0000
0.0000
0.0000
0.0000
0.0000
0.0000
0.0000
0.0000
0.0000
0.0000
0.0000
0.0000
0.0000
0.0000
0.0000
0.0000
0.0000
0.0000
0.0000
0.0000
0.0000
0.0000
0.0000
0.0000
0.0000
0.0000
0.0000
0.0000
0.0000
0.0000
0.0000
0.0000
0.0000
0.0000
0.0000
0.0000
0.0000
0.0000
0.0000
0.0000
1563.2218
1829.0299
0.0000
0.0000
0.0000
0.0000
0.0000
0.0000
0.0000
0.0000
0.0000
0.0000
0.0000
0.0000
0.0000
0.0000
0.0000
0.0000
0.0000
0.0000
0.0000
0.0000
0.0000
0.0000
0.0000
0.0000
0.0000
0.0000
0.0000
0.0000
0.0000
0.0000
0.0000
0.0000
0.0000
0.0000
0.0000
0.0000
0.0000
0.0000
0.0000
0.0000
0.0000
0.0000
0.0000
0.0000
0.0000
0.0000
0.0000
0.0000
0.0000
0.0000
0.0000
0.0000
0.0000
0.0000
0.0000
0.0000
0.0000
0.0000
0.0000
0.0000
0.0000
0.0000
0.0000
0.0000
0.0000
0.0000
0.0000
0.0000
0.0000
0.0000
0.0000
0.0000
0.0000
0.0000
0.0000
0.0000
0.0000
0.0000
0.0000
0.0000
0.0000
0.0000
0.0000
0.0000
0.0000
0.0000
0.0000
0.0000
0.0000
0.0000
0.0000
0.0000
0.0000
0.0000
0.0000
0.0000
0.0000
0.0000
0.0000
0.0000
0.0000
0.0000
0.0000
0.0000
0.0000
0.0000
0.0000
0.0000
0.0000
0.0000
0.0000
0.0000
0.0000
0.0000
0.0000
0.0000
0.0000
0.0000
0.0000
0.0000
0.0000
0.0000
0.0000
0.0000
0.0000
0.0000
0.0000
0.0000
0.0000
0.0000
0.0000
0.0000
0.0000
0.0000
0.0000
0.0000
0.0000
0.0000
0.0000
0.0000
0.0000
0.0000
0.0000
0.0000
0.0000
0.0000
0.0000
0.0000
0.0000
0.0000
0.0000
0.0000
0.0000
0.0000
0.0000
0.0000
0.0000
0.0000
0.0000
0.0000
0.0000
0.0000
0.0000
0.0000
0.0000
0.0000
0.0000
0.0000
0.0000
0.0000
0.0000
0.0000
0.0000
0.0000
0.0000
0.0000
0.0000
0.0000
0.0000
0.0000
0.0000
0.0000
0.0000
0.0000
0.0000
0.0000
0.0000
0.0000
0.0000
0.0000
0.0000
0.0000
0.0000
0.0000
0.0000
0.0000
0.0000
0.0000
0.0000
0.0000
0.0000
0.0000
0.0000
0.0000
0.0000
0.0000
0.0000
0.0000
0.0000
0.0000
0.0000
0.0000
0.0000
0.0000
0.0000
0.0000
0.0000
0.0000
0.0000
0.0000
0.0000
0.0000
0.0000
0.0000
0.0000
0.0000
0.0000
0.0000
0.0000
0.0000
0.0000
0.0000
0.0000
0.0000
0.0000
0.0000
0.0000
0.0000
0.0000
0.0000
0.0000
0.0000
0.0000
0.0000
0.0000
0.0000
0.0000
0.0000
0.0000
0.0000
0.0000
0.0000
0.0000
0.0000
0.0000
0.0000
0.0000
0.0000
0.0000
0.0000
0.0000
0.0000
0.0000
0.0000
0.0000
0.0000
0.0000
0.0000
0.0000
0.0000
0.0000
0.0000
0.0000
0.0000
0.0000
0.0000
0.0000
0.0000
0.0000
0.0000
0.0000
0.0000
0.0000
0.0000
0.0000
0.0000
0.0000
0.0000
0.0000
0.0000
0.0000
0.0000
0.0000
0.0000
0.0000
0.0000
0.0000
0.0000
0.0000
0.0000
0.0000
0.0000
0.0000
0.0000
0.0000
0.0000
0.0000
0.0000
0.0000
0.0000
0.0000
0.0000
0.0000
0.0000
0.0000
0.0000
0.0000
0.0000
0.0000
0.0000
0.0000
0.0000
0.0000
0.0000
0.0000
0.0000
0.0000
0.0000
0.0000
0.0000
0.0000
0.0000
0.0000
0.0000
0.0000
0.0000
0.0000
0.0000
0.0000
0.0000
0.0000
0.0000
0.0000
0.0000
0.0000
0.0000
0.0000
0.0000
0.0000
0.0000
0.0000
0.0000
0.0000
0.0000
0.0000
0.0000
0.0000
0.0000
0.0000
0.0000
0.0000
0.0000
0.0000
0.0000
0.0000
0.0000
0.0000
0.0000
0.0000
0.0000
0.0000
0.0000
0.0000
0.0000
0.0000
0.0000
0.0000
0.0000
0.0000
0.0000
0.0000
0.0000
0.0000
0.0000
0.0000
0.0000
0.0000
0.0000
0.0000
0.0000
0.0000
0.0000
0.0000
0.0000
0.0000
0.0000
0.0000
0.0000
0.0000
0.0000
0.0000
0.0000
0.0000
0.0000
0.0000
0.0000
0.0000
0.0000
0.0000
0.0000
0.0000
0.0000
0.0000
0.0000
0.0000
0.0000
0.0000
0.0000
0.0000
0.0000
0.0000
0.0000
0.0000
0.0000
0.0000
0.0000
0.0000
0.0000
0.0000
0.0000
0.0000
0.0000
0.0000
0.0000
0.0000
0.0000
0.0000
0.0000
0.0000
0.0000
0.0000
0.0000
0.0000
0.0000
0.0000
0.0000
0.0000
0.0000
0.0000
0.0000
0.0000
0.0000
0.0000
0.0000
0.0000
0.0000
0.0000
0.0000
0.0000
0.0000
0.0000
0.0000
0.0000
0.0000
0.0000
0.0000
0.0000
0.0000
0.0000
0.0000
0.0000
0.0000
0.0000
0.0000
0.0000
0.0000
0.0000
0.0000
0.0000
0.0000
0.0000
0.0000
0.0000
0.0000
0.0000
0.0000
0.0000
0.0000
0.0000
0.0000
0.0000
0.0000
0.0000
0.0000
0.0000
0.0000
0.0000
0.0000
0.0000
0.0000
0.0000
0.0000
0.0000
0.0000
0.0000
0.0000
0.0000
0.0000
0.0000
0.0000
0.0000
0.0000
0.0000
0.0000
0.0000
0.0000
0.0000
0.0000
0.0000
0.0000
0.0000
0.0000
0.0000
0.0000
0.0000
0.0000
0.0000
0.0000
0.0000
0.0000
0.0000
0.0000
0.0000
0.0000
0.0000
0.0000
0.0000
0.0000
0.0000
0.0000
0.0000
0.0000
0.0000
0.0000
0.0000
0.0000
0.0000
0.0000
0.0000
0.0000
0.0000
0.0000
0.0000
0.0000
0.0000
0.0000
0.0000
0.0000
0.0000
0.0000
0.0000
0.0000
0.0000
0.0000
0.0000
0.0000
0.0000
0.0000
0.0000
0.0000
0.0000
0.0000
0.0000
0.0000
0.0000
0.0000
0.0000
0.0000
0.0000
0.0000
0.0000
0.0000
0.0000
0.0000
0.0000
0.0000
0.0000
0.0000
0.0000
0.0000
0.0000
0.0000
0.0000
0.0000
0.0000
0.0000
0.0000
0.0000
0.0000
0.0000
0.0000
0.0000
0.0000
0.0000
0.0000
0.0000
0.0000
0.0000
0.0000
0.0000
0.0000
0.0000
0.0000
0.0000
0.0000
0.0000
0.0000
0.0000
0.0000
0.0000
0.0000
0.0000
0.0000
0.0000
0.0000
0.0000
0.0000
0.0000
0.0000
0.0000
0.0000
0.0000
0.0000
0.0000
0.0000
0.0000
0.0000
0.0000
0.0000
0.0000
0.0000
0.0000
0.0000
0.0000
0.0000
0.0000
0.0000
0.0000
0.0000
0.0000
0.0000
0.0000
0.0000
0.0000
0.0000
0.0000
0.0000
0.0000
0.0000
0.0000
0.0000
0.0000
0.0000
0.0000
0.0000
0.0000
0.0000
0.0000
0.0000
0.0000
0.0000
0.0000
0.0000
0.0000
0.0000
0.0000
0.0000
0.0000
0.0000
0.0000
0.0000
0.0000
0.0000
0.0000
0.0000
0.0000
0.0000
0.0000
0.0000
0.0000
0.0000
0.0000
0.0000
0.0000
0.0000
0.0000
0.0000
0.0000
0.0000
0.0000
0.0000
0.0000
0.0000
0.0000
0.0000
0.0000
0.0000
0.0000
0.0000
0.0000
0.0000
0.0000
0.0000
0.0000
0.0000
0.0000
0.0000
0.0000
0.0000
0.0000
0.0000
0.0000
0.0000
0.0000
0.0000
0.0000
0.0000
0.0000
0.0000
0.0000
0.0000
0.0000
0.0000
0.0000
0.0000
0.0000
0.0000
0.0000
0.0000
0.0000
0.0000
0.0000
0.0000
0.0000
0.0000
0.0000
0.0000
0.0000
0.0000
0.0000
0.0000
0.0000
0.0000
0.0000
0.0000
0.0000
0.0000
0.0000
0.0000
0.0000
0.0000
0.0000
0.0000
0.0000
0.0000
0.0000
0.0000
0.0000
0.0000
0.0000
0.0000
0.0000
0.0000
0.0000
0.0000
0.0000
0.0000
0.0000
0.0000
0.0000
0.0000
0.0000
0.0000
0.0000
0.0000
0.0000
0.0000
0.0000
0.0000
0.0000
0.0000
0.0000
0.0000
0.0000
0.0000
0.0000
0.0000
0.0000
0.0000
0.0000
0.0000
0.0000
0.0000
0.0000
0.0000
0.0000
0.0000
0.0000
0.0000
0.0000
0.0000
0.0000
0.0000
0.0000
0.0000
0.0000
0.0000
0.0000
0.0000
0.0000
0.0000
0.0000
0.0000
0.0000
0.0000
0.0000
0.0000
0.0000
0.0000
0.0000
0.0000
0.0000
0.0000
0.0000
0.0000
0.0000
0.0000
0.0000
0.0000
0.0000
0.0000
0.0000
0.0000
0.0000
0.0000
0.0000
0.0000
0.0000
0.0000
0.0000
0.0000
0.0000
0.0000
0.0000
0.0000
0.0000
0.0000
0.0000
0.0000
0.0000
0.0000
0.0000
0.0000
0.0000
0.0000
0.0000
0.0000
0.0000
0.0000
0.0000
0.0000
0.0000
0.0000
0.0000
0.0000
0.0000
0.0000
0.0000
0.0000
0.0000
0.0000
0.0000
0.0000
0.0000
0.0000
0.0000
0.0000
0.0000
0.0000
0.0000
0.0000
0.0000
0.0000
0.0000
0.0000
0.0000
0.0000
0.0000
0.0000
0.0000
0.0000
0.0000
0.0000
0.0000
0.0000
0.0000
0.0000
0.0000
0.0000
0.0000
0.0000
0.0000
0.0000
0.0000
0.0000
0.0000
0.0000
0.0000
0.0000
0.0000
0.0000
0.0000
0.0000
0.0000
0.0000
0.0000
0.0000
0.0000
0.0000
0.0000
0.0000
0.0000
0.0000
0.0000
0.0000
0.0000
0.0000
0.0000
0.0000
0.0000
0.0000
0.0000
0.0000
0.0000
0.0000
0.0000
0.0000
0.0000
0.0000
0.0000
0.0000
0.0000
0.0000
0.0000
0.0000
0.0000
0.0000
0.0000
0.0000
0.0000
0.0000
0.0000
0.0000
0.0000
0.0000
0.0000
0.0000
0.0000
0.0000
0.0000
0.0000
0.0000
0.0000
0.0000
0.0000
0.0000
0.0000
0.0000
0.0000
0.0000
0.0000
0.0000
0.0000
0.0000
0.0000
0.0000
0.0000
0.0000
0.0000
0.0000
0.0000
0.0000
0.0000
0.0000
0.0000
0.0000
0.0000
0.0000
0.0000
0.0000
0.0000
0.0000
0.0000
0.0000
0.0000
0.0000
0.0000
0.0000
0.0000
0.0000
0.0000
0.0000
0.0000
0.0000
0.0000
0.0000
0.0000
0.0000
0.0000
0.0000
0.0000
0.0000
0.0000
0.0000
0.0000
0.0000
0.0000
0.0000
0.0000
0.0000
0.0000
0.0000
0.0000
0.0000
0.0000
0.0000
0.0000
0.0000
0.0000
0.0000
0.0000
0.0000
0.0000
0.0000
0.0000
0.0000
0.0000
73.1826
79.1229
83.7498
130.2747
157.8435
233.1965
226.7722
193.5250
289.2263
276.7188
280.7083
366.5936
712.1550
1361.1686
876.9193
486.6643
456.3571
221.3805
236.0468
260.3524
218.1828
301.3338
460.5964
393.0026
0.0000
0.0000
0.0000
0.0000
0.0000
0.0000
0.0000
0.0000
0.0000
0.0000
0.0000
0.0000
0.0000
0.0000
0.0000
0.0000
0.0000
0.0000
0.0000
0.0000
0.0000
0.0000
57.5322
86.6402
105.6711
124.4111
161.0638
247.2739
142.9610
145.6045
159.3721
208.3969
247.4629
368.4408
705.0176
779.9905
734.1730
584.8637
334.7467
329.2172
228.0103
242.0359
216.1582
226.4709
345.7820
371.2628
0.0000
0.0000
0.0000
0.0000
0.0000
0.0000
0.0000
0.0000
0.0000
0.0000
0.0000
0.0000
0.0000
0.0000
0.0000
0.0000
0.0000
0.0000
0.0000
0.0000
0.0000
0.0000
49.7790
97.4935
126.3617
107.7564
187.5913
192.1527
142.1176
101.4693
120.3394
179.2632
252.0506
421.9084
658.4164
1041.1827
796.9177
574.9808
337.1084
297.1568
304.2027
290.9714
271.4175
322.0886
185.6613
193.6355
0.0000
0.0000
0.0000
0.0000
0.0000
0.0000
0.0000
0.0000
0.0000
0.0000
0.0000
0.0000
0.0000
0.0000
0.0000
0.0000
0.0000
0.0000
0.0000
0.0000
0.0000
0.0000
72.6670
72.6769
134.3153
169.0990
205.1864
199.5173
176.7533
107.9402
127.4123
184.8257
275.7223
399.3894
577.6099
574.1356
608.4199
494.4372
408.5286
346.3162
372.8196
307.5472
300.7263
322.5094
195.3656
206.6873
0.0000
0.0000
0.0000
0.0000
0.0000
0.0000
0.0000
0.0000
0.0000
0.0000
0.0000
0.0000
0.0000
0.0000
0.0000
0.0000
0.0000
0.0000
0.0000
0.0000
0.0000
0.0000
76.8196
123.4593
95.8480
100.8656
121.5800
145.5777
145.2255
185.2694
183.1012
164.2126
216.8808
254.2208
291.4679
399.8758
524.7792
456.9803
314.8322
277.6189
282.7056
431.5691
329.1498
320.9670
331.0020
275.2062
0.0000
0.0000
0.0000
0.0000
0.0000
0.0000
0.0000
0.0000
0.0000
0.0000
0.0000
0.0000
0.0000
0.0000
0.0000
0.0000
0.0000
0.0000
0.0000
0.0000
0.0000
0.0000
125.3421
130.1139
100.7766
124.0124
97.7478
97.4435
114.7819
103.5094
102.0803
167.5621
153.7866
144.2829
299.1692
348.2241
407.4356
329.9941
280.2821
383.1008
281.9213
285.2541
264.9976
259.9049
292.8730
211.7973
0.0000
0.0000
0.0000
0.0000
0.0000
0.0000
0.0000
0.0000
0.0000
0.0000
0.0000
0.0000
0.0000
0.0000
0.0000
0.0000
0.0000
0.0000
0.0000
0.0000
0.0000
0.0000
140.0271
87.8286
75.6161
106.7262
214.1283
115.2785
135.5514
111.5699
105.2924
125.5171
144.5322
157.9212
187.0583
260.6646
285.9825
346.0924
421.5896
440.8076
380.7516
259.3208
196.5915
175.8690
221.0105
385.7439
0.0000
0.0000
0.0000
0.0000
0.0000
0.0000
0.0000
0.0000
0.0000
0.0000
0.0000
0.0000
0.0000
0.0000
0.0000
0.0000
0.0000
0.0000
0.0000
0.0000
0.0000
0.0000
114.9305
97.5693
116.0727
135.7696
151.0095
156.3769
169.0873
142.5456
84.4487
93.7356
113.0828
160.0383
237.5014
242.1071
220.3089
326.2289
332.7122
264.1951
413.4004
269.7029
298.7144
210.2705
294.5091
253.8141
0.0000
0.0000
0.0000
0.0000
0.0000
0.0000
0.0000
0.0000
0.0000
0.0000
0.0000
0.0000
0.0000
0.0000
0.0000
0.0000
0.0000
0.0000
0.0000
0.0000
0.0000
0.0000
143.4104
135.2406
133.4896
180.0826
143.2773
116.5858
174.8065
179.3392
86.0811
134.0549
129.6046
165.1075
233.3383
188.7205
178.8173
184.3141
216.9045
266.0445
334.3168
280.0267
301.6233
272.8147
209.6665
213.6099
0.0000
0.0000
0.0000
0.0000
0.0000
0.0000
0.0000
0.0000
0.0000
0.0000
0.0000
0.0000
0.0000
0.0000
0.0000
0.0000
0.0000
0.0000
0.0000
0.0000
0.0000
0.0000
140.5374
172.5256
188.3827
222.3011
192.4599
166.8834
254.3528
114.4494
171.5600
220.6394
205.0088
193.7499
283.2959
235.6382
191.9410
150.5081
186.8873
267.5247
210.5004
220.6107
309.1340
225.6514
234.3563
199.7813
0.0000
0.0000
0.0000
0.0000
0.0000
0.0000
0.0000
0.0000
0.0000
0.0000
0.0000
0.0000
0.0000
0.0000
0.0000
0.0000
0.0000
0.0000
0.0000
0.0000
0.0000
0.0000
138.9233
186.9347
184.0161
148.9683
227.3578
262.2722
259.6790
167.2662
254.7527
422.4264
278.0622
243.0905
196.1799
212.9046
200.9793
198.5193
176.3835
165.4643
206.8722
331.5121
167.8999
202.1682
186.3853
340.2545
0.0000
0.0000
0.0000
0.0000
0.0000
0.0000
0.0000
0.0000
0.0000
0.0000
0.0000
0.0000
0.0000
0.0000
0.0000
0.0000
0.0000
0.0000
0.0000
0.0000
0.0000
0.0000
269.7200
321.1961
223.6787
185.6584
188.2668
242.8610
209.6064
298.3118
284.7497
369.7497
355.9102
259.0578
276.9193
241.5372
189.9480
225.7994
152.0224
286.6069
230.6755
229.6918
197.4913
147.3005
268.1124
364.7162
0.0000
0.0000
0.0000
0.0000
0.0000
0.0000
0.0000
0.0000
0.0000
0.0000
0.0000
0.0000
0.0000
0.0000
0.0000
0.0000
0.0000
0.0000
0.0000
0.0000
0.0000
0.0000
367.8868
347.2233
229.6266
271.9952
269.9993
401.6997
266.4476
299.1631
385.9520
243.7935
298.6492
232.2370
459.3656
229.7725
269.2669
290.9848
252.0364
243.4122
262.8458
217.1389
266.7834
245.0309
332.1875
347.7927
0.0000
0.0000
0.0000
0.0000
0.0000
0.0000
0.0000
0.0000
0.0000
0.0000
0.0000
0.0000
0.0000
0.0000
0.0000
0.0000
0.0000
0.0000
0.0000
0.0000
0.0000
0.0000
362.4106
423.4779
384.0725
271.7478
245.2563
326.8586
313.0070
374.6549
478.7746
403.5211
440.4897
435.1440
407.4565
373.7216
268.7900
281.5886
281.9545
318.7360
221.5862
231.4020
356.9844
270.2943
401.9360
348.6672
0.0000
0.0000
0.0000
0.0000
0.0000
0.0000
0.0000
0.0000
0.0000
0.0000
0.0000
0.0000
0.0000
0.0000
0.0000
0.0000
0.0000
0.0000
0.0000
0.0000
0.0000
0.0000
379.6937
447.2347
392.9408
375.7770
298.0049
375.5665
270.3632
368.6121
563.5057
577.1077
643.5273
634.4514
390.4576
420.9320
358.7832
309.8734
342.0005
337.5901
341.5342
338.6903
329.5630
298.5243
329.5397
330.6848
0.0000
0.0000
0.0000
0.0000
0.0000
0.0000
0.0000
0.0000
0.0000
0.0000
0.0000
0.0000
0.0000
0.0000
0.0000
0.0000
0.0000
0.0000
0.0000
0.0000
0.0000
0.0000
310.5848
435.4056
418.7001
533.8344
578.3873
524.7000
480.5935
572.2504
437.7194
715.5162
571.5309
545.8821
431.9234
289.4717
358.0558
302.0632
413.8794
377.8401
372.6620
328.4965
263.6060
195.4988
341.6840
248.4810
0.0000
0.0000
0.0000
0.0000
0.0000
0.0000
0.0000
0.0000
0.0000
0.0000
0.0000
0.0000
0.0000
0.0000
0.0000
0.0000
0.0000
0.0000
0.0000
0.0000
0.0000
0.0000
508.9287
522.7272
734.3782
482.2152
550.0681
484.9402
578.7984
598.1850
653.1843
641.3626
516.3152
539.9635
398.5719
361.7577
395.5097
366.9911
412.5135
457.3976
428.0981
397.5255
276.2561
297.5102
303.0126
201.9239
0.0000
0.0000
0.0000
0.0000
0.0000
0.0000
0.0000
0.0000
0.0000
0.0000
0.0000
0.0000
0.0000
0.0000
0.0000
0.0000
0.0000
0.0000
0.0000
0.0000
0.0000
0.0000
964.5971
738.6048
639.6576
910.3530
868.0947
417.5284
517.7885
663.8895
576.0931
452.2328
599.0593
478.5615
480.1661
414.1319
522.7937
473.6101
606.9057
477.9901
510.2385
375.6182
303.9526
411.6862
455.3387
210.4451
0.0000
0.0000
0.0000
0.0000
0.0000
0.0000
0.0000
0.0000
0.0000
0.0000
0.0000
0.0000
0.0000
0.0000
0.0000
0.0000
0.0000
0.0000
0.0000
0.0000
0.0000
0.0000
584.4502
695.4410
685.4667
812.8251
868.0699
678.8600
677.8503
683.4327
578.5672
664.4125
424.7157
325.2878
516.3723
319.8845
437.7199
384.1342
594.0560
813.3897
561.2496
469.8362
506.2858
405.8877
304.2299
364.3329
0.0000
0.0000
0.0000
0.0000
0.0000
0.0000
0.0000
0.0000
0.0000
0.0000
0.0000
0.0000
0.0000
0.0000
0.0000
0.0000
0.0000
0.0000
0.0000
0.0000
0.0000
0.0000
598.5763
541.5069
541.2967
838.1494
1034.7247
907.4451
737.8137
889.8602
741.2917
880.8221
472.0386
284.6130
291.5505
358.5969
337.4135
410.5279
521.3430
878.3340
648.0612
757.8035
451.4958
293.1930
341.9869
300.2217
0.0000
0.0000
0.0000
0.0000
0.0000
0.0000
0.0000
0.0000
0.0000
0.0000
0.0000
0.0000
0.0000
0.0000
0.0000
0.0000
0.0000
0.0000
0.0000
0.0000
0.0000
0.0000
845.0035
631.5063
615.2723
1474.0450
1302.5099
893.1357
769.7350
629.0475
532.2967
540.6223
419.7601
401.2033
397.9153
338.7214
382.0883
503.5002
651.2643
691.3881
702.4642
658.5422
541.0852
301.2670
353.6606
292.2818
0.0000
0.0000
0.0000
0.0000
0.0000
0.0000
0.0000
0.0000
0.0000
0.0000
0.0000
0.0000
0.0000
0.0000
0.0000
0.0000
0.0000
0.0000
0.0000
0.0000
0.0000
0.0000
811.2676
790.9841
777.6418
1565.0875
1276.1582
756.0316
704.9575
448.1907
536.0374
452.7201
469.8417
443.5753
441.0856
355.1298
378.5844
471.5075
565.1125
950.5050
955.2889
906.1076
544.8491
419.9218
505.6817
392.4746
0.0000
0.0000
0.0000
0.0000
0.0000
0.0000
0.0000
0.0000
0.0000
0.0000
0.0000
0.0000
0.0000
0.0000
0.0000
0.0000
0.0000
0.0000
0.0000
0.0000
0.0000
0.0000
638.8104
624.8743
942.0432
1273.4796
1103.9427
965.6181
854.9488
616.0844
567.5660
504.4192
535.8839
389.7392
480.8279
442.6740
335.0853
330.3598
465.3905
682.3174
752.0131
961.9492
642.0923
527.0665
620.0505
397.8998
0.0000
0.0000
0.0000
0.0000
0.0000
0.0000
0.0000
0.0000
0.0000
0.0000
0.0000
0.0000
0.0000
0.0000
0.0000
0.0000
0.0000
0.0000
0.0000
0.0000
0.0000
0.0000
658.5181
891.3893
1284.8542
1204.3285
1369.6318
1063.6993
779.0455
664.5277
500.0411
433.1626
555.7159
427.9880
320.2406
554.0408
499.7770
629.2093
1016.5447
738.1360
539.5899
730.5466
591.5768
626.0753
714.4845
422.1698
0.0000
0.0000
0.0000
0.0000
0.0000
0.0000
0.0000
0.0000
0.0000
0.0000
0.0000
0.0000
0.0000
0.0000
0.0000
0.0000
0.0000
0.0000
0.0000
0.0000
0.0000
0.0000
553.8777
697.4024
1195.9196
822.8557
796.4305
899.5729
796.7698
545.9865
451.9798
413.7910
435.2654
445.8230
409.0721
462.9555
671.2355
842.1437
617.8105
653.8130
552.5055
643.6869
647.6461
615.5359
494.4308
487.4223
0.0000
0.0000
0.0000
0.0000
0.0000
0.0000
0.0000
0.0000
0.0000
0.0000
0.0000
0.0000
0.0000
0.0000
0.0000
0.0000
0.0000
0.0000
0.0000
0.0000
0.0000
0.0000
391.1106
589.3864
865.6395
610.1626
801.7314
750.9384
692.2391
584.9303
614.8525
362.2164
348.2136
446.1237
411.0527
572.4035
655.2746
567.5961
527.2247
500.0522
495.2443
509.1534
451.3905
542.0310
440.6844
406.1011
0.0000
0.0000
0.0000
0.0000
0.0000
0.0000
0.0000
0.0000
0.0000
0.0000
0.0000
0.0000
0.0000
0.0000
0.0000
0.0000
0.0000
0.0000
0.0000
0.0000
0.0000
0.0000
374.1375
620.2286
498.1401
509.6181
790.7579
816.1375
819.0239
737.2386
666.4212
500.1997
448.7710
511.7905
540.9035
657.7852
862.0499
667.5197
719.8779
644.9178
507.2471
529.2314
401.0652
533.2250
623.7437
348.1506
0.0000
0.0000
0.0000
0.0000
0.0000
0.0000
0.0000
0.0000
0.0000
0.0000
0.0000
0.0000
0.0000
0.0000
0.0000
0.0000
0.0000
0.0000
0.0000
0.0000
0.0000
0.0000
324.2017
502.6738
621.5765
1144.0389
1032.3516
927.1112
863.9933
839.5626
608.3859
487.3494
545.4907
574.6265
621.3378
856.6779
710.2941
986.9004
781.4642
649.5457
866.7640
500.1464
489.5324
576.9604
783.5966
348.2160
0.0000
0.0000
0.0000
0.0000
0.0000
0.0000
0.0000
0.0000
0.0000
0.0000
0.0000
0.0000
0.0000
0.0000
0.0000
0.0000
0.0000
0.0000
0.0000
0.0000
0.0000
0.0000
296.0399
493.6210
799.7192
965.5886
835.7757
634.6349
510.1842
751.0064
573.7598
540.6468
616.7561
527.3546
656.5724
972.1099
847.6234
538.3408
1076.3011
867.3962
630.6484
623.7750
466.6466
692.8178
928.0493
582.2562
0.0000
0.0000
0.0000
0.0000
0.0000
0.0000
0.0000
0.0000
0.0000
0.0000
0.0000
0.0000
0.0000
0.0000
0.0000
0.0000
0.0000
0.0000
0.0000
0.0000
0.0000
0.0000
259.0443
425.2807
619.6430
783.0106
870.7133
615.5541
513.1159
526.9396
600.4152
548.9208
416.7273
457.1581
831.5757
938.4895
542.7376
547.3851
575.2979
745.2743
626.4409
661.8547
642.5640
794.8216
495.9289
768.3044
0.0000
0.0000
0.0000
0.0000
0.0000
0.0000
0.0000
0.0000
0.0000
0.0000
0.0000
0.0000
0.0000
0.0000
0.0000
0.0000
0.0000
0.0000
0.0000
0.0000
0.0000
0.0000
116.1288
230.9155
298.0151
472.4636
793.6502
494.9145
418.8493
452.0101
424.1928
546.4268
391.6826
400.8729
704.1030
1014.5633
801.8956
484.2204
417.6385
605.4758
573.1231
650.2000
599.7203
823.5417
570.7043
449.6339
0.0000
0.0000
0.0000
0.0000
0.0000
0.0000
0.0000
0.0000
0.0000
0.0000
0.0000
0.0000
0.0000
0.0000
0.0000
0.0000
0.0000
0.0000
0.0000
0.0000
0.0000
0.0000
81.6551
129.9779
205.1451
255.4272
401.0895
431.1165
391.5555
336.5064
373.0584
497.4325
447.6221
522.2741
496.9665
431.4647
469.3476
553.6374
447.4805
582.3934
595.3323
783.1605
849.6388
674.6588
434.0963
540.1083
0.0000
0.0000
0.0000
0.0000
0.0000
0.0000
0.0000
0.0000
0.0000
0.0000
0.0000
0.0000
0.0000
0.0000
0.0000
0.0000
0.0000
0.0000
0.0000
0.0000
0.0000
0.0000
88.3315
103.2280
126.0291
154.2472
244.0631
329.5858
256.2357
274.8917
264.4471
264.6742
406.9937
392.1511
338.4447
331.3153
393.2164
304.7424
414.4846
698.4210
794.9797
902.6149
710.0810
687.6151
492.2794
515.4222
0.0000
0.0000
0.0000
0.0000
0.0000
0.0000
0.0000
0.0000
0.0000
0.0000
0.0000
0.0000
0.0000
0.0000
0.0000
0.0000
0.0000
0.0000
0.0000
0.0000
0.0000
0.0000
113.7938
110.3718
138.4029
155.5128
202.8030
268.8326
197.2915
184.7254
262.1183
293.2121
410.2933
375.7282
242.5802
269.6441
197.6577
190.6647
270.4039
550.9148
603.2495
730.0963
711.3206
369.5586
272.2088
340.2283
0.0000
0.0000
0.0000
0.0000
0.0000
0.0000
0.0000
0.0000
0.0000
0.0000
0.0000
0.0000
0.0000
0.0000
0.0000
0.0000
0.0000
0.0000
0.0000
0.0000
0.0000
0.0000
58.8614
84.9238
135.3803
143.6581
220.1914
172.3586
183.7980
196.6716
230.9191
249.6288
208.4240
314.3621
273.3488
276.3775
257.0883
218.3100
302.2736
430.3153
773.5336
750.1798
446.3155
338.5454
348.3135
243.2971
0.0000
0.0000
0.0000
0.0000
0.0000
0.0000
0.0000
0.0000
0.0000
0.0000
0.0000
0.0000
0.0000
0.0000
0.0000
0.0000
0.0000
0.0000
0.0000
0.0000
0.0000
0.0000
29.0331
58.1234
98.4776
95.0554
153.3604
137.4523
200.6646
239.1198
260.0508
260.3088
248.6751
278.7813
210.6015
250.8962
267.2874
270.9873
221.4804
505.7764
605.5182
409.3321
378.9007
381.7106
374.0934
393.7271
0.0000
0.0000
0.0000
0.0000
0.0000
0.0000
0.0000
0.0000
0.0000
0.0000
0.0000
0.0000
0.0000
0.0000
0.0000
0.0000
0.0000
0.0000
0.0000
0.0000
0.0000
0.0000
29.5262
71.5036
76.8977
97.4466
142.4054
158.0236
178.2024
269.0847
281.7270
264.4847
218.0452
318.7150
250.4404
420.4981
404.5815
216.7244
234.6499
505.8431
420.4019
428.9239
262.7960
243.4324
265.8578
279.0031
0.0000
0.0000
0.0000
0.0000
0.0000
0.0000
0.0000
0.0000
0.0000
0.0000
0.0000
0.0000
0.0000
0.0000
0.0000
0.0000
0.0000
0.0000
0.0000
0.0000
0.0000
0.0000
33.6158
46.0436
78.5551
145.2607
149.2921
130.7132
141.2621
141.8009
206.8764
300.1415
358.3193
307.9459
313.3536
399.6683
441.0759
211.2901
151.1897
212.9415
231.9737
332.5826
168.4201
160.1267
189.2502
229.1365
0.0000
0.0000
0.0000
0.0000
0.0000
0.0000
0.0000
0.0000
0.0000
0.0000
0.0000
0.0000
0.0000
0.0000
0.0000
0.0000
0.0000
0.0000
0.0000
0.0000
0.0000
0.0000
38.6932
54.8596
73.7639
69.9732
99.8549
117.9169
117.7442
92.9237
138.1218
291.0105
338.8831
370.8690
291.7865
472.7310
263.5502
213.9361
217.8355
143.4172
240.2477
297.9987
222.3025
216.5673
153.6434
236.2441
0.0000
0.0000
0.0000
0.0000
0.0000
0.0000
0.0000
0.0000
0.0000
0.0000
0.0000
0.0000
0.0000
0.0000
0.0000
0.0000
0.0000
0.0000
0.0000
0.0000
0.0000
0.0000
47.3481
57.3942
44.3497
65.6671
54.0404
71.5704
98.1473
185.5468
201.5075
284.7315
379.4614
423.9572
470.4936
399.0841
279.4282
173.6730
177.5541
175.1396
235.4541
257.1229
197.2158
197.4471
225.3725
213.5170
192.7418
0.0000
0.0000
0.0000
0.0000
0.0000
0.0000
0.0000
0.0000
0.0000
0.0000
0.0000
0.0000
0.0000
0.0000
0.0000
0.0000
0.0000
0.0000
0.0000
0.0000
0.0000
41.2583
66.7037
58.2615
70.8968
47.7025
103.1467
151.1903
124.2677
133.4516
156.5359
266.7209
429.0079
362.8492
272.3846
207.3667
203.0305
149.3045
115.7514
161.4639
288.4805
284.6788
178.0455
216.8463
204.5743
189.5094
0.0000
0.0000
0.0000
0.0000
0.0000
0.0000
0.0000
0.0000
0.0000
0.0000
0.0000
0.0000
0.0000
0.0000
0.0000
0.0000
0.0000
0.0000
0.0000
0.0000
0.0000
40.0105
53.7811
64.6334
67.8735
47.1892
51.1918
82.2166
100.1456
114.3937
163.0643
129.5522
225.5065
186.4534
279.3745
244.7142
194.1246
161.1918
121.3841
125.4056
154.5187
178.4737
169.1709
180.0912
222.6740
245.1074
353.0350
0.0000
0.0000
0.0000
0.0000
0.0000
0.0000
0.0000
0.0000
0.0000
0.0000
0.0000
0.0000
0.0000
0.0000
0.0000
0.0000
0.0000
0.0000
0.0000
0.0000
23.1181
29.2225
66.2147
61.7955
58.9325
62.6344
56.6109
81.7914
78.3943
140.1238
148.7511
169.3038
174.0107
204.3876
188.2352
194.9669
165.3798
151.9514
119.7020
72.3186
114.0132
108.5790
136.2263
266.9915
410.0699
203.1551
173.7312
0.0000
0.0000
0.0000
0.0000
0.0000
0.0000
0.0000
0.0000
0.0000
0.0000
0.0000
0.0000
0.0000
0.0000
0.0000
0.0000
0.0000
0.0000
0.0000
29.3158
28.7350
56.3508
66.0292
67.7177
44.0008
65.9832
75.0215
65.0822
87.6937
150.3096
164.5838
165.2516
173.6997
120.4434
120.6328
123.6215
85.6527
96.9289
147.8149
142.9127
136.4319
197.4283
194.2839
232.7655
187.8744
183.7126
125.3127
0.0000
0.0000
0.0000
0.0000
0.0000
0.0000
0.0000
0.0000
0.0000
0.0000
0.0000
0.0000
0.0000
0.0000
0.0000
0.0000
0.0000
0.0000
21.0656
31.0737
55.7448
65.2023
108.5640
108.8770
67.3468
67.4959
104.7135
75.4017
137.4949
125.9197
215.1368
353.7509
140.3162
97.4951
84.1884
106.5276
117.9901
139.6608
105.5296
137.4046
141.9540
189.0034
229.0021
133.6383
218.6559
125.6121
0.0000
0.0000
0.0000
0.0000
0.0000
0.0000
0.0000
0.0000
0.0000
0.0000
0.0000
0.0000
0.0000
0.0000
0.0000
0.0000
0.0000
0.0000
15.0920
23.6073
48.5771
75.0728
90.0107
123.2247
61.5562
75.1162
101.9895
128.6769
111.0960
126.3240
160.6551
241.4624
118.7317
75.2710
79.7795
84.0024
91.8736
120.2708
111.1010
122.4630
132.0590
147.3985
200.0118
206.3270
214.2825
184.0524
74.8699
0.0000
0.0000
0.0000
0.0000
0.0000
0.0000
0.0000
0.0000
0.0000
0.0000
0.0000
0.0000
0.0000
0.0000
0.0000
0.0000
0.0000
26.4557
29.2636
44.0021
61.5387
85.1931
110.1001
129.9026
117.4650
113.7771
132.0226
119.2316
154.2010
147.8010
208.4140
64.9157
52.0769
59.6881
73.0794
74.4901
62.6031
106.6091
151.8027
178.7299
169.0405
261.9655
186.8672
149.7769
153.2551
116.7895
0.0000
0.0000
0.0000
0.0000
0.0000
0.0000
0.0000
0.0000
0.0000
0.0000
0.0000
0.0000
0.0000
0.0000
0.0000
0.0000
0.0000
24.1811
44.6717
33.8979
65.8074
93.9232
126.9112
128.7960
129.8720
136.5227
152.0278
138.6724
163.5159
186.2769
253.5358
70.0471
59.9100
59.7752
65.7834
68.4440
89.7901
81.6708
150.8509
199.7489
190.1288
216.8963
237.6425
236.3041
222.1517
163.7332
149.7632
0.0000
0.0000
0.0000
0.0000
0.0000
0.0000
0.0000
0.0000
0.0000
0.0000
0.0000
0.0000
0.0000
0.0000
0.0000
0.0000
45.0697
52.4550
46.5729
66.9912
90.0127
123.4848
179.1105
117.5964
125.4422
189.6077
220.3284
208.3231
238.3891
315.0670
91.7336
76.5662
72.2170
65.2392
74.1648
86.9513
115.6908
135.7923
184.1412
165.3687
258.2410
216.3967
300.8476
257.9684
169.3652
236.6337
104.5197
0.0000
0.0000
0.0000
0.0000
0.0000
0.0000
0.0000
0.0000
0.0000
0.0000
0.0000
0.0000
0.0000
0.0000
0.0000
58.0728
49.0053
54.8401
117.2009
122.0524
135.5811
210.8310
166.7546
133.7933
184.4686
201.0516
242.2850
319.0316
356.0782
97.0180
78.4172
90.7713
83.3406
77.3616
80.9024
95.7954
131.1972
186.3968
237.4489
247.2042
202.4889
250.4086
261.1076
234.0637
191.0591
152.8810
128.0979
0.0000
0.0000
0.0000
0.0000
0.0000
0.0000
0.0000
0.0000
0.0000
0.0000
0.0000
0.0000
0.0000
0.0000
56.2251
56.0302
73.1089
132.6483
197.0471
193.1850
196.1289
157.5585
171.1199
186.2492
323.4878
384.2571
472.0536
297.2557
90.1329
74.8605
108.7849
77.4844
70.2553
124.5324
146.3928
225.7034
197.0862
222.6827
253.7873
290.2664
220.9419
184.2501
227.9598
235.7882
212.8476
136.4289
157.6683
0.0000
0.0000
0.0000
0.0000
0.0000
0.0000
0.0000
0.0000
0.0000
0.0000
0.0000
0.0000
0.0000
58.9619
78.3272
115.7611
149.0763
159.8320
234.6796
172.3940
201.9092
264.3668
258.3345
314.6886
377.5809
440.2093
329.7941
123.9096
76.6105
67.0122
78.1350
81.1646
108.9968
182.2227
242.2549
223.1797
200.4989
205.0899
263.8650
172.7727
134.9802
199.8543
173.0142
218.4839
174.4057
198.4235
0.0000
0.0000
0.0000
0.0000
0.0000
0.0000
0.0000
0.0000
0.0000
0.0000
0.0000
0.0000
0.0000
99.7152
108.5088
135.8095
139.8501
301.9930
367.0056
325.5739
230.4894
346.2682
242.5278
333.9209
397.6943
482.4500
440.9567
163.6431
98.3477
82.7395
64.2248
63.7286
113.8119
166.3784
164.9620
150.0840
157.7530
155.6751
180.3564
143.4025
134.5133
133.0580
157.0142
148.0697
164.8815
253.7668
151.2888
0.0000
0.0000
0.0000
0.0000
0.0000
0.0000
0.0000
0.0000
0.0000
0.0000
0.0000
0.0000
112.0553
157.1083
157.0732
148.9030
283.7521
251.5734
292.5706
266.3011
439.9576
367.3207
349.7071
549.9753
497.2620
436.8034
149.7942
86.1938
39.6375
33.7251
49.3326
66.5379
82.2468
158.4878
93.2770
103.1483
215.7973
162.3377
124.4662
107.1701
114.2597
135.1128
124.6511
184.5946
211.8193
177.9242
105.7755
0.0000
0.0000
0.0000
0.0000
0.0000
0.0000
0.0000
0.0000
0.0000
0.0000
0.0000
207.3777
206.5682
144.8550
161.4333
183.1322
261.4526
407.2038
428.8386
437.0876
237.8972
326.1687
457.4606
323.1632
446.2122
114.1087
76.8182
44.6761
42.0094
64.2117
43.3954
38.6979
63.0572
70.1043
62.6542
126.1328
123.4644
68.6254
123.5296
127.6092
107.2054
136.2279
148.2988
170.3145
139.5843
59.9241
72.9696
0.0000
0.0000
0.0000
0.0000
0.0000
0.0000
0.0000
0.0000
0.0000
0.0000
121.8030
166.4058
130.6028
122.9110
276.9006
301.3128
416.5415
492.9316
494.3509
496.2797
364.2314
491.9995
372.1007
396.0967
97.3247
67.7650
68.0009
53.1048
70.5955
35.5422
47.7564
45.1607
51.3867
50.5643
114.9548
76.1817
87.2457
77.3836
107.2186
106.6463
110.0895
117.3449
152.6715
96.5334
65.0887
52.6669
0.0000
0.0000
0.0000
0.0000
0.0000
0.0000
0.0000
0.0000
0.0000
0.0000
148.9579
153.1112
110.4331
155.4405
185.1070
520.6018
411.8302
507.8420
474.1626
525.4926
328.5691
385.9134
298.1347
271.7610
95.8715
79.0374
81.9428
69.0143
81.0206
46.9590
47.0064
58.0291
45.6408
53.0397
78.6659
99.0498
77.1832
71.7994
92.8408
126.2048
162.7487
157.8946
109.4670
166.2306
118.1841
104.3414
0.0000
0.0000
0.0000
0.0000
0.0000
0.0000
0.0000
0.0000
0.0000
0.0000
120.1944
114.3801
98.8183
149.9397
181.1555
376.2942
436.3692
502.0037
523.5586
419.5825
351.1331
325.5314
281.5224
394.0344
111.3697
101.7642
109.4515
99.8622
69.6631
57.8531
34.9533
41.8209
38.1588
31.6773
103.2975
110.8027
107.5398
66.5704
82.5760
95.9081
153.4520
114.2712
115.0129
169.5968
106.3978
142.6476
0.0000
0.0000
0.0000
0.0000
0.0000
0.0000
0.0000
0.0000
0.0000
0.0000
150.5153
162.1529
143.6156
147.9612
187.3930
355.6636
606.4439
616.3071
468.3481
598.3250
400.4294
339.3134
317.7773
368.9832
170.8987
173.4250
96.2330
71.1770
62.1865
40.8888
44.5005
40.4775
27.7870
33.7764
67.7808
119.3945
158.9714
98.9116
119.2275
108.5383
88.1985
98.0422
132.1544
148.1966
188.9574
178.6339
0.0000
0.0000
0.0000
0.0000
0.0000
0.0000
0.0000
0.0000
0.0000
0.0000
125.0611
138.0205
127.8361
147.0688
233.9134
466.7643
641.2978
421.7172
483.3094
533.9755
416.9485
361.0461
317.7499
336.2898
0.0000
0.0000
78.3470
54.5235
60.2442
32.5892
29.9576
24.3797
16.5186
15.5367
58.0013
106.2683
140.5237
147.5998
142.7398
165.2810
146.2222
143.8379
109.5312
165.0666
109.0438
147.2079
0.0000
0.0000
0.0000
0.0000
0.0000
0.0000
0.0000
0.0000
0.0000
0.0000
97.5592
100.5304
94.9192
127.5563
239.5099
391.8735
481.3579
331.4914
393.4687
423.2604
406.0172
243.8689
283.7777
231.6703
0.0000
0.0000
0.0000
0.0000
0.0000
0.0000
0.0000
0.0000
0.0000
0.0000
50.8751
61.0906
84.6007
125.0123
137.7029
171.1776
185.2456
130.9769
204.1212
109.7862
89.8560
105.0914
0.0000
0.0000
0.0000
0.0000
0.0000
0.0000
0.0000
0.0000
0.0000
0.0000
189.1776
167.5514
150.9636
205.0358
208.9176
312.1976
330.6894
412.7783
293.9204
260.5070
254.1564
148.5692
145.5196
145.5404
0.0000
0.0000
0.0000
0.0000
0.0000
0.0000
0.0000
0.0000
0.0000
0.0000
43.2591
41.0370
74.2422
124.8934
124.7789
145.4481
203.3813
156.9478
167.5741
231.2190
142.9991
122.5643
0.0000
0.0000
0.0000
0.0000
0.0000
0.0000
0.0000
0.0000
0.0000
0.0000
151.3809
165.6763
148.0912
279.1226
264.7891
226.1344
263.5060
260.0072
198.2079
158.2146
126.7536
87.6678
82.0687
107.6456
0.0000
0.0000
0.0000
0.0000
0.0000
0.0000
0.0000
0.0000
0.0000
0.0000
65.9128
61.5707
62.3341
113.5495
122.3534
199.3970
186.4960
132.1396
210.5331
247.7390
195.7988
170.9484
0.0000
0.0000
0.0000
0.0000
0.0000
0.0000
0.0000
0.0000
0.0000
0.0000
116.2845
103.6694
188.4139
203.3443
172.6060
197.9748
258.6490
321.3383
217.0276
144.3008
117.2665
89.7621
69.5844
62.5905
0.0000
0.0000
0.0000
0.0000
0.0000
0.0000
0.0000
0.0000
0.0000
0.0000
82.2685
97.5837
81.7932
78.5344
131.1280
144.5234
214.3471
225.2515
188.1529
241.0576
271.7845
379.5741
0.0000
0.0000
0.0000
0.0000
0.0000
0.0000
0.0000
0.0000
0.0000
0.0000
102.0231
86.0285
142.8129
138.0795
156.7407
168.4149
177.6097
258.5545
242.2641
203.9570
137.9565
60.4863
78.9579
70.2305
0.0000
0.0000
0.0000
0.0000
0.0000
0.0000
0.0000
0.0000
0.0000
0.0000
87.9459
86.1787
96.7363
146.7254
91.9327
92.5977
123.0816
228.2435
228.2605
266.7332
323.6663
340.1394
0.0000
0.0000
0.0000
0.0000
0.0000
0.0000
0.0000
0.0000
0.0000
0.0000
111.3289
106.8559
170.9681
122.9221
129.4367
173.5938
181.0200
189.0225
200.9055
307.3211
124.3555
102.5177
69.5138
47.8969
0.0000
0.0000
0.0000
0.0000
0.0000
0.0000
0.0000
0.0000
0.0000
0.0000
75.3190
85.5495
103.1091
162.8743
156.1732
114.2626
145.8467
188.6153
174.0841
172.9607
223.0925
343.0699
0.0000
0.0000
0.0000
0.0000
0.0000
0.0000
0.0000
0.0000
0.0000
0.0000
92.0243
125.7695
108.9913
121.2529
124.4912
130.8353
127.3852
157.5700
215.9718
186.6061
109.8363
88.2528
59.3827
40.4838
0.0000
0.0000
0.0000
0.0000
0.0000
0.0000
0.0000
0.0000
0.0000
0.0000
56.4975
87.8493
83.2346
139.7606
134.9224
129.5910
157.5758
119.3815
119.5732
161.3994
217.6698
239.1116
0.0000
0.0000
0.0000
0.0000
0.0000
0.0000
0.0000
0.0000
0.0000
0.0000
42.3932
66.4452
114.7674
109.5644
108.0156
106.4875
90.4769
68.1451
122.2098
130.5376
78.7319
78.6425
52.3361
27.8971
0.0000
0.0000
0.0000
0.0000
0.0000
0.0000
0.0000
0.0000
0.0000
0.0000
65.5651
58.3663
96.6673
147.6921
160.3119
167.4866
141.9831
118.9532
91.5463
140.4718
186.3122
190.6384
0.0000
0.0000
0.0000
0.0000
0.0000
0.0000
0.0000
0.0000
0.0000
0.0000
32.4384
56.8093
75.3731
116.9440
76.0139
76.1613
64.8998
63.1841
76.8661
103.1290
76.2466
45.2448
34.6731
25.0379
0.0000
0.0000
0.0000
0.0000
0.0000
0.0000
0.0000
0.0000
0.0000
0.0000
89.1682
62.1391
93.1059
99.9592
110.7491
121.3777
165.9921
167.7868
112.4932
156.9544
206.6732
213.2838
0.0000
0.0000
0.0000
0.0000
0.0000
0.0000
0.0000
0.0000
0.0000
0.0000
19.0270
42.8778
68.9883
91.9960
82.7795
48.0116
46.5160
46.6756
74.6916
78.7926
87.0073
39.3424
23.6808
22.8377
0.0000
0.0000
0.0000
0.0000
0.0000
0.0000
0.0000
0.0000
0.0000
0.0000
72.4370
79.1410
75.3181
77.3964
69.2917
85.5865
129.7271
150.6891
195.4366
180.8983
197.6301
221.7427
0.0000
0.0000
0.0000
0.0000
0.0000
0.0000
0.0000
0.0000
0.0000
0.0000
23.6973
27.7685
44.6827
64.4778
57.9732
43.2456
41.5395
56.8599
66.1272
63.4941
62.0085
25.8326
21.2926
16.2038
0.0000
0.0000
0.0000
0.0000
0.0000
0.0000
0.0000
0.0000
0.0000
0.0000
53.3517
42.0589
41.5191
39.8628
69.3321
116.3538
144.0297
163.1911
243.6620
164.6675
160.0503
142.3436
0.0000
0.0000
0.0000
0.0000
0.0000
0.0000
0.0000
0.0000
0.0000
0.0000
23.8675
28.7640
26.2179
41.7077
47.6541
58.0762
56.7868
53.5358
54.9311
36.9914
48.3399
17.1143
12.6189
12.6191
0.0000
0.0000
0.0000
0.0000
0.0000
0.0000
0.0000
0.0000
0.0000
0.0000
60.4115
50.4802
37.8237
35.6736
61.8212
79.6747
110.1585
130.0871
237.4562
171.9302
133.8813
139.8181
0.0000
0.0000
0.0000
0.0000
0.0000
0.0000
0.0000
0.0000
0.0000
0.0000
27.3662
18.7987
49.4624
56.4321
79.5690
69.7487
68.1201
42.0412
32.4196
29.0331
23.6749
7.4366
7.6783
5.1173
0.0000
0.0000
0.0000
0.0000
0.0000
0.0000
0.0000
0.0000
0.0000
0.0000
46.9775
74.4246
51.9884
57.7577
61.6895
101.9424
121.9084
115.2985
225.3170
200.4292
170.1426
201.8123
0.0000
0.0000
0.0000
0.0000
0.0000
0.0000
0.0000
0.0000
0.0000
0.0000
31.6908
24.2751
27.3371
51.3639
61.5640
67.3279
70.0319
46.0766
33.7395
30.6684
15.5783
7.3544
6.5991
5.0809
0.0000
0.0000
0.0000
0.0000
0.0000
0.0000
0.0000
0.0000
0.0000
0.0000
47.5009
62.2230
51.8468
52.4569
61.4028
88.2150
155.6161
108.2189
200.2197
181.6065
215.4741
193.0905
0.0000
0.0000
0.0000
0.0000
0.0000
0.0000
0.0000
0.0000
0.0000
0.0000
20.9854
21.9970
19.8644
36.2354
68.6276
63.9212
64.7768
51.4007
55.8482
35.7995
24.2636
5.2578
4.4648
5.6117
0.0000
0.0000
0.0000
0.0000
0.0000
0.0000
0.0000
0.0000
0.0000
0.0000
53.9098
72.9648
51.5996
60.9668
73.3914
94.5638
90.5162
118.5675
188.0374
274.1909
198.6925
149.6580
0.0000
0.0000
0.0000
0.0000
0.0000
0.0000
0.0000
0.0000
0.0000
0.0000
17.5679
20.0470
20.8399
26.8666
64.9167
73.1050
65.7570
58.1527
49.0238
35.7833
21.9332
5.9050
3.2578
5.3777
0.0000
0.0000
0.0000
0.0000
0.0000
0.0000
0.0000
0.0000
0.0000
0.0000
74.2729
78.9496
93.2956
96.0935
80.4583
85.1880
146.0202
167.0466
264.1509
184.2134
213.1224
136.4338
0.0000
0.0000
0.0000
0.0000
0.0000
0.0000
0.0000
0.0000
0.0000
0.0000
19.4278
16.8348
22.8563
30.6413
56.8619
71.5167
68.4656
47.6754
43.8792
32.3690
21.4741
4.7968
4.2561
5.7588
0.0000
0.0000
0.0000
0.0000
0.0000
0.0000
0.0000
0.0000
0.0000
0.0000
73.4272
105.0236
100.3178
118.0198
118.1847
124.8049
124.9984
191.8479
249.8017
184.0549
205.2111
242.3530
0.0000
0.0000
0.0000
0.0000
0.0000
0.0000
0.0000
0.0000
0.0000
0.0000
18.6605
14.4376
23.1989
20.7135
53.6888
69.6037
71.0549
56.4313
44.3147
30.0012
16.5005
2.5872
4.5017
6.0428
0.0000
0.0000
0.0000
0.0000
0.0000
0.0000
0.0000
0.0000
0.0000
0.0000
77.6523
108.3002
134.6282
139.0082
121.3792
127.6676
116.6933
159.7124
352.8949
349.6407
298.5593
355.1378
0.0000
0.0000
0.0000
0.0000
0.0000
0.0000
0.0000
0.0000
0.0000
0.0000
0.0000
26.2796
24.7703
29.5708
60.8205
43.7868
54.8517
45.7218
43.6076
29.7249
16.7006
3.1971
5.4808
5.1084
0.0000
0.0000
0.0000
0.0000
0.0000
0.0000
0.0000
0.0000
0.0000
0.0000
98.6946
121.5416
158.4289
98.2129
99.0574
108.0224
110.7045
179.7990
349.7701
323.8600
254.2749
492.1903
0.0000
0.0000
0.0000
0.0000
0.0000
0.0000
0.0000
0.0000
0.0000
0.0000
0.0000
16.4419
29.2394
20.4119
33.4672
51.7914
42.4882
25.6011
28.2442
20.2856
19.3520
0.0000
0.0000
4.8826
0.0000
0.0000
0.0000
0.0000
0.0000
0.0000
0.0000
0.0000
0.0000
0.0000
97.3802
113.7818
167.5166
93.1937
91.1076
99.0070
88.5203
160.9442
185.5972
308.4694
403.1671
412.9260
0.0000
0.0000
0.0000
0.0000
0.0000
0.0000
0.0000
0.0000
0.0000
0.0000
0.0000
0.0000
20.3217
17.9866
39.4412
40.7286
24.3923
30.3135
18.7016
15.1894
14.7813
0.0000
0.0000
0.0000
0.0000
0.0000
0.0000
0.0000
0.0000
0.0000
0.0000
0.0000
0.0000
0.0000
79.9016
104.2751
93.6715
104.9977
110.8955
96.6080
128.0683
189.9305
158.2009
201.9212
392.8199
329.4750
0.0000
0.0000
0.0000
0.0000
0.0000
0.0000
0.0000
0.0000
0.0000
0.0000
0.0000
0.0000
0.0000
12.6137
24.4059
20.4064
18.9240
15.5160
17.3699
22.1009
13.8158
0.0000
0.0000
0.0000
0.0000
0.0000
0.0000
0.0000
0.0000
0.0000
0.0000
0.0000
0.0000
0.0000
57.7368
90.0288
80.0397
156.6994
117.8562
129.2728
166.1447
135.2944
131.3713
150.1249
108.3145
128.4684
0.0000
0.0000
0.0000
0.0000
0.0000
0.0000
0.0000
0.0000
0.0000
0.0000
0.0000
0.0000
0.0000
0.0000
21.6497
15.1834
15.4561
14.9999
26.2032
24.0069
22.0930
0.0000
0.0000
0.0000
0.0000
0.0000
0.0000
0.0000
0.0000
0.0000
0.0000
0.0000
0.0000
0.0000
70.5277
74.6324
92.0978
107.9985
116.7735
184.4319
170.7106
168.5746
135.9432
132.1890
72.7795
78.3041
0.0000
0.0000
0.0000
0.0000
0.0000
0.0000
0.0000
0.0000
0.0000
0.0000
0.0000
0.0000
0.0000
0.0000
17.2376
14.3961
18.8716
17.1525
26.6884
29.3915
20.0028
0.0000
0.0000
0.0000
0.0000
0.0000
0.0000
0.0000
0.0000
0.0000
0.0000
0.0000
0.0000
0.0000
24.4590
36.2324
60.9151
60.9771
93.5942
131.1767
233.6148
100.3185
80.1457
80.7136
86.0972
82.9069
0.0000
0.0000
0.0000
0.0000
0.0000
0.0000
0.0000
0.0000
0.0000
0.0000
0.0000
0.0000
0.0000
0.0000
0.0000
0.0000
11.8302
13.9678
24.5803
22.6650
23.8407
0.0000
0.0000
0.0000
0.0000
0.0000
0.0000
0.0000
0.0000
0.0000
0.0000
0.0000
0.0000
0.0000
0.0000
36.4188
50.4503
32.3341
48.3185
53.2710
40.6193
51.2107
66.3884
45.6906
93.1745
90.8101
0.0000
0.0000
0.0000
0.0000
0.0000
0.0000
0.0000
0.0000
0.0000
0.0000
0.0000
0.0000
0.0000
0.0000
0.0000
0.0000
12.3384
12.7158
16.9949
18.2813
15.4123
0.0000
0.0000
0.0000
0.0000
0.0000
0.0000
0.0000
0.0000
0.0000
0.0000
0.0000
0.0000
0.0000
0.0000
0.0000
0.0000
19.7075
25.9986
16.2581
12.1938
25.3250
40.1554
43.7305
83.0886
66.5782
0.0000
0.0000
0.0000
0.0000
0.0000
0.0000
0.0000
0.0000
0.0000
0.0000
0.0000
0.0000
0.0000
0.0000
0.0000
0.0000
0.0000
17.0224
11.8931
12.2176
13.7847
0.0000
0.0000
0.0000
0.0000
0.0000
0.0000
0.0000
0.0000
0.0000
0.0000
0.0000
0.0000
0.0000
0.0000
0.0000
0.0000
0.0000
18.7451
12.0173
19.8666
16.5552
20.5934
44.4211
60.1618
58.2275
0.0000
0.0000
0.0000
0.0000
0.0000
0.0000
0.0000
0.0000
0.0000
0.0000
0.0000
0.0000
0.0000
0.0000
0.0000
0.0000
0.0000
0.0000
14.6672
11.6434
14.1154
0.0000
0.0000
0.0000
0.0000
0.0000
0.0000
0.0000
0.0000
0.0000
0.0000
0.0000
0.0000
0.0000
0.0000
0.0000
0.0000
0.0000
0.0000
13.1132
25.2969
20.3805
22.5094
38.9755
49.7596
38.0904
0.0000
0.0000
0.0000
0.0000
0.0000
0.0000
0.0000
0.0000
0.0000
0.0000
0.0000
0.0000
0.0000
0.0000
0.0000
0.0000
0.0000
0.0000
15.2328
14.6659
17.4100
0.0000
0.0000
0.0000
0.0000
0.0000
0.0000
0.0000
0.0000
0.0000
0.0000
0.0000
0.0000
0.0000
0.0000
0.0000
0.0000
0.0000
0.0000
0.0000
27.9659
19.6449
20.5109
26.8696
29.0492
45.2941
0.0000
0.0000
0.0000
0.0000
0.0000
0.0000
0.0000
0.0000
0.0000
0.0000
0.0000
0.0000
0.0000
0.0000
0.0000
0.0000
0.0000
0.0000
0.0000
19.9509
20.1659
0.0000
0.0000
0.0000
0.0000
0.0000
0.0000
0.0000
0.0000
0.0000
0.0000
0.0000
0.0000
0.0000
0.0000
0.0000
0.0000
0.0000
0.0000
0.0000
0.0000
0.0000
32.2746
32.7612
30.9941
38.9942
0.0000
0.0000
0.0000
0.0000
0.0000
0.0000
0.0000
0.0000
0.0000
0.0000
0.0000
0.0000
0.0000
0.0000
0.0000
0.0000
0.0000
0.0000
0.0000
0.0000
0.0000
0.0000
0.0000
0.0000
0.0000
0.0000
0.0000
0.0000
0.0000
0.0000
0.0000
0.0000
0.0000
0.0000
0.0000
0.0000
0.0000
0.0000
0.0000
0.0000
0.0000
0.0000
0.0000
36.5693
40.9134
63.9926
0.0000
0.0000
0.0000
0.0000
0.0000
0.0000
0.0000
0.0000
0.0000
0.0000
0.0000
0.0000
0.0000
0.0000
0.0000
0.0000
0.0000
0.0000
0.0000
0.0000
0.0000
0.0000
0.0000
0.0000
0.0000
0.0000
0.0000
0.0000
0.0000
0.0000
0.0000
0.0000
0.0000
0.0000
0.0000
0.0000
0.0000
0.0000
0.0000
0.0000
0.0000
0.0000
0.0000
61.2877
46.0861
109.0813
0.0000
0.0000
0.0000
0.0000
0.0000
0.0000
0.0000
0.0000
0.0000
0.0000
0.0000
0.0000
0.0000
0.0000
0.0000
0.0000
0.0000
0.0000
0.0000
0.0000
0.0000
0.0000
0.0000
0.0000
0.0000
0.0000
0.0000
0.0000
0.0000
0.0000
0.0000
0.0000
0.0000
0.0000
0.0000
0.0000
0.0000
0.0000
0.0000
0.0000
0.0000
0.0000
0.0000
0.0000
0.0000
0.0000
0.0000
0.0000
0.0000
0.0000
0.0000
0.0000
0.0000
0.0000
0.0000
0.0000
0.0000
0.0000
0.0000
0.0000
0.0000
0.0000
0.0000
0.0000
0.0000
0.0000
0.0000
0.0000
0.0000
0.0000
0.0000
0.0000
0.0000
0.0000
0.0000
0.0000
0.0000
0.0000
0.0000
0.0000
0.0000
0.0000
0.0000
0.0000
0.0000
0.0000
0.0000
0.0000
0.0000
0.0000
0.0000
0.0000
0.0000
0.0000
0.0000
0.0000
0.0000
0.0000
0.0000
0.0000
0.0000
0.0000
0.0000
0.0000
0.0000
0.0000
0.0000
0.0000
0.0000
0.0000
0.0000
0.0000
0.0000
0.0000
0.0000
0.0000
0.0000
0.0000
0.0000
0.0000
0.0000
0.0000
0.0000
0.0000
0.0000
0.0000
0.0000
0.0000
0.0000
0.0000
0.0000
0.0000
0.0000
0.0000
0.0000
0.0000
0.0000
0.0000
0.0000
0.0000
0.0000
0.0000
0.0000
0.0000
0.0000
0.0000
0.0000
0.0000
0.0000
0.0000
0.0000
0.0000
0.0000
0.0000
0.0000
0.0000
0.0000
0.0000
0.0000
0.0000
0.0000
0.0000
0.0000
0.0000
0.0000
0.0000
0.0000
0.0000
0.0000
0.0000
0.0000
0.0000
0.0000
0.0000
0.0000
0.0000
0.0000
0.0000
0.0000
0.0000
0.0000
0.0000
0.0000
0.0000
0.0000
0.0000
0.0000
0.0000
0.0000
0.0000
0.0000
0.0000
0.0000
0.0000
0.0000
0.0000
0.0000
0.0000
0.0000
0.0000
0.0000
0.0000
0.0000
0.0000
0.0000
0.0000
0.0000
0.0000
0.0000
0.0000
0.0000
0.0000
0.0000
0.0000
0.0000
0.0000
0.0000
0.0000
0.0000
0.0000
0.0000
0.0000
0.0000
0.0000
0.0000
0.0000
0.0000
0.0000
0.0000
0.0000
0.0000
0.0000
0.0000
0.0000
0.0000
0.0000
0.0000
0.0000
0.0000
0.0000
0.0000
0.0000
0.0000
0.0000
0.0000
0.0000
0.0000
0.0000
0.0000
0.0000
0.0000
0.0000
0.0000
0.0000
0.0000
0.0000
0.0000
0.0000
0.0000
0.0000
0.0000
0.0000
0.0000
0.0000
0.0000
0.0000
0.0000
0.0000
0.0000
0.0000
0.0000
0.0000
0.0000
0.0000
0.0000
0.0000
0.0000
0.0000
0.0000
0.0000
0.0000
0.0000
0.0000
0.0000
0.0000
0.0000
0.0000
0.0000
0.0000
0.0000
0.0000
0.0000
0.0000
0.0000
0.0000
0.0000
0.0000
0.0000
0.0000
0.0000
0.0000
0.0000
0.0000
0.0000
0.0000
0.0000
0.0000
0.0000
0.0000
0.0000
0.0000
0.0000
0.0000
0.0000
0.0000
0.0000
0.0000
0.0000
0.0000
0.0000
0.0000
0.0000
0.0000
0.0000
0.0000
0.0000
0.0000
0.0000
0.0000
0.0000
0.0000
0.0000
0.0000
0.0000
0.0000
0.0000
0.0000
0.0000
0.0000
0.0000
0.0000
0.0000
0.0000
0.0000
0.0000
0.0000
0.0000
0.0000
0.0000
0.0000
0.0000
0.0000
0.0000
0.0000
0.0000
0.0000
0.0000
0.0000
0.0000
0.0000
0.0000
0.0000
0.0000
0.0000
0.0000
0.0000
0.0000
0.0000
0.0000
0.0000
0.0000
0.0000
0.0000
0.0000
0.0000
0.0000
0.0000
0.0000
0.0000
0.0000
0.0000
0.0000
0.0000
0.0000
0.0000
0.0000
0.0000
0.0000
0.0000
0.0000
0.0000
0.0000
0.0000
0.0000
0.0000
0.0000
0.0000
0.0000
0.0000
0.0000
0.0000
0.0000
0.0000
0.0000
0.0000
0.0000
0.0000
0.0000
0.0000
0.0000
0.0000
0.0000
0.0000
0.0000
0.0000
0.0000
0.0000
0.0000
0.0000
0.0000
0.0000
0.0000
0.0000
0.0000
0.0000
0.0000
0.0000
0.0000
0.0000
0.0000
0.0000
0.0000
0.0000
0.0000
0.0000
0.0000
0.0000
0.0000
0.0000
0.0000
0.0000
0.0000
0.0000
0.0000
0.0000
0.0000
0.0000
0.0000
0.0000
0.0000
0.0000
0.0000
0.0000
0.0000
0.0000
0.0000
0.0000
0.0000
0.0000
0.0000
0.0000
0.0000
0.0000
0.0000
0.0000
0.0000
0.0000
0.0000
0.0000
0.0000
0.0000
0.0000
0.0000
0.0000
0.0000
0.0000
0.0000
0.0000
0.0000
0.0000
0.0000
0.0000
0.0000
0.0000
0.0000
0.0000
0.0000
0.0000
0.0000
0.0000
0.0000
0.0000
0.0000
0.0000
0.0000
0.0000
0.0000
0.0000
0.0000
0.0000
0.0000
0.0000
0.0000
0.0000
0.0000
0.0000
0.0000
0.0000
0.0000
0.0000
0.0000
0.0000
0.0000
0.0000
0.0000
0.0000
0.0000
0.0000
0.0000
0.0000
0.0000
0.0000
0.0000
0.0000
0.0000
0.0000
0.0000
0.0000
0.0000
0.0000
0.0000
0.0000
0.0000
0.0000
0.0000
0.0000
0.0000
0.0000
0.0000
0.0000
0.0000
0.0000
0.0000
0.0000
0.0000
0.0000
0.0000
0.0000
0.0000
0.0000
0.0000
0.0000
0.0000
0.0000
0.0000
0.0000
0.0000
0.0000
0.0000
0.0000
0.0000
0.0000
0.0000
0.0000
0.0000
0.0000
0.0000
0.0000
0.0000
0.0000
0.0000
0.0000
0.0000
0.0000
0.0000
0.0000
0.0000
0.0000
0.0000
0.0000
0.0000
0.0000
0.0000
0.0000
0.0000
0.0000
0.0000
0.0000
0.0000
0.0000
0.0000
0.0000
0.0000
0.0000
0.0000
0.0000
0.0000
0.0000
0.0000
0.0000
0.0000
0.0000
0.0000
0.0000
0.0000
0.0000
0.0000
0.0000
0.0000
0.0000
0.0000
0.0000
0.0000
0.0000
0.0000
0.0000
0.0000
0.0000
0.0000
0.0000
0.0000
0.0000
0.0000
0.0000
0.0000
0.0000
0.0000
0.0000
0.0000
0.0000
0.0000
0.0000
0.0000
0.0000
0.0000
0.0000
0.0000
0.0000
0.0000
0.0000
0.0000
0.0000
0.0000
0.0000
0.0000
0.0000
0.0000
0.0000
0.0000
0.0000
0.0000
0.0000
0.0000
0.0000
0.0000
0.0000
0.0000
0.0000
0.0000
0.0000
0.0000
0.0000
0.0000
0.0000
0.0000
0.0000
0.0000
0.0000
0.0000
0.0000
0.0000
0.0000
0.0000
0.0000
0.0000
0.0000
0.0000
0.0000
0.0000
0.0000
0.0000
0.0000
0.0000
0.0000
0.0000
0.0000
0.0000
0.0000
0.0000
0.0000
0.0000
0.0000
0.0000
0.0000
0.0000
0.0000
0.0000
0.0000
0.0000
0.0000
0.0000
0.0000
0.0000
0.0000
0.0000
0.0000
0.0000
0.0000
0.0000
0.0000
0.0000
0.0000
0.0000
0.0000
0.0000
0.0000
0.0000
0.0000
0.0000
0.0000
0.0000
0.0000
0.0000
0.0000
0.0000
0.0000
0.0000
0.0000
0.0000
0.0000
0.0000
0.0000
0.0000
0.0000
0.0000
0.0000
0.0000
0.0000
0.0000
0.0000
0.0000
0.0000
0.0000
0.0000
0.0000
0.0000
0.0000
0.0000
0.0000
0.0000
0.0000
0.0000
0.0000
0.0000
0.0000
0.0000
0.0000
0.0000
0.0000
0.0000
0.0000
0.0000
0.0000
0.0000
0.0000
0.0000
0.0000
0.0000
0.0000
0.0000
0.0000
0.0000
0.0000
0.0000
0.0000
0.0000
0.0000
0.0000
0.0000
0.0000
0.0000
0.0000
0.0000
0.0000
0.0000
0.0000
0.0000
0.0000
0.0000
0.0000
0.0000
0.0000
0.0000
0.0000
0.0000
0.0000
0.0000
0.0000
0.0000
0.0000
0.0000
0.0000
0.0000
0.0000
0.0000
0.0000
0.0000
0.0000
0.0000
0.0000
0.0000
0.0000
0.0000
0.0000
0.0000
0.0000
0.0000
0.0000
0.0000
0.0000
0.0000
0.0000
0.0000
0.0000
0.0000
0.0000
0.0000
0.0000
0.0000
0.0000
0.0000
0.0000
0.0000
0.0000
0.0000
0.0000
0.0000
0.0000
0.0000
0.0000
0.0000
0.0000
0.0000
0.0000
0.0000
0.0000
0.0000
0.0000
0.0000
0.0000
0.0000
0.0000
0.0000
0.0000
0.0000
0.0000
0.0000
0.0000
0.0000
0.0000
0.0000
0.0000
0.0000
0.0000
0.0000
0.0000
0.0000
0.0000
0.0000
0.0000
0.0000
0.0000
0.0000
0.0000
0.0000
0.0000
0.0000
0.0000
0.0000
0.0000
0.0000
0.0000
0.0000
0.0000
0.0000
0.0000
0.0000
0.0000
0.0000
0.0000
0.0000
0.0000
0.0000
0.0000
0.0000
0.0000
0.0000
0.0000
0.0000
0.0000
0.0000
0.0000
0.0000
0.0000
0.0000
0.0000
0.0000
0.0000
0.0000
0.0000
0.0000
0.0000
0.0000
0.0000
0.0000
0.0000
0.0000
0.0000
0.0000
0.0000
0.0000
0.0000
0.0000
0.0000
0.0000
0.0000
0.0000
0.0000
0.0000
0.0000
3.6576
4.5448
5.1096
8.8932
11.8519
20.3726
21.9042
19.6504
30.7202
29.6829
33.6120
41.0514
72.6018
121.9905
75.0415
38.7719
32.7261
15.0470
13.7339
12.7853
10.8381
15.3159
22.6083
17.3973
0.0000
0.0000
0.0000
0.0000
0.0000
0.0000
0.0000
0.0000
0.0000
0.0000
0.0000
0.0000
0.0000
0.0000
0.0000
0.0000
0.0000
0.0000
0.0000
0.0000
0.0000
0.0000
3.8143
5.9692
7.4728
9.6884
14.9541
24.5795
18.1355
20.8944
23.5448
29.9836
37.4696
51.5511
85.4821
86.6907
76.7322
57.6302
29.3820
25.7127
15.5471
15.1153
14.6290
14.9484
20.0106
19.2960
0.0000
0.0000
0.0000
0.0000
0.0000
0.0000
0.0000
0.0000
0.0000
0.0000
0.0000
0.0000
0.0000
0.0000
0.0000
0.0000
0.0000
0.0000
0.0000
0.0000
0.0000
0.0000
4.0187
7.1349
10.4051
9.2986
18.7601
20.1123
20.0228
18.0537
21.7578
34.5005
44.8446
63.4950
90.9446
133.8085
96.6151
65.0495
34.5031
27.6659
27.2814
24.8946
23.3689
26.3744
11.6843
10.6783
0.0000
0.0000
0.0000
0.0000
0.0000
0.0000
0.0000
0.0000
0.0000
0.0000
0.0000
0.0000
0.0000
0.0000
0.0000
0.0000
0.0000
0.0000
0.0000
0.0000
0.0000
0.0000
6.6582
6.2622
12.5331
15.6285
22.1991
25.0358
31.8079
24.7214
33.8931
42.0124
55.4406
63.5671
87.8749
80.2829
78.8261
58.3995
43.9253
37.2864
39.3262
33.7831
33.6142
30.1110
14.7335
11.6546
0.0000
0.0000
0.0000
0.0000
0.0000
0.0000
0.0000
0.0000
0.0000
0.0000
0.0000
0.0000
0.0000
0.0000
0.0000
0.0000
0.0000
0.0000
0.0000
0.0000
0.0000
0.0000
7.6092
12.3883
10.2308
11.0893
14.3737
21.9151
25.9067
47.7327
56.8584
47.4397
48.3236
46.9768
48.9995
60.7715
70.1818
55.7971
35.5253
31.6428
33.2917
53.7289
40.4675
38.4607
32.5214
19.2252
0.0000
0.0000
0.0000
0.0000
0.0000
0.0000
0.0000
0.0000
0.0000
0.0000
0.0000
0.0000
0.0000
0.0000
0.0000
0.0000
0.0000
0.0000
0.0000
0.0000
0.0000
0.0000
13.8706
14.9908
11.5125
14.8768
12.9320
16.2087
26.1651
32.5535
36.2494
41.9190
34.3976
29.6413
54.4070
57.8388
58.5089
39.4551
33.0375
45.2383
38.6176
43.2617
38.7564
36.5179
32.3564
16.3786
0.0000
0.0000
0.0000
0.0000
0.0000
0.0000
0.0000
0.0000
0.0000
0.0000
0.0000
0.0000
0.0000
0.0000
0.0000
0.0000
0.0000
0.0000
0.0000
0.0000
0.0000
0.0000
18.2567
11.7178
9.7860
13.6825
26.5106
19.3884
29.8842
33.7248
32.5571
35.9683
32.8437
33.7768
36.3724
46.1375
42.3008
43.1323
52.7019
56.7689
54.2090
39.6906
29.4094
24.2284
26.3630
32.9564
0.0000
0.0000
0.0000
0.0000
0.0000
0.0000
0.0000
0.0000
0.0000
0.0000
0.0000
0.0000
0.0000
0.0000
0.0000
0.0000
0.0000
0.0000
0.0000
0.0000
0.0000
0.0000
16.7485
14.2798
15.6259
18.2116
22.0258
25.5762
37.0911
33.1381
24.8481
24.2247
27.2155
34.0593
46.2805
43.4298
32.9478
42.3396
43.5181
36.0323
60.8135
39.4416
45.8656
28.5668
33.4207
23.3739
0.0000
0.0000
0.0000
0.0000
0.0000
0.0000
0.0000
0.0000
0.0000
0.0000
0.0000
0.0000
0.0000
0.0000
0.0000
0.0000
0.0000
0.0000
0.0000
0.0000
0.0000
0.0000
23.7292
20.3433
18.9925
26.3968
23.5229
23.0837
40.2027
43.6944
22.9833
33.7562
28.2089
32.0845
40.4611
31.7591
27.1240
26.8249
31.1918
39.0540
50.7389
44.0774
48.6765
39.0785
24.0539
20.5963
0.0000
0.0000
0.0000
0.0000
0.0000
0.0000
0.0000
0.0000
0.0000
0.0000
0.0000
0.0000
0.0000
0.0000
0.0000
0.0000
0.0000
0.0000
0.0000
0.0000
0.0000
0.0000
23.9355
25.7247
28.3863
34.0957
32.4383
32.1694
56.1625
26.7729
37.3609
45.1047
34.9323
30.4146
42.9189
35.8889
29.8483
24.3833
30.8970
42.8286
33.2731
39.4243
53.7430
35.0839
30.5796
22.8786
0.0000
0.0000
0.0000
0.0000
0.0000
0.0000
0.0000
0.0000
0.0000
0.0000
0.0000
0.0000
0.0000
0.0000
0.0000
0.0000
0.0000
0.0000
0.0000
0.0000
0.0000
0.0000
28.2164
29.9650
27.2461
22.4659
36.4810
48.9472
49.5141
34.7201
50.5959
72.5596
40.5227
33.1636
25.0845
28.2098
30.6242
34.6268
32.2430
30.9201
40.1497
68.3488
33.0937
35.6493
25.2701
42.2802
0.0000
0.0000
0.0000
0.0000
0.0000
0.0000
0.0000
0.0000
0.0000
0.0000
0.0000
0.0000
0.0000
0.0000
0.0000
0.0000
0.0000
0.0000
0.0000
0.0000
0.0000
0.0000
53.7317
54.2111
32.7590
27.5934
29.8958
42.7481
39.2697
55.8139
49.9041
51.9106
47.1336
33.8739
34.5713
33.0626
29.9474
43.2959
30.3840
56.7890
53.3400
53.9540
40.3928
30.4618
43.0854
51.7368
0.0000
0.0000
0.0000
0.0000
0.0000
0.0000
0.0000
0.0000
0.0000
0.0000
0.0000
0.0000
0.0000
0.0000
0.0000
0.0000
0.0000
0.0000
0.0000
0.0000
0.0000
0.0000
66.8972
52.2407
32.9428
38.0177
39.7028
66.0956
43.4874
51.9073
58.6135
34.2668
37.9898
28.3933
56.9394
33.3283
44.6236
56.6258
52.1695
53.4883
64.4920
55.9185
64.8130
60.7292
70.2745
66.3442
0.0000
0.0000
0.0000
0.0000
0.0000
0.0000
0.0000
0.0000
0.0000
0.0000
0.0000
0.0000
0.0000
0.0000
0.0000
0.0000
0.0000
0.0000
0.0000
0.0000
0.0000
0.0000
57.8534
59.1974
50.7582
37.2959
36.5787
50.4628
48.6249
59.1514
67.4726
54.1613
53.1497
51.6913
50.9012
53.2984
46.5040
51.7732
64.0567
78.7719
59.1052
67.3929
91.4219
77.9618
105.8071
85.2438
0.0000
0.0000
0.0000
0.0000
0.0000
0.0000
0.0000
0.0000
0.0000
0.0000
0.0000
0.0000
0.0000
0.0000
0.0000
0.0000
0.0000
0.0000
0.0000
0.0000
0.0000
0.0000
54.4248
57.3450
50.5760
52.2344
48.2330
56.1339
39.3257
50.3566
73.8676
69.9874
73.6576
77.6408
50.6425
59.7000
63.5348
65.7440
80.6503
87.0817
91.7588
105.9086
115.3153
105.9598
104.8067
94.4836
0.0000
0.0000
0.0000
0.0000
0.0000
0.0000
0.0000
0.0000
0.0000
0.0000
0.0000
0.0000
0.0000
0.0000
0.0000
0.0000
0.0000
0.0000
0.0000
0.0000
0.0000
0.0000
35.4972
51.9668
48.7645
69.2606
84.3303
75.5563
64.6890
74.8686
53.1903
83.5613
64.2505
61.0999
56.1658
42.9793
64.4497
66.5742
107.5365
104.4570
119.8941
115.2494
106.7090
83.2280
129.2542
95.9080
0.0000
0.0000
0.0000
0.0000
0.0000
0.0000
0.0000
0.0000
0.0000
0.0000
0.0000
0.0000
0.0000
0.0000
0.0000
0.0000
0.0000
0.0000
0.0000
0.0000
0.0000
0.0000
45.7672
57.8303
80.3238
57.0666
74.8404
67.2882
81.0443
78.4233
77.9846
74.2767
59.0600
58.2134
46.9761
52.0325
72.8567
84.7367
114.9558
137.1186
142.7648
147.8214
115.6106
132.2770
136.4706
93.6115
0.0000
0.0000
0.0000
0.0000
0.0000
0.0000
0.0000
0.0000
0.0000
0.0000
0.0000
0.0000
0.0000
0.0000
0.0000
0.0000
0.0000
0.0000
0.0000
0.0000
0.0000
0.0000
77.8041
79.7095
76.3180
104.6348
114.3271
59.8836
80.8318
89.1504
72.6878
57.4265
66.1138
55.1185
57.9045
58.0103
93.8677
108.0686
147.8835
142.1356
175.1707
162.7049
142.9312
215.5629
239.8884
117.2329
0.0000
0.0000
0.0000
0.0000
0.0000
0.0000
0.0000
0.0000
0.0000
0.0000
0.0000
0.0000
0.0000
0.0000
0.0000
0.0000
0.0000
0.0000
0.0000
0.0000
0.0000
0.0000
49.2430
72.6898
76.1820
95.3967
113.7423
98.5002
105.6558
98.8220
75.7583
79.9612
49.0563
38.9266
64.0271
45.5854
74.9613
80.2589
153.2983
217.1258
200.3096
214.1407
279.4661
256.5354
201.6183
238.5642
0.0000
0.0000
0.0000
0.0000
0.0000
0.0000
0.0000
0.0000
0.0000
0.0000
0.0000
0.0000
0.0000
0.0000
0.0000
0.0000
0.0000
0.0000
0.0000
0.0000
0.0000
0.0000
40.3474
49.8147
55.9786
97.3063
139.0555
138.8460
114.9199
133.6951
111.9055
115.0127
58.3289
37.1402
42.0431
57.9263
54.2847
78.9781
115.4867
212.1577
243.5473
409.1849
284.8414
215.9604
254.9176
230.4632
0.0000
0.0000
0.0000
0.0000
0.0000
0.0000
0.0000
0.0000
0.0000
0.0000
0.0000
0.0000
0.0000
0.0000
0.0000
0.0000
0.0000
0.0000
0.0000
0.0000
0.0000
0.0000
48.1735
46.2704
58.1844
162.5755
174.4884
144.2463
127.6708
102.9395
86.8324
83.9008
64.1949
65.4944
70.1062
64.4297
70.8530
95.3613
106.5810
176.3204
251.1389
360.8469
377.0435
235.1394
293.8073
265.0771
0.0000
0.0000
0.0000
0.0000
0.0000
0.0000
0.0000
0.0000
0.0000
0.0000
0.0000
0.0000
0.0000
0.0000
0.0000
0.0000
0.0000
0.0000
0.0000
0.0000
0.0000
0.0000
45.7032
56.5549
76.3870
177.9649
188.6699
140.7754
134.7492
84.3890
94.5725
82.1075
84.3197
84.6976
83.9823
72.3675
73.7029
91.8601
114.6593
271.0054
338.2535
492.9954
409.9884
376.8592
435.5517
409.1237
0.0000
0.0000
0.0000
0.0000
0.0000
0.0000
0.0000
0.0000
0.0000
0.0000
0.0000
0.0000
0.0000
0.0000
0.0000
0.0000
0.0000
0.0000
0.0000
0.0000
0.0000
0.0000
41.9654
50.0630
99.6158
189.0764
205.6301
220.0728
184.8381
125.4310
98.2738
89.3682
92.3463
81.3301
101.1673
77.6817
64.0506
67.0134
112.3699
222.8885
314.4283
603.7129
560.8738
594.5858
683.4056
515.0586
0.0000
0.0000
0.0000
0.0000
0.0000
0.0000
0.0000
0.0000
0.0000
0.0000
0.0000
0.0000
0.0000
0.0000
0.0000
0.0000
0.0000
0.0000
0.0000
0.0000
0.0000
0.0000
41.0999
77.5859
149.8873
198.0429
310.0213
307.7442
186.7465
138.8636
97.9529
82.3446
83.6494
77.8680
58.2039
97.9838
82.4175
117.2060
244.0179
258.3226
274.7947
544.8743
639.3466
920.3445
1096.8739
721.6242
0.0000
0.0000
0.0000
0.0000
0.0000
0.0000
0.0000
0.0000
0.0000
0.0000
0.0000
0.0000
0.0000
0.0000
0.0000
0.0000
0.0000
0.0000
0.0000
0.0000
0.0000
0.0000
39.7660
71.1795
144.9084
145.2366
197.1419
332.4323
203.3599
109.1261
82.2491
70.1528
67.5108
66.7687
57.3093
63.4388
85.5026
127.8515
132.6044
217.4126
303.0302
583.6034
896.6346
1145.6541
1036.2957
1090.3224
0.0000
0.0000
0.0000
0.0000
0.0000
0.0000
0.0000
0.0000
0.0000
0.0000
0.0000
0.0000
0.0000
0.0000
0.0000
0.0000
0.0000
0.0000
0.0000
0.0000
0.0000
0.0000
29.7483
57.2028
91.6242
93.4215
152.1840
186.6526
148.1855
109.7206
93.0064
50.9634
40.6451
49.2011
40.2529
54.1093
62.1018
65.9815
89.9774
146.5658
259.2565
492.9356
900.9327
1212.2078
1057.0712
1029.5001
0.0000
0.0000
0.0000
0.0000
0.0000
0.0000
0.0000
0.0000
0.0000
0.0000
0.0000
0.0000
0.0000
0.0000
0.0000
0.0000
0.0000
0.0000
0.0000
0.0000
0.0000
0.0000
30.0885
52.1262
48.0656
59.8105
105.1907
123.1496
111.5885
100.9842
82.0265
54.1658
37.7990
36.3627
33.7328
35.9441
48.9342
51.2745
91.1871
149.7159
219.1040
414.5458
531.1159
965.7634
1357.9746
852.0041
0.0000
0.0000
0.0000
0.0000
0.0000
0.0000
0.0000
0.0000
0.0000
0.0000
0.0000
0.0000
0.0000
0.0000
0.0000
0.0000
0.0000
0.0000
0.0000
0.0000
0.0000
0.0000
27.1422
37.4148
48.4505
101.2402
97.2856
96.5350
90.4802
90.6938
59.3043
41.1279
35.9328
27.2962
21.6477
20.5857
22.0495
49.0656
74.7041
115.9738
280.5448
293.0311
476.2528
790.2507
1207.8290
727.8672
0.0000
0.0000
0.0000
0.0000
0.0000
0.0000
0.0000
0.0000
0.0000
0.0000
0.0000
0.0000
0.0000
0.0000
0.0000
0.0000
0.0000
0.0000
0.0000
0.0000
0.0000
0.0000
21.6720
33.6804
51.5222
67.5296
66.6001
51.6776
41.9542
63.9994
44.5074
36.4764
31.4752
19.3417
16.3898
15.1199
19.5401
21.7649
82.8471
123.2104
171.5099
300.4709
368.3825
788.3203
1267.8975
1108.1757
0.0000
0.0000
0.0000
0.0000
0.0000
0.0000
0.0000
0.0000
0.0000
0.0000
0.0000
0.0000
0.0000
0.0000
0.0000
0.0000
0.0000
0.0000
0.0000
0.0000
0.0000
0.0000
18.5849
27.4446
34.8924
45.1290
54.3865
42.0749
36.6066
37.8404
38.2202
30.1319
22.0197
18.3390
24.0508
21.0778
14.9324
22.6127
42.2893
102.6532
169.0293
303.4094
506.1012
881.3671
675.1735
1418.8217
0.0000
0.0000
0.0000
0.0000
0.0000
0.0000
0.0000
0.0000
0.0000
0.0000
0.0000
0.0000
0.0000
0.0000
0.0000
0.0000
0.0000
0.0000
0.0000
0.0000
0.0000
0.0000
8.2741
15.7830
18.3859
28.3262
46.7354
28.6190
26.2790
28.6333
23.8407
28.1472
20.7299
18.8153
28.9107
39.5175
33.2616
20.8655
36.0503
101.4922
170.6605
323.5723
469.4346
875.2919
788.6137
780.0696
0.0000
0.0000
0.0000
0.0000
0.0000
0.0000
0.0000
0.0000
0.0000
0.0000
0.0000
0.0000
0.0000
0.0000
0.0000
0.0000
0.0000
0.0000
0.0000
0.0000
0.0000
0.0000
6.8771
9.7543
14.0771
16.8379
25.0940
25.5080
21.9402
20.2022
21.7635
27.8373
25.0546
26.0899
27.3567
24.3427
31.7179
48.1709
56.6770
115.3030
205.1084
432.3205
633.6193
741.0896
571.3098
848.4194
0.0000
0.0000
0.0000
0.0000
0.0000
0.0000
0.0000
0.0000
0.0000
0.0000
0.0000
0.0000
0.0000
0.0000
0.0000
0.0000
0.0000
0.0000
0.0000
0.0000
0.0000
0.0000
8.3153
9.1762
9.8858
11.0701
15.2610
19.3104
14.3683
16.6461
16.4392
16.7097
25.3529
25.6147
25.0237
28.6207
39.3032
37.6226
75.2157
177.4144
309.7612
531.6948
650.6848
781.6383
631.8052
850.3272
0.0000
0.0000
0.0000
0.0000
0.0000
0.0000
0.0000
0.0000
0.0000
0.0000
0.0000
0.0000
0.0000
0.0000
0.0000
0.0000
0.0000
0.0000
0.0000
0.0000
0.0000
0.0000
12.5155
11.2667
12.5151
12.7887
15.6413
17.3109
12.2851
12.1940
17.7964
19.8187
28.1545
26.6351
22.4355
29.1698
29.1883
36.4968
66.7902
180.4477
292.1418
494.4038
757.3897
490.4051
437.2948
639.0344
0.0000
0.0000
0.0000
0.0000
0.0000
0.0000
0.0000
0.0000
0.0000
0.0000
0.0000
0.0000
0.0000
0.0000
0.0000
0.0000
0.0000
0.0000
0.0000
0.0000
0.0000
0.0000
7.2386
9.3484
14.2530
13.5136
18.8310
14.3143
13.4023
14.6483
18.0170
20.0203
15.9224
26.8828
27.9187
34.5331
50.6932
55.7975
105.5927
202.0094
458.9788
547.5842
500.5970
490.1409
615.8607
531.6553
0.0000
0.0000
0.0000
0.0000
0.0000
0.0000
0.0000
0.0000
0.0000
0.0000
0.0000
0.0000
0.0000
0.0000
0.0000
0.0000
0.0000
0.0000
0.0000
0.0000
0.0000
0.0000
3.9088
7.3826
11.5955
10.1372
13.9920
12.3608
20.1714
20.0077
22.6124
24.3526
22.1421
27.1319
21.8384
42.1303
74.7591
92.6777
107.6482
304.0571
444.4233
347.6234
441.3453
598.3494
730.5139
828.4982
0.0000
0.0000
0.0000
0.0000
0.0000
0.0000
0.0000
0.0000
0.0000
0.0000
0.0000
0.0000
0.0000
0.0000
0.0000
0.0000
0.0000
0.0000
0.0000
0.0000
0.0000
0.0000
4.3456
9.4818
9.6652
11.0329
12.8032
15.3110
19.8276
26.9186
26.3512
28.2887
25.5681
41.9977
34.8970
73.6755
122.6589
95.3061
140.6862
355.0011
358.4332
411.8999
342.7404
415.1973
571.0734
650.7051
0.0000
0.0000
0.0000
0.0000
0.0000
0.0000
0.0000
0.0000
0.0000
0.0000
0.0000
0.0000
0.0000
0.0000
0.0000
0.0000
0.0000
0.0000
0.0000
0.0000
0.0000
0.0000
5.6585
7.1955
11.8918
19.8716
17.3032
14.6705
18.2641
21.2171
26.7015
38.5464
46.9399
42.6037
46.8072
71.1569
132.1291
105.3974
97.1751
176.2512
220.9373
357.9097
270.7470
338.6489
446.9793
575.6587
0.0000
0.0000
0.0000
0.0000
0.0000
0.0000
0.0000
0.0000
0.0000
0.0000
0.0000
0.0000
0.0000
0.0000
0.0000
0.0000
0.0000
0.0000
0.0000
0.0000
0.0000
0.0000
8.8309
10.8383
14.1198
11.8876
15.6888
17.3687
18.0603
16.7207
27.0301
45.7955
51.1604
53.8443
40.5168
84.6313
107.7787
132.6503
169.5499
128.0645
266.4471
379.9164
437.8883
532.4737
388.8347
613.7859
0.0000
0.0000
0.0000
0.0000
0.0000
0.0000
0.0000
0.0000
0.0000
0.0000
0.0000
0.0000
0.0000
0.0000
0.0000
0.0000
0.0000
0.0000
0.0000
0.0000
0.0000
0.0000
12.9414
15.1236
10.5113
13.5946
9.9083
13.9822
19.8421
39.0882
46.1585
55.2766
67.2442
68.6288
64.3955
78.9805
147.3531
124.6982
172.3794
206.6884
329.1727
415.6436
463.9881
528.2683
634.6447
635.9384
576.7736
0.0000
0.0000
0.0000
0.0000
0.0000
0.0000
0.0000
0.0000
0.0000
0.0000
0.0000
0.0000
0.0000
0.0000
0.0000
0.0000
0.0000
0.0000
0.0000
0.0000
0.0000
16.4677
21.7222
16.9001
18.0978
12.4485
25.3432
36.2311
30.6931
33.0741
40.7632
57.4404
90.3111
74.2484
64.9597
132.8039
169.5056
166.5040
145.5360
248.1976
527.0184
743.5884
495.4320
647.9786
698.3058
579.1628
0.0000
0.0000
0.0000
0.0000
0.0000
0.0000
0.0000
0.0000
0.0000
0.0000
0.0000
0.0000
0.0000
0.0000
0.0000
0.0000
0.0000
0.0000
0.0000
0.0000
0.0000
15.2672
20.8074
18.3002
17.4094
13.9913
14.7695
21.3847
25.2380
29.4181
45.0895
37.4252
63.3982
51.6145
82.3326
191.4392
188.7443
209.1687
171.9456
185.0555
288.2196
430.9046
438.3406
531.8187
690.3806
731.8755
1052.6696
0.0000
0.0000
0.0000
0.0000
0.0000
0.0000
0.0000
0.0000
0.0000
0.0000
0.0000
0.0000
0.0000
0.0000
0.0000
0.0000
0.0000
0.0000
0.0000
0.0000
8.9941
10.9559
21.4071
16.3226
18.6047
18.1837
14.4934
18.9041
20.3246
42.6843
48.6266
58.6645
63.8172
76.3554
181.7434
202.4564
215.8597
213.6418
184.6969
135.2377
253.4871
285.7812
368.9718
707.9036
1072.7539
560.7093
541.3642
0.0000
0.0000
0.0000
0.0000
0.0000
0.0000
0.0000
0.0000
0.0000
0.0000
0.0000
0.0000
0.0000
0.0000
0.0000
0.0000
0.0000
0.0000
0.0000
9.9448
9.2923
17.7976
18.5102
17.7222
13.2395
17.3200
18.9925
15.9424
26.5153
54.6372
69.7667
73.8307
85.3757
134.9587
124.9884
155.2504
133.9655
129.8800
234.8948
261.7604
312.8250
479.5956
434.9180
544.7739
443.6391
499.5089
403.7996
0.0000
0.0000
0.0000
0.0000
0.0000
0.0000
0.0000
0.0000
0.0000
0.0000
0.0000
0.0000
0.0000
0.0000
0.0000
0.0000
0.0000
0.0000
6.4229
9.9344
16.4330
16.8464
26.7708
25.2622
18.7512
16.9370
25.5553
20.5127
47.6193
53.5359
94.4722
155.3525
152.1712
102.2570
99.1954
146.8550
153.8374
176.0567
162.3333
275.5517
301.6755
421.0408
478.5680
284.4408
494.9507
345.8500
0.0000
0.0000
0.0000
0.0000
0.0000
0.0000
0.0000
0.0000
0.0000
0.0000
0.0000
0.0000
0.0000
0.0000
0.0000
0.0000
0.0000
0.0000
4.4244
7.3333
13.4548
19.8274
23.0264
28.0844
17.0899
18.3362
23.3488
29.7491
32.2544
43.1895
59.1050
85.6815
111.4326
74.9401
86.1046
98.5610
97.5036
130.1473
141.6406
195.3058
236.3049
275.5341
373.9049
401.8316
423.6595
422.3602
192.1665
0.0000
0.0000
0.0000
0.0000
0.0000
0.0000
0.0000
0.0000
0.0000
0.0000
0.0000
0.0000
0.0000
0.0000
0.0000
0.0000
0.0000
8.0623
9.1146
12.4776
14.4558
20.0165
24.1200
24.1243
26.2007
21.4472
24.3989
25.6833
40.5587
40.0668
55.3703
52.9906
45.2915
53.8555
68.0774
62.2995
59.2356
113.1775
199.0002
266.7086
285.3302
440.7647
349.5199
287.2145
308.5451
242.5993
0.0000
0.0000
0.0000
0.0000
0.0000
0.0000
0.0000
0.0000
0.0000
0.0000
0.0000
0.0000
0.0000
0.0000
0.0000
0.0000
0.0000
6.9512
12.1143
8.7792
14.1046
17.9899
22.9422
20.6172
25.0850
21.6976
22.4470
22.3504
30.4174
35.6096
54.6334
49.8857
47.0369
47.3641
53.8407
59.0730
74.2125
75.3822
166.5965
244.7557
273.9795
331.2475
362.9589
374.5620
345.9966
265.0265
262.3503
0.0000
0.0000
0.0000
0.0000
0.0000
0.0000
0.0000
0.0000
0.0000
0.0000
0.0000
0.0000
0.0000
0.0000
0.0000
0.0000
11.2462
12.3023
9.5616
11.3191
14.3622
18.7783
23.5424
18.6794
17.4023
21.3343
26.7225
29.6584
36.8670
57.5944
59.2384
51.6742
50.4711
47.7298
56.4666
68.2716
102.9934
129.8339
197.7491
208.4870
336.9159
285.7386
397.7857
329.4120
219.0633
358.0528
206.0746
0.0000
0.0000
0.0000
0.0000
0.0000
0.0000
0.0000
0.0000
0.0000
0.0000
0.0000
0.0000
0.0000
0.0000
0.0000
12.2128
9.4602
8.7670
16.5058
16.1563
17.8222
23.2969
14.8440
15.0844
18.4107
21.9829
29.6596
43.9413
50.7658
46.3015
43.3898
52.9641
51.4299
51.6493
66.1177
78.0526
114.0305
171.9171
262.0126
288.1143
246.0411
289.8588
313.6638
303.4536
290.4458
298.6042
325.3527
0.0000
0.0000
0.0000
0.0000
0.0000
0.0000
0.0000
0.0000
0.0000
0.0000
0.0000
0.0000
0.0000
0.0000
11.5611
9.4606
10.4426
16.2889
22.0846
22.0000
19.7127
13.5200
19.3675
16.8045
28.1371
37.9903
49.7967
33.5432
32.5290
33.8708
54.6921
40.3422
43.0996
90.6407
109.7576
179.7110
155.4296
204.8261
252.2139
321.6716
250.8705
221.0495
297.7303
339.7296
392.6036
353.8010
412.8834
0.0000
0.0000
0.0000
0.0000
0.0000
0.0000
0.0000
0.0000
0.0000
0.0000
0.0000
0.0000
0.0000
12.3567
13.3799
16.4955
18.1630
14.7980
21.9293
14.9194
15.3296
26.1748
21.8639
24.5293
32.1603
36.2107
28.5590
31.6819
26.4898
27.6426
36.3430
48.1810
75.9720
129.0312
181.1279
168.6976
170.4087
173.1544
250.3215
177.6904
149.0453
274.5887
282.3189
419.0124
413.4896
467.8568
0.0000
0.0000
0.0000
0.0000
0.0000
0.0000
0.0000
0.0000
0.0000
0.0000
0.0000
0.0000
0.0000
18.7601
18.9469
19.2932
15.5947
25.5592
26.4142
23.5488
14.8720
18.1304
16.7118
21.2068
24.8165
29.0470
27.7587
33.2576
25.3966
27.4929
27.8154
36.3927
79.5863
119.1646
119.2264
114.4725
128.6861
111.3241
141.9711
142.6967
154.1852
199.6224
258.9148
250.5276
351.0170
537.7189
299.6104
0.0000
0.0000
0.0000
0.0000
0.0000
0.0000
0.0000
0.0000
0.0000
0.0000
0.0000
0.0000
19.8469
24.6963
20.9778
17.6137
23.7575
17.1222
19.9392
16.2296
20.2152
23.1415
17.4243
26.9443
25.9358
23.5505
23.8422
19.1162
11.4991
14.2773
27.6817
46.0323
61.5554
131.6162
82.8850
86.9577
151.8894
123.2319
119.6315
130.6045
160.9645
219.6633
203.2091
301.9251
375.3019
291.5479
143.0512
0.0000
0.0000
0.0000
0.0000
0.0000
0.0000
0.0000
0.0000
0.0000
0.0000
0.0000
32.2025
30.2693
17.2627
18.7018
15.8677
16.7226
25.9983
24.0006
19.7120
12.8984
13.8894
16.8607
12.8110
19.4145
15.4933
15.0621
12.5725
17.4002
34.8788
35.5841
33.0138
58.9291
69.3566
58.8174
91.2315
106.3045
68.9049
152.1847
162.6609
149.7621
153.9936
197.5198
227.6952
179.4948
68.1370
63.2842
0.0000
0.0000
0.0000
0.0000
0.0000
0.0000
0.0000
0.0000
0.0000
0.0000
16.1269
22.1731
16.5981
13.9722
23.9077
20.0651
24.8766
25.2484
20.3459
15.1891
16.2706
17.3846
13.5644
15.4294
12.0836
12.5229
18.8686
22.2823
41.4497
30.1361
40.3632
45.8778
57.7541
58.5594
101.1661
77.7041
105.0162
104.8424
120.1234
127.6420
112.7201
116.1080
143.1452
91.7005
55.1731
38.2481
0.0000
0.0000
0.0000
0.0000
0.0000
0.0000
0.0000
0.0000
0.0000
0.0000
20.5714
20.1584
14.0465
17.7327
16.5710
32.7540
22.3789
23.4040
17.8187
15.0481
13.2251
13.2904
11.8839
11.3242
10.8467
13.8535
21.3471
27.2819
46.7173
38.4827
41.5515
59.6910
54.9884
69.1439
72.1361
104.4635
90.2842
99.3275
121.8179
142.2711
123.3330
124.1406
76.1664
116.5193
72.8648
61.4332
0.0000
0.0000
0.0000
0.0000
0.0000
0.0000
0.0000
0.0000
0.0000
0.0000
15.8354
13.8248
10.5168
14.5623
14.4536
20.8149
19.5399
19.2269
16.9780
12.4934
13.7019
12.5256
10.4894
15.7681
13.7798
18.0325
29.0996
38.4352
39.6428
39.1486
28.2767
34.8802
44.4745
41.8765
94.0195
121.7411
131.8935
82.6012
107.6388
95.9075
121.4608
80.2579
68.2920
97.3949
58.5565
66.2638
0.0000
0.0000
0.0000
0.0000
0.0000
0.0000
0.0000
0.0000
0.0000
0.0000
17.1372
17.4254
13.7783
11.5102
11.9823
16.0391
22.3139
20.5307
14.4451
17.2708
18.7976
13.2926
12.5186
14.8940
24.4564
32.8282
27.3974
27.1519
32.0914
27.3833
35.3487
34.1951
29.1705
44.3753
49.5158
111.5967
178.2968
96.0863
117.1425
95.7563
66.2323
59.3739
60.3351
77.4233
88.4317
60.5730
0.0000
0.0000
0.0000
0.0000
0.0000
0.0000
0.0000
0.0000
0.0000
0.0000
12.7345
12.7961
10.2418
9.6546
12.5207
19.7121
22.2770
13.8710
16.2915
16.3539
11.8132
15.3051
13.1644
15.3708
0.0000
0.0000
22.6100
21.3640
28.3157
19.1630
19.8120
19.5992
13.6515
15.7165
33.3479
84.5878
118.8776
119.9886
99.0828
141.9227
90.3172
88.2580
56.3233
84.5388
55.8203
65.0148
0.0000
0.0000
0.0000
0.0000
0.0000
0.0000
0.0000
0.0000
0.0000
0.0000
8.7292
7.9987
6.8643
7.2458
11.9872
17.0196
18.5910
12.1867
14.4758
14.5932
13.3423
12.7159
15.9934
13.6711
0.0000
0.0000
0.0000
0.0000
0.0000
0.0000
0.0000
0.0000
0.0000
0.0000
21.2625
38.7850
59.2121
82.1793
93.9524
125.0897
123.3677
81.3614
116.9898
61.3765
41.9404
46.9956
0.0000
0.0000
0.0000
0.0000
0.0000
0.0000
0.0000
0.0000
0.0000
0.0000
15.6820
11.1150
8.1923
9.6746
8.6431
12.4274
11.8740
16.3539
14.3309
11.2372
10.1727
10.5847
9.7005
10.0426
0.0000
0.0000
0.0000
0.0000
0.0000
0.0000
0.0000
0.0000
0.0000
0.0000
16.1763
18.4265
42.5473
79.5441
78.0787
99.8119
126.8504
79.4663
93.4195
123.2005
66.6298
57.2876
0.0000
0.0000
0.0000
0.0000
0.0000
0.0000
0.0000
0.0000
0.0000
0.0000
12.0883
10.5853
7.1335
11.7090
10.3614
9.5529
9.9565
11.6144
9.2795
7.2232
5.3405
6.0376
5.8737
8.7732
0.0000
0.0000
0.0000
0.0000
0.0000
0.0000
0.0000
0.0000
0.0000
0.0000
22.5286
25.8610
26.9104
60.8036
61.6698
100.0618
89.2132
59.6957
85.7917
82.1848
74.3790
74.2557
0.0000
0.0000
0.0000
0.0000
0.0000
0.0000
0.0000
0.0000
0.0000
0.0000
9.7426
6.9592
10.4314
9.5382
7.4966
9.2221
12.4878
15.5248
10.6700
7.0509
5.4749
6.3599
5.7384
5.5845
0.0000
0.0000
0.0000
0.0000
0.0000
0.0000
0.0000
0.0000
0.0000
0.0000
24.6903
34.7499
31.7348
30.2422
56.7565
54.3444
86.2553
84.4141
59.5092
74.3938
87.3048
138.1621
0.0000
0.0000
0.0000
0.0000
0.0000
0.0000
0.0000
0.0000
0.0000
0.0000
9.8823
6.2075
8.2117
7.3472
8.1027
8.9486
10.2320
14.2839
13.5736
11.3848
7.6167
5.1789
6.8926
6.8123
0.0000
0.0000
0.0000
0.0000
0.0000
0.0000
0.0000
0.0000
0.0000
0.0000
24.9167
26.7204
31.5561
54.5678
32.5588
29.4176
38.1757
66.5223
64.0840
70.7195
92.2705
109.1452
0.0000
0.0000
0.0000
0.0000
0.0000
0.0000
0.0000
0.0000
0.0000
0.0000
12.8798
8.8501
11.6673
8.1427
7.9412
10.4865
11.8082
11.7968
13.1951
20.2728
8.9464
10.3084
7.6118
5.7799
0.0000
0.0000
0.0000
0.0000
0.0000
0.0000
0.0000
0.0000
0.0000
0.0000
21.0887
22.7261
28.3538
55.2210
53.0627
32.3674
36.3200
41.9642
43.2455
45.9741
59.6893
98.4334
0.0000
0.0000
0.0000
0.0000
0.0000
0.0000
0.0000
0.0000
0.0000
0.0000
13.6691
12.9125
8.9113
9.2377
8.8809
8.9419
9.1672
10.6678
14.2383
13.2136
8.8160
11.0743
8.1756
6.3547
0.0000
0.0000
0.0000
0.0000
0.0000
0.0000
0.0000
0.0000
0.0000
0.0000
15.4443
22.3720
23.7200
44.2200
39.7045
34.2268
36.4077
26.1464
30.0972
44.3905
52.5963
57.2573
0.0000
0.0000
0.0000
0.0000
0.0000
0.0000
0.0000
0.0000
0.0000
0.0000
7.3087
8.6750
11.3125
9.9040
9.2561
8.6204
7.3534
5.6878
8.4414
9.9958
7.5358
13.0653
9.4803
5.6747
0.0000
0.0000
0.0000
0.0000
0.0000
0.0000
0.0000
0.0000
0.0000
0.0000
18.5673
15.2918
26.9929
44.9097
46.7169
42.4324
33.6421
25.9359
21.5123
34.2770
41.4795
38.1048
0.0000
0.0000
0.0000
0.0000
0.0000
0.0000
0.0000
0.0000
0.0000
0.0000
7.1260
8.5571
8.1791
11.6055
7.5622
7.0425
5.7252
6.0361
6.2444
9.2012
8.7637
9.6727
8.7892
7.1475
0.0000
0.0000
0.0000
0.0000
0.0000
0.0000
0.0000
0.0000
0.0000
0.0000
23.9045
16.4741
26.3363
28.2246
31.2834
31.1629
41.4302
41.9617
29.7593
34.2786
40.2450
36.5886
0.0000
0.0000
0.0000
0.0000
0.0000
0.0000
0.0000
0.0000
0.0000
0.0000
4.9794
8.1372
8.2741
9.6629
8.7924
5.0835
4.8031
4.7360
7.0505
8.0866
12.1309
10.7857
7.9042
8.7656
0.0000
0.0000
0.0000
0.0000
0.0000
0.0000
0.0000
0.0000
0.0000
0.0000
20.3030
20.2675
20.9511
21.3378
19.7618
23.0683
32.8506
40.9189
52.1012
36.6105
35.4549
36.0476
0.0000
0.0000
0.0000
0.0000
0.0000
0.0000
0.0000
0.0000
0.0000
0.0000
7.7733
7.1679
6.0977
7.3965
6.2232
4.5666
4.4588
5.9652
7.1826
7.7716
10.0508
9.8165
10.0695
8.8011
0.0000
0.0000
0.0000
0.0000
0.0000
0.0000
0.0000
0.0000
0.0000
0.0000
15.9825
11.8559
10.6468
11.0852
20.2601
33.9646
43.4032
50.7545
70.7991
43.2705
30.0322
23.4777
0.0000
0.0000
0.0000
0.0000
0.0000
0.0000
0.0000
0.0000
0.0000
0.0000
9.4908
9.3651
6.1839
5.9204
5.5016
6.1920
6.0507
6.2455
6.8249
5.8300
10.2156
9.1903
8.8872
9.3933
0.0000
0.0000
0.0000
0.0000
0.0000
0.0000
0.0000
0.0000
0.0000
0.0000
21.1394
16.3696
11.6684
12.5873
19.3286
25.8864
36.2858
47.9600
82.7263
47.0266
28.1697
22.8137
0.0000
0.0000
0.0000
0.0000
0.0000
0.0000
0.0000
0.0000
0.0000
0.0000
11.2146
6.7535
8.3463
7.6887
9.5243
7.6009
7.4202
4.8866
4.7989
5.7224
6.4724
5.6745
8.0809
4.9802
0.0000
0.0000
0.0000
0.0000
0.0000
0.0000
0.0000
0.0000
0.0000
0.0000
18.9852
28.2008
18.6439
23.4235
23.2030
38.9608
45.8522
46.0378
76.2111
59.8006
39.0410
32.5701
0.0000
0.0000
0.0000
0.0000
0.0000
0.0000
0.0000
0.0000
0.0000
0.0000
13.4110
8.3490
7.9138
7.6370
7.6737
7.5100
7.3721
5.8487
5.3806
6.1678
4.4454
6.3875
7.1560
5.9266
0.0000
0.0000
0.0000
0.0000
0.0000
0.0000
0.0000
0.0000
0.0000
0.0000
19.4491
24.6152
21.3886
24.1412
26.9046
38.7583
66.6743
42.6582
65.1647
55.4977
56.3389
38.4535
0.0000
0.0000
0.0000
0.0000
0.0000
0.0000
0.0000
0.0000
0.0000
0.0000
8.2062
7.4570
6.1030
5.9501
9.0879
7.5472
7.5483
7.7243
10.5836
8.1235
7.0478
5.3826
5.8114
8.2309
0.0000
0.0000
0.0000
0.0000
0.0000
0.0000
0.0000
0.0000
0.0000
0.0000
22.8270
31.0946
25.0124
29.0115
32.8883
44.5310
38.8427
47.3868
58.5955
72.6247
47.0909
29.4113
0.0000
0.0000
0.0000
0.0000
0.0000
0.0000
0.0000
0.0000
0.0000
0.0000
7.7629
8.0912
7.1788
8.1845
10.4438
10.7721
10.4548
10.8939
11.6603
9.4265
7.0051
7.7472
5.4037
9.8814
0.0000
0.0000
0.0000
0.0000
0.0000
0.0000
0.0000
0.0000
0.0000
0.0000
29.8873
36.0126
40.1205
43.2117
37.5345
42.1447
64.4425
64.1381
75.7161
42.2545
45.7624
22.9911
0.0000
0.0000
0.0000
0.0000
0.0000
0.0000
0.0000
0.0000
0.0000
0.0000
10.4116
8.4821
9.5159
11.8576
10.8968
12.2640
12.6443
11.0555
12.4443
10.5582
8.2077
9.1257
9.2076
14.0180
0.0000
0.0000
0.0000
0.0000
0.0000
0.0000
0.0000
0.0000
0.0000
0.0000
29.5432
39.9289
39.1620
50.0250
46.3942
51.1605
51.5673
66.6476
72.0417
41.8065
42.2725
42.1780
0.0000
0.0000
0.0000
0.0000
0.0000
0.0000
0.0000
0.0000
0.0000
0.0000
11.4457
8.5053
12.6215
10.1344
11.0807
13.4318
14.5803
14.4363
14.4443
11.0929
7.1330
6.6976
12.6887
19.3563
0.0000
0.0000
0.0000
0.0000
0.0000
0.0000
0.0000
0.0000
0.0000
0.0000
27.8676
36.2857
45.1420
46.3776
42.0152
49.0489
45.2402
52.7683
89.4032
79.3357
60.5694
60.5530
0.0000
0.0000
0.0000
0.0000
0.0000
0.0000
0.0000
0.0000
0.0000
0.0000
0.0000
17.0156
15.2874
18.3797
14.1101
10.0963
12.4859
12.6987
14.9946
12.9038
8.8136
10.1390
20.3793
20.7721
0.0000
0.0000
0.0000
0.0000
0.0000
0.0000
0.0000
0.0000
0.0000
0.0000
36.3219
38.6064
43.6591
28.3780
32.7540
38.4002
39.6222
60.0300
94.6751
73.1255
45.6313
74.0306
0.0000
0.0000
0.0000
0.0000
0.0000
0.0000
0.0000
0.0000
0.0000
0.0000
0.0000
10.0811
19.8719
15.7558
10.3634
13.5009
10.7130
7.6594
10.7878
9.2147
11.3358
0.0000
0.0000
20.1847
0.0000
0.0000
0.0000
0.0000
0.0000
0.0000
0.0000
0.0000
0.0000
0.0000
34.5648
34.9222
45.0554
25.4964
28.3560
33.1735
31.1477
51.8224
51.5027
63.5140
63.1645
53.4321
0.0000
0.0000
0.0000
0.0000
0.0000
0.0000
0.0000
0.0000
0.0000
0.0000
0.0000
0.0000
14.8946
17.0631
11.8928
12.0669
6.5742
9.6354
7.1227
6.8250
7.3629
0.0000
0.0000
0.0000
0.0000
0.0000
0.0000
0.0000
0.0000
0.0000
0.0000
0.0000
0.0000
0.0000
27.5082
32.7112
25.6414
30.6318
32.1391
30.5997
39.8545
52.7246
39.0257
38.1007
53.9812
38.7064
0.0000
0.0000
0.0000
0.0000
0.0000
0.0000
0.0000
0.0000
0.0000
0.0000
0.0000
0.0000
0.0000
12.3244
7.7036
6.9059
6.2365
5.3308
6.5061
8.9307
6.3097
0.0000
0.0000
0.0000
0.0000
0.0000
0.0000
0.0000
0.0000
0.0000
0.0000
0.0000
0.0000
0.0000
20.3861
31.9367
23.4906
44.5685
36.9491
41.4105
47.3525
32.6707
25.4698
23.5428
13.4435
13.6777
0.0000
0.0000
0.0000
0.0000
0.0000
0.0000
0.0000
0.0000
0.0000
0.0000
0.0000
0.0000
0.0000
0.0000
7.8202
5.8975
6.1279
5.6861
9.7493
9.7723
9.6803
0.0000
0.0000
0.0000
0.0000
0.0000
0.0000
0.0000
0.0000
0.0000
0.0000
0.0000
0.0000
0.0000
24.7173
26.8785
30.2604
33.1417
38.9431
57.9484
43.9457
34.5694
21.0480
16.7665
7.8424
7.0958
0.0000
0.0000
0.0000
0.0000
0.0000
0.0000
0.0000
0.0000
0.0000
0.0000
0.0000
0.0000
0.0000
0.0000
7.4261
6.7390
8.1938
7.6421
10.7201
12.0271
8.3623
0.0000
0.0000
0.0000
0.0000
0.0000
0.0000
0.0000
0.0000
0.0000
0.0000
0.0000
0.0000
0.0000
21.3709
11.5373
18.9211
19.1477
30.8469
38.1963
56.4582
15.5628
9.3460
8.5975
8.1033
6.7346
0.0000
0.0000
0.0000
0.0000
0.0000
0.0000
0.0000
0.0000
0.0000
0.0000
0.0000
0.0000
0.0000
0.0000
0.0000
0.0000
6.0608
7.0354
11.0366
9.8521
9.3685
0.0000
0.0000
0.0000
0.0000
0.0000
0.0000
0.0000
0.0000
0.0000
0.0000
0.0000
0.0000
0.0000
0.0000
11.6016
15.6583
10.4999
14.9254
13.7026
7.0924
5.1156
4.9334
3.3687
7.2035
6.9341
0.0000
0.0000
0.0000
0.0000
0.0000
0.0000
0.0000
0.0000
0.0000
0.0000
0.0000
0.0000
0.0000
0.0000
0.0000
0.0000
7.5875
7.1855
8.1668
7.2485
5.6398
0.0000
0.0000
0.0000
0.0000
0.0000
0.0000
0.0000
0.0000
0.0000
0.0000
0.0000
0.0000
0.0000
0.0000
0.0000
0.0000
5.6927
7.3079
3.8533
2.1605
1.1072
2.0545
2.3245
5.3468
4.5527
0.0000
0.0000
0.0000
0.0000
0.0000
0.0000
0.0000
0.0000
0.0000
0.0000
0.0000
0.0000
0.0000
0.0000
0.0000
0.0000
0.0000
10.6916
6.0840
4.7632
4.9896
0.0000
0.0000
0.0000
0.0000
0.0000
0.0000
0.0000
0.0000
0.0000
0.0000
0.0000
0.0000
0.0000
0.0000
0.0000
0.0000
0.0000
3.9048
2.1859
2.4611
1.1737
1.1501
2.4226
3.3161
3.1812
0.0000
0.0000
0.0000
0.0000
0.0000
0.0000
0.0000
0.0000
0.0000
0.0000
0.0000
0.0000
0.0000
0.0000
0.0000
0.0000
0.0000
0.0000
8.0972
5.4281
5.5640
0.0000
0.0000
0.0000
0.0000
0.0000
0.0000
0.0000
0.0000
0.0000
0.0000
0.0000
0.0000
0.0000
0.0000
0.0000
0.0000
0.0000
0.0000
1.7461
2.6299
1.5673
1.4217
2.2836
2.6792
2.0665
0.0000
0.0000
0.0000
0.0000
0.0000
0.0000
0.0000
0.0000
0.0000
0.0000
0.0000
0.0000
0.0000
0.0000
0.0000
0.0000
0.0000
0.0000
8.0277
7.0185
7.5483
0.0000
0.0000
0.0000
0.0000
0.0000
0.0000
0.0000
0.0000
0.0000
0.0000
0.0000
0.0000
0.0000
0.0000
0.0000
0.0000
0.0000
0.0000
0.0000
2.3039
1.4225
1.2643
1.5467
1.5746
2.2960
0.0000
0.0000
0.0000
0.0000
0.0000
0.0000
0.0000
0.0000
0.0000
0.0000
0.0000
0.0000
0.0000
0.0000
0.0000
0.0000
0.0000
0.0000
0.0000
9.2010
8.1890
0.0000
0.0000
0.0000
0.0000
0.0000
0.0000
0.0000
0.0000
0.0000
0.0000
0.0000
0.0000
0.0000
0.0000
0.0000
0.0000
0.0000
0.0000
0.0000
0.0000
0.0000
1.6607
1.6215
1.4127
1.7349
0.0000
0.0000
0.0000
0.0000
0.0000
0.0000
0.0000
0.0000
0.0000
0.0000
0.0000
0.0000
0.0000
0.0000
0.0000
0.0000
0.0000
0.0000
0.0000
0.0000
0.0000
0.0000
0.0000
0.0000
0.0000
0.0000
0.0000
0.0000
0.0000
0.0000
0.0000
0.0000
0.0000
0.0000
0.0000
0.0000
0.0000
0.0000
0.0000
0.0000
0.0000
0.0000
0.0000
1.4027
1.4344
2.0034
0.0000
0.0000
0.0000
0.0000
0.0000
0.0000
0.0000
0.0000
0.0000
0.0000
0.0000
0.0000
0.0000
0.0000
0.0000
0.0000
0.0000
0.0000
0.0000
0.0000
0.0000
0.0000
0.0000
0.0000
0.0000
0.0000
0.0000
0.0000
0.0000
0.0000
0.0000
0.0000
0.0000
0.0000
0.0000
0.0000
0.0000
0.0000
0.0000
0.0000
0.0000
0.0000
0.0000
1.8747
1.2760
2.6142
0.0000
0.0000
0.0000
0.0000
0.0000
0.0000
0.0000
0.0000
0.0000
0.0000
0.0000
0.0000
0.0000
0.0000
0.0000
0.0000
0.0000
0.0000
0.0000
0.0000
0.0000
0.0000
0.0000
0.0000
0.0000
0.0000
0.0000
0.0000
0.0000
0.0000
0.0000
0.0000
0.0000
0.0000
0.0000
0.0000
0.0000
0.0000
0.0000
0.0000
0.0000
0.0000
0.0000
0.0000
0.0000
0.0000
0.0000
0.0000
0.0000
0.0000
0.0000
0.0000
0.0000
0.0000
0.0000
0.0000
0.0000
0.0000
0.0000
0.0000
0.0000
0.0000
0.0000
0.0000
0.0000
0.0000
0.0000
0.0000
0.0000
0.0000
0.0000
0.0000
0.0000
0.0000
0.0000
0.0000
0.0000
0.0000
0.0000
0.0000
0.0000
0.0000
0.0000
0.0000
0.0000
0.0000
0.0000
0.0000
0.0000
0.0000
0.0000
0.0000
0.0000
0.0000
0.0000
0.0000
0.0000
0.0000
0.0000
0.0000
0.0000
0.0000
0.0000
0.0000
0.0000
0.0000
0.0000
0.0000
0.0000
0.0000
0.0000
0.0000
0.0000
0.0000
0.0000
0.0000
0.0000
0.0000
0.0000
0.0000
0.0000
0.0000
0.0000
0.0000
0.0000
0.0000
0.0000
0.0000
0.0000
0.0000
0.0000
0.0000
0.0000
0.0000
0.0000
0.0000
0.0000
0.0000
0.0000
0.0000
0.0000
0.0000
0.0000
0.0000
0.0000
0.0000
0.0000
0.0000
0.0000
0.0000
0.0000
0.0000
0.0000
0.0000
0.0000
0.0000
0.0000
0.0000
0.0000
0.0000
0.0000
0.0000
0.0000
0.0000
0.0000
0.0000
0.0000
0.0000
0.0000
0.0000
0.0000
0.0000
0.0000
0.0000
0.0000
0.0000
0.0000
0.0000
0.0000
0.0000
0.0000
0.0000
0.0000
0.0000
0.0000
0.0000
0.0000
0.0000
0.0000
0.0000
0.0000
0.0000
0.0000
0.0000
0.0000
0.0000
0.0000
0.0000
0.0000
0.0000
0.0000
0.0000
0.0000
0.0000
0.0000
0.0000
0.0000
0.0000
0.0000
0.0000
0.0000
0.0000
0.0000
0.0000
0.0000
0.0000
0.0000
0.0000
0.0000
0.0000
0.0000
0.0000
0.0000
0.0000
0.0000
0.0000
0.0000
0.0000
0.0000
0.0000
0.0000
0.0000
0.0000
0.0000
0.0000
0.0000
0.0000
0.0000
0.0000
0.0000
0.0000
0.0000
0.0000
0.0000
0.0000
0.0000
0.0000
0.0000
0.0000
0.0000
0.0000
0.0000
0.0000
0.0000
0.0000
0.0000
0.0000
0.0000
0.0000
0.0000
0.0000
0.0000
0.0000
0.0000
0.0000
0.0000
0.0000
0.0000
0.0000
0.0000
0.0000
0.0000
0.0000
0.0000
0.0000
0.0000
0.0000
0.0000
0.0000
0.0000
0.0000
0.0000
0.0000
0.0000
0.0000
0.0000
0.0000
0.0000
0.0000
0.0000
0.0000
0.0000
0.0000
0.0000
0.0000
0.0000
0.0000
0.0000
0.0000
0.0000
0.0000
0.0000
0.0000
0.0000
0.0000
0.0000
0.0000
0.0000
0.0000
0.0000
0.0000
0.0000
0.0000
0.0000
0.0000
0.0000
0.0000
0.0000
0.0000
0.0000
0.0000
0.0000
0.0000
0.0000
0.0000
0.0000
0.0000
0.0000
0.0000
0.0000
0.0000
0.0000
0.0000
0.0000
0.0000
0.0000
0.0000
0.0000
0.0000
0.0000
0.0000
0.0000
0.0000
0.0000
0.0000
0.0000
0.0000
0.0000
0.0000
0.0000
0.0000
0.0000
0.0000
0.0000
0.0000
0.0000
0.0000
0.0000
0.0000
0.0000
0.0000
0.0000
0.0000
0.0000
0.0000
0.0000
0.0000
0.0000
0.0000
0.0000
0.0000
0.0000
0.0000
0.0000
0.0000
0.0000
0.0000
0.0000
0.0000
0.0000
0.0000
0.0000
0.0000
0.0000
0.0000
0.0000
0.0000
0.0000
0.0000
0.0000
0.0000
0.0000
0.0000
0.0000
0.0000
0.0000
0.0000
0.0000
0.0000
0.0000
0.0000
0.0000
0.0000
0.0000
0.0000
0.0000
0.0000
0.0000
0.0000
0.0000
0.0000
0.0000
0.0000
0.0000
0.0000
0.0000
0.0000
0.0000
0.0000
0.0000
0.0000
0.0000
0.0000
0.0000
0.0000
0.0000
0.0000
0.0000
0.0000
0.0000
0.0000
0.0000
0.0000
0.0000
0.0000
0.0000
0.0000
0.0000
0.0000
0.0000
0.0000
0.0000
0.0000
0.0000
0.0000
0.0000
0.0000
0.0000
0.0000
0.0000
0.0000
0.0000
0.0000
0.0000
0.0000
0.0000
0.0000
0.0000
0.0000
0.0000
0.0000
0.0000
0.0000
0.0000
0.0000
0.0000
0.0000
0.0000
0.0000
0.0000
0.0000
0.0000
0.0000
0.0000
0.0000
0.0000
0.0000
0.0000
0.0000
0.0000
0.0000
0.0000
0.0000
0.0000
0.0000
0.0000
0.0000
0.0000
0.0000
0.0000
0.0000
0.0000
0.0000
0.0000
0.0000
0.0000
0.0000
0.0000
0.0000
0.0000
0.0000
0.0000
0.0000
0.0000
0.0000
0.0000
0.0000
0.0000
0.0000
0.0000
0.0000
0.0000
0.0000
0.0000
0.0000
0.0000
0.0000
0.0000
0.0000
0.0000
0.0000
0.0000
0.0000
0.0000
0.0000
0.0000
0.0000
0.0000
0.0000
0.0000
0.0000
0.0000
0.0000
0.0000
0.0000
0.0000
0.0000
0.0000
0.0000
0.0000
0.0000
0.0000
0.0000
0.0000
0.0000
0.0000
0.0000
0.0000
0.0000
0.0000
0.0000
0.0000
0.0000
0.0000
0.0000
0.0000
0.0000
0.0000
0.0000
0.0000
0.0000
0.0000
0.0000
0.0000
0.0000
0.0000
0.0000
0.0000
0.0000
0.0000
0.0000
0.0000
0.0000
0.0000
0.0000
0.0000
0.0000
0.0000
0.0000
0.0000
0.0000
0.0000
0.0000
0.0000
0.0000
0.0000
0.0000
0.0000
0.0000
0.0000
0.0000
0.0000
0.0000
0.0000
0.0000
0.0000
0.0000
0.0000
0.0000
0.0000
0.0000
0.0000
0.0000
0.0000
0.0000
0.0000
0.0000
0.0000
0.0000
0.0000
0.0000
0.0000
0.0000
0.0000
0.0000
0.0000
0.0000
0.0000
0.0000
0.0000
0.0000
0.0000
0.0000
0.0000
0.0000
0.0000
0.0000
0.0000
0.0000
0.0000
0.0000
0.0000
0.0000
0.0000
0.0000
0.0000
0.0000
0.0000
0.0000
0.0000
0.0000
0.0000
0.0000
0.0000
0.0000
0.0000
0.0000
0.0000
0.0000
0.0000
0.0000
0.0000
0.0000
0.0000
0.0000
0.0000
0.0000
0.0000
0.0000
0.0000
0.0000
0.0000
0.0000
0.0000
0.0000
0.0000
0.0000
0.0000
0.0000
0.0000
0.0000
0.0000
0.0000
0.0000
0.0000
0.0000
0.0000
0.0000
0.0000
0.0000
0.0000
0.0000
0.0000
0.0000
0.0000
0.0000
0.0000
0.0000
0.0000
0.0000
0.0000
0.0000
0.0000
0.0000
0.0000
0.0000
0.0000
0.0000
0.0000
0.0000
0.0000
0.0000
0.0000
0.0000
0.0000
0.0000
0.0000
0.0000
0.0000
0.0000
0.0000
0.0000
0.0000
0.0000
0.0000
0.0000
0.0000
0.0000
0.0000
0.0000
0.0000
0.0000
0.0000
0.0000
0.0000
0.0000
0.0000
0.0000
0.0000
0.0000
0.0000
0.0000
0.0000
0.0000
0.0000
0.0000
0.0000
0.0000
0.0000
0.0000
0.0000
0.0000
0.0000
0.0000
0.0000
0.0000
0.0000
0.0000
0.0000
0.0000
0.0000
0.0000
0.0000
0.0000
0.0000
0.0000
0.0000
0.0000
0.0000
0.0000
0.0000
0.0000
0.0000
0.0000
0.0000
0.0000
0.0000
0.0000
0.0000
0.0000
0.0000
0.0000
0.0000
0.0000
0.0000
0.0000
0.0000
0.0000
0.0000
0.0000
0.0000
0.0000
0.0000
0.0000
0.0000
0.0000
0.0000
0.0000
0.0000
0.0000
0.0000
0.0000
0.0000
0.0000
0.0000
0.0000
0.0000
0.0000
0.0000
0.0000
0.0000
0.0000
0.0000
0.0000
0.0000
0.0000
0.0000
0.0000
0.0000
0.0000
0.0000
0.0000
0.0000
0.0000
0.0000
0.0000
0.0000
0.0000
0.0000
0.0000
0.0000
0.0000
0.0000
0.0000
0.0000
0.0000
0.0000
0.0000
0.0000
0.0000
0.0000
0.0000
0.0000
0.0000
0.0000
0.0000
0.0000
0.0000
0.0000
0.0000
0.0000
0.0000
0.0000
0.0000
0.0000
0.0000
0.0000
0.0000
0.0000
0.0000
0.0000
0.0000
0.0000
0.0000
0.0000
0.0000
0.0000
0.0000
0.0000
0.0000
0.0000
0.0000
0.0000
0.0000
0.0000
0.0000
0.0000
0.0000
0.0000
0.0000
0.0000
0.0000
0.0000
0.0000
0.0000
0.0000
0.0000
0.0000
0.0000
0.0000
0.0000
0.0000
0.0000
0.0000
0.0000
0.0000
0.0000
0.0000
0.0000
0.0000
0.0000
0.0000
0.0000
0.0000
0.0000
0.0000
0.0000
0.0000
0.0000
0.0000
0.0000
0.0000
0.0000
0.0000
0.0000
0.0000
0.0000
0.0000
0.0000
0.0000
0.0000
0.0000
0.0000
0.0000
0.0000
0.0000
0.0000
0.0000
0.0000
0.0000
0.0000
0.0000
0.0000
0.0000
0.0000
0.0000
0.0000
0.0000
0.0000
0.0000
0.0000
0.0000
0.0000
0.0000
0.0000
0.0000
0.0000
0.0000
0.0000
0.0000
0.0000
0.0000
0.0000
0.0000
0.0000
0.0000
0.0000
0.0000
0.0000
0.0000
0.0000
0.0000
0.0000
0.0000
0.0000
0.0000
0.0000
0.0000
0.0000
0.0000
0.0000
0.0000
0.0000
0.0000
0.0000
0.0000
0.0000
0.0000
0.0000
0.0000
0.0000
0.0000
0.0000
0.0000
0.0000
0.0000
0.0000
0.0000
0.0000
0.0000
0.0000
0.0000
0.0000
0.0000
0.0000
0.0000
0.0000
0.0000
0.0000
0.0000
0.0000
0.0000
0.0000
0.0000
0.0000
0.0000
0.0000
0.0000
0.0000
0.0000
0.0000
0.0000
0.0000
0.0000
0.0000
0.0000
0.0000
0.0000
0.0000
0.0000
0.0000
0.0000
0.0000
0.0000
0.0000
0.0000
0.0000
0.0000
0.0000
0.0000
0.0000
0.0000
0.0000
0.0000
0.0000
0.0000
0.0000
0.0000
0.0000
0.0000
0.0000
0.0000
0.0000
0.0000
0.0000
0.0000
0.0000
0.0000
0.0000
0.0000
0.0000
0.0000
0.0000
0.0000
0.0000
0.0000
0.0000
0.0000
0.0000
0.0000
0.0000
0.0000
0.0000
0.0000
0.0000
0.0000
0.0000
0.0000
0.0000
0.0000
0.0000
0.0000
0.0000
0.0000
0.0000
0.0000
0.0000
0.0000
0.0000
0.0000
0.0000
0.0000
0.0000
0.0000
0.0000
0.0000
0.0000
0.0000
0.0000
0.0000
0.0000
0.0000
0.0000
0.0000
0.0000
0.0000
0.0000
0.0000
0.0000
0.0000
0.0000
0.0000
0.0000
0.0000
0.0000
0.0000
0.0000
0.0000
0.0000
0.0000
0.0000
0.0000
0.0000
0.0000
0.0000
0.0000
0.0000
0.0000
0.0000
0.0000
0.0000
0.0000
0.0000
0.0000
0.0000
0.0000
0.0000
0.0000
0.0000
0.0000
0.0000
0.0000
0.0000
0.0000
0.0000
0.0000
0.0000
0.0000
0.0000
0.0000
0.0000
0.0000
0.0000
0.0000
0.0000
0.0000
0.0000
0.0000
0.0000
0.0000
0.0000
0.0000
0.0000
0.0000
0.0000
0.0000
0.0000
0.0000
0.0000
0.0000
0.0000
0.0000
0.0000
0.0000
0.0000
0.0000
0.0000
0.0000
0.0000
0.0000
0.0000
0.0000
0.0000
0.0000
0.0000
0.0000
0.0000
0.0000
0.0000
0.0000
0.0000
0.0000
0.0000
0.0000
0.0000
0.0000
0.0000
0.0000
0.0000
0.0000
0.0000
0.0000
0.0000
0.0000
0.0000
0.0000
0.0000
0.0000
0.0000
0.0000
0.0000
0.0000
0.0000
0.0000
0.0000
0.0000
0.0000
0.0000
0.0000
0.0000
0.0000
0.0000
0.0000
0.0000
0.0000
0.0000
0.0000
0.0000
0.0000
0.0000
0.0000
0.0000
0.0000
0.0000
0.0000
0.0000
0.0000
0.0000
0.0000
0.0000
0.0000
0.0000
0.0000
0.0000
0.0000
0.0000
0.0000
0.0000
0.0000
0.0000
0.0000
0.0000
0.0000
0.0000
0.0000
0.0000
0.0000
0.0000
0.0000
0.0000
0.0000
0.0000
0.0000
0.0000
0.0000
0.0000
0.0000
0.0000
0.0000
0.0000
0.0000
0.0000
0.0000
0.0000
0.0000
0.0000
0.0000
0.0000
0.0000
0.0000
0.0000
0.0000
0.0000
0.0000
0.0000
0.0000
0.0000
0.0000
0.0000
0.0000
0.0000
0.0000
0.0000
0.0000
0.0000
0.0000
0.0000
0.0000
0.0000
0.0000
0.0000
0.0000
0.0000
0.0000
0.0000
0.0000
0.0000
0.0000
0.0000
0.0000
0.0000
0.0000
0.0000
0.0000
0.0000
0.0000
0.0000
0.0000
0.0000
0.0000
0.0000
0.0000
0.0000
0.0000
0.0000
0.0000
0.0000
0.0000
0.0000
0.0000
0.0000
0.0000
0.0000
0.0000
0.0000
0.0000
0.0000
0.0000
0.0000
0.0000
0.0000
0.0000
0.0000
0.0000
0.0000
0.0000
0.0000
0.0000
0.0000
0.0000
0.0000
0.0000
0.0000
0.0000
0.0000
0.0000
0.0000
0.0000
0.0000
0.0000
0.0000
0.0000
0.0000
0.0000
0.0000
0.0000
0.0000
0.0000
0.0000
0.0000
0.0000
0.0000
0.0000
0.0000
0.0000
0.0000
0.0000
0.0000
0.0000
0.0000
0.0000
0.0000
0.0000
0.0000
0.0000
0.0000
0.0000
0.0000
0.0000
0.0000
0.0000
0.0000
0.0000
0.0000
0.0000
0.0000
0.0000
0.0000
0.0000
0.0000
0.0000
0.0000
0.0000
0.0000
0.0000
0.0000
0.0000
0.0000
0.0000
0.0000
0.0000
0.0000
0.0000
0.0000
0.0000
0.0000
0.0000
0.0000
0.0000
0.0000
0.0000
0.0000
0.0000
0.0000
0.0000
0.0000
0.0000
0.0000
0.0000
0.0000
0.0000
0.0000
0.0000
0.0000
0.0000
0.0000
0.0000
0.0000
0.0000
0.0000
0.0000
0.0000
0.0000
0.0000
0.0000
0.0000
0.0000
0.0000
0.0000
0.0000
0.0000
0.0000
0.0000
0.0000
0.0000
0.0000
0.0000
0.0000
0.0000
0.0000
0.0000
0.0000
0.0000
0.0000
0.0000
0.0000
0.0000
0.0000
0.0000
0.0000
0.0000
0.0000
0.0000
0.0000
0.0000
0.0000
0.0000
0.0000
0.0000
0.0000
0.0000
0.0000
0.0000
0.0000
0.0000
0.0000
0.0000
0.0000
0.0000
0.0000
0.0000
0.0000
0.0000
0.0000
0.0000
0.0000
0.0000
0.0000
0.0000
0.0000
0.0000
0.0000
0.0000
0.0000
0.0000
0.0000
0.0000
0.0000
0.0000
0.0000
0.0000
0.0000
0.0000
0.0000
0.0000
0.0000
0.0000
0.0000
0.0000
0.0000
0.0000
0.0000
0.0000
0.0000
0.0000
0.0000
0.0000
0.0000
0.0000
0.0000
0.0000
0.0000
0.0000
0.0000
0.0000
0.0000
0.0000
0.0000
0.0000
0.0000
0.0000
0.0000
0.0000
0.0000
0.0000
0.0000
0.0000
0.0000
0.0000
0.0000
0.0000
0.0000
0.0000
0.0000
0.0000
0.0000
0.0000
0.0000
0.0000
0.0000
0.0000
0.0000
0.0000
0.0000
0.0000
0.0000
0.0000
0.0000
0.0000
0.0000
0.0000
0.0000
0.0000
0.0000
0.0000
0.0000
0.0000
0.0000
0.0000
0.0000
0.0000
0.0000
0.0000
0.0000
0.0000
0.0000
0.0000
0.0000
0.0000
0.0000
0.0000
0.0000
0.0000
0.0000
0.0000
0.0000
0.0000
0.0000
0.0000
0.0000
0.0000
0.0000
0.0000
0.0000
0.0000
0.0000
0.0000
0.0000
0.0000
0.0000
0.0000
0.0000
0.0000
0.0000
0.0000
0.0000
0.0000
0.0000
0.0000
0.0000
0.0000
0.0000
0.0000
0.0000
0.0000
0.0000
0.0000
0.0000
0.0000
0.0000
0.0000
0.0000
0.0000
0.0000
0.0000
0.0000
0.0000
0.0000
0.0000
0.0000
0.0000
0.0000
0.0000
0.0000
0.0000
0.0000
0.0000
0.0000
0.0000
0.0000
0.0000
0.0000
0.0000
0.0000
0.0000
0.0000
0.0000
0.0000
0.0000
0.0000
0.0000
0.0000
0.0000
0.0000
0.0000
0.0000
0.0000
0.0000
0.0000
0.0000
0.0000
0.0000
0.0000
0.0000
0.0000
0.0000
0.0000
0.0000
0.0000
0.0000
0.0000
0.0000
0.0000
0.0000
0.0000
0.0000
0.0000
0.0000
0.0000
0.0000
0.0000
0.0000
0.0000
0.0000
0.0000
0.0000
0.0000
0.0000
0.0000
0.0000
0.0000
0.0000
0.0000
0.0000
0.0000
0.0000
0.0000
0.0000
0.0000
0.0000
0.0000
0.0000
0.0000
0.0000
0.0000
0.0000
0.0000
0.0000
0.0000
0.0000
0.0000
0.0000
0.0000
0.0000
0.0000
0.0000
0.0000
0.0000
0.0000
0.0000
0.0000
0.0000
0.0000
0.0000
0.0000
0.0000
0.0000
0.0000
0.0000
0.0000
0.0000
0.0000
0.0000
0.0000
0.0000
0.0000
0.0000
0.0000
0.0000
0.0000
0.0000
0.0000
0.0000
0.0000
0.0000
0.0000
0.0000
0.0000
0.0000
0.0000
0.0000
0.0000
0.0000
0.0000
0.0000
0.0000
0.0000
0.0000
0.0000
0.0000
0.0000
0.0000
0.0000
0.0000
0.0000
0.0000
0.0000
0.0000
0.0000
0.0000
0.0000
0.0000
0.0000
0.0000
0.0000
0.0000
0.0000
0.0000
0.0000
0.0000
0.0000
0.0000
0.0000
0.0000
0.0000
0.0000
0.0000
0.0000
0.0000
0.0000
0.0000
0.0000
0.0000
0.0000
0.0000
0.0000
0.0000
0.0000
0.0000
0.0000
0.0000
0.0000
0.0000
0.0000
0.0000
0.0000
0.0000
0.0000
0.0000
0.0000
0.0000
0.0000
0.0000
0.0000
0.0000
0.0000
0.0000
0.0000
0.0000
0.0000
0.0000
0.0000
0.0000
0.0000
0.0000
0.0000
0.0000
0.0000
0.0000
0.0000
0.0000
0.0000
0.0000
0.0000
0.0000
0.0000
0.0000
0.0000
0.0000
0.0000
0.0000
0.0000
0.0000
0.0000
0.0000
0.0000
0.0000
0.0000
0.0000
0.0000
0.0000
0.0000
0.0000
0.0000
0.0000
0.0000
0.0000
0.0000
0.0000
0.0000
0.0000
0.0000
0.0000
0.0000
0.0000
0.0000
0.0000
0.0000
0.0000
0.0000
0.0000
0.0000
0.0000
0.0000
0.0000
0.0000
0.0000
0.0000
0.0000
0.0000
0.0000
0.0000
0.0000
0.0000
0.0000
0.0000
0.0000
0.0000
0.0000
0.0000
0.0000
0.0000
0.0000
0.0000
0.0000
0.0000
0.0000
0.0000
0.0000
0.0000
0.0000
0.0000
0.0000
0.0000
0.0000
0.0000
0.0000
0.0000
0.0000
0.0000
0.0000
0.0000
0.0000
0.0000
0.0000
0.0000
0.0000
0.0000
0.0000
0.0000
0.0000
0.0000
0.0000
0.0000
0.0000
0.0000
0.0000
0.0000
0.0000
0.0000
0.0000
0.0000
0.0000
0.0000
0.0000
0.0000
0.0000
0.0000
0.0000
0.0000
0.0000
0.0000
0.0000
0.0000
0.0000
0.0000
0.0000
0.0000
0.0000
0.0000
0.0000
0.0000
0.0000
0.0000
0.0000
0.0000
0.0000
0.0000
0.0000
0.0000
0.0000
0.0000
0.0000
0.0000
0.0000
0.0000
0.0000
0.0000
0.0000
0.0000
0.0000
0.0000
0.0000
0.0000
0.0000
0.0000
0.0000
0.0000
0.0000
0.0000
0.0000
0.0000
0.0000
0.0000
0.0000
0.0000
0.0000
0.0000
0.0000
0.0000
0.0000
0.0000
0.0000
0.0000
0.0000
0.0000
0.0000
0.0000
0.0000
0.0000
0.0000
0.0000
0.0000
0.0000
0.0000
0.0000
0.0000
0.0000
0.0000
0.0000
0.0000
0.0000
0.0000
0.0000
0.0000
0.0000
0.0000
0.0000
0.0000
0.0000
0.0000
0.0000
0.0000
0.0000
0.0000
0.0000
0.0000
0.0000
0.0000
0.0000
0.0000
0.0000
0.0000
0.0000
0.0000
0.0000
0.0000
0.0000
0.0000
0.0000
0.0000
0.0000
0.0000
0.0000
0.0000
0.0000
0.0000
0.0000
0.0000
0.0000
0.0000
0.0000
0.0000
0.0000
0.0000
0.0000
0.0000
0.0000
0.0000
0.0000
0.0000
0.0000
0.0000
0.0000
0.0000
0.0000
0.0000
0.0000
0.0000
0.0000
0.0000
0.0000
0.0000
0.0000
0.0000
0.0000
0.0000
0.0000
0.0000
0.0000
0.0000
0.0000
0.0000
0.0000
0.0000
0.0000
0.0000
0.0000
0.0000
0.0000
0.0000
0.0000
0.0000
0.0000
0.0000
0.0000
0.0000
0.0000
0.0000
0.0000
0.0000
0.0000
0.0000
0.0000
0.0000
0.0000
0.0000
0.0000
0.0000
0.0000
0.0000
0.0000
0.0000
0.0000
0.0000
0.0000
0.0000
0.0000
0.0000
0.0000
0.0000
0.0000
0.0000
0.0000
0.0000
0.0000
0.0000
0.0000
0.0000
0.0000
0.0000
0.0000
0.0000
0.0000
0.0000
0.0000
0.0000
0.0000
0.0000
0.0000
0.0000
0.0000
0.0000
0.0000
0.0000
0.0000
0.0000
0.0000
0.0000
0.0000
0.0000
0.0000
0.0000
0.0000
0.0000
0.0000
0.0000
0.0000
0.0000
0.0000
0.0000
0.0000
0.0000
0.0000
0.0000
0.0000
0.0000
0.0000
0.0000
0.0000
0.0000
0.0000
0.0000
0.0000
0.0000
0.0000
0.0000
0.0000
0.0000
0.0000
0.0000
0.0000
0.0000
0.0000
0.0000
0.0000
0.0000
0.0000
0.0000
0.0000
0.0000
0.0000
0.0000
0.0000
0.0000
0.0000
0.0000
0.0000
0.0000
0.0000
0.0000
0.0000
0.0000
0.0000
0.0000
0.0000
0.0000
0.0000
0.0000
0.0000
0.0000
0.0000
0.0000
0.0000
0.0000
0.0000
0.0000
0.0000
0.0000
0.0000
0.0000
0.0000
0.0000
0.0000
0.0000
0.0000
0.0000
0.0000
0.0000
0.0000
0.0000
0.0000
0.0000
0.0000
0.0000
0.0000
0.0000
0.0000
0.0000
0.0000
0.0000
0.0000
0.0000
0.0000
0.0000
0.0000
0.0000
0.0000
0.0000
0.0000
0.0000
0.0000
0.0000
0.0000
0.0000
0.0000
0.0000
0.0000
0.0000
0.0000
0.0000
0.0000
0.0000
0.0000
0.0000
0.0000
0.0000
0.0000
0.0000
0.0000
0.0000
0.0000
0.0000
0.0000
0.0000
0.0000
0.0000
0.0000
0.0000
0.0000
0.0000
0.0000
0.0000
0.0000
0.0000
0.0000
0.0000
0.0000
0.0000
0.0000
0.0000
0.0000
0.0000
0.0000
0.0000
0.0000
0.0000
0.0000
0.0000
0.0000
0.0000
0.0000
0.0000
0.0000
0.0000
0.0000
0.0000
0.0000
0.0000
0.0000
0.0000
0.0000
0.0000
0.0000
0.0000
0.0000
0.0000
0.0000
0.0000
0.0000
0.0000
0.0000
0.0000
0.0000
0.0000
0.0000
0.0000
0.0000
0.0000
0.0000
0.0000
0.0000
0.0000
0.0000
0.0000
0.0000
0.0000
0.0000
0.0000
0.0000
0.0000
0.0000
0.0000
0.0000
0.0000
0.0000
0.0000
0.0000
0.0000
0.0000
0.0000
0.0000
0.0000
0.0000
0.0000
0.0000
0.0000
0.0000
0.0000
0.0000
0.0000
0.0000
0.0000
0.0000
0.0000
0.0000
0.0000
0.0000
0.0000
0.0000
0.0000
0.0000
0.0000
0.0000
0.0000
0.0000
0.0000
0.0000
0.0000
0.0000
0.0000
0.0000
0.0000
0.0000
0.0000
0.0000
0.0000
0.0000
0.0000
0.0000
0.0000
0.0000
0.0000
0.0000
0.0000
0.0000
0.0000
0.0000
0.0000
0.0000
0.0000
0.0000
0.0000
0.0000
0.0000
0.0000
0.0000
0.0000
0.0000
0.0000
0.0000
0.0000
0.0000
0.0000
0.0000
0.0000
0.0000
0.0000
0.0000
0.0000
0.0000
0.0000
0.0000
0.0000
0.0000
0.0000
0.0000
0.0000
0.0000
0.0000
0.0000
0.0000
0.0000
0.0000
0.0000
0.0000
0.0000
0.0000
0.0000
0.0000
0.0000
0.0000
0.0000
0.0000
0.0000
0.0000
0.0000
0.0000
0.0000
0.0000
0.0000
0.0000
0.0000
0.0000
0.0000
0.0000
0.0000
0.0000
0.0000
0.0000
0.0000
0.0000
0.0000
0.0000
0.0000
0.0000
0.0000
0.0000
0.0000
0.0000
0.0000
0.0000
0.0000
0.0000
0.0000
0.0000
0.0000
0.0000
0.0000
0.0000
0.0000
0.0000
0.0000
0.0000
0.0000
0.0000
0.0000
0.0000
0.0000
0.0000
0.0000
0.0000
0.0000
0.0000
0.0000
0.0000
0.0000
0.0000
0.0000
0.0000
0.0000
0.0000
0.0000
0.0000
0.0000
0.0000
0.0000
0.0000
0.0000
0.0000
0.0000
0.0000
0.0000
0.0000
0.0000
0.0000
0.0000
0.0000
0.0000
0.0000
0.0000
0.0000
0.0000
0.0000
0.0000
0.0000
0.0000
0.0000
0.0000
0.0000
0.0000
0.0000
0.0000
0.0000
0.0000
0.0000
0.0000
0.0000
0.0000
0.0000
0.0000
0.0000
0.0000
0.0000
0.0000
0.0000
0.0000
0.0000
0.0000
0.0000
0.0000
0.0000
0.0000
0.0000
0.0000
0.0000
0.0000
0.0000
0.0000
0.0000
0.0000
0.0000
0.0000
0.0000
0.0000
0.0000
0.0000
0.0000
0.0000
0.0000
0.0000
0.0000
0.0000
0.0000
0.0000
0.0000
0.0000
0.0000
0.0000
0.0000
0.0000
0.0000
0.0000
0.0000
0.0000
0.0000
0.0000
0.0000
0.0000
0.0000
0.0000
0.0000
0.0000
0.0000
0.0000
0.0000
0.0000
0.0000
0.0000
0.0000
0.0000
0.0000
0.0000
0.0000
0.0000
0.0000
0.0000
0.0000
0.0000
0.0000
0.0000
0.0000
0.0000
0.0000
0.0000
0.0000
0.0000
0.0000
0.0000
0.0000
0.0000
0.0000
0.0000
0.0000
0.0000
0.0000
0.0000
0.0000
0.0000
0.0000
0.0000
0.0000
0.0000
0.0000
0.0000
0.0000
0.0000
0.0000
0.0000
0.0000
0.0000
0.0000
0.0000
0.0000
0.0000
0.0000
0.0000
0.0000
0.0000
0.0000
0.0000
0.0000
0.0000
0.0000
0.0000
0.0000
0.0000
0.0000
0.0000
0.0000
0.0000
0.0000
0.0000
0.0000
0.0000
0.0000
0.0000
0.0000
0.0000
0.0000
0.0000
0.0000
0.0000
0.0000
0.0000
0.0000
0.0000
0.0000
0.0000
0.0000
0.0000
0.0000
0.0000
0.0000
0.0000
0.0000
0.0000
0.0000
0.0000
0.0000
0.0000
0.0000
0.0000
0.0000
0.0000
0.0000
0.0000
0.0000
0.0000
0.0000
0.0000
0.0000
0.0000
0.0000
0.0000
0.0000
0.0000
0.0000
0.0000
0.0000
0.0000
0.0000
0.0000
0.0000
0.0000
0.0000
0.0000
0.0000
0.0000
0.0000
0.0000
0.0000
0.0000
0.0000
0.0000
0.0000
0.0000
0.0000
0.0000
0.0000
0.0000
0.0000
0.0000
0.0000
0.0000
0.0000
0.0000
0.0000
0.0000
0.0000
0.0000
0.0000
0.0000
0.0000
0.0000
0.0000
0.0000
0.0000
0.0000
0.0000
0.0000
0.0000
0.0000
0.0000
0.0000
0.0000
0.0000
0.0000
0.0000
0.0000
0.0000
0.0000
0.0000
0.0000
0.0000
0.0000
0.0000
0.0000
0.0000
0.0000
0.0000
0.0000
0.0000
0.0000
0.0000
0.0000
0.0000
0.0000
0.0000
0.0000
0.0000
0.0000
0.0000
0.0000
0.0000
0.0000
0.0000
0.0000
0.0000
0.0000
0.0000
0.0000
0.0000
0.0000
0.0000
0.0000
0.0000
0.0000
0.0000
0.0000
0.0000
0.0000
0.0000
0.0000
0.0000
0.0000
0.0000
0.0000
0.0000
0.0000
0.0000
0.0000
0.0000
0.0000
0.0000
0.0000
0.0000
0.0000
0.0000
0.0000
0.0000
0.0000
0.0000
0.0000
0.0000
0.0000
0.0000
0.0000
0.0000
0.0000
0.0000
0.0000
0.0000
0.0000
0.0000
0.0000
0.0000
0.0000
0.0000
0.0000
0.0000
0.0000
0.0000
0.0000
0.0000
0.0000
0.0000
0.0000
0.0000
0.0000
0.0000
0.0000
0.0000
0.0000
0.0000
0.0000
0.0000
0.0000
0.0000
0.0000
0.0000
0.0000
0.0000
0.0000
0.0000
0.0000
0.0000
0.0000
0.0000
0.0000
0.0000
0.0000
0.0000
0.0000
0.0000
0.0000
0.0000
0.0000
0.0000
0.0000
0.0000
0.0000
0.0000
0.0000
0.0000
0.0000
0.0000
0.0000
0.0000
0.0000
0.0000
0.0000
0.0000
0.0000
0.0000
0.0000
0.0000
0.0000
0.0000
0.0000
0.0000
0.0000
0.0000
0.0000
0.0000
0.0000
0.0000
0.0000
0.0000
0.0000
0.0000
0.0000
0.0000
0.0000
0.0000
0.0000
0.0000
0.0000
0.0000
0.0000
0.0000
0.0000
0.0000
0.0000
0.0000
0.0000
0.0000
0.0000
0.0000
0.0000
0.0000
0.0000
0.0000
0.0000
0.0000
0.0000
0.0000
0.0000
0.0000
0.0000
0.0000
0.0000
0.0000
0.0000
0.0000
0.0000
0.0000
0.0000
0.0000
0.0000
0.0000
0.0000
0.0000
0.0000
0.0000
0.0000
0.0000
0.0000
0.0000
0.0000
0.0000
0.0000
0.0000
0.0000
0.0000
0.0000
0.0000
0.0000
0.0000
0.0000
0.0000
0.0000
0.0000
0.0000
0.0000
0.0000
0.0000
0.0000
0.0000
0.0000
0.0000
0.0000
0.0000
0.0000
0.0000
0.0000
0.0000
0.0000
0.0000
0.0000
0.0000
0.0000
0.0000
0.0000
0.0000
0.0000
0.0000
0.0000
0.0000
0.0000
0.0000
0.0000
0.0000
0.0000
0.0000
0.0000
0.0000
0.0000
0.0000
0.0000
0.0000
0.0000
0.0000
0.0000
0.0000
0.0000
0.0000
0.0000
0.0000
0.0000
0.0000
0.0000
0.0000
0.0000
0.0000
0.0000
0.0000
0.0000
0.0000
0.0000
0.0000
0.0000
0.0000
0.0000
0.0000
0.0000
0.0000
0.0000
0.0000
0.0000
0.0000
0.0000
0.0000
0.0000
0.0000
0.0000
0.0000
0.0000
0.0000
0.0000
0.0000
0.0000
0.0000
0.0000
0.0000
0.0000
0.0000
0.0000
0.0000
0.0000
0.0000
0.0000
0.0000
0.0000
0.0000
0.0000
0.0000
0.0000
0.0000
0.0000
0.0000
0.0000
0.0000
0.0000
0.0000
0.0000
0.0000
0.0000
0.0000
0.0000
0.0000
0.0000
0.0000
0.0000
0.0000
0.0000
0.0000
0.0000
0.0000
0.0000
0.0000
0.0000
0.0000
0.0000
0.0000
0.0000
0.0000
0.0000
0.0000
0.0000
0.0000
0.0000
0.0000
0.0000
0.0000
0.0000
0.0000
0.0000
0.0000
0.0000
0.0000
0.0000
0.0000
0.0000
0.0000
0.0000
0.0000
0.0000
0.0000
0.0000
0.0000
0.0000
0.0000
0.0000
0.0000
0.0000
0.0000
0.0000
0.0000
0.0000
0.0000
0.0000
0.0000
0.0000
0.0000
0.0000
0.0000
0.0000
0.0000
0.0000
0.0000
0.0000
0.0000
0.0000
0.0000
0.0000
0.0000
0.0000
0.0000
0.0000
0.0000
0.0000
0.0000
0.0000
0.0000
0.0000
0.0000
0.0000
0.0000
0.0000
0.0000
0.0000
0.0000
0.0000
0.0000
0.0000
0.0000
0.0000
0.0000
0.0000
0.0000
0.0000
0.0000
0.0000
0.0000
0.0000
0.0000
0.0000
0.0000
0.0000
0.0000
0.0000
0.0000
0.0000
0.0000
0.0000
0.0000
0.0000
0.0000
0.0000
0.0000
0.0000
0.0000
0.0000
0.0000
0.0000
0.0000
0.0000
0.0000
0.0000
0.0000
0.0000
0.0000
0.0000
0.0000
0.0000
0.0000
0.0000
0.0000
0.0000
0.0000
0.0000
0.0000
0.0000
0.0000
0.0000
0.0000
0.0000
0.0000
0.0000
0.0000
0.0000
0.0000
0.0000
0.0000
0.0000
0.0000
0.0000
0.0000
0.0000
0.0000
0.0000
0.0000
0.0000
0.0000
0.0000
0.0000
0.0000
0.0000
0.0000
0.0000
0.0000
0.0000
0.0000
0.0000
0.0000
0.0000
0.0000
0.0000
0.0000
0.0000
0.0000
0.0000
0.0000
0.0000
0.0000
0.0000
0.0000
0.0000
0.0000
0.0000
0.0000
0.0000
0.0000
0.0000
0.0000
0.0000
0.0000
0.0000
0.0000
0.0000
0.0000
0.0000
0.0000
0.0000
0.0000
0.0000
0.0000
0.0000
0.0000
0.0000
0.0000
0.0000
0.0000
0.0000
0.0000
0.0000
0.0000
0.0000
0.0000
0.0000
0.0000
0.0000
0.0000
0.0000
0.0000
0.0000
0.0000
0.0000
0.0000
0.0000
0.0000
0.0000
0.0000
0.0000
0.0000
0.0000
0.0000
0.0000
0.0000
0.0000
0.0000
0.0000
0.0000
0.0000
0.0000
0.0000
0.0000
0.0000
0.0000
0.0000
0.0000
0.0000
0.0000
0.0000
0.0000
0.0000
0.0000
0.0000
0.0000
0.0000
0.0000
0.0000
0.0000
0.0000
0.0000
0.0000
0.0000
0.0000
0.0000
0.0000
0.0000
0.0000
0.0000
0.0000
0.0000
0.0000
0.0000
0.0000
0.0000
0.0000
0.0000
0.0000
0.0000
0.0000
0.0000
0.0000
0.0000
0.0000
0.0000
0.0000
0.0000
0.0000
0.0000
0.0000
0.0000
0.0000
0.0000
0.0000
0.0000
0.0000
0.0000
0.0000
0.0000
0.0000
0.0000
0.0000
0.0000
0.0000
0.0000
0.0000
0.0000
0.0000
0.0000
0.0000
0.0000
0.0000
0.0000
0.0000
0.0000
0.0000
0.0000
0.0000
0.0000
0.0000
0.0000
0.0000
0.0000
0.0000
0.0000
0.0000
0.0000
0.0000
0.0000
0.0000
0.0000
0.0000
0.0000
0.0000
0.0000
0.0000
0.0000
0.0000
0.0000
0.0000
0.0000
0.0000
0.0000
0.0000
0.0000
0.0000
0.0000
0.0000
0.0000
0.0000
0.0000
0.0000
0.0000
0.0000
0.0000
0.0000
0.0000
0.0000
0.0000
0.0000
0.0000
0.0000
0.0000
0.0000
0.0000
0.0000
0.0000
0.0000
0.0000
0.0000
0.0000
0.0000
0.0000
0.0000
0.0000
0.0000
0.0000
0.0000
0.0000
0.0000
0.0000
0.0000
0.0000
0.0000
0.0000
0.0000
0.0000
0.0000
0.0000
0.0000
0.0000
0.0000
0.0000
0.0000
0.0000
0.0000
0.0000
0.0000
0.0000
0.0000
0.0000
0.0000
0.0000
0.0000
0.0000
0.0000
0.0000
0.0000
0.0000
0.0000
0.0000
0.0000
0.0000
0.0000
0.0000
0.0000
0.0000
0.0000
0.0000
0.0000
0.0000
0.0000
0.0000
0.0000
0.0000
0.0000
0.0000
0.0000
0.0000
0.0000
0.0000
0.0000
0.0000
0.0000
0.0000
0.0000
0.0000
0.0000
0.0000
0.0000
0.0000
0.0000
0.0000
0.0000
0.0000
0.0000
0.0000
0.0000
0.0000
0.0000
0.0000
0.0000
0.0000
0.0000
0.0000
0.0000
0.0000
0.0000
0.0000
0.0000
0.0000
0.0000
0.0000
0.0000
0.0000
0.0000
0.0000
0.0000
0.0000
0.0000
0.0000
0.0000
0.0000
0.0000
0.0000
0.0000
0.0000
0.0000
0.0000
0.0000
0.0000
0.0000
0.0000
0.0000
0.0000
0.0000
0.0000
0.0000
0.0000
0.0000
0.0000
0.0000
0.0000
0.0000
0.0000
0.0000
0.0000
0.0000
0.0000
0.0000
0.0000
0.0000
0.0000
0.0000
0.0000
0.0000
0.0000
0.0000
0.0000
0.0000
0.0000
0.0000
0.0000
0.0000
0.0000
0.0000
0.0000
0.0000
0.0000
0.0000
0.0000
0.0000
0.0000
0.0000
0.0000
0.0000
0.0000
0.0000
0.0000
0.0000
0.0000
0.0000
0.0000
0.0000
0.0000
0.0000
0.0000
0.0000
0.0000
0.0000
0.0000
0.0000
0.0000
0.0000
0.0000
0.0000
0.0000
0.0000
0.0000
0.0000
0.0000
0.0000
0.0000
0.0000
0.0000
0.0000
0.0000
0.0000
0.0000
0.0000
0.0000
0.0000
0.0000
0.0000
0.0000
0.0000
0.0000
0.0000
0.0000
0.0000
0.0000
0.0000
0.0000
0.0000
0.0000
0.0000
0.0000
0.0000
0.0000
0.0000
0.0000
0.0000
0.0000
0.0000
0.0000
0.0000
0.0000
0.0000
0.0000
0.0000
0.0000
0.0000
0.0000
0.0000
0.0000
0.0000
0.0000
0.0000
0.0000
0.0000
0.0000
0.0000
0.0000
0.0000
0.0000
0.0000
0.0000
0.0000
0.0000
0.0000
0.0000
0.0000
0.0000
0.0000
0.0000
0.0000
0.0000
0.0000
0.0000
0.0000
0.0000
0.0000
0.0000
0.0000
0.0000
0.0000
0.0000
0.0000
0.0000
0.0000
0.0000
0.0000
0.0000
0.0000
0.0000
0.0000
0.0000
0.0000
0.0000
0.0000
0.0000
0.0000
0.0000
0.0000
0.0000
0.0000
0.0000
0.0000
0.0000
0.0000
0.0000
0.0000
0.0000
0.0000
0.0000
0.0000
0.0000
0.0000
0.0000
0.0000
0.0000
0.0000
0.0000
0.0000
0.0000
0.0000
0.0000
0.0000
0.0000
0.0000
0.0000
0.0000
0.0000
0.0000
0.0000
0.0000
0.0000
0.0000
0.0000
0.0000
0.0000
0.0000
0.0000
0.0000
0.0000
0.0000
0.0000
0.0000
0.0000
0.0000
0.0000
0.0000
0.0000
0.0000
0.0000
0.0000
0.0000
0.0000
0.0000
0.0000
0.0000
0.0000
0.0000
0.0000
0.0000
0.0000
0.0000
0.0000
0.0000
0.0000
0.0000
0.0000
0.0000
0.0000
0.0000
0.0000
0.0000
0.0000
0.0000
0.0000
0.0000
0.0000
0.0000
0.0000
0.0000
0.0000
0.0000
0.0000
0.0000
0.0000
0.0000
0.0000
0.0000
0.0000
0.0000
0.0000
0.0000
0.0000
0.0000
0.0000
0.0000
0.0000
0.0000
0.0000
0.0000
0.0000
0.0000
0.0000
0.0000
0.0000
0.0000
0.0000
0.0000
0.0000
0.0000
0.0000
0.0000
0.0000
0.0000
0.0000
0.0000
0.0000
0.0000
0.0000
0.0000
0.0000
0.0000
0.0000
0.0000
0.0000
0.0000
0.0000
0.0000
0.0000
0.0000
0.0000
0.0000
0.0000
0.0000
0.0000
0.0000
0.0000
0.0000
0.0000
0.0000
0.0000
0.0000
0.0000
0.0000
0.0000
0.0000
0.0000
0.0000
0.0000
0.0000
0.0000
0.0000
0.0000
0.0000
0.0000
0.0000
0.0000
0.0000
0.0000
0.0000
0.0000
0.0000
0.0000
0.0000
0.0000
0.0000
0.0000
0.0000
0.0000
0.0000
0.0000
0.0000
0.0000
0.0000
0.0000
0.0000
0.0000
0.0000
0.0000
0.0000
0.0000
0.0000
0.0000
0.0000
0.0000
0.0000
0.0000
0.0000
0.0000
0.0000
0.0000
0.0000
0.0000
0.0000
0.0000
0.0000
0.0000
0.0000
0.0000
0.0000
0.0000
0.0000
0.0000
0.0000
0.0000
0.0000
0.0000
0.0000
0.0000
0.0000
0.0000
0.0000
0.0000
0.0000
0.0000
0.0000
0.0000
0.0000
0.0000
0.0000
0.0000
0.0000
0.0000
0.0000
0.0000
0.0000
0.0000
0.0000
0.0000
0.0000
0.0000
0.0000
0.0000
0.0000
0.0000
0.0000
0.0000
0.0000
0.0000
0.0000
0.0000
0.0000
0.0000
0.0000
0.0000
0.0000
0.0000
0.0000
0.0000
0.0000
0.0000
0.0000
0.0000
0.0000
0.0000
0.0000
0.0000
0.0000
0.0000
0.0000
0.0000
0.0000
0.0000
0.0000
0.0000
0.0000
0.0000
0.0000
0.0000
0.0000
0.0000
0.0000
0.0000
0.0000
0.0000
0.0000
0.0000
0.0000
0.0000
0.0000
0.0000
0.0000
0.0000
0.0000
0.0000
0.0000
0.0000
0.0000
0.0000
0.0000
0.0000
0.0000
0.0000
0.0000
0.0000
0.0000
0.0000
0.0000
0.0000
0.0000
0.0000
0.0000
0.0000
0.0000
0.0000
0.0000
0.0000
0.0000
0.0000
0.0000
0.0000
0.0000
0.0000
0.0000
0.0000
0.0000
0.0000
0.0000
0.0000
0.0000
0.0000
0.0000
0.0000
0.0000
0.0000
0.0000
0.0000
0.0000
0.0000
0.0000
0.0000
0.0000
0.0000
0.0000
0.0000
0.0000
0.0000
0.0000
0.0000
0.0000
0.0000
0.0000
0.0000
0.0000
0.0000
0.0000
0.0000
0.0000
0.0000
0.0000
0.0000
0.0000
0.0000
0.0000
0.0000
0.0000
0.0000
0.0000
0.0000
0.0000
0.0000
0.0000
0.0000
0.0000
0.0000
0.0000
0.0000
0.0000
0.0000
0.0000
0.0000
0.0000
0.0000
0.0000
0.0000
0.0000
0.0000
0.0000
0.0000
0.0000
0.0000
0.0000
0.0000
0.0000
0.0000
0.0000
0.0000
0.0000
0.0000
0.0000
0.0000
0.0000
0.0000
0.0000
0.0000
0.0000
0.0000
0.0000
0.0000
0.0000
0.0000
0.0000
0.0000
0.0000
0.0000
0.0000
0.0000
0.0000
0.0000
0.0000
0.0000
0.0000
0.0000
0.0000
0.0000
0.0000
0.0000
0.0000
0.0000
0.0000
0.0000
0.0000
0.0000
0.0000
0.0000
0.0000
0.0000
0.0000
0.0000
0.0000
0.0000
0.0000
0.0000
0.0000
0.0000
0.0000
0.0000
0.0000
0.0000
0.0000
0.0000
0.0000
0.0000
0.0000
0.0000
0.0000
0.0000
0.0000
0.0000
0.0000
0.0000
0.0000
0.0000
0.0000
0.0000
0.0000
0.0000
0.0000
0.0000
0.0000
0.0000
0.0000
0.0000
0.0000
0.0000
0.0000
0.0000
0.0000
0.0000
0.0000
0.0000
0.0000
0.0000
0.0000
0.0000
0.0000
0.0000
0.0000
0.0000
0.0000
0.0000
0.0000
0.0000
0.0000
0.0000
0.0000
0.0000
0.0000
0.0000
0.0000
0.0000
0.0000
0.0000
0.0000
0.0000
0.0000
0.0000
0.0000
0.0000
0.0000
0.0000
0.0000
0.0000
0.0000
0.0000
0.0000
0.0000
0.0000
0.0000
0.0000
0.0000
0.0000
0.0000
0.0000
0.0000
0.0000
0.0000
0.0000
0.0000
0.0000
0.0000
0.0000
0.0000
0.0000
0.0000
0.0000
0.0000
0.0000
0.0000
0.0000
0.0000
0.0000
0.0000
0.0000
0.0000
0.0000
0.0000
0.0000
0.0000
0.0000
0.0000
0.0000
0.0000
0.0000
0.0000
0.0000
0.0000
0.0000
0.0000
0.0000
0.0000
0.0000
0.0000
0.0000
0.0000
0.0000
0.0000
0.0000
0.0000
0.0000
0.0000
0.0000
0.0000
0.0000
0.0000
0.0000
0.0000
0.0000
0.0000
0.0000
0.0000
0.0000
0.0000
0.0000
0.0000
0.0000
0.0000
0.0000
0.0000
0.0000
0.0000
0.0000
0.0000
0.0000
0.0000
0.0000
0.0000
0.0000
0.0000
0.0000
0.0000
0.0000
0.0000
0.0000
0.0000
0.0000
0.0000
0.0000
0.0000
0.0000
0.0000
0.0000
0.0000
0.0000
0.0000
0.0000
0.0000
0.0000
0.0000
0.0000
0.0000
0.0000
0.0000
0.0000
0.0000
0.0000
0.0000
0.0000
0.0000
0.0000
0.0000
0.0000
0.0000
0.0000
0.0000
0.0000
0.0000
0.0000
0.0000
0.0000
0.0000
0.0000
0.0000
0.0000
0.0000
0.0000
0.0000
0.0000
0.0000
0.0000
0.0000
0.0000
0.0000
0.0000
0.0000
0.0000
0.0000
0.0000
0.0000
0.0000
0.0000
0.0000
0.0000
0.0000
0.0000
0.0000
0.0000
0.0000
0.0000
0.0000
0.0000
0.0000
0.0000
0.0000
0.0000
0.0000
0.0000
0.0000
0.0000
0.0000
0.0000
0.0000
0.0000
0.0000
0.0000
0.0000
0.0000
0.0000
0.0000
0.0000
0.0000
0.0000
0.0000
0.0000
0.0000
0.0000
0.0000
0.0000
0.0000
0.0000
0.0000
0.0000
0.0000
0.0000
0.0000
0.0000
0.0000
0.0000
0.0000
0.0000
0.0000
0.0000
0.0000
0.0000
0.0000
0.0000
0.0000
0.0000
0.0000
0.0000
0.0000
0.0000
0.0000
0.0000
0.0000
0.0000
0.0000
0.0000
0.0000
0.0000
0.0000
0.0000
0.0000
0.0000
0.0000
0.0000
0.0000
0.0000
0.0000
0.0000
0.0000
0.0000
0.0000
0.0000
0.0000
0.0000
0.0000
0.0000
0.0000
0.0000
0.0000
0.0000
0.0000
0.0000
0.0000
0.0000
0.0000
0.0000
0.0000
0.0000
0.0000
0.0000
0.0000
0.0000
0.0000
0.0000
0.0000
0.0000
0.0000
0.0000
0.0000
0.0000
0.0000
0.0000
0.0000
0.0000
0.0000
0.0000
0.0000
0.0000
0.0000
0.0000
0.0000
0.0000
0.0000
0.0000
0.0000
0.0000
0.0000
0.0000
0.0000
0.0000
0.0000
0.0000
0.0000
0.0000
0.0000
0.0000
0.0000
0.0000
0.0000
0.0000
0.0000
0.0000
0.0000
0.0000
0.0000
0.0000
0.0000
0.0000
0.0000
0.0000
0.0000
0.0000
0.0000
0.0000
0.0000
0.0000
0.0000
0.0000
0.0000
0.0000
0.0000
0.0000
0.0000
0.0000
0.0000
0.0000
0.0000
0.0000
0.0000
0.0000
0.0000
0.0000
0.0000
0.0000
0.0000
0.0000
0.0000
0.0000
0.0000
0.0000
0.0000
0.0000
0.0000
0.0000
0.0000
0.0000
0.0000
0.0000
0.0000
0.0000
0.0000
0.0000
0.0000
0.0000
0.0000
0.0000
0.0000
0.0000
0.0000
0.0000
0.0000
0.0000
0.0000
0.0000
0.0000
0.0000
0.0000
0.0000
0.0000
0.0000
0.0000
0.0000
0.0000
0.0000
0.0000
0.0000
0.0000
0.0000
0.0000
0.0000
0.0000
0.0000
0.0000
0.0000
0.0000
0.0000
0.0000
0.0000
0.0000
0.0000
0.0000
0.0000
0.0000
0.0000
0.0000
0.0000
0.0000
0.0000
0.0000
0.0000
0.0000
0.0000
0.0000
0.0000
0.0000
0.0000
0.0000
0.0000
0.0000
0.0000
0.0000
0.0000
0.0000
0.0000
0.0000
0.0000
0.0000
0.0000
0.0000
0.0000
0.0000
0.0000
0.0000
0.0000
0.0000
0.0000
0.0000
0.0000
0.0000
0.0000
0.0000
0.0000
0.0000
0.0000
0.0000
0.0000
0.0000
0.0000
0.0000
0.0000
0.0000
0.0000
0.0000
0.0000
0.0000
0.0000
0.0000
0.0000
0.0000
0.0000
0.0000
0.0000
0.0000
0.0000
0.0000
0.0000
0.0000
0.0000
0.0000
0.0000
0.0000
0.0000
0.0000
0.0000
0.0000
0.0000
0.0000
0.0000
0.0000
0.0000
0.0000
0.0000
0.0000
0.0000
0.0000
0.0000
0.0000
0.0000
0.0000
0.0000
0.0000
0.0000
0.0000
0.0000
0.0000
0.0000
0.0000
0.0000
0.0000
0.0000
0.0000
0.0000
0.0000
0.0000
0.0000
0.0000
0.0000
0.0000
0.0000
0.0000
0.0000
0.0000
0.0000
0.0000
0.0000
0.0000
0.0000
0.0000
0.0000
0.0000
0.0000
0.0000
0.0000
0.0000
0.0000
0.0000
0.0000
0.0000
0.0000
0.0000
0.0000
0.0000
0.0000
0.0000
0.0000
0.0000
0.0000
0.0000
0.0000
0.0000
0.0000
0.0000
0.0000
0.0000
0.0000
0.0000
0.0000
0.0000
0.0000
0.0000
0.0000
0.0000
0.0000
0.0000
0.0000
0.0000
0.0000
0.0000
0.0000
0.0000
0.0000
0.0000
0.0000
0.0000
0.0000
0.0000
0.0000
0.0000
0.0000
0.0000
0.0000
0.0000
0.0000
0.0000
0.0000
0.0000
0.0000
0.0000
0.0000
0.0000
0.0000
0.0000
0.0000
0.0000
0.0000
0.0000
0.0000
0.0000
0.0000
0.0000
0.0000
0.0000
0.0000
0.0000
0.0000
0.0000
0.0000
0.0000
0.0000
0.0000
0.0000
0.0000
0.0000
0.0000
0.0000
0.0000
0.0000
0.0000
0.0000
0.0000
0.0000
0.0000
0.0000
0.0000
0.0000
0.0000
0.0000
0.0000
0.0000
0.0000
0.0000
0.0000
0.0000
0.0000
0.0000
0.0000
0.0000
0.0000
0.0000
0.0000
0.0000
0.0000
0.0000
0.0000
0.0000
0.0000
0.0000
0.0000
0.0000
0.0000
0.0000
0.0000
0.0000
0.0000
0.0000
0.0000
0.0000
0.0000
0.0000
0.0000
0.0000
0.0000
0.0000
0.0000
0.0000
0.0000
0.0000
0.0000
0.0000
0.0000
0.0000
0.0000
0.0000
0.0000
0.0000
0.0000
0.0000
0.0000
0.0000
0.0000
0.0000
0.0000
0.0000
0.0000
0.0000
0.0000
0.0000
0.0000
0.0000
0.0000
0.0000
0.0000
0.0000
0.0000
0.0000
0.0000
0.0000
0.0000
0.0000
0.0000
0.0000
0.0000
0.0000
0.0000
0.0000
0.0000
0.0000
0.0000
0.0000
0.0000
0.0000
0.0000
0.0000
0.0000
0.0000
0.0000
0.0000
0.0000
0.0000
0.0000
0.0000
0.0000
0.0000
0.0000
0.0000
0.0000
0.0000
0.0000
0.0000
0.0000
0.0000
0.0000
0.0000
0.0000
0.0000
0.0000
0.0000
0.0000
0.0000
0.0000
0.0000
0.0000
0.0000
0.0000
0.0000
0.0000
0.0000
0.0000
0.0000
0.0000
0.0000
0.0000
0.0000
0.0000
0.0000
0.0000
0.0000
0.0000
0.0000
0.0000
0.0000
0.0000
0.0000
0.0000
0.0000
0.0000
0.0000
0.0000
0.0000
0.0000
0.0000
0.0000
0.0000
0.0000
0.0000
0.0000
0.0000
0.0000
0.0000
0.0000
0.0000
0.0000
0.0000
0.0000
0.0000
0.0000
0.0000
0.0000
0.0000
0.0000
0.0000
0.0000
0.0000
0.0000
0.0000
0.0000
0.0000
0.0000
0.0000
0.0000
0.0000
0.0000
0.0000
0.0000
0.0000
0.0000
0.0000
0.0000
0.0000
0.0000
0.0000
0.0000
0.0000
0.0000
0.0000
0.0000
0.0000
0.0000
0.0000
0.0000
0.0000
0.0000
0.0000
0.0000
0.0000
0.0000
0.0000
0.0000
0.0000
0.0000
0.0000
0.0000
0.0000
0.0000
0.0000
0.0000
0.0000
0.0000
0.0000
0.0000
0.0000
0.0000
0.0000
0.0000
0.0000
0.0000
0.0000
0.0000
0.0000
0.0000
0.0000
0.0000
0.0000
0.0000
0.0000
0.0000
0.0000
0.0000
0.0000
0.0000
0.0000
0.0000
0.0000
0.0000
0.0000
0.0000
0.0000
0.0000
0.0000
0.0000
0.0000
0.0000
0.0000
0.0000
0.0000
0.0000
0.0000
0.0000
0.0000
0.0000
0.0000
0.0000
0.0000
0.0000
0.0000
0.0000
0.0000
0.0000
0.0000
0.0000
0.0000
0.0000
0.0000
0.0000
0.0000
0.0000
0.0000
0.0000
0.0000
0.0000
0.0000
0.0000
0.0000
0.0000
0.0000
0.0000
0.0000
0.0000
0.0000
0.0000
0.0000
0.0000
0.0000
0.0000
0.0000
0.0000
0.0000
0.0000
0.0000
0.0000
0.0000
0.0000
0.0000
0.0000
0.0000
0.0000
0.0000
0.0000
0.0000
0.0000
0.0000
0.0000
0.0000
0.0000
0.0000
0.0000
0.0000
0.0000
0.0000
0.0000
0.0000
0.0000
0.0000
0.0000
0.0000
0.0000
0.0000
0.0000
0.0000
0.0000
0.0000
0.0000
0.0000
0.0000
0.0000
0.0000
0.0000
0.0000
0.0000
0.0000
0.0000
0.0000
0.0000
0.0000
0.0000
0.0000
0.0000
0.0000
0.0000
0.0000
0.0000
0.0000
0.0000
0.0000
0.0000
0.0000
0.0000
0.0000
0.0000
0.0000
0.0000
0.0000
0.0000
0.0000
0.0000
0.0000
0.0000
0.0000
0.0000
0.0000
0.0000
0.0000
0.0000
0.0000
0.0000
0.0000
0.0000
0.0000
0.0000
0.0000
0.0000
0.0000
0.0000
0.0000
0.0000
0.0000
0.0000
0.0000
0.0000
0.0000
0.0000
0.0000
0.0000
0.0000
0.0000
0.0000
0.0000
0.0000
0.0000
0.0000
0.0000
0.0000
0.0000
0.0000
0.0000
0.0000
0.0000
0.0000
0.0000
0.0000
0.0000
0.0000
0.0000
0.0000
0.0000
0.0000
0.0000
0.0000
0.0000
0.0000
0.0000
0.0000
0.0000
0.0000
0.0000
0.0000
0.0000
0.0000
0.0000
0.0000
0.0000
0.0000
0.0000
0.0000
0.0000
0.0000
0.0000
0.0000
0.0000
0.0000
0.0000
0.0000
0.0000
0.0000
0.0000
0.0000
0.0000
0.0000
0.0000
0.0000
0.0000
0.0000
0.0000
0.0000
0.0000
0.0000
0.0000
0.0000
0.0000
0.0000
0.0000
0.0000
0.0000
0.0000
0.0000
0.0000
0.0000
0.0000
0.0000
0.0000
0.0000
0.0000
0.0000
0.0000
0.0000
0.0000
0.0000
0.0000
0.0000
0.0000
0.0000
0.0000
0.0000
0.0000
0.0000
0.0000
0.0000
0.0000
0.0000
0.0000
0.0000
0.0000
0.0000
0.0000
0.0000
0.0000
0.0000
0.0000
0.0000
0.0000
0.0000
0.0000
0.0000
0.0000
0.0000
0.0000
0.0000
0.0000
0.0000
0.0000
0.0000
0.0000
0.0000
0.0000
0.0000
0.0000
0.0000
0.0000
0.0000
0.0000
0.0000
0.0000
0.0000
0.0000
0.0000
0.0000
0.0000
0.0000
0.0000
0.0000
0.0000
0.0000
0.0000
0.0000
0.0000
0.0000
0.0000
0.0000
0.0000
0.0000
0.0000
0.0000
0.0000
0.0000
0.0000
0.0000
0.0000
0.0000
0.0000
0.0000
0.0000
0.0000
0.0000
0.0000
0.0000
0.0000
0.0000
0.0000
0.0000
0.0000
0.0000
0.0000
0.0000
0.0000
0.0000
0.0000
0.0000
0.0000
0.0000
0.0000
0.0000
0.0000
0.0000
0.0000
0.0000
0.0000
0.0000
0.0000
0.0000
0.0000
0.0000
0.0000
0.0000
0.0000
0.0000
0.0000
0.0000
0.0000
0.0000
0.0000
0.0000
0.0000
0.0000
0.0000
0.0000
0.0000
0.0000
0.0000
0.0000
0.0000
0.0000
0.0000
0.0000
0.0000
0.0000
0.0000
0.0000
0.0000
0.0000
0.0000
0.0000
0.0000
0.0000
0.0000
0.0000
0.0000
0.0000
0.0000
0.0000
0.0000
0.0000
0.0000
0.0000
0.0000
0.0000
0.0000
0.0000
0.0000
0.0000
0.0000
0.0000
0.0000
0.0000
0.0000
0.0000
0.0000
0.0000
0.0000
0.0000
0.0000
0.0000
0.0000
0.0000
0.0000
0.0000
0.0000
0.0000
0.0000
0.0000
0.0000
0.0000
0.0000
0.0000
0.0000
0.0000
0.0000
0.0000
0.0000
0.0000
0.0000
0.0000
0.0000
0.0000
0.0000
0.0000
0.0000
0.0000
0.0000
0.0000
0.0000
0.0000
0.0000
0.0000
0.0000
0.0000
0.0000
0.0000
0.0000
0.0000
0.0000
0.0000
0.0000
0.0000
0.0000
0.0000
0.0000
0.0000
0.0000
0.0000
0.0000
0.0000
0.0000
0.0000
0.0000
0.0000
0.0000
0.0000
0.0000
0.0000
0.0000
0.0000
0.0000
0.0000
0.0000
0.0000
0.0000
0.0000
0.0000
0.0000
0.0000
0.0000
0.0000
0.0000
0.0000
0.0000
0.0000
0.0000
0.0000
0.0000
0.0000
0.0000
0.0000
0.0000
0.0000
0.0000
0.0000
0.0000
0.0000
0.0000
0.0000
0.0000
0.0000
0.0000
0.0000
0.0000
0.0000
0.0000
0.0000
0.0000
0.0000
0.0000
0.0000
0.0000
0.0000
0.0000
0.0000
0.0000
0.0000
0.0000
0.0000
0.0000
0.0000
0.0000
0.0000
0.0000
0.0000
0.0000
0.0000
0.0000
0.0000
0.0000
0.0000
0.0000
0.0000
0.0000
0.0000
0.0000
0.0000
0.0000
0.0000
0.0000
0.0000
0.0000
0.0000
0.0000
0.0000
0.0000
0.0000
0.0000
0.0000
0.0000
0.0000
0.0000
0.0000
0.0000
0.0000
0.0000
0.0000
0.0000
0.0000
0.0000
0.0000
0.0000
0.0000
0.0000
0.0000
0.0000
0.0000
0.0000
0.0000
0.0000
0.0000
0.0000
0.0000
0.0000
0.0000
0.0000
0.0000
0.0000
0.0000
0.0000
0.0000
0.0000
0.0000
0.0000
0.0000
0.0000
0.0000
0.0000
0.0000
0.0000
0.0000
0.0000
0.0000
0.0000
0.0000
0.0000
0.0000
0.0000
0.0000
0.0000
0.0000
0.0000
0.0000
0.0000
0.0000
0.0000
0.0000
0.0000
0.0000
0.0000
0.0000
0.0000
0.0000
0.0000
0.0000
0.0000
0.0000
0.0000
0.0000
0.0000
0.0000
0.0000
0.0000
0.0000
0.0000
0.0000
0.0000
0.0000
0.0000
0.0000
0.0000
0.0000
0.0000
0.0000
0.0000
0.0000
0.0000
0.0000
0.0000
0.0000
0.0000
0.0000
0.0000
0.0000
0.0000
0.0000
0.0000
0.0000
0.0000
0.0000
0.0000
0.0000
0.0000
0.0000
0.0000
0.0000
0.0000
0.0000
0.0000
0.0000
0.0000
0.0000
0.0000
0.0000
0.0000
0.0000
0.0000
0.0000
0.0000
0.0000
0.0000
0.0000
0.0000
0.0000
0.0000
0.0000
0.0000
0.0000
0.0000
0.0000
0.0000
0.0000
0.0000
0.0000
0.0000
0.0000
0.0000
0.0000
0.0000
0.0000
0.0000
0.0000
0.0000
0.0000
0.0000
0.0000
0.0000
0.0000
0.0000
0.0000
0.0000
0.0000
0.0000
0.0000
0.0000
0.0000
0.0000
0.0000
0.0000
0.0000
0.0000
0.0000
0.0000
0.0000
0.0000
0.0000
0.0000
0.0000
0.0000
0.0000
0.0000
0.0000
0.0000
0.0000
0.0000
0.0000
0.0000
0.0000
0.0000
0.0000
0.0000
0.0000
0.0000
0.0000
0.0000
0.0000
0.0000
0.0000
0.0000
0.0000
0.0000
0.0000
0.0000
0.0000
0.0000
0.0000
0.0000
0.0000
0.0000
0.0000
0.0000
0.0000
0.0000
0.0000
0.0000
0.0000
0.0000
0.0000
0.0000
0.0000
0.0000
0.0000
0.0000
0.0000
0.0000
0.0000
0.0000
0.0000
0.0000
0.0000
0.0000
0.0000
0.0000
0.0000
0.0000
0.0000
0.0000
0.0000
0.0000
0.0000
0.0000
0.0000
0.0000
0.0000
0.0000
0.0000
0.0000
0.0000
0.0000
0.0000
0.0000
0.0000
0.0000
0.0000
0.0000
0.0000
0.0000
0.0000
0.0000
0.0000
0.0000
0.0000
0.0000
0.0000
0.0000
0.0000
0.0000
0.0000
0.0000
0.0000
0.0000
0.0000
0.0000
0.0000
0.0000
0.0000
0.0000
0.0000
0.0000
0.0000
0.0000
0.0000
0.0000
0.0000
0.0000
0.0000
0.0000
0.0000
0.0000
0.0000
0.0000
0.0000
0.0000
0.0000
0.0000
0.0000
0.0000
0.0000
0.0000
0.0000
0.0000
0.0000
0.0000
0.0000
0.0000
0.0000
0.0000
0.0000
0.0000
0.0000
0.0000
0.0000
0.0000
0.0000
0.0000
0.0000
0.0000
0.0000
0.0000
0.0000
0.0000
0.0000
0.0000
0.0000
0.0000
0.0000
0.0000
0.0000
0.0000
0.0000
0.0000
0.0000
0.0000
0.0000
0.0000
0.0000
0.0000
0.0000
0.0000
0.0000
0.0000
0.0000
0.0000
0.0000
0.0000
0.0000
0.0000
0.0000
0.0000
0.0000
0.0000
0.0000
0.0000
0.0000
0.0000
0.0000
0.0000
0.0000
0.0000
0.0000
0.0000
0.0000
0.0000
0.0000
0.0000
0.0000
0.0000
0.0000
0.0000
0.0000
0.0000
0.0000
0.0000
0.0000
0.0000
0.0000
0.0000
0.0000
0.0000
0.0000
0.0000
0.0000
0.0000
0.0000
0.0000
0.0000
0.0000
0.0000
0.0000
0.0000
0.0000
0.0000
0.0000
0.0000
0.0000
0.0000
0.0000
0.0000
0.0000
0.0000
0.0000
0.0000
0.0000
0.0000
0.0000
0.0000
0.0000
0.0000
0.0000
0.0000
0.0000
0.0000
0.0000
0.0000
0.0000
0.0000
0.0000
0.0000
0.0000
0.0000
0.0000
0.0000
0.0000
0.0000
0.0000
0.0000
0.0000
0.0000
0.0000
0.0000
0.0000
0.0000
0.0000
0.0000
0.0000
0.0000
0.0000
0.0000
0.0000
0.0000
0.0000
0.0000
0.0000
0.0000
0.0000
0.0000
0.0000
0.0000
0.0000
0.0000
0.0000
0.0000
0.0000
0.0000
0.0000
0.0000
0.0000
0.0000
0.0000
0.0000
0.0000
0.0000
0.0000
0.0000
0.0000
0.0000
0.0000
0.0000
0.0000
0.0000
0.0000
0.0000
0.0000
0.0000
0.0000
0.0000
0.0000
0.0000
0.0000
0.0000
0.0000
0.0000
0.0000
0.0000
0.0000
0.0000
0.0000
0.0000
0.0000
0.0000
0.0000
0.0000
0.0000
0.0000
0.0000
0.0000
0.0000
0.0000
0.0000
0.0000
0.0000
0.0000
0.0000
0.0000
0.0000
0.0000
0.0000
0.0000
0.0000
198.5562
215.2989
235.6228
364.5128
421.5291
606.1534
548.8295
436.7016
587.6758
512.0428
513.9252
610.3724
1134.3169
1938.4576
1202.5612
636.8113
550.0660
245.9313
241.7390
230.3677
190.7850
267.7499
364.8040
335.6821
0.0000
0.0000
0.0000
0.0000
0.0000
0.0000
0.0000
0.0000
0.0000
0.0000
0.0000
0.0000
0.0000
0.0000
0.0000
0.0000
0.0000
0.0000
0.0000
0.0000
0.0000
0.0000
164.4987
248.6835
319.1678
383.0872
497.7443
704.9116
425.2608
415.8542
408.5777
470.7390
554.2445
793.3568
1347.9799
1482.4982
1312.4900
918.3837
476.6373
429.8264
272.1031
276.4537
237.4827
234.0737
300.7116
353.3336
0.0000
0.0000
0.0000
0.0000
0.0000
0.0000
0.0000
0.0000
0.0000
0.0000
0.0000
0.0000
0.0000
0.0000
0.0000
0.0000
0.0000
0.0000
0.0000
0.0000
0.0000
0.0000
137.7173
249.7498
380.9924
352.5475
603.1191
531.3900
434.9323
314.9051
332.3159
471.2393
645.3301
1011.0610
1525.9325
2304.5015
1616.1819
1057.9681
542.4841
429.9808
416.6868
424.2720
389.4092
399.2033
189.2018
200.0123
0.0000
0.0000
0.0000
0.0000
0.0000
0.0000
0.0000
0.0000
0.0000
0.0000
0.0000
0.0000
0.0000
0.0000
0.0000
0.0000
0.0000
0.0000
0.0000
0.0000
0.0000
0.0000
190.4315
187.1243
386.3758
450.7387
614.2565
575.4176
563.9755
358.7895
411.0942
485.4970
694.0809
882.5843
1317.0665
1218.0970
1273.6230
924.5071
705.8388
559.3614
580.6589
536.3287
519.8160
467.8129
251.9292
239.8104
0.0000
0.0000
0.0000
0.0000
0.0000
0.0000
0.0000
0.0000
0.0000
0.0000
0.0000
0.0000
0.0000
0.0000
0.0000
0.0000
0.0000
0.0000
0.0000
0.0000
0.0000
0.0000
180.4243
300.5175
240.9266
237.1438
279.8952
364.1090
370.7710
545.1828
578.1940
445.2959
563.7366
592.8020
658.1285
832.0839
985.4114
769.8989
520.5289
453.0041
497.2859
759.7905
491.8240
552.9680
522.7567
364.3971
0.0000
0.0000
0.0000
0.0000
0.0000
0.0000
0.0000
0.0000
0.0000
0.0000
0.0000
0.0000
0.0000
0.0000
0.0000
0.0000
0.0000
0.0000
0.0000
0.0000
0.0000
0.0000
269.1554
285.1088
200.5420
228.2490
177.2801
195.4228
269.6567
275.4235
283.5202
341.7732
344.7878
357.5442
686.1010
693.6212
718.1032
518.3224
427.6601
607.0144
508.1390
573.4718
533.9420
568.2759
555.5001
334.3857
0.0000
0.0000
0.0000
0.0000
0.0000
0.0000
0.0000
0.0000
0.0000
0.0000
0.0000
0.0000
0.0000
0.0000
0.0000
0.0000
0.0000
0.0000
0.0000
0.0000
0.0000
0.0000
269.9515
161.8022
119.5458
153.5672
278.6275
171.9854
232.6501
231.1548
234.4438
274.1364
307.2137
373.9230
432.3251
518.3950
498.4315
517.6106
599.5626
640.8777
584.6169
467.7754
383.9623
367.6335
355.7836
628.0203
0.0000
0.0000
0.0000
0.0000
0.0000
0.0000
0.0000
0.0000
0.0000
0.0000
0.0000
0.0000
0.0000
0.0000
0.0000
0.0000
0.0000
0.0000
0.0000
0.0000
0.0000
0.0000
195.2672
146.4368
144.1025
149.0042
162.8378
187.4796
226.3252
214.2700
160.8657
179.8710
234.1414
335.9240
511.7056
489.6855
395.6794
481.2646
469.7318
382.1379
592.4489
408.2455
534.4643
392.6396
502.8564
452.0532
0.0000
0.0000
0.0000
0.0000
0.0000
0.0000
0.0000
0.0000
0.0000
0.0000
0.0000
0.0000
0.0000
0.0000
0.0000
0.0000
0.0000
0.0000
0.0000
0.0000
0.0000
0.0000
209.2001
153.3420
125.6254
154.9728
119.8040
109.9593
196.5321
244.3199
142.3221
250.3642
243.5551
310.4069
405.4250
314.6010
295.0666
267.6948
321.5232
358.8163
424.8507
402.2597
491.8224
465.4179
314.6112
350.3388
0.0000
0.0000
0.0000
0.0000
0.0000
0.0000
0.0000
0.0000
0.0000
0.0000
0.0000
0.0000
0.0000
0.0000
0.0000
0.0000
0.0000
0.0000
0.0000
0.0000
0.0000
0.0000
170.5764
143.3219
138.4288
150.6298
124.4646
119.0496
214.2560
125.3522
206.8400
290.7391
265.4703
257.7863
363.1904
323.9587
256.3203
221.7693
268.4180
350.7142
253.8319
322.8440
500.6464
370.7737
335.1372
287.5710
0.0000
0.0000
0.0000
0.0000
0.0000
0.0000
0.0000
0.0000
0.0000
0.0000
0.0000
0.0000
0.0000
0.0000
0.0000
0.0000
0.0000
0.0000
0.0000
0.0000
0.0000
0.0000
151.5563
145.5932
117.9718
78.6983
118.3935
145.8207
179.5705
143.4924
246.0407
397.5405
251.2813
226.4139
188.4739
217.2306
225.6288
243.7476
225.7518
216.2786
287.3999
510.0891
272.0044
296.3609
232.4015
408.8302
0.0000
0.0000
0.0000
0.0000
0.0000
0.0000
0.0000
0.0000
0.0000
0.0000
0.0000
0.0000
0.0000
0.0000
0.0000
0.0000
0.0000
0.0000
0.0000
0.0000
0.0000
0.0000
285.0632
222.7912
117.0115
91.0180
87.2379
115.1631
112.2455
186.6303
187.8466
250.3375
241.3673
182.3818
186.5665
186.6939
174.2731
243.9616
170.1637
333.6790
333.4275
352.8886
256.1331
199.1029
299.7545
332.8036
0.0000
0.0000
0.0000
0.0000
0.0000
0.0000
0.0000
0.0000
0.0000
0.0000
0.0000
0.0000
0.0000
0.0000
0.0000
0.0000
0.0000
0.0000
0.0000
0.0000
0.0000
0.0000
314.4328
224.5602
114.0271
113.2159
110.1766
164.5652
119.0632
141.4121
194.7932
132.0105
153.4802
113.3994
229.5817
136.0197
190.6647
235.3915
222.5363
238.1521
304.0117
287.1808
339.2816
296.2288
323.2890
304.9376
0.0000
0.0000
0.0000
0.0000
0.0000
0.0000
0.0000
0.0000
0.0000
0.0000
0.0000
0.0000
0.0000
0.0000
0.0000
0.0000
0.0000
0.0000
0.0000
0.0000
0.0000
0.0000
253.7450
222.3914
173.3533
119.5091
110.2012
131.2601
115.8562
144.8490
192.1409
155.2652
157.6257
160.2798
169.8389
173.6748
146.0950
171.5833
201.8358
263.7297
216.0761
256.2637
342.2612
273.8044
337.0514
277.2103
0.0000
0.0000
0.0000
0.0000
0.0000
0.0000
0.0000
0.0000
0.0000
0.0000
0.0000
0.0000
0.0000
0.0000
0.0000
0.0000
0.0000
0.0000
0.0000
0.0000
0.0000
0.0000
256.7021
214.7083
186.3941
171.1232
143.3530
144.4401
95.2895
129.8451
210.5164
191.1823
204.8371
217.4689
138.8407
155.5103
141.8111
145.8200
188.5114
203.4728
234.9969
279.7351
286.5106
255.2280
256.2707
267.9933
0.0000
0.0000
0.0000
0.0000
0.0000
0.0000
0.0000
0.0000
0.0000
0.0000
0.0000
0.0000
0.0000
0.0000
0.0000
0.0000
0.0000
0.0000
0.0000
0.0000
0.0000
0.0000
182.0016
197.9344
181.4171
228.3483
238.2762
188.3975
163.2898
202.4194
148.1892
230.7345
169.9497
159.6570
147.5699
89.4435
110.5661
110.8723
160.9669
175.3514
203.9510
215.2636
189.3959
144.4745
232.8076
178.4583
0.0000
0.0000
0.0000
0.0000
0.0000
0.0000
0.0000
0.0000
0.0000
0.0000
0.0000
0.0000
0.0000
0.0000
0.0000
0.0000
0.0000
0.0000
0.0000
0.0000
0.0000
0.0000
256.5302
213.2320
285.6666
186.3108
190.9572
153.5004
189.6666
207.6924
231.7811
215.0034
168.2056
153.8409
110.5656
101.3701
115.3067
119.2029
139.1131
163.4538
174.7871
209.0081
155.7285
165.4430
175.5348
123.0959
0.0000
0.0000
0.0000
0.0000
0.0000
0.0000
0.0000
0.0000
0.0000
0.0000
0.0000
0.0000
0.0000
0.0000
0.0000
0.0000
0.0000
0.0000
0.0000
0.0000
0.0000
0.0000
458.5506
299.7771
255.4472
340.2284
275.7961
140.4097
188.0525
231.2533
211.5282
167.9364
198.8875
146.7967
128.4176
116.7775
147.8026
148.3026
199.1660
155.1177
181.4488
160.1444
140.5934
185.0384
215.4397
113.6476
0.0000
0.0000
0.0000
0.0000
0.0000
0.0000
0.0000
0.0000
0.0000
0.0000
0.0000
0.0000
0.0000
0.0000
0.0000
0.0000
0.0000
0.0000
0.0000
0.0000
0.0000
0.0000
301.4256
290.1620
246.0386
266.3744
274.8289
208.1786
226.5053
236.1607
218.1459
255.2683
150.3076
104.5612
148.4012
93.6688
136.4833
123.2640
183.9837
247.9238
174.3693
163.4861
201.0414
165.3206
126.2749
167.5184
0.0000
0.0000
0.0000
0.0000
0.0000
0.0000
0.0000
0.0000
0.0000
0.0000
0.0000
0.0000
0.0000
0.0000
0.0000
0.0000
0.0000
0.0000
0.0000
0.0000
0.0000
0.0000
252.4023
202.5684
194.5641
297.5224
339.7719
317.7802
266.8169
352.5850
317.4633
370.5654
184.4718
102.2433
100.9793
124.2709
116.3684
135.8472
156.2279
248.2215
187.5869
237.5647
159.1446
113.8428
140.6510
127.7607
0.0000
0.0000
0.0000
0.0000
0.0000
0.0000
0.0000
0.0000
0.0000
0.0000
0.0000
0.0000
0.0000
0.0000
0.0000
0.0000
0.0000
0.0000
0.0000
0.0000
0.0000
0.0000
337.3106
223.2236
226.8714
566.5328
496.2018
354.8503
315.8181
294.4122
282.2007
276.7519
203.6003
177.4965
163.6268
128.9899
136.6669
160.8358
199.2047
180.2869
180.0021
177.2531
172.3952
110.7788
144.5367
120.9287
0.0000
0.0000
0.0000
0.0000
0.0000
0.0000
0.0000
0.0000
0.0000
0.0000
0.0000
0.0000
0.0000
0.0000
0.0000
0.0000
0.0000
0.0000
0.0000
0.0000
0.0000
0.0000
333.5095
307.1706
318.0969
600.4477
523.2659
374.7734
393.3443
252.3693
299.3912
260.9557
264.3285
229.1906
205.1402
147.9141
130.5406
142.2492
161.3239
236.4655
232.8250
221.2840
170.0455
151.5252
201.6669
162.6649
0.0000
0.0000
0.0000
0.0000
0.0000
0.0000
0.0000
0.0000
0.0000
0.0000
0.0000
0.0000
0.0000
0.0000
0.0000
0.0000
0.0000
0.0000
0.0000
0.0000
0.0000
0.0000
299.2248
280.2206
430.5796
660.7258
635.6090
618.0980
612.8227
405.4660
339.9069
302.5367
304.7701
225.4801
248.9252
182.1425
116.6158
97.9132
119.1240
160.5594
174.1093
228.0874
192.7658
179.6601
226.0152
154.2412
0.0000
0.0000
0.0000
0.0000
0.0000
0.0000
0.0000
0.0000
0.0000
0.0000
0.0000
0.0000
0.0000
0.0000
0.0000
0.0000
0.0000
0.0000
0.0000
0.0000
0.0000
0.0000
326.1956
461.7683
725.2872
776.8936
984.2997
862.3156
641.0964
481.9213
344.5296
277.3405
309.3333
238.3072
162.4340
222.7122
165.4712
169.2292
239.8184
174.2122
125.5557
177.8939
171.7863
214.9316
260.5229
157.0179
0.0000
0.0000
0.0000
0.0000
0.0000
0.0000
0.0000
0.0000
0.0000
0.0000
0.0000
0.0000
0.0000
0.0000
0.0000
0.0000
0.0000
0.0000
0.0000
0.0000
0.0000
0.0000
301.9735
455.6861
755.4742
632.6417
717.4094
1139.2936
806.3768
452.8969
341.6686
278.4148
241.8911
217.2821
174.4321
157.2556
185.2673
204.5324
138.0242
149.3154
134.0042
164.9521
193.5061
204.6257
195.8417
187.8420
0.0000
0.0000
0.0000
0.0000
0.0000
0.0000
0.0000
0.0000
0.0000
0.0000
0.0000
0.0000
0.0000
0.0000
0.0000
0.0000
0.0000
0.0000
0.0000
0.0000
0.0000
0.0000
231.5972
370.9701
551.2551
492.2760
734.4382
862.9844
748.8116
568.8057
500.8699
233.0183
176.7989
204.1307
152.9366
169.1042
159.0835
124.0475
112.6665
115.3402
121.2481
129.1532
133.7769
193.3871
180.1013
163.6436
0.0000
0.0000
0.0000
0.0000
0.0000
0.0000
0.0000
0.0000
0.0000
0.0000
0.0000
0.0000
0.0000
0.0000
0.0000
0.0000
0.0000
0.0000
0.0000
0.0000
0.0000
0.0000
231.8506
363.6353
360.4721
410.5801
673.8620
828.4444
867.9808
724.8262
542.7824
313.2442
226.5669
224.1128
173.3794
165.4658
192.2084
140.1411
159.3516
152.0164
124.2776
132.9720
110.9240
181.5591
241.6655
147.2533
0.0000
0.0000
0.0000
0.0000
0.0000
0.0000
0.0000
0.0000
0.0000
0.0000
0.0000
0.0000
0.0000
0.0000
0.0000
0.0000
0.0000
0.0000
0.0000
0.0000
0.0000
0.0000
219.1385
292.6408
409.8194
840.8298
836.7406
818.9901
809.7497
766.8256
486.3546
322.6183
292.6120
232.4800
189.4589
188.5410
148.4101
207.8516
173.2440
149.5951
199.0693
123.5102
128.5092
172.6040
251.2829
133.1356
0.0000
0.0000
0.0000
0.0000
0.0000
0.0000
0.0000
0.0000
0.0000
0.0000
0.0000
0.0000
0.0000
0.0000
0.0000
0.0000
0.0000
0.0000
0.0000
0.0000
0.0000
0.0000
199.8292
306.8253
498.7552
685.5413
691.8923
534.3343
443.1334
643.4030
448.4063
354.7106
339.3103
225.6759
212.3482
242.7159
214.8360
134.6170
270.5058
203.1539
147.8975
151.3025
122.9427
195.8609
297.9853
211.9837
0.0000
0.0000
0.0000
0.0000
0.0000
0.0000
0.0000
0.0000
0.0000
0.0000
0.0000
0.0000
0.0000
0.0000
0.0000
0.0000
0.0000
0.0000
0.0000
0.0000
0.0000
0.0000
188.2451
298.0602
399.4946
537.1975
636.5596
480.3588
421.6107
434.5114
433.7715
343.7423
246.7859
222.4656
322.6045
315.5148
180.7672
180.3719
174.9015
191.0955
150.7944
162.5600
176.5160
239.3666
168.2584
298.9169
0.0000
0.0000
0.0000
0.0000
0.0000
0.0000
0.0000
0.0000
0.0000
0.0000
0.0000
0.0000
0.0000
0.0000
0.0000
0.0000
0.0000
0.0000
0.0000
0.0000
0.0000
0.0000
97.9361
186.1234
229.4082
353.0266
588.7936
357.6219
315.6719
347.6103
293.5938
338.8665
245.3744
217.9399
322.3893
429.7839
332.9849
211.9961
146.2600
165.4338
140.5960
164.6263
162.9895
237.0709
189.7184
163.3629
0.0000
0.0000
0.0000
0.0000
0.0000
0.0000
0.0000
0.0000
0.0000
0.0000
0.0000
0.0000
0.0000
0.0000
0.0000
0.0000
0.0000
0.0000
0.0000
0.0000
0.0000
0.0000
85.6897
121.8645
195.1541
222.2292
316.6962
314.6929
278.3207
245.5660
270.9761
347.2577
297.1419
278.9295
245.3539
203.3687
218.8371
236.7657
156.7205
162.5277
134.2498
167.5335
207.9983
183.4533
132.4297
182.9867
0.0000
0.0000
0.0000
0.0000
0.0000
0.0000
0.0000
0.0000
0.0000
0.0000
0.0000
0.0000
0.0000
0.0000
0.0000
0.0000
0.0000
0.0000
0.0000
0.0000
0.0000
0.0000
114.9252
122.4278
134.1820
147.9666
200.0060
261.0890
203.3974
220.0518
209.5447
193.6602
278.1798
236.2836
183.0329
167.5609
185.4760
126.2387
142.7881
180.6200
169.4924
165.4897
142.9926
165.6215
135.9066
179.1868
0.0000
0.0000
0.0000
0.0000
0.0000
0.0000
0.0000
0.0000
0.0000
0.0000
0.0000
0.0000
0.0000
0.0000
0.0000
0.0000
0.0000
0.0000
0.0000
0.0000
0.0000
0.0000
169.3927
156.9158
176.5625
170.4756
196.1570
231.0207
171.5501
157.8083
205.2381
202.8788
256.2132
201.8589
132.5493
137.6977
96.8978
84.1120
94.8326
150.4372
117.5956
115.4409
113.2928
79.7387
77.0535
127.7633
0.0000
0.0000
0.0000
0.0000
0.0000
0.0000
0.0000
0.0000
0.0000
0.0000
0.0000
0.0000
0.0000
0.0000
0.0000
0.0000
0.0000
0.0000
0.0000
0.0000
0.0000
0.0000
92.9296
133.0803
200.3061
172.7418
234.2809
171.1568
166.9734
171.4408
185.1912
168.7355
106.8680
157.9151
134.7153
130.4393
136.4071
99.9132
111.7284
120.7648
163.7942
127.7717
88.2424
84.3315
113.1829
107.7906
0.0000
0.0000
0.0000
0.0000
0.0000
0.0000
0.0000
0.0000
0.0000
0.0000
0.0000
0.0000
0.0000
0.0000
0.0000
0.0000
0.0000
0.0000
0.0000
0.0000
0.0000
0.0000
51.2855
97.4540
155.6519
123.1949
156.3348
135.9542
213.7349
186.6643
185.7140
161.0189
115.8751
118.7922
85.2847
115.5204
147.9199
133.6984
93.2436
155.7606
141.4435
85.3789
89.7041
117.7911
148.1884
191.0137
0.0000
0.0000
0.0000
0.0000
0.0000
0.0000
0.0000
0.0000
0.0000
0.0000
0.0000
0.0000
0.0000
0.0000
0.0000
0.0000
0.0000
0.0000
0.0000
0.0000
0.0000
0.0000
58.0456
129.5837
125.7819
124.7872
145.3946
147.8042
169.8284
183.7182
167.3862
137.6783
97.7137
122.6039
95.1666
160.5093
202.0743
105.2126
98.6750
174.8434
111.1992
101.4272
84.6673
95.1934
132.0055
159.1231
0.0000
0.0000
0.0000
0.0000
0.0000
0.0000
0.0000
0.0000
0.0000
0.0000
0.0000
0.0000
0.0000
0.0000
0.0000
0.0000
0.0000
0.0000
0.0000
0.0000
0.0000
0.0000
72.4972
91.8035
134.2056
188.2769
149.2101
111.8506
115.0256
108.4025
111.5656
141.1780
138.6160
104.2559
99.3594
126.5422
194.2430
90.7643
59.2756
74.8918
74.8084
99.1074
67.6728
79.1255
118.7214
164.6563
0.0000
0.0000
0.0000
0.0000
0.0000
0.0000
0.0000
0.0000
0.0000
0.0000
0.0000
0.0000
0.0000
0.0000
0.0000
0.0000
0.0000
0.0000
0.0000
0.0000
0.0000
0.0000
104.9440
120.1805
131.5318
89.4837
98.0694
94.5251
85.6761
65.8390
92.0954
127.6748
121.8055
114.4281
76.3826
122.7160
107.6565
85.8821
88.0097
63.1308
91.7733
110.3920
109.0106
136.6074
128.8995
229.9883
0.0000
0.0000
0.0000
0.0000
0.0000
0.0000
0.0000
0.0000
0.0000
0.0000
0.0000
0.0000
0.0000
0.0000
0.0000
0.0000
0.0000
0.0000
0.0000
0.0000
0.0000
0.0000
131.1354
136.6550
80.0731
84.4969
53.3208
56.5095
66.1319
118.6775
120.6129
121.4945
128.7571
118.8135
102.6080
91.6784
110.4344
71.5782
82.4384
87.3256
115.3684
121.1339
119.7503
157.3561
218.5899
258.7025
250.0622
0.0000
0.0000
0.0000
0.0000
0.0000
0.0000
0.0000
0.0000
0.0000
0.0000
0.0000
0.0000
0.0000
0.0000
0.0000
0.0000
0.0000
0.0000
0.0000
0.0000
0.0000
135.4943
152.6835
101.4249
86.3531
45.9757
82.6853
94.5723
68.1304
66.6550
66.8380
83.2383
113.5785
86.3379
57.2984
89.3918
95.2518
81.3475
66.7761
101.2353
180.3539
211.7402
152.6662
228.4328
293.1723
291.4497
0.0000
0.0000
0.0000
0.0000
0.0000
0.0000
0.0000
0.0000
0.0000
0.0000
0.0000
0.0000
0.0000
0.0000
0.0000
0.0000
0.0000
0.0000
0.0000
0.0000
0.0000
112.8166
127.7763
96.5682
77.2840
47.0133
38.1293
45.9279
45.6688
49.5111
64.8949
46.0075
64.2156
45.8761
62.1485
113.2208
100.5873
102.7597
79.9722
92.4612
111.5608
143.4376
165.5439
214.1875
340.5861
387.7029
552.6254
0.0000
0.0000
0.0000
0.0000
0.0000
0.0000
0.0000
0.0000
0.0000
0.0000
0.0000
0.0000
0.0000
0.0000
0.0000
0.0000
0.0000
0.0000
0.0000
0.0000
67.0688
69.5951
110.1010
73.8989
61.6759
44.7134
30.7320
33.8703
32.1596
59.9638
61.4079
53.1146
46.8558
47.5205
99.7269
110.4887
114.7475
118.2414
97.7296
60.1179
93.0326
100.2697
146.7186
350.1077
571.2786
294.7932
280.4538
0.0000
0.0000
0.0000
0.0000
0.0000
0.0000
0.0000
0.0000
0.0000
0.0000
0.0000
0.0000
0.0000
0.0000
0.0000
0.0000
0.0000
0.0000
0.0000
83.2898
62.3569
98.4269
80.8021
55.9928
32.9739
37.0468
31.3136
23.6810
38.7205
69.6657
66.1635
51.8580
43.7610
69.9200
71.3676
93.9314
84.0057
84.5384
127.7632
113.0351
119.2610
187.7512
216.6660
274.9656
241.2917
264.4868
220.1624
0.0000
0.0000
0.0000
0.0000
0.0000
0.0000
0.0000
0.0000
0.0000
0.0000
0.0000
0.0000
0.0000
0.0000
0.0000
0.0000
0.0000
0.0000
55.1106
71.7427
97.2004
76.0332
86.2818
63.3813
38.4928
29.2598
39.7518
32.6184
57.1217
51.6775
73.4315
103.4903
93.1562
68.1061
66.9656
110.8420
115.9658
112.5253
79.9258
115.3066
134.6401
201.4662
237.1594
146.2568
264.0840
191.9811
0.0000
0.0000
0.0000
0.0000
0.0000
0.0000
0.0000
0.0000
0.0000
0.0000
0.0000
0.0000
0.0000
0.0000
0.0000
0.0000
0.0000
0.0000
37.2038
48.5379
79.4005
88.5950
71.6708
65.8100
33.1920
31.7812
39.5387
51.1078
43.4908
40.4558
57.0450
76.0875
77.6207
59.2154
71.1148
90.8876
87.4711
96.1692
84.2957
101.6375
118.2193
139.4478
193.8832
199.1763
216.4648
242.6008
117.4600
0.0000
0.0000
0.0000
0.0000
0.0000
0.0000
0.0000
0.0000
0.0000
0.0000
0.0000
0.0000
0.0000
0.0000
0.0000
0.0000
0.0000
54.8841
61.7139
69.4673
62.0863
66.0616
56.0949
48.3397
40.5298
37.0238
45.0171
42.2478
52.7662
47.5975
61.2465
54.7652
46.3808
51.8985
69.5536
61.7686
45.9419
72.8785
115.7474
152.5512
159.2589
242.0578
177.5746
156.7836
196.6020
159.7949
0.0000
0.0000
0.0000
0.0000
0.0000
0.0000
0.0000
0.0000
0.0000
0.0000
0.0000
0.0000
0.0000
0.0000
0.0000
0.0000
0.0000
33.2726
63.9135
40.4192
55.1143
56.4161
53.7221
40.3118
43.6880
39.0485
41.8674
37.8588
46.7813
52.2241
73.9997
63.2718
58.1794
55.4438
58.4861
62.4165
64.3575
45.7567
102.0477
152.8046
164.9739
186.4258
197.6633
232.2377
234.3923
177.2940
161.2134
0.0000
0.0000
0.0000
0.0000
0.0000
0.0000
0.0000
0.0000
0.0000
0.0000
0.0000
0.0000
0.0000
0.0000
0.0000
0.0000
48.1381
53.0225
38.2624
39.8303
42.4891
44.4845
48.6281
35.7617
29.5565
41.3268
47.7758
47.5899
58.2412
81.8060
78.8714
68.8912
65.5226
61.0448
68.7926
67.6246
79.5931
86.5317
123.6994
133.4809
205.2616
176.5499
254.3971
217.9371
142.7954
209.7968
98.7429
0.0000
0.0000
0.0000
0.0000
0.0000
0.0000
0.0000
0.0000
0.0000
0.0000
0.0000
0.0000
0.0000
0.0000
0.0000
45.3855
33.6994
29.0699
50.1067
41.4700
35.8248
42.7387
28.4293
26.1778
32.2880
34.8685
48.4833
60.2092
80.3844
70.2463
54.3851
75.4541
73.4786
68.7773
68.6899
69.0220
81.3392
118.5892
184.2522
193.3868
164.4220
192.4772
224.8204
190.8963
160.0161
130.7190
100.9668
0.0000
0.0000
0.0000
0.0000
0.0000
0.0000
0.0000
0.0000
0.0000
0.0000
0.0000
0.0000
0.0000
0.0000
35.8376
29.0002
30.8076
43.1708
45.7960
37.2636
28.6774
20.9255
26.7949
26.4277
47.0498
60.9326
76.0420
57.9395
48.7977
42.3423
76.0842
56.1205
60.2166
103.6427
110.0278
147.9939
121.7280
149.6814
176.3909
229.8072
175.0867
148.7862
175.7891
154.4817
137.1481
89.4973
85.9279
0.0000
0.0000
0.0000
0.0000
0.0000
0.0000
0.0000
0.0000
0.0000
0.0000
0.0000
0.0000
0.0000
30.9812
34.3706
43.9389
45.4146
29.5362
34.5395
20.3447
20.2769
35.1642
32.6927
39.5322
49.9426
57.0752
48.3642
51.3800
39.8617
40.2544
53.6031
66.4139
93.5446
139.6023
174.3522
151.1497
123.6517
129.9102
190.5983
120.9887
89.2657
125.3544
94.7643
111.9890
84.7526
77.0053
0.0000
0.0000
0.0000
0.0000
0.0000
0.0000
0.0000
0.0000
0.0000
0.0000
0.0000
0.0000
0.0000
42.8224
42.1710
45.1221
35.3740
49.5807
39.5433
31.0821
19.3827
25.5348
25.3641
35.9744
42.4207
49.4101
53.0437
56.5783
42.4170
44.6051
41.0619
48.7359
88.8336
126.6045
118.0101
106.6802
106.3735
97.6728
103.0496
83.6707
73.9357
72.8198
68.9645
54.8260
57.6807
72.3948
34.4149
0.0000
0.0000
0.0000
0.0000
0.0000
0.0000
0.0000
0.0000
0.0000
0.0000
0.0000
0.0000
41.3219
52.7203
44.9129
36.1372
44.3368
27.2296
27.2375
21.3114
30.5369
34.1971
31.3721
51.6888
48.1679
46.3945
45.8408
31.9386
19.2101
20.2606
34.9624
44.9649
61.7021
129.5740
73.5389
84.8270
129.3772
91.0517
57.7547
50.2985
47.0556
47.8351
38.4772
46.8402
41.5749
29.6406
15.2150
0.0000
0.0000
0.0000
0.0000
0.0000
0.0000
0.0000
0.0000
0.0000
0.0000
0.0000
67.6608
59.5202
32.7102
33.6662
28.2077
27.9105
39.0541
34.7372
29.9450
20.5687
26.7635
38.1208
28.3241
46.0754
35.7453
29.1749
22.2177
24.9502
41.0413
35.6013
32.1801
51.8599
56.1384
47.8922
72.1905
60.3518
28.3339
46.5653
39.2670
28.7525
29.4165
25.9191
22.3593
16.6957
6.0159
6.1268
0.0000
0.0000
0.0000
0.0000
0.0000
0.0000
0.0000
0.0000
0.0000
0.0000
37.3207
45.5779
32.1202
25.0999
41.1211
33.1012
38.9534
40.1216
33.1033
29.6035
31.0145
39.2692
30.1375
37.0399
29.8670
26.7720
32.1255
31.6556
48.8761
30.8159
36.3841
36.4939
39.7846
41.2315
59.1368
36.7425
36.4728
26.1639
23.3738
19.5312
15.8545
14.3203
15.4922
8.8922
5.6133
3.9865
0.0000
0.0000
0.0000
0.0000
0.0000
0.0000
0.0000
0.0000
0.0000
0.0000
43.4105
40.5406
27.1469
32.1168
30.2473
54.0425
38.4033
43.4647
33.0060
32.3493
28.5874
32.1948
24.3501
25.4891
28.6807
28.6835
39.0079
41.6438
54.4726
38.6782
33.9206
42.8194
34.0607
39.6500
34.2221
39.9009
26.7094
21.5550
20.5743
18.5649
16.0427
13.9031
8.9784
12.7419
9.2765
7.8194
0.0000
0.0000
0.0000
0.0000
0.0000
0.0000
0.0000
0.0000
0.0000
0.0000
31.7715
28.1911
21.0304
26.5162
26.8274
36.9617
36.7546
37.5955
35.3684
27.3554
31.3868
30.8199
26.5238
40.5520
33.1601
38.4847
54.0749
60.7821
48.5991
41.9373
23.6640
24.3615
25.6028
22.1008
39.9147
38.8652
33.2105
17.0373
16.9944
12.2972
13.0233
9.0366
8.3398
11.4140
7.1293
10.3229
0.0000
0.0000
0.0000
0.0000
0.0000
0.0000
0.0000
0.0000
0.0000
0.0000
31.9855
33.5589
27.1333
23.7172
25.1750
31.4467
45.7320
42.9819
31.4091
40.4368
42.6662
37.7474
34.5200
41.2435
53.4297
70.1282
52.1093
42.9105
41.8433
30.5827
31.4310
26.5118
18.4866
22.9089
20.7435
34.7157
42.9576
20.4802
19.2788
12.7024
8.0075
7.4027
8.9980
9.7588
13.3942
15.1344
0.0000
0.0000
0.0000
0.0000
0.0000
0.0000
0.0000
0.0000
0.0000
0.0000
24.9697
27.1275
23.7022
23.9315
30.6023
43.5341
51.7663
32.3829
38.7508
42.0976
36.1534
45.8674
38.8163
44.3876
0.0000
0.0000
44.1753
35.5836
42.4037
24.7040
20.7518
17.4090
10.0821
9.1526
15.6648
29.8670
32.9343
28.0695
19.6165
21.9940
14.1437
11.1451
7.6372
11.4425
8.4419
12.1106
0.0000
0.0000
0.0000
0.0000
0.0000
0.0000
0.0000
0.0000
0.0000
0.0000
20.4933
20.6165
19.0587
20.2906
33.7451
46.6074
48.1525
31.1978
36.2736
40.1709
41.8652
36.0266
40.9152
35.5796
0.0000
0.0000
0.0000
0.0000
0.0000
0.0000
0.0000
0.0000
0.0000
0.0000
11.7483
15.4655
18.3339
23.0484
21.4702
22.0244
18.7610
10.7198
15.0632
8.4290
6.8889
8.0406
0.0000
0.0000
0.0000
0.0000
0.0000
0.0000
0.0000
0.0000
0.0000
0.0000
41.8417
32.8713
26.0651
32.6947
29.5565
39.9114
36.3181
46.1209
34.4731
30.2161
31.7902
26.5967
25.3887
27.3369
0.0000
0.0000
0.0000
0.0000
0.0000
0.0000
0.0000
0.0000
0.0000
0.0000
10.5497
8.6315
15.3482
23.9722
19.8058
18.8172
20.8959
13.4810
13.3215
17.8703
10.8160
9.1691
0.0000
0.0000
0.0000
0.0000
0.0000
0.0000
0.0000
0.0000
0.0000
0.0000
36.2963
34.1883
24.9954
44.2636
41.5554
34.4920
35.0513
35.7853
26.8687
21.5473
18.8724
17.8558
17.0081
24.6061
0.0000
0.0000
0.0000
0.0000
0.0000
0.0000
0.0000
0.0000
0.0000
0.0000
15.6662
13.4103
11.1314
20.8096
17.7589
23.3204
18.0028
11.2898
15.9538
17.5024
13.1595
11.4144
0.0000
0.0000
0.0000
0.0000
0.0000
0.0000
0.0000
0.0000
0.0000
0.0000
32.4013
23.9296
36.0319
36.1200
29.5222
34.8402
47.5288
51.2861
34.5280
24.6301
21.3145
20.5541
16.8038
16.4655
0.0000
0.0000
0.0000
0.0000
0.0000
0.0000
0.0000
0.0000
0.0000
0.0000
17.4027
18.8400
13.8021
12.5662
17.8133
16.1957
18.9751
17.3019
13.1255
15.0545
15.0783
21.3825
0.0000
0.0000
0.0000
0.0000
0.0000
0.0000
0.0000
0.0000
0.0000
0.0000
32.4572
22.8793
29.1377
25.2997
28.3564
31.3637
35.9826
46.0653
43.9737
39.5644
28.9984
16.6575
23.3623
22.5673
0.0000
0.0000
0.0000
0.0000
0.0000
0.0000
0.0000
0.0000
0.0000
0.0000
17.7500
15.3731
15.5380
21.9092
11.4946
9.4650
10.7891
16.9773
15.6770
16.8606
17.3195
19.1538
0.0000
0.0000
0.0000
0.0000
0.0000
0.0000
0.0000
0.0000
0.0000
0.0000
40.0792
29.9608
37.1758
23.6619
24.2154
34.4857
37.6311
35.2373
37.4694
66.7175
30.9034
36.9645
28.3062
21.1224
0.0000
0.0000
0.0000
0.0000
0.0000
0.0000
0.0000
0.0000
0.0000
0.0000
14.9736
14.5155
16.2843
24.0650
18.8714
11.2946
12.7909
14.7315
12.4353
11.1315
12.7883
20.6180
0.0000
0.0000
0.0000
0.0000
0.0000
0.0000
0.0000
0.0000
0.0000
0.0000
33.8132
37.5952
26.0761
26.3696
26.5186
29.0364
29.9153
32.4770
43.2483
42.7262
30.5770
38.6313
31.9652
23.2631
0.0000
0.0000
0.0000
0.0000
0.0000
0.0000
0.0000
0.0000
0.0000
0.0000
12.2152
16.1327
15.2777
23.1252
16.9227
14.0246
14.4142
10.0351
9.9908
11.7265
13.2877
14.3215
0.0000
0.0000
0.0000
0.0000
0.0000
0.0000
0.0000
0.0000
0.0000
0.0000
15.7812
21.9400
28.5205
27.3739
27.0513
26.7226
23.1885
18.0974
30.3770
36.4587
27.1822
45.0548
36.6174
22.7811
0.0000
0.0000
0.0000
0.0000
0.0000
0.0000
0.0000
0.0000
0.0000
0.0000
16.9916
12.0660
20.5542
28.2072
23.8027
19.5574
14.8652
11.1492
8.0942
11.3029
13.2045
12.9799
0.0000
0.0000
0.0000
0.0000
0.0000
0.0000
0.0000
0.0000
0.0000
0.0000
13.1523
18.7053
19.9556
30.0205
20.2197
20.9687
18.1101
20.5756
23.7721
36.3604
33.0489
33.4000
32.0069
26.9142
0.0000
0.0000
0.0000
0.0000
0.0000
0.0000
0.0000
0.0000
0.0000
0.0000
26.3025
15.4765
22.5957
21.7399
18.8410
16.4547
19.3073
18.5578
11.4889
13.0457
17.3623
17.2932
0.0000
0.0000
0.0000
0.0000
0.0000
0.0000
0.0000
0.0000
0.0000
0.0000
7.9686
14.6836
17.7029
22.4478
22.6464
13.8758
14.4910
16.8115
28.1295
32.9402
44.3409
36.2983
28.8959
33.8153
0.0000
0.0000
0.0000
0.0000
0.0000
0.0000
0.0000
0.0000
0.0000
0.0000
26.1728
23.8846
23.1281
20.1172
14.3300
13.6409
17.3380
20.5587
23.9322
18.0100
17.9259
18.6856
0.0000
0.0000
0.0000
0.0000
0.0000
0.0000
0.0000
0.0000
0.0000
0.0000
10.1518
10.6970
11.0314
15.3924
14.3291
11.8100
13.1617
21.3403
29.2407
31.1751
38.1991
33.0784
35.7646
32.4298
0.0000
0.0000
0.0000
0.0000
0.0000
0.0000
0.0000
0.0000
0.0000
0.0000
23.5384
16.9785
15.4748
11.7093
16.4096
22.7777
23.7712
26.4981
34.8663
19.3255
15.6802
12.9940
0.0000
0.0000
0.0000
0.0000
0.0000
0.0000
0.0000
0.0000
0.0000
0.0000
11.0053
12.3297
9.6567
9.4805
10.7057
13.7503
15.7909
18.6691
24.1724
20.5349
36.6267
30.4065
31.2691
32.4541
0.0000
0.0000
0.0000
0.0000
0.0000
0.0000
0.0000
0.0000
0.0000
0.0000
36.1607
25.7873
16.4158
12.9091
18.6560
19.5871
23.3309
25.0206
40.0856
22.3529
15.1329
14.0619
0.0000
0.0000
0.0000
0.0000
0.0000
0.0000
0.0000
0.0000
0.0000
0.0000
13.3779
8.7732
11.9981
12.0967
15.9723
13.8250
15.1367
12.3384
13.1806
17.2828
21.3816
18.1515
28.6544
16.7920
0.0000
0.0000
0.0000
0.0000
0.0000
0.0000
0.0000
0.0000
0.0000
0.0000
33.5223
41.6301
25.7469
25.5302
21.8154
31.0922
33.5101
28.1033
40.0892
30.2256
20.8023
21.2906
0.0000
0.0000
0.0000
0.0000
0.0000
0.0000
0.0000
0.0000
0.0000
0.0000
15.7387
11.0468
11.4301
11.2730
11.2967
11.1004
12.3184
11.1805
12.5097
17.3454
13.6261
18.0583
21.1717
16.5391
0.0000
0.0000
0.0000
0.0000
0.0000
0.0000
0.0000
0.0000
0.0000
0.0000
32.5665
37.2536
30.1914
25.9237
24.2689
31.2197
52.4522
31.7493
38.1362
28.2413
27.5895
22.5086
0.0000
0.0000
0.0000
0.0000
0.0000
0.0000
0.0000
0.0000
0.0000
0.0000
13.3072
11.3958
8.5811
8.5380
12.8177
9.8402
9.2936
11.8817
20.4683
19.4838
19.1601
13.6179
15.1264
20.2442
0.0000
0.0000
0.0000
0.0000
0.0000
0.0000
0.0000
0.0000
0.0000
0.0000
38.2338
47.3135
31.7094
31.3010
31.6765
37.5749
32.1127
34.6602
38.1024
42.8372
25.8540
18.5345
0.0000
0.0000
0.0000
0.0000
0.0000
0.0000
0.0000
0.0000
0.0000
0.0000
14.4630
12.2037
10.5025
10.9443
13.3273
12.6621
12.0919
14.8836
18.7575
20.1369
17.5044
18.5623
12.5736
23.9815
0.0000
0.0000
0.0000
0.0000
0.0000
0.0000
0.0000
0.0000
0.0000
0.0000
52.7113
49.0479
50.3456
50.7311
36.7494
35.2393
53.9506
48.4949
53.5760
31.0312
29.3328
17.5221
0.0000
0.0000
0.0000
0.0000
0.0000
0.0000
0.0000
0.0000
0.0000
0.0000
19.1729
12.9068
13.2207
14.2058
12.4388
13.4997
13.8501
12.5413
17.9784
19.9209
19.7190
21.0947
20.4938
27.8176
0.0000
0.0000
0.0000
0.0000
0.0000
0.0000
0.0000
0.0000
0.0000
0.0000
53.6153
62.9272
52.2690
58.9383
50.7550
48.4832
45.2742
56.7981
54.6914
33.9092
32.6756
34.8688
0.0000
0.0000
0.0000
0.0000
0.0000
0.0000
0.0000
0.0000
0.0000
0.0000
20.3361
11.9572
14.5003
11.2259
12.0962
14.3636
15.5018
14.8960
17.7395
18.8424
17.1533
13.9038
23.5348
31.0818
0.0000
0.0000
0.0000
0.0000
0.0000
0.0000
0.0000
0.0000
0.0000
0.0000
52.6633
57.6696
60.3150
58.4440
49.5864
51.7600
41.8972
48.5315
79.1136
68.0754
48.4680
52.9926
0.0000
0.0000
0.0000
0.0000
0.0000
0.0000
0.0000
0.0000
0.0000
0.0000
0.0000
23.4210
15.8383
17.2114
13.3990
10.3175
13.0121
12.3998
16.2929
15.9945
13.8048
16.6703
27.6047
28.0169
0.0000
0.0000
0.0000
0.0000
0.0000
0.0000
0.0000
0.0000
0.0000
0.0000
63.0785
60.6248
62.2685
37.3219
40.7140
43.1804
41.3427
60.7904
90.5028
67.7240
41.3881
75.4109
0.0000
0.0000
0.0000
0.0000
0.0000
0.0000
0.0000
0.0000
0.0000
0.0000
0.0000
14.5116
19.4553
12.8639
8.8328
12.1141
9.9070
7.3734
9.9843
9.7174
12.8663
0.0000
0.0000
26.3970
0.0000
0.0000
0.0000
0.0000
0.0000
0.0000
0.0000
0.0000
0.0000
0.0000
67.8431
57.5341
66.6140
35.2517
36.6808
40.2621
37.4393
57.6900
54.0993
69.6580
71.9622
69.1294
0.0000
0.0000
0.0000
0.0000
0.0000
0.0000
0.0000
0.0000
0.0000
0.0000
0.0000
0.0000
15.9314
13.0302
9.2189
10.4505
5.7691
8.2400
6.5061
6.6123
8.3372
0.0000
0.0000
0.0000
0.0000
0.0000
0.0000
0.0000
0.0000
0.0000
0.0000
0.0000
0.0000
0.0000
64.8256
61.1702
39.5129
43.5432
45.4005
40.5719
52.7675
65.7003
51.1722
55.2324
81.7887
67.6950
0.0000
0.0000
0.0000
0.0000
0.0000
0.0000
0.0000
0.0000
0.0000
0.0000
0.0000
0.0000
0.0000
9.0646
6.0491
4.9066
4.5124
3.9562
5.3190
9.2274
7.3226
0.0000
0.0000
0.0000
0.0000
0.0000
0.0000
0.0000
0.0000
0.0000
0.0000
0.0000
0.0000
0.0000
52.5581
66.2477
42.5593
71.8719
53.6615
59.2912
69.8489
51.9534
47.9166
50.0475
32.2692
36.2693
0.0000
0.0000
0.0000
0.0000
0.0000
0.0000
0.0000
0.0000
0.0000
0.0000
0.0000
0.0000
0.0000
0.0000
6.1303
4.2952
4.5760
4.4626
9.0782
10.3508
12.6381
0.0000
0.0000
0.0000
0.0000
0.0000
0.0000
0.0000
0.0000
0.0000
0.0000
0.0000
0.0000
0.0000
64.5092
57.7344
62.6987
64.5218
67.5362
96.2829
75.2644
70.4664
56.1116
51.0301
27.6331
26.7610
0.0000
0.0000
0.0000
0.0000
0.0000
0.0000
0.0000
0.0000
0.0000
0.0000
0.0000
0.0000
0.0000
0.0000
6.8336
5.4060
7.3740
6.5820
11.0888
15.0379
11.8620
0.0000
0.0000
0.0000
0.0000
0.0000
0.0000
0.0000
0.0000
0.0000
0.0000
0.0000
0.0000
0.0000
51.9392
30.1514
49.3346
48.5853
73.8557
85.7823
108.4728
49.1981
38.9179
41.5993
37.3083
29.8303
0.0000
0.0000
0.0000
0.0000
0.0000
0.0000
0.0000
0.0000
0.0000
0.0000
0.0000
0.0000
0.0000
0.0000
0.0000
0.0000
5.3529
8.1999
13.5890
14.4575
13.6610
0.0000
0.0000
0.0000
0.0000
0.0000
0.0000
0.0000
0.0000
0.0000
0.0000
0.0000
0.0000
0.0000
0.0000
34.4853
50.7288
35.0788
55.9970
61.6033
39.9054
34.9070
36.6610
23.5892
46.4144
39.6183
0.0000
0.0000
0.0000
0.0000
0.0000
0.0000
0.0000
0.0000
0.0000
0.0000
0.0000
0.0000
0.0000
0.0000
0.0000
0.0000
6.6578
7.3508
9.0468
9.0922
7.8744
0.0000
0.0000
0.0000
0.0000
0.0000
0.0000
0.0000
0.0000
0.0000
0.0000
0.0000
0.0000
0.0000
0.0000
0.0000
0.0000
26.3690
39.9359
29.8477
24.6005
21.8826
26.7696
21.7969
43.8658
29.6271
0.0000
0.0000
0.0000
0.0000
0.0000
0.0000
0.0000
0.0000
0.0000
0.0000
0.0000
0.0000
0.0000
0.0000
0.0000
0.0000
0.0000
12.0427
7.1114
6.1767
7.5622
0.0000
0.0000
0.0000
0.0000
0.0000
0.0000
0.0000
0.0000
0.0000
0.0000
0.0000
0.0000
0.0000
0.0000
0.0000
0.0000
0.0000
31.8427
25.5751
40.2620
22.2439
18.2133
29.4424
32.3576
22.1693
0.0000
0.0000
0.0000
0.0000
0.0000
0.0000
0.0000
0.0000
0.0000
0.0000
0.0000
0.0000
0.0000
0.0000
0.0000
0.0000
0.0000
0.0000
9.4971
7.4152
9.1793
0.0000
0.0000
0.0000
0.0000
0.0000
0.0000
0.0000
0.0000
0.0000
0.0000
0.0000
0.0000
0.0000
0.0000
0.0000
0.0000
0.0000
0.0000
25.1886
45.9898
27.7854
23.3308
29.8404
26.7024
16.4831
0.0000
0.0000
0.0000
0.0000
0.0000
0.0000
0.0000
0.0000
0.0000
0.0000
0.0000
0.0000
0.0000
0.0000
0.0000
0.0000
0.0000
0.0000
12.0948
13.3324
15.9840
0.0000
0.0000
0.0000
0.0000
0.0000
0.0000
0.0000
0.0000
0.0000
0.0000
0.0000
0.0000
0.0000
0.0000
0.0000
0.0000
0.0000
0.0000
0.0000
39.2628
24.2699
18.8832
19.3019
14.5201
18.9279
0.0000
0.0000
0.0000
0.0000
0.0000
0.0000
0.0000
0.0000
0.0000
0.0000
0.0000
0.0000
0.0000
0.0000
0.0000
0.0000
0.0000
0.0000
0.0000
20.9736
19.1660
0.0000
0.0000
0.0000
0.0000
0.0000
0.0000
0.0000
0.0000
0.0000
0.0000
0.0000
0.0000
0.0000
0.0000
0.0000
0.0000
0.0000
0.0000
0.0000
0.0000
0.0000
23.3865
18.0806
12.7975
12.8094
0.0000
0.0000
0.0000
0.0000
0.0000
0.0000
0.0000
0.0000
0.0000
0.0000
0.0000
0.0000
0.0000
0.0000
0.0000
0.0000
0.0000
0.0000
0.0000
0.0000
0.0000
0.0000
0.0000
0.0000
0.0000
0.0000
0.0000
0.0000
0.0000
0.0000
0.0000
0.0000
0.0000
0.0000
0.0000
0.0000
0.0000
0.0000
0.0000
0.0000
0.0000
0.0000
0.0000
14.6849
12.0077
13.8547
0.0000
0.0000
0.0000
0.0000
0.0000
0.0000
0.0000
0.0000
0.0000
0.0000
0.0000
0.0000
0.0000
0.0000
0.0000
0.0000
0.0000
0.0000
0.0000
0.0000
0.0000
0.0000
0.0000
0.0000
0.0000
0.0000
0.0000
0.0000
0.0000
0.0000
0.0000
0.0000
0.0000
0.0000
0.0000
0.0000
0.0000
0.0000
0.0000
0.0000
0.0000
0.0000
0.0000
16.5501
9.0144
15.5948
0.0000
0.0000
0.0000
0.0000
0.0000
0.0000
0.0000
0.0000
0.0000
0.0000
0.0000
0.0000
0.0000
0.0000
0.0000
0.0000
0.0000
0.0000
0.0000
0.0000
0.0000
0.0000
0.0000
0.0000
0.0000
0.0000
0.0000
0.0000
0.0000
0.0000
0.0000
0.0000
0.0000
0.0000
0.0000
0.0000
0.0000
0.0000
0.0000
0.0000
0.0000
0.0000
0.0000
0.0000
0.0000
0.0000
0.0000
0.0000
0.0000
0.0000
0.0000
0.0000
0.0000
0.0000
0.0000
0.0000
0.0000
0.0000
0.0000
0.0000
0.0000
0.0000
0.0000
0.0000
0.0000
0.0000
0.0000
0.0000
0.0000
0.0000
0.0000
0.0000
0.0000
0.0000
0.0000
0.0000
0.0000
0.0000
0.0000
0.0000
0.0000
0.0000
0.0000
0.0000
0.0000
0.0000
0.0000
0.0000
0.0000
0.0000
0.0000
0.0000
0.0000
0.0000
0.0000
0.0000
0.0000
0.0000
0.0000
0.0000
0.0000
0.0000
0.0000
0.0000
0.0000
0.0000
0.0000
0.0000
0.0000
0.0000
0.0000
0.0000
0.0000
0.0000
0.0000
0.0000
0.0000
0.0000
0.0000
0.0000
0.0000
0.0000
0.0000
0.0000
0.0000
0.0000
0.0000
0.0000
0.0000
0.0000
0.0000
0.0000
0.0000
0.0000
0.0000
0.0000
0.0000
0.0000
0.0000
0.0000
0.0000
0.0000
0.0000
0.0000
0.0000
0.0000
0.0000
0.0000
0.0000
0.0000
0.0000
0.0000
0.0000
0.0000
0.0000
0.0000
0.0000
0.0000
0.0000
0.0000
0.0000
0.0000
0.0000
0.0000
0.0000
0.0000
0.0000
0.0000
0.0000
0.0000
0.0000
0.0000
0.0000
0.0000
0.0000
0.0000
0.0000
0.0000
0.0000
0.0000
0.0000
0.0000
0.0000
0.0000
0.0000
0.0000
0.0000
0.0000
0.0000
0.0000
0.0000
0.0000
0.0000
0.0000
0.0000
0.0000
0.0000
0.0000
0.0000
0.0000
0.0000
0.0000
0.0000
0.0000
0.0000
0.0000
0.0000
0.0000
0.0000
0.0000
0.0000
0.0000
0.0000
0.0000
0.0000
0.0000
0.0000
0.0000
0.0000
0.0000
0.0000
0.0000
0.0000
0.0000
0.0000
0.0000
0.0000
0.0000
0.0000
0.0000
0.0000
0.0000
0.0000
0.0000
0.0000
0.0000
0.0000
0.0000
0.0000
0.0000
0.0000
0.0000
0.0000
0.0000
0.0000
0.0000
0.0000
0.0000
0.0000
0.0000
0.0000
0.0000
0.0000
0.0000
0.0000
0.0000
0.0000
0.0000
0.0000
0.0000
0.0000
0.0000
0.0000
0.0000
0.0000
0.0000
0.0000
0.0000
0.0000
0.0000
0.0000
0.0000
0.0000
0.0000
0.0000
0.0000
0.0000
0.0000
0.0000
0.0000
0.0000
0.0000
0.0000
0.0000
0.0000
0.0000
0.0000
0.0000
0.0000
0.0000
0.0000
0.0000
0.0000
0.0000
0.0000
0.0000
0.0000
0.0000
0.0000
0.0000
0.0000
0.0000
0.0000
0.0000
0.0000
0.0000
0.0000
0.0000
0.0000
0.0000
0.0000
0.0000
0.0000
0.0000
0.0000
0.0000
0.0000
0.0000
0.0000
0.0000
0.0000
0.0000
0.0000
0.0000
0.0000
0.0000
0.0000
0.0000
0.0000
0.0000
0.0000
0.0000
0.0000
0.0000
0.0000
0.0000
0.0000
0.0000
0.0000
0.0000
0.0000
0.0000
0.0000
0.0000
0.0000
0.0000
0.0000
0.0000
0.0000
0.0000
0.0000
0.0000
0.0000
0.0000
0.0000
0.0000
0.0000
0.0000
0.0000
0.0000
0.0000
0.0000
0.0000
0.0000
0.0000
0.0000
0.0000
0.0000
0.0000
0.0000
0.0000
0.0000
0.0000
0.0000
0.0000
0.0000
0.0000
0.0000
0.0000
0.0000
0.0000
0.0000
0.0000
0.0000
0.0000
0.0000
0.0000
0.0000
0.0000
0.0000
0.0000
0.0000
0.0000
0.0000
0.0000
0.0000
0.0000
0.0000
0.0000
0.0000
0.0000
0.0000
0.0000
0.0000
0.0000
0.0000
0.0000
0.0000
0.0000
0.0000
0.0000
0.0000
0.0000
0.0000
0.0000
0.0000
0.0000
0.0000
0.0000
0.0000
0.0000
0.0000
0.0000
0.0000
0.0000
0.0000
0.0000
0.0000
0.0000
0.0000
0.0000
0.0000
0.0000
0.0000
0.0000
0.0000
0.0000
0.0000
0.0000
0.0000
0.0000
0.0000
0.0000
0.0000
0.0000
0.0000
0.0000
0.0000
0.0000
0.0000
0.0000
0.0000
0.0000
0.0000
0.0000
0.0000
0.0000
0.0000
0.0000
0.0000
0.0000
0.0000
0.0000
0.0000
0.0000
0.0000
0.0000
0.0000
0.0000
0.0000
0.0000
0.0000
0.0000
0.0000
0.0000
0.0000
0.0000
0.0000
0.0000
0.0000
0.0000
0.0000
0.0000
0.0000
0.0000
0.0000
0.0000
0.0000
0.0000
0.0000
0.0000
0.0000
0.0000
0.0000
0.0000
0.0000
0.0000
0.0000
0.0000
0.0000
0.0000
0.0000
0.0000
0.0000
0.0000
0.0000
0.0000
0.0000
0.0000
0.0000
0.0000
0.0000
0.0000
0.0000
0.0000
0.0000
0.0000
0.0000
0.0000
0.0000
0.0000
0.0000
0.0000
0.0000
0.0000
0.0000
0.0000
0.0000
0.0000
0.0000
0.0000
0.0000
0.0000
0.0000
0.0000
0.0000
0.0000
0.0000
0.0000
0.0000
0.0000
0.0000
0.0000
0.0000
0.0000
0.0000
0.0000
0.0000
0.0000
0.0000
0.0000
0.0000
0.0000
0.0000
0.0000
0.0000
0.0000
0.0000
0.0000
0.0000
0.0000
0.0000
0.0000
0.0000
0.0000
0.0000
0.0000
0.0000
0.0000
0.0000
0.0000
0.0000
0.0000
0.0000
0.0000
0.0000
0.0000
0.0000
0.0000
0.0000
0.0000
0.0000
0.0000
0.0000
0.0000
0.0000
0.0000
0.0000
0.0000
0.0000
0.0000
0.0000
0.0000
0.0000
0.0000
0.0000
0.0000
0.0000
0.0000
0.0000
0.0000
0.0000
0.0000
0.0000
0.0000
0.0000
0.0000
0.0000
0.0000
0.0000
0.0000
0.0000
0.0000
0.0000
0.0000
0.0000
0.0000
0.0000
0.0000
0.0000
0.0000
0.0000
0.0000
0.0000
0.0000
0.0000
0.0000
0.0000
0.0000
0.0000
0.0000
0.0000
0.0000
0.0000
0.0000
0.0000
0.0000
0.0000
0.0000
0.0000
0.0000
0.0000
0.0000
0.0000
0.0000
0.0000
0.0000
0.0000
0.0000
0.0000
0.0000
0.0000
0.0000
0.0000
0.0000
0.0000
0.0000
0.0000
0.0000
0.0000
0.0000
0.0000
0.0000
0.0000
0.0000
0.0000
0.0000
0.0000
0.0000
0.0000
0.0000
0.0000
0.0000
0.0000
0.0000
0.0000
0.0000
0.0000
0.0000
0.0000
0.0000
0.0000
0.0000
0.0000
0.0000
0.0000
0.0000
0.0000
0.0000
0.0000
0.0000
0.0000
0.0000
0.0000
0.0000
0.0000
0.0000
0.0000
0.0000
0.0000
0.0000
0.0000
0.0000
0.0000
0.0000
0.0000
0.0000
0.0000
0.0000
0.0000
0.0000
0.0000
0.0000
0.0000
0.0000
0.0000
0.0000
0.0000
0.0000
0.0000
0.0000
0.0000
0.0000
0.0000
0.0000
0.0000
0.0000
0.0000
0.0000
0.0000
0.0000
0.0000
0.0000
0.0000
0.0000
0.0000
0.0000
0.0000
0.0000
0.0000
0.0000
0.0000
0.0000
0.0000
0.0000
0.0000
0.0000
0.0000
0.0000
0.0000
0.0000
0.0000
0.0000
0.0000
0.0000
0.0000
0.0000
0.0000
0.0000
0.0000
0.0000
0.0000
0.0000
0.0000
0.0000
0.0000
0.0000
0.0000
0.0000
0.0000
0.0000
0.0000
0.0000
0.0000
0.0000
0.0000
0.0000
0.0000
0.0000
0.0000
0.0000
0.0000
0.0000
0.0000
0.0000
0.0000
0.0000
0.0000
0.0000
0.0000
0.0000
0.0000
0.0000
0.0000
0.0000
0.0000
0.0000
0.0000
0.0000
0.0000
0.0000
0.0000
0.0000
0.0000
0.0000
0.0000
0.0000
0.0000
0.0000
0.0000
0.0000
0.0000
0.0000
0.0000
0.0000
0.0000
0.0000
0.0000
0.0000
0.0000
0.0000
0.0000
0.0000
0.0000
0.0000
0.0000
0.0000
0.0000
0.0000
0.0000
0.0000
0.0000
0.0000
0.0000
0.0000
0.0000
0.0000
0.0000
0.0000
0.0000
0.0000
0.0000
0.0000
0.0000
0.0000
0.0000
0.0000
0.0000
0.0000
0.0000
0.0000
0.0000
0.0000
0.0000
0.0000
0.0000
0.0000
0.0000
0.0000
0.0000
0.0000
0.0000
0.0000
0.0000
0.0000
0.0000
0.0000
0.0000
0.0000
0.0000
0.0000
0.0000
0.0000
0.0000
0.0000
0.0000
0.0000
0.0000
0.0000
0.0000
0.0000
0.0000
0.0000
0.0000
0.0000
0.0000
0.0000
0.0000
0.0000
0.0000
0.0000
0.0000
0.0000
0.0000
0.0000
0.0000
0.0000
0.0000
0.0000
0.0000
0.0000
0.0000
0.0000
0.0000
0.0000
0.0000
0.0000
0.0000
0.0000
0.0000
0.0000
0.0000
0.0000
0.0000
0.0000
0.0000
0.0000
0.0000
0.0000
0.0000
0.0000
0.0000
0.0000
0.0000
0.0000
0.0000
0.0000
0.0000
0.0000
0.0000
329.8353
447.3505
514.2204
738.3137
762.2236
999.8019
871.7327
710.5228
965.3594
876.0510
814.0410
839.1985
1531.2029
2590.6831
1555.5474
717.2427
527.7673
212.8631
191.8809
173.0436
143.8557
205.2702
261.8158
229.5348
0.0000
0.0000
0.0000
0.0000
0.0000
0.0000
0.0000
0.0000
0.0000
0.0000
0.0000
0.0000
0.0000
0.0000
0.0000
0.0000
0.0000
0.0000
0.0000
0.0000
0.0000
0.0000
336.0785
558.4772
666.3226
732.1671
837.3419
1035.0533
568.4150
551.1156
539.7635
634.3044
711.4470
965.2315
1550.8608
1638.8857
1365.9965
878.0577
399.9309
342.6386
195.8224
194.1533
168.1894
173.9660
220.2708
228.7930
0.0000
0.0000
0.0000
0.0000
0.0000
0.0000
0.0000
0.0000
0.0000
0.0000
0.0000
0.0000
0.0000
0.0000
0.0000
0.0000
0.0000
0.0000
0.0000
0.0000
0.0000
0.0000
308.4046
535.2065
836.3528
685.1792
931.4037
695.7610
532.2995
371.8131
397.5132
542.1779
694.9556
1092.5619
1557.0153
2245.6147
1497.1473
909.8708
446.2502
326.2521
293.9868
259.7051
249.0829
271.2464
129.4741
127.7942
0.0000
0.0000
0.0000
0.0000
0.0000
0.0000
0.0000
0.0000
0.0000
0.0000
0.0000
0.0000
0.0000
0.0000
0.0000
0.0000
0.0000
0.0000
0.0000
0.0000
0.0000
0.0000
437.6439
418.3071
817.5381
779.5321
876.0415
675.6208
613.4316
380.3215
416.1649
489.3369
698.8810
915.5988
1285.9567
1191.5748
1160.2153
772.5708
571.5528
408.6908
376.4961
293.7072
286.3523
263.2509
143.7003
138.6630
0.0000
0.0000
0.0000
0.0000
0.0000
0.0000
0.0000
0.0000
0.0000
0.0000
0.0000
0.0000
0.0000
0.0000
0.0000
0.0000
0.0000
0.0000
0.0000
0.0000
0.0000
0.0000
401.1055
628.8188
476.9375
393.9208
377.0724
416.9912
398.5299
586.7208
602.8638
464.3279
566.0737
616.4600
650.3790
821.9744
940.3886
688.7079
423.0027
328.9031
296.2010
409.4516
265.4604
281.9143
264.9100
190.1308
0.0000
0.0000
0.0000
0.0000
0.0000
0.0000
0.0000
0.0000
0.0000
0.0000
0.0000
0.0000
0.0000
0.0000
0.0000
0.0000
0.0000
0.0000
0.0000
0.0000
0.0000
0.0000
542.4121
576.8670
339.3858
347.8134
222.4835
225.4114
293.9926
298.7852
310.8388
422.5498
394.5328
359.3860
673.3907
662.6533
704.5155
483.4222
360.3777
442.3208
310.7069
305.7546
268.8612
270.4267
260.9607
152.3167
0.0000
0.0000
0.0000
0.0000
0.0000
0.0000
0.0000
0.0000
0.0000
0.0000
0.0000
0.0000
0.0000
0.0000
0.0000
0.0000
0.0000
0.0000
0.0000
0.0000
0.0000
0.0000
501.9816
299.4482
178.6728
205.6450
294.8046
198.2433
271.3267
265.1248
264.4319
314.2424
335.2377
366.4763
402.3631
481.1665
467.5663
471.5354
509.2226
490.0340
394.7642
272.3174
197.0374
167.7520
166.7136
248.7234
0.0000
0.0000
0.0000
0.0000
0.0000
0.0000
0.0000
0.0000
0.0000
0.0000
0.0000
0.0000
0.0000
0.0000
0.0000
0.0000
0.0000
0.0000
0.0000
0.0000
0.0000
0.0000
348.5378
255.8248
228.4268
218.3014
217.3997
231.8932
293.1027
260.0976
180.0697
204.9026
253.6575
331.4911
460.3534
413.1371
335.3629
408.9281
376.5922
271.0910
406.4165
246.3750
277.8879
176.6812
202.9409
141.4692
0.0000
0.0000
0.0000
0.0000
0.0000
0.0000
0.0000
0.0000
0.0000
0.0000
0.0000
0.0000
0.0000
0.0000
0.0000
0.0000
0.0000
0.0000
0.0000
0.0000
0.0000
0.0000
343.8251
254.9708
223.3359
268.9561
198.9497
169.9981
281.8471
327.4840
174.4714
284.1862
263.6193
313.4739
379.5016
271.6853
235.7114
199.5238
212.9164
242.0472
291.2852
248.2089
254.5524
197.7737
125.9963
95.1655
0.0000
0.0000
0.0000
0.0000
0.0000
0.0000
0.0000
0.0000
0.0000
0.0000
0.0000
0.0000
0.0000
0.0000
0.0000
0.0000
0.0000
0.0000
0.0000
0.0000
0.0000
0.0000
265.0314
235.7241
253.0530
282.4909
229.6458
209.0342
358.0042
182.1365
267.2868
354.0844
314.4097
282.1706
364.8120
288.4242
211.9344
145.9085
164.1472
209.1824
161.9596
178.8651
225.6222
141.7788
112.7048
74.4508
0.0000
0.0000
0.0000
0.0000
0.0000
0.0000
0.0000
0.0000
0.0000
0.0000
0.0000
0.0000
0.0000
0.0000
0.0000
0.0000
0.0000
0.0000
0.0000
0.0000
0.0000
0.0000
232.4919
240.1182
210.9605
150.6949
222.5899
269.4349
285.5266
226.1472
348.6435
510.7707
304.7620
258.5921
206.2625
208.9451
180.3570
163.2873
135.6222
116.0289
147.5591
234.3546
111.4692
105.9404
74.8836
107.6136
0.0000
0.0000
0.0000
0.0000
0.0000
0.0000
0.0000
0.0000
0.0000
0.0000
0.0000
0.0000
0.0000
0.0000
0.0000
0.0000
0.0000
0.0000
0.0000
0.0000
0.0000
0.0000
437.4322
392.8957
222.7219
164.1401
155.8988
208.9114
204.4754
313.8618
277.0429
324.2349
295.7161
218.8218
222.5575
192.5805
142.8453
164.4080
102.0415
177.5321
146.6843
138.8271
103.7328
70.7129
97.1256
93.5072
0.0000
0.0000
0.0000
0.0000
0.0000
0.0000
0.0000
0.0000
0.0000
0.0000
0.0000
0.0000
0.0000
0.0000
0.0000
0.0000
0.0000
0.0000
0.0000
0.0000
0.0000
0.0000
541.7298
413.4273
218.4500
222.5984
207.1609
311.2813
211.7953
255.2035
300.2662
174.9390
204.3425
154.9294
286.9729
146.9537
171.6262
178.7836
143.6104
128.9270
140.4265
113.6995
126.5057
110.2349
113.4666
98.3501
0.0000
0.0000
0.0000
0.0000
0.0000
0.0000
0.0000
0.0000
0.0000
0.0000
0.0000
0.0000
0.0000
0.0000
0.0000
0.0000
0.0000
0.0000
0.0000
0.0000
0.0000
0.0000
461.3159
445.1922
346.1408
224.3781
187.8071
232.7588
213.0945
259.4333
301.4066
222.9957
233.5920
231.4498
216.3020
191.4416
133.3446
140.8330
129.1983
147.4294
101.6510
110.0736
159.3127
119.8011
142.8846
113.1942
0.0000
0.0000
0.0000
0.0000
0.0000
0.0000
0.0000
0.0000
0.0000
0.0000
0.0000
0.0000
0.0000
0.0000
0.0000
0.0000
0.0000
0.0000
0.0000
0.0000
0.0000
0.0000
494.1263
421.7755
348.6642
314.1824
232.2614
250.7384
163.5875
211.5237
309.0037
271.7220
285.4951
305.6568
182.8756
179.0976
141.9960
123.9130
134.3472
125.9747
136.8580
147.3244
152.2705
137.3508
125.2863
123.5021
0.0000
0.0000
0.0000
0.0000
0.0000
0.0000
0.0000
0.0000
0.0000
0.0000
0.0000
0.0000
0.0000
0.0000
0.0000
0.0000
0.0000
0.0000
0.0000
0.0000
0.0000
0.0000
355.2051
389.7611
335.6243
425.8471
419.7765
312.8785
260.5061
297.0216
204.7015
291.7791
212.5930
209.3721
182.3528
105.6028
116.2425
106.2521
134.2393
128.6221
131.8776
129.6020
117.4399
93.0802
143.4382
100.7676
0.0000
0.0000
0.0000
0.0000
0.0000
0.0000
0.0000
0.0000
0.0000
0.0000
0.0000
0.0000
0.0000
0.0000
0.0000
0.0000
0.0000
0.0000
0.0000
0.0000
0.0000
0.0000
528.8197
433.0386
572.7729
373.9542
381.2077
285.9306
310.9867
296.8714
279.5218
246.6279
195.6694
186.0508
136.3902
115.3106
126.3806
120.2654
129.7427
140.5362
138.4442
151.2058
117.8394
128.5107
136.8946
90.4909
0.0000
0.0000
0.0000
0.0000
0.0000
0.0000
0.0000
0.0000
0.0000
0.0000
0.0000
0.0000
0.0000
0.0000
0.0000
0.0000
0.0000
0.0000
0.0000
0.0000
0.0000
0.0000
936.1874
637.3438
474.5299
669.8536
601.6992
266.6838
317.7899
329.4194
255.2661
189.1426
214.5181
168.8918
148.1269
127.4328
164.4586
153.5329
188.2907
143.7745
157.9350
141.1013
123.3028
170.6216
193.6877
96.2042
0.0000
0.0000
0.0000
0.0000
0.0000
0.0000
0.0000
0.0000
0.0000
0.0000
0.0000
0.0000
0.0000
0.0000
0.0000
0.0000
0.0000
0.0000
0.0000
0.0000
0.0000
0.0000
593.5986
603.3752
542.6381
595.0931
589.3509
430.9635
411.0584
356.6474
262.3074
265.5282
143.8850
108.3262
160.3457
94.7258
137.5211
118.6527
173.8885
238.0878
174.5335
160.1231
211.3942
170.5819
127.9331
158.2250
0.0000
0.0000
0.0000
0.0000
0.0000
0.0000
0.0000
0.0000
0.0000
0.0000
0.0000
0.0000
0.0000
0.0000
0.0000
0.0000
0.0000
0.0000
0.0000
0.0000
0.0000
0.0000
511.8933
457.5574
453.1162
633.1210
733.8029
594.2059
458.8180
506.9938
384.0044
372.5026
172.1496
97.8141
96.7564
112.1057
110.4208
127.1716
150.2311
253.6267
202.0484
259.6621
175.1517
124.0329
151.3471
131.4499
0.0000
0.0000
0.0000
0.0000
0.0000
0.0000
0.0000
0.0000
0.0000
0.0000
0.0000
0.0000
0.0000
0.0000
0.0000
0.0000
0.0000
0.0000
0.0000
0.0000
0.0000
0.0000
670.5291
510.6900
518.3245
1099.3583
920.7713
629.6159
492.5616
379.0093
323.7376
277.1942
186.2975
163.3274
152.3073
116.1124
123.1020
149.7444
199.2047
201.8294
214.1041
214.9709
207.1367
127.0081
153.6158
133.8039
0.0000
0.0000
0.0000
0.0000
0.0000
0.0000
0.0000
0.0000
0.0000
0.0000
0.0000
0.0000
0.0000
0.0000
0.0000
0.0000
0.0000
0.0000
0.0000
0.0000
0.0000
0.0000
665.5251
667.1417
652.3172
1188.1082
964.6301
614.9731
525.2190
287.9519
306.8665
246.6052
239.3092
212.0076
187.9979
135.8083
124.7840
147.4745
172.5484
291.5421
302.4757
299.4851
222.0765
187.6319
221.6304
197.3893
0.0000
0.0000
0.0000
0.0000
0.0000
0.0000
0.0000
0.0000
0.0000
0.0000
0.0000
0.0000
0.0000
0.0000
0.0000
0.0000
0.0000
0.0000
0.0000
0.0000
0.0000
0.0000
514.1783
485.2752
773.2970
1182.5070
1040.6425
943.9310
765.9920
444.0775
347.9552
286.8764
294.8615
201.1766
217.6290
169.3557
115.8035
106.2288
139.2059
207.6912
254.1372
374.7863
311.5360
275.1168
309.2220
217.2578
0.0000
0.0000
0.0000
0.0000
0.0000
0.0000
0.0000
0.0000
0.0000
0.0000
0.0000
0.0000
0.0000
0.0000
0.0000
0.0000
0.0000
0.0000
0.0000
0.0000
0.0000
0.0000
502.5833
689.0372
1050.6230
1232.1987
1526.5072
1259.5507
772.0767
524.0934
338.7797
265.0103
297.7605
221.9030
151.3576
215.5958
173.4484
190.2589
301.6359
244.3315
213.0834
341.7278
345.5285
419.2573
482.7104
274.4905
0.0000
0.0000
0.0000
0.0000
0.0000
0.0000
0.0000
0.0000
0.0000
0.0000
0.0000
0.0000
0.0000
0.0000
0.0000
0.0000
0.0000
0.0000
0.0000
0.0000
0.0000
0.0000
424.1615
612.0471
1013.5574
859.6267
984.6042
1383.8112
907.3807
523.9349
337.4433
258.7721
226.8224
204.8607
172.4123
165.9400
211.6648
247.4297
180.7542
234.0882
260.3258
361.8484
425.8333
489.6302
429.9800
374.3181
0.0000
0.0000
0.0000
0.0000
0.0000
0.0000
0.0000
0.0000
0.0000
0.0000
0.0000
0.0000
0.0000
0.0000
0.0000
0.0000
0.0000
0.0000
0.0000
0.0000
0.0000
0.0000
298.7870
481.7139
693.3332
589.6844
841.8802
924.3914
804.6308
592.1091
483.9092
218.7142
162.0213
184.3805
149.9048
178.9276
184.6897
159.4329
158.2298
195.1260
265.1429
336.5595
378.4929
512.8184
423.8966
340.9583
0.0000
0.0000
0.0000
0.0000
0.0000
0.0000
0.0000
0.0000
0.0000
0.0000
0.0000
0.0000
0.0000
0.0000
0.0000
0.0000
0.0000
0.0000
0.0000
0.0000
0.0000
0.0000
288.5612
430.8622
411.0092
437.3706
675.9596
826.6825
870.4119
691.2233
499.3082
293.5955
203.7183
190.8017
162.2712
174.3761
217.7460
178.3819
224.8025
253.0137
282.9524
374.0380
305.4572
429.5445
597.6801
325.4107
0.0000
0.0000
0.0000
0.0000
0.0000
0.0000
0.0000
0.0000
0.0000
0.0000
0.0000
0.0000
0.0000
0.0000
0.0000
0.0000
0.0000
0.0000
0.0000
0.0000
0.0000
0.0000
270.1899
331.7428
445.2752
831.4342
779.1878
777.1862
806.0334
708.0363
418.8123
277.4029
250.5054
203.5837
177.8861
180.7292
160.8135
254.6640
248.9610
260.0064
426.9924
319.4771
334.1898
415.6161
541.5939
274.8004
0.0000
0.0000
0.0000
0.0000
0.0000
0.0000
0.0000
0.0000
0.0000
0.0000
0.0000
0.0000
0.0000
0.0000
0.0000
0.0000
0.0000
0.0000
0.0000
0.0000
0.0000
0.0000
239.7136
367.2337
555.6661
732.9737
717.9115
502.0154
416.2012
541.1986
354.9187
283.5630
270.8586
193.3314
195.2818
223.7013
214.6840
154.8263
389.6546
368.0997
304.0729
327.0598
280.3154
415.2957
583.6901
393.1378
0.0000
0.0000
0.0000
0.0000
0.0000
0.0000
0.0000
0.0000
0.0000
0.0000
0.0000
0.0000
0.0000
0.0000
0.0000
0.0000
0.0000
0.0000
0.0000
0.0000
0.0000
0.0000
244.6802
373.6545
483.1606
636.4551
723.6458
494.9275
385.8611
350.8165
333.3304
257.9520
185.3747
184.0743
282.8787
270.5805
172.8790
194.9362
230.7039
319.5204
296.5502
329.0409
354.1644
459.4909
291.5157
516.7062
0.0000
0.0000
0.0000
0.0000
0.0000
0.0000
0.0000
0.0000
0.0000
0.0000
0.0000
0.0000
0.0000
0.0000
0.0000
0.0000
0.0000
0.0000
0.0000
0.0000
0.0000
0.0000
130.0853
257.8405
317.4819
479.1570
729.9827
410.9976
318.9319
296.7574
233.8685
254.6992
167.7706
166.6494
265.8257
361.9364
316.7824
220.9322
185.8872
254.0658
229.3790
281.4686
284.5566
396.9865
303.3678
264.6455
0.0000
0.0000
0.0000
0.0000
0.0000
0.0000
0.0000
0.0000
0.0000
0.0000
0.0000
0.0000
0.0000
0.0000
0.0000
0.0000
0.0000
0.0000
0.0000
0.0000
0.0000
0.0000
120.7728
168.6426
259.2997
309.6787
407.0251
383.7235
298.6246
212.0283
203.0964
233.4967
187.8013
200.1966
186.3787
160.4242
190.2334
234.9618
178.2054
198.9645
199.3565
266.1737
303.4579
272.8096
186.7997
258.2002
0.0000
0.0000
0.0000
0.0000
0.0000
0.0000
0.0000
0.0000
0.0000
0.0000
0.0000
0.0000
0.0000
0.0000
0.0000
0.0000
0.0000
0.0000
0.0000
0.0000
0.0000
0.0000
154.4076
153.6018
167.7657
197.0398
276.7383
320.7866
211.9715
187.5486
150.4328
125.8569
171.6748
149.3077
124.5151
122.3250
151.5632
112.4576
142.5011
212.0473
217.1174
231.3936
206.8127
220.4889
176.5228
219.1880
0.0000
0.0000
0.0000
0.0000
0.0000
0.0000
0.0000
0.0000
0.0000
0.0000
0.0000
0.0000
0.0000
0.0000
0.0000
0.0000
0.0000
0.0000
0.0000
0.0000
0.0000
0.0000
225.2112
175.1504
210.4796
213.1183
256.7743
270.7122
169.1851
126.9118
145.9942
131.1319
156.4543
129.8831
86.2853
92.7615
69.0522
65.7885
84.6835
153.1068
139.9630
149.0907
154.4343
103.8066
91.4354
128.2607
0.0000
0.0000
0.0000
0.0000
0.0000
0.0000
0.0000
0.0000
0.0000
0.0000
0.0000
0.0000
0.0000
0.0000
0.0000
0.0000
0.0000
0.0000
0.0000
0.0000
0.0000
0.0000
120.1010
157.0091
236.2009
218.2498
286.5929
192.7130
154.8652
127.9035
120.0349
104.3494
69.1137
96.7052
86.5826
85.0178
84.6898
67.6769
88.2446
111.2351
168.8123
148.5833
109.1706
99.8877
118.2336
91.2464
0.0000
0.0000
0.0000
0.0000
0.0000
0.0000
0.0000
0.0000
0.0000
0.0000
0.0000
0.0000
0.0000
0.0000
0.0000
0.0000
0.0000
0.0000
0.0000
0.0000
0.0000
0.0000
68.6783
121.7621
189.3042
150.7551
192.9407
144.4837
185.4626
134.4643
116.8016
98.2269
72.2873
71.4588
53.3490
67.8942
85.7283
80.3804
63.5539
126.0731
136.3227
91.9689
103.9935
131.2269
138.8543
149.7329
0.0000
0.0000
0.0000
0.0000
0.0000
0.0000
0.0000
0.0000
0.0000
0.0000
0.0000
0.0000
0.0000
0.0000
0.0000
0.0000
0.0000
0.0000
0.0000
0.0000
0.0000
0.0000
73.7753
149.9905
146.6705
152.5775
166.3852
146.4243
140.2634
137.4251
110.5828
87.4356
61.8132
72.7549
52.9353
87.4836
110.0012
58.6432
64.8404
130.8972
100.6615
106.6751
84.9615
95.5890
117.4132
125.7906
0.0000
0.0000
0.0000
0.0000
0.0000
0.0000
0.0000
0.0000
0.0000
0.0000
0.0000
0.0000
0.0000
0.0000
0.0000
0.0000
0.0000
0.0000
0.0000
0.0000
0.0000
0.0000
90.2675
102.8921
145.7679
216.7199
171.2690
118.5722
106.6551
88.7321
83.6700
93.8613
92.3611
59.8552
51.7863
66.1040
101.5188
51.0984
38.2014
52.9670
60.3985
95.4992
66.6305
80.8577
102.9950
128.1790
0.0000
0.0000
0.0000
0.0000
0.0000
0.0000
0.0000
0.0000
0.0000
0.0000
0.0000
0.0000
0.0000
0.0000
0.0000
0.0000
0.0000
0.0000
0.0000
0.0000
0.0000
0.0000
113.2069
124.9683
138.6485
109.3895
122.4090
113.7259
88.8237
60.9992
79.7866
95.1509
79.7397
64.9286
39.6733
61.2583
56.0433
48.4300
53.4286
37.5277
69.0804
98.7364
109.9799
136.9958
103.5229
171.9035
0.0000
0.0000
0.0000
0.0000
0.0000
0.0000
0.0000
0.0000
0.0000
0.0000
0.0000
0.0000
0.0000
0.0000
0.0000
0.0000
0.0000
0.0000
0.0000
0.0000
0.0000
0.0000
144.2891
141.5681
88.5174
107.3248
72.3880
79.0936
80.6848
118.5952
112.9455
95.6524
87.9653
71.1357
57.5904
48.4192
58.5313
38.8557
45.0155
50.4407
78.1782
99.4559
114.8352
146.0220
188.6896
200.9140
190.7706
0.0000
0.0000
0.0000
0.0000
0.0000
0.0000
0.0000
0.0000
0.0000
0.0000
0.0000
0.0000
0.0000
0.0000
0.0000
0.0000
0.0000
0.0000
0.0000
0.0000
0.0000
156.3558
174.9927
123.4762
128.8695
79.5023
130.3102
132.9119
83.8488
68.3177
55.9101
58.3225
68.4708
46.5231
29.7883
43.1060
45.4345
39.0380
32.6128
56.4609
117.2656
169.2697
134.3378
199.8338
241.0956
225.5691
0.0000
0.0000
0.0000
0.0000
0.0000
0.0000
0.0000
0.0000
0.0000
0.0000
0.0000
0.0000
0.0000
0.0000
0.0000
0.0000
0.0000
0.0000
0.0000
0.0000
0.0000
143.1089
156.5893
126.0864
121.9228
87.0864
73.8629
72.8221
63.5671
51.9633
51.8273
30.0350
36.3982
22.8871
29.0288
49.5113
41.0318
40.5626
32.0265
41.2990
59.9147
93.5051
114.0696
155.0854
251.1351
267.8259
374.0671
0.0000
0.0000
0.0000
0.0000
0.0000
0.0000
0.0000
0.0000
0.0000
0.0000
0.0000
0.0000
0.0000
0.0000
0.0000
0.0000
0.0000
0.0000
0.0000
0.0000
85.7991
86.3299
148.8009
101.5325
108.6928
83.9844
44.9520
41.3661
32.5395
43.0929
33.0475
27.1764
20.8370
19.3587
39.3529
40.8159
41.3148
41.6857
37.2702
26.1634
49.2991
60.6819
95.3998
235.4032
385.0075
199.1032
201.0830
0.0000
0.0000
0.0000
0.0000
0.0000
0.0000
0.0000
0.0000
0.0000
0.0000
0.0000
0.0000
0.0000
0.0000
0.0000
0.0000
0.0000
0.0000
0.0000
99.6993
73.7236
125.6163
115.8723
91.4131
51.5470
44.4967
37.5831
23.4516
25.2796
33.0011
27.3827
19.5452
15.9994
25.9999
26.5776
31.3102
25.2531
28.2145
46.4349
51.2275
62.1739
107.9479
138.0144
176.2993
151.8852
166.6785
130.9602
0.0000
0.0000
0.0000
0.0000
0.0000
0.0000
0.0000
0.0000
0.0000
0.0000
0.0000
0.0000
0.0000
0.0000
0.0000
0.0000
0.0000
0.0000
69.1404
91.4237
124.7259
100.0174
124.7754
89.3752
44.6283
30.2683
33.6210
19.6278
27.4080
20.3012
28.0753
37.2734
33.1788
23.3120
22.2729
30.3240
31.7505
36.0859
30.3469
53.4142
69.2284
109.0590
134.6524
87.2855
161.3962
109.6543
0.0000
0.0000
0.0000
0.0000
0.0000
0.0000
0.0000
0.0000
0.0000
0.0000
0.0000
0.0000
0.0000
0.0000
0.0000
0.0000
0.0000
0.0000
49.4589
65.4768
106.0069
110.5974
91.5332
81.4184
36.8289
27.9300
28.5767
28.3574
19.3416
18.3711
21.3349
26.9579
29.3108
19.6004
21.9858
23.8162
22.2172
28.0803
30.3112
43.2615
57.4759
73.9491
104.4232
119.3389
138.9083
141.6822
67.7608
0.0000
0.0000
0.0000
0.0000
0.0000
0.0000
0.0000
0.0000
0.0000
0.0000
0.0000
0.0000
0.0000
0.0000
0.0000
0.0000
0.0000
78.8012
86.7933
92.5552
72.9673
71.6592
60.9115
46.2423
31.8108
24.1023
24.2706
18.6135
21.2116
17.6275
20.6006
17.1620
13.7798
15.9215
20.0965
18.0624
15.3811
28.5550
47.3409
64.2015
75.9915
128.6336
100.9256
89.8492
107.1210
90.2739
0.0000
0.0000
0.0000
0.0000
0.0000
0.0000
0.0000
0.0000
0.0000
0.0000
0.0000
0.0000
0.0000
0.0000
0.0000
0.0000
0.0000
47.0045
88.3586
53.9736
67.8637
60.2025
51.8144
32.3839
30.2174
23.8247
21.3289
16.7837
18.2987
18.6250
22.9543
17.7609
14.9911
15.8155
18.3696
20.1091
22.9606
22.0539
44.5103
66.4302
73.8229
93.6401
113.4483
117.3802
121.0156
98.5777
95.0067
0.0000
0.0000
0.0000
0.0000
0.0000
0.0000
0.0000
0.0000
0.0000
0.0000
0.0000
0.0000
0.0000
0.0000
0.0000
0.0000
78.2438
80.0591
53.3993
50.1953
45.6079
41.0484
38.3712
24.1813
17.8972
21.1815
21.1548
19.3563
20.6653
26.4893
22.0107
17.8328
17.4649
17.7520
20.6783
21.8586
29.8814
35.5837
52.7365
56.1659
94.3846
86.0243
120.7993
108.1200
81.0875
128.3973
60.5058
0.0000
0.0000
0.0000
0.0000
0.0000
0.0000
0.0000
0.0000
0.0000
0.0000
0.0000
0.0000
0.0000
0.0000
0.0000
85.6570
57.3573
41.7465
62.6324
46.5865
35.7594
36.5733
19.9824
15.8537
17.2795
16.0548
19.9274
23.3640
26.2235
20.4366
16.6425
20.0317
19.9471
18.7000
21.3264
23.6839
31.9730
46.6198
73.6428
81.2805
70.8549
85.5080
96.4134
96.5854
86.5736
73.8519
63.3729
0.0000
0.0000
0.0000
0.0000
0.0000
0.0000
0.0000
0.0000
0.0000
0.0000
0.0000
0.0000
0.0000
0.0000
78.7093
53.3633
45.8880
55.8710
58.0561
39.7383
27.8679
15.8753
18.2839
14.8747
23.1867
26.7683
29.8909
19.0651
15.7511
13.6658
21.3021
16.1362
15.6109
30.9144
34.7064
57.3102
48.0377
61.2199
74.7385
92.7450
68.4571
60.9374
83.1184
92.7457
85.2666
54.0366
61.2628
0.0000
0.0000
0.0000
0.0000
0.0000
0.0000
0.0000
0.0000
0.0000
0.0000
0.0000
0.0000
0.0000
78.8660
69.9054
71.7298
61.6241
36.1558
35.8451
18.7654
15.9116
24.0487
20.0909
20.8169
23.2934
23.2695
16.4978
15.6432
12.5974
11.2376
14.7900
17.1902
25.1726
40.3515
57.2542
53.2881
52.9972
51.5313
71.6147
44.7034
38.9666
63.3139
57.2300
73.7467
54.4110
59.0541
0.0000
0.0000
0.0000
0.0000
0.0000
0.0000
0.0000
0.0000
0.0000
0.0000
0.0000
0.0000
0.0000
121.5581
102.5427
83.8199
53.6962
60.4439
42.3168
30.1337
16.6295
18.4932
15.5451
18.9288
19.8948
19.6863
17.4352
17.3324
12.8201
12.7147
10.6222
12.9230
25.4904
35.4645
36.1704
33.7287
39.5294
32.6262
40.2487
32.6652
33.1218
39.2874
47.0480
43.6977
43.3993
62.6827
36.7698
0.0000
0.0000
0.0000
0.0000
0.0000
0.0000
0.0000
0.0000
0.0000
0.0000
0.0000
0.0000
144.6047
153.3675
100.5960
62.1190
62.0484
32.0903
28.1590
19.0942
23.0457
22.8602
16.7317
23.4776
19.1110
15.4667
14.2656
10.6343
5.8093
5.5026
9.3813
15.4114
18.1519
35.1261
21.7284
25.7952
41.4614
31.7489
24.2977
24.8930
29.0916
36.4136
32.6403
45.4725
43.6821
37.8715
22.4887
0.0000
0.0000
0.0000
0.0000
0.0000
0.0000
0.0000
0.0000
0.0000
0.0000
0.0000
274.1328
205.2647
89.9741
72.6686
48.0657
38.5448
46.9805
33.7662
23.7238
14.1914
15.0332
16.8182
10.6225
15.0369
12.4532
10.6837
7.2837
7.1468
11.9909
9.9899
8.6296
13.7494
17.6556
17.0513
24.4967
23.6803
14.0817
25.5553
29.7126
25.8662
31.1518
30.5766
29.4792
24.9767
10.5607
10.9379
0.0000
0.0000
0.0000
0.0000
0.0000
0.0000
0.0000
0.0000
0.0000
0.0000
159.1924
182.9878
106.1163
63.8081
83.5332
55.6749
53.7765
42.5768
27.3176
20.9993
18.6676
18.8008
13.3549
13.9996
10.9081
10.1384
12.1804
10.0389
14.5874
8.3298
11.4642
11.0104
14.2991
15.8206
22.9159
15.0733
17.5025
15.7016
22.6779
21.2956
20.1977
19.8661
23.2322
15.1689
10.7241
7.8480
0.0000
0.0000
0.0000
0.0000
0.0000
0.0000
0.0000
0.0000
0.0000
0.0000
269.5198
214.5530
109.5815
99.1161
69.2010
112.3941
59.8224
48.2123
28.1693
23.0619
17.1601
16.4986
13.0613
11.8002
11.8080
12.3657
15.1496
14.3308
17.6212
11.6975
11.8341
16.5747
15.3402
19.1063
16.1112
19.3589
15.4049
14.4061
18.2824
21.7117
23.0366
21.1776
14.4055
23.8008
19.0159
16.4367
0.0000
0.0000
0.0000
0.0000
0.0000
0.0000
0.0000
0.0000
0.0000
0.0000
238.4935
167.5984
90.2841
102.0889
81.3734
89.1345
64.3812
47.1055
34.8218
21.5808
20.1302
17.2825
13.3758
19.0565
14.5264
16.6428
22.1715
22.4103
17.3678
16.9392
10.2834
13.3221
14.8277
13.0155
23.1270
22.2635
20.4097
12.0430
15.3732
15.0831
18.8164
14.1557
14.5451
24.4013
17.3541
23.3620
0.0000
0.0000
0.0000
0.0000
0.0000
0.0000
0.0000
0.0000
0.0000
0.0000
300.9702
259.3198
146.6599
95.8792
85.5136
91.3076
94.3417
63.3721
35.1496
34.7040
30.0864
22.0468
18.0849
20.2101
26.1926
31.2186
21.8297
19.0133
17.8387
13.5576
15.8720
15.6619
12.3198
16.8534
15.2349
23.6175
29.0354
16.4189
18.5373
15.9176
12.1433
12.4835
16.5861
22.7371
32.6766
31.8403
0.0000
0.0000
0.0000
0.0000
0.0000
0.0000
0.0000
0.0000
0.0000
0.0000
239.2932
198.2321
117.9573
92.5942
108.3213
124.7414
109.6222
51.0550
45.6455
37.0870
26.0510
27.1646
20.7408
23.5884
0.0000
0.0000
21.6420
16.3310
19.2506
11.9248
11.7025
11.4138
7.7071
7.8649
12.3799
21.5752
24.1042
23.0475
21.9557
26.4484
21.3215
21.1449
15.9063
28.6381
22.5847
33.3360
0.0000
0.0000
0.0000
0.0000
0.0000
0.0000
0.0000
0.0000
0.0000
0.0000
161.3277
126.8478
74.4409
80.1882
112.9553
129.6487
91.5169
46.4777
41.8183
36.0528
30.7103
23.0607
25.3753
21.4332
0.0000
0.0000
0.0000
0.0000
0.0000
0.0000
0.0000
0.0000
0.0000
0.0000
10.2953
11.9972
14.8859
21.4284
22.4461
27.9333
29.6130
22.6069
38.1666
22.7836
19.0196
26.2836
0.0000
0.0000
0.0000
0.0000
0.0000
0.0000
0.0000
0.0000
0.0000
0.0000
270.7376
202.5815
131.0969
133.1251
96.2037
109.7770
72.1180
66.9267
37.2271
26.2310
24.1007
20.1101
18.2965
18.3447
0.0000
0.0000
0.0000
0.0000
0.0000
0.0000
0.0000
0.0000
0.0000
0.0000
8.3389
7.4032
13.5920
22.8054
22.0349
25.9364
35.0338
27.9262
36.8450
53.2666
36.8880
36.7936
0.0000
0.0000
0.0000
0.0000
0.0000
0.0000
0.0000
0.0000
0.0000
0.0000
241.3137
203.4812
131.3874
180.4798
125.2805
79.7790
60.8080
46.6953
27.0117
18.1839
14.2004
13.5810
12.6548
17.7727
0.0000
0.0000
0.0000
0.0000
0.0000
0.0000
0.0000
0.0000
0.0000
0.0000
11.5957
11.2034
11.2138
21.8662
20.5376
33.5277
31.4939
25.1139
43.9087
46.7338
52.6965
56.8602
0.0000
0.0000
0.0000
0.0000
0.0000
0.0000
0.0000
0.0000
0.0000
0.0000
202.7914
126.2398
164.3253
128.6148
77.6614
68.9153
70.8898
60.8598
32.7019
19.7638
16.0880
16.4940
13.0158
12.8389
0.0000
0.0000
0.0000
0.0000
0.0000
0.0000
0.0000
0.0000
0.0000
0.0000
12.7046
15.6984
12.8798
13.2895
21.6670
22.9562
35.6778
42.5062
38.0940
54.1985
66.4391
116.4708
0.0000
0.0000
0.0000
0.0000
0.0000
0.0000
0.0000
0.0000
0.0000
0.0000
180.1690
111.7667
124.8648
81.8422
68.0153
55.5696
49.4158
51.6724
40.4375
32.4285
23.0217
13.7186
17.7721
17.0760
0.0000
0.0000
0.0000
0.0000
0.0000
0.0000
0.0000
0.0000
0.0000
0.0000
13.0932
12.6007
13.9472
22.5720
14.1320
13.5273
20.2737
41.4712
48.1875
60.7968
89.8334
102.0425
0.0000
0.0000
0.0000
0.0000
0.0000
0.0000
0.0000
0.0000
0.0000
0.0000
222.3404
142.4020
147.1604
69.2438
53.7198
55.8716
50.3674
39.9611
40.8630
59.2472
25.8393
28.2557
20.0464
14.8838
0.0000
0.0000
0.0000
0.0000
0.0000
0.0000
0.0000
0.0000
0.0000
0.0000
10.7669
11.9036
14.9951
23.9369
20.9476
15.6182
22.2226
32.2969
35.3125
42.9437
63.2681
99.7434
0.0000
0.0000
0.0000
0.0000
0.0000
0.0000
0.0000
0.0000
0.0000
0.0000
188.0934
174.6139
101.6168
74.5417
53.7989
45.4631
37.6071
38.3659
45.9063
39.3347
25.7384
29.5062
21.5933
17.6118
0.0000
0.0000
0.0000
0.0000
0.0000
0.0000
0.0000
0.0000
0.0000
0.0000
8.8181
12.4895
12.5231
19.8743
17.1723
19.4162
25.5201
21.6956
26.8012
41.4896
59.9411
71.6171
0.0000
0.0000
0.0000
0.0000
0.0000
0.0000
0.0000
0.0000
0.0000
0.0000
81.2301
96.7895
101.4069
72.4596
51.5292
40.5988
29.3397
21.0422
31.0122
33.7312
23.3394
33.6115
25.3693
16.6433
0.0000
0.0000
0.0000
0.0000
0.0000
0.0000
0.0000
0.0000
0.0000
0.0000
11.1283
8.8572
14.4492
23.1911
23.2120
26.4311
25.9505
24.4529
21.0919
34.6378
50.1886
54.4515
0.0000
0.0000
0.0000
0.0000
0.0000
0.0000
0.0000
0.0000
0.0000
0.0000
63.0339
73.3354
61.7535
70.8632
37.2031
32.8755
25.4254
24.4516
24.2046
33.9942
27.9668
25.9521
25.8178
21.3415
0.0000
0.0000
0.0000
0.0000
0.0000
0.0000
0.0000
0.0000
0.0000
0.0000
16.4512
9.9552
16.0233
18.3085
19.4195
21.9917
32.7224
37.9302
26.7765
36.2860
56.2048
66.2004
0.0000
0.0000
0.0000
0.0000
0.0000
0.0000
0.0000
0.0000
0.0000
0.0000
34.7564
51.5063
48.2211
48.3020
37.6353
21.1784
21.3519
20.1873
28.8971
31.0392
44.4930
32.7139
25.2618
28.6922
0.0000
0.0000
0.0000
0.0000
0.0000
0.0000
0.0000
0.0000
0.0000
0.0000
15.8832
15.1115
17.1821
18.1877
16.4981
19.5009
30.0714
40.6608
51.2707
43.7848
53.4532
65.0707
0.0000
0.0000
0.0000
0.0000
0.0000
0.0000
0.0000
0.0000
0.0000
0.0000
43.7182
37.4423
30.0616
33.0927
25.1320
18.4607
18.2927
24.8376
30.6646
31.2880
40.6828
33.9406
36.1150
33.0789
0.0000
0.0000
0.0000
0.0000
0.0000
0.0000
0.0000
0.0000
0.0000
0.0000
15.5473
10.9282
11.6464
11.0193
18.4328
31.1467
38.4837
50.0083
74.0524
45.6709
43.8428
39.4225
0.0000
0.0000
0.0000
0.0000
0.0000
0.0000
0.0000
0.0000
0.0000
0.0000
44.2529
41.8418
27.8744
23.8178
21.0457
24.0744
24.2860
24.7468
27.2733
23.7867
41.8435
35.7942
38.0511
39.1375
0.0000
0.0000
0.0000
0.0000
0.0000
0.0000
0.0000
0.0000
0.0000
0.0000
24.3327
17.5181
12.2649
10.8098
18.9383
24.3760
35.3683
47.7097
82.0548
50.4946
37.4744
39.4888
0.0000
0.0000
0.0000
0.0000
0.0000
0.0000
0.0000
0.0000
0.0000
0.0000
50.5168
28.7158
35.9598
31.5657
36.2720
27.7345
28.3817
18.9803
18.9624
24.4514
27.9017
25.2965
39.9679
22.7446
0.0000
0.0000
0.0000
0.0000
0.0000
0.0000
0.0000
0.0000
0.0000
0.0000
23.7893
30.2824
18.5025
21.3097
21.9770
38.1425
50.2841
49.8935
78.3957
62.4282
48.4636
57.8393
0.0000
0.0000
0.0000
0.0000
0.0000
0.0000
0.0000
0.0000
0.0000
0.0000
56.9759
35.9952
35.4804
32.8385
31.4409
28.1356
26.7721
20.9622
20.6414
25.6377
19.4391
28.0630
33.9227
28.3781
0.0000
0.0000
0.0000
0.0000
0.0000
0.0000
0.0000
0.0000
0.0000
0.0000
26.5168
28.1495
23.0018
22.8030
25.9466
40.5322
82.5033
56.9237
73.9784
60.3019
63.7018
58.9011
0.0000
0.0000
0.0000
0.0000
0.0000
0.0000
0.0000
0.0000
0.0000
0.0000
42.6071
37.1634
28.3052
28.9681
42.3398
30.5198
24.2375
28.1864
40.1087
34.7249
32.2788
23.4949
26.9229
38.4815
0.0000
0.0000
0.0000
0.0000
0.0000
0.0000
0.0000
0.0000
0.0000
0.0000
35.4403
40.4670
28.3785
29.9450
36.7077
52.1403
53.0823
67.4738
83.4687
99.1180
63.6825
48.1610
0.0000
0.0000
0.0000
0.0000
0.0000
0.0000
0.0000
0.0000
0.0000
0.0000
46.2788
41.3043
37.4984
40.3448
52.1747
48.9118
41.0913
42.3566
45.4297
41.4465
33.6092
34.8451
24.0655
44.5508
0.0000
0.0000
0.0000
0.0000
0.0000
0.0000
0.0000
0.0000
0.0000
0.0000
51.9562
48.2933
51.8562
53.0479
43.5635
50.0796
91.1945
97.0594
123.1412
77.0432
79.8202
48.4796
0.0000
0.0000
0.0000
0.0000
0.0000
0.0000
0.0000
0.0000
0.0000
0.0000
66.9649
48.6190
53.1655
61.0940
51.3923
56.9221
53.0867
44.5159
50.9181
46.5724
40.0895
41.3091
41.1366
57.7241
0.0000
0.0000
0.0000
0.0000
0.0000
0.0000
0.0000
0.0000
0.0000
0.0000
55.5052
66.6683
56.2028
64.8198
59.9394
66.9740
75.9917
117.5946
129.0801
84.9731
86.5174
97.8410
0.0000
0.0000
0.0000
0.0000
0.0000
0.0000
0.0000
0.0000
0.0000
0.0000
80.8507
51.4876
69.1021
55.7611
56.9986
63.1908
64.4554
59.1947
58.5352
49.7115
36.9073
31.9386
57.0245
73.4878
0.0000
0.0000
0.0000
0.0000
0.0000
0.0000
0.0000
0.0000
0.0000
0.0000
56.7283
66.7788
69.5818
68.6985
62.3621
70.9749
68.7648
95.0544
184.1769
173.5950
137.0529
166.0513
0.0000
0.0000
0.0000
0.0000
0.0000
0.0000
0.0000
0.0000
0.0000
0.0000
0.0000
110.7800
90.2869
97.2705
70.6657
49.1462
59.0466
55.8202
65.8531
57.2081
43.0867
45.6364
80.3001
77.4321
0.0000
0.0000
0.0000
0.0000
0.0000
0.0000
0.0000
0.0000
0.0000
0.0000
72.3972
76.3169
79.2623
46.6891
52.0382
59.9777
62.5134
114.9548
222.6626
197.5485
130.2845
255.8351
0.0000
0.0000
0.0000
0.0000
0.0000
0.0000
0.0000
0.0000
0.0000
0.0000
0.0000
74.0337
118.7408
80.3848
49.6535
67.1065
53.1936
37.5130
48.4448
44.2489
52.8823
0.0000
0.0000
82.9082
0.0000
0.0000
0.0000
0.0000
0.0000
0.0000
0.0000
0.0000
0.0000
0.0000
75.3271
72.7188
88.1407
47.3218
48.5427
55.3949
53.0018
106.4089
134.8664
209.7063
235.8167
243.0591
0.0000
0.0000
0.0000
0.0000
0.0000
0.0000
0.0000
0.0000
0.0000
0.0000
0.0000
0.0000
89.7641
82.7158
59.4291
63.4064
35.0013
51.2600
37.4816
36.7602
40.0950
0.0000
0.0000
0.0000
0.0000
0.0000
0.0000
0.0000
0.0000
0.0000
0.0000
0.0000
0.0000
0.0000
66.8457
69.8549
51.7483
58.1852
62.4264
57.1106
80.0000
122.3881
120.9429
158.1934
249.5312
229.2231
0.0000
0.0000
0.0000
0.0000
0.0000
0.0000
0.0000
0.0000
0.0000
0.0000
0.0000
0.0000
0.0000
60.6696
42.8131
35.7961
34.4190
31.6633
41.6810
62.8741
42.4847
0.0000
0.0000
0.0000
0.0000
0.0000
0.0000
0.0000
0.0000
0.0000
0.0000
0.0000
0.0000
0.0000
53.0587
70.9910
50.7854
93.3239
71.5147
80.3568
108.8316
97.6611
106.5283
134.9139
94.2495
115.4346
0.0000
0.0000
0.0000
0.0000
0.0000
0.0000
0.0000
0.0000
0.0000
0.0000
0.0000
0.0000
0.0000
0.0000
44.6360
32.6506
35.8220
37.7239
74.7022
78.7410
74.1815
0.0000
0.0000
0.0000
0.0000
0.0000
0.0000
0.0000
0.0000
0.0000
0.0000
0.0000
0.0000
0.0000
67.7243
64.1844
71.5840
73.2960
79.3750
119.5566
114.9624
134.9704
128.0152
127.8565
77.3196
80.0127
0.0000
0.0000
0.0000
0.0000
0.0000
0.0000
0.0000
0.0000
0.0000
0.0000
0.0000
0.0000
0.0000
0.0000
47.1986
39.7917
56.0594
57.9931
93.1678
101.0659
70.5764
0.0000
0.0000
0.0000
0.0000
0.0000
0.0000
0.0000
0.0000
0.0000
0.0000
0.0000
0.0000
0.0000
58.7698
34.4834
57.6090
53.1200
82.7307
106.7138
158.3755
91.6426
84.7771
98.7712
98.1203
86.0038
0.0000
0.0000
0.0000
0.0000
0.0000
0.0000
0.0000
0.0000
0.0000
0.0000
0.0000
0.0000
0.0000
0.0000
0.0000
0.0000
46.1439
58.1784
100.0848
77.6378
89.4663
0.0000
0.0000
0.0000
0.0000
0.0000
0.0000
0.0000
0.0000
0.0000
0.0000
0.0000
0.0000
0.0000
0.0000
41.8701
59.7679
38.9077
63.4948
71.2846
52.1034
58.8427
72.1597
53.6851
118.0327
117.5226
0.0000
0.0000
0.0000
0.0000
0.0000
0.0000
0.0000
0.0000
0.0000
0.0000
0.0000
0.0000
0.0000
0.0000
0.0000
0.0000
61.7995
63.6980
79.6510
74.5393
60.8284
0.0000
0.0000
0.0000
0.0000
0.0000
0.0000
0.0000
0.0000
0.0000
0.0000
0.0000
0.0000
0.0000
0.0000
0.0000
0.0000
31.1473
47.1490
34.3569
30.9298
32.4204
50.7472
48.0813
106.3161
88.4843
0.0000
0.0000
0.0000
0.0000
0.0000
0.0000
0.0000
0.0000
0.0000
0.0000
0.0000
0.0000
0.0000
0.0000
0.0000
0.0000
0.0000
98.6866
63.0691
58.1211
59.1304
0.0000
0.0000
0.0000
0.0000
0.0000
0.0000
0.0000
0.0000
0.0000
0.0000
0.0000
0.0000
0.0000
0.0000
0.0000
0.0000
0.0000
36.1635
26.9007
45.6038
29.1716
29.2500
57.7008
74.5060
61.2554
0.0000
0.0000
0.0000
0.0000
0.0000
0.0000
0.0000
0.0000
0.0000
0.0000
0.0000
0.0000
0.0000
0.0000
0.0000
0.0000
0.0000
0.0000
91.7840
66.3722
68.9552
0.0000
0.0000
0.0000
0.0000
0.0000
0.0000
0.0000
0.0000
0.0000
0.0000
0.0000
0.0000
0.0000
0.0000
0.0000
0.0000
0.0000
0.0000
26.6115
49.3902
34.0563
33.1208
51.3256
56.2921
41.9915
0.0000
0.0000
0.0000
0.0000
0.0000
0.0000
0.0000
0.0000
0.0000
0.0000
0.0000
0.0000
0.0000
0.0000
0.0000
0.0000
0.0000
0.0000
105.6519
96.6776
101.6204
0.0000
0.0000
0.0000
0.0000
0.0000
0.0000
0.0000
0.0000
0.0000
0.0000
0.0000
0.0000
0.0000
0.0000
0.0000
0.0000
0.0000
0.0000
0.0000
45.5840
29.9065
26.5013
30.5899
28.3032
43.4080
0.0000
0.0000
0.0000
0.0000
0.0000
0.0000
0.0000
0.0000
0.0000
0.0000
0.0000
0.0000
0.0000
0.0000
0.0000
0.0000
0.0000
0.0000
0.0000
112.1920
127.4613
0.0000
0.0000
0.0000
0.0000
0.0000
0.0000
0.0000
0.0000
0.0000
0.0000
0.0000
0.0000
0.0000
0.0000
0.0000
0.0000
0.0000
0.0000
0.0000
0.0000
0.0000
34.6460
29.1614
22.8533
26.2776
0.0000
0.0000
0.0000
0.0000
0.0000
0.0000
0.0000
0.0000
0.0000
0.0000
0.0000
0.0000
0.0000
0.0000
0.0000
0.0000
0.0000
0.0000
0.0000
0.0000
0.0000
0.0000
0.0000
0.0000
0.0000
0.0000
0.0000
0.0000
0.0000
0.0000
0.0000
0.0000
0.0000
0.0000
0.0000
0.0000
0.0000
0.0000
0.0000
0.0000
0.0000
0.0000
0.0000
24.1294
21.5179
28.4433
0.0000
0.0000
0.0000
0.0000
0.0000
0.0000
0.0000
0.0000
0.0000
0.0000
0.0000
0.0000
0.0000
0.0000
0.0000
0.0000
0.0000
0.0000
0.0000
0.0000
0.0000
0.0000
0.0000
0.0000
0.0000
0.0000
0.0000
0.0000
0.0000
0.0000
0.0000
0.0000
0.0000
0.0000
0.0000
0.0000
0.0000
0.0000
0.0000
0.0000
0.0000
0.0000
0.0000
27.9779
17.7761
33.3869
0.0000
0.0000
0.0000
0.0000
0.0000
0.0000
0.0000
0.0000
0.0000
0.0000
0.0000
0.0000
0.0000
0.0000
0.0000
0.0000
0.0000
0.0000
0.0000
0.0000
0.0000
0.0000
0.0000
0.0000
0.0000
0.0000
0.0000
0.0000
0.0000
0.0000
0.0000
0.0000
0.0000
0.0000
0.0000
0.0000
0.0000
0.0000
0.0000
0.0000
0.0000
0.0000
0.0000
0.0000
0.0000
0.0000
0.0000
0.0000
0.0000
0.0000
0.0000
0.0000
0.0000
0.0000
0.0000
0.0000
0.0000
0.0000
0.0000
0.0000
0.0000
0.0000
0.0000
0.0000
0.0000
0.0000
0.0000
0.0000
0.0000
0.0000
0.0000
0.0000
0.0000
0.0000
0.0000
0.0000
0.0000
0.0000
0.0000
0.0000
0.0000
0.0000
0.0000
0.0000
0.0000
0.0000
0.0000
0.0000
0.0000
0.0000
0.0000
0.0000
0.0000
0.0000
0.0000
0.0000
0.0000
0.0000
0.0000
0.0000
0.0000
0.0000
0.0000
0.0000
0.0000
0.0000
0.0000
0.0000
0.0000
0.0000
0.0000
0.0000
0.0000
0.0000
0.0000
0.0000
0.0000
0.0000
0.0000
0.0000
0.0000
0.0000
0.0000
0.0000
0.0000
0.0000
0.0000
0.0000
0.0000
0.0000
0.0000
0.0000
0.0000
0.0000
0.0000
0.0000
0.0000
0.0000
0.0000
0.0000
0.0000
0.0000
0.0000
0.0000
0.0000
0.0000
0.0000
0.0000
0.0000
0.0000
0.0000
0.0000
0.0000
0.0000
0.0000
0.0000
0.0000
0.0000
0.0000
0.0000
0.0000
0.0000
0.0000
0.0000
0.0000
0.0000
0.0000
0.0000
0.0000
0.0000
0.0000
0.0000
0.0000
0.0000
0.0000
0.0000
0.0000
0.0000
0.0000
0.0000
0.0000
0.0000
0.0000
0.0000
0.0000
0.0000
0.0000
0.0000
0.0000
0.0000
0.0000
0.0000
0.0000
0.0000
0.0000
0.0000
0.0000
0.0000
0.0000
0.0000
0.0000
0.0000
0.0000
0.0000
0.0000
0.0000
0.0000
0.0000
0.0000
0.0000
0.0000
0.0000
0.0000
0.0000
0.0000
0.0000
0.0000
0.0000
0.0000
0.0000
0.0000
0.0000
0.0000
0.0000
0.0000
0.0000
0.0000
0.0000
0.0000
0.0000
0.0000
0.0000
0.0000
0.0000
0.0000
0.0000
0.0000
0.0000
0.0000
0.0000
0.0000
0.0000
0.0000
0.0000
0.0000
0.0000
0.0000
0.0000
0.0000
0.0000
0.0000
0.0000
0.0000
0.0000
0.0000
0.0000
0.0000
0.0000
0.0000
0.0000
0.0000
0.0000
0.0000
0.0000
0.0000
0.0000
0.0000
0.0000
0.0000
0.0000
0.0000
0.0000
0.0000
0.0000
0.0000
0.0000
0.0000
0.0000
0.0000
0.0000
0.0000
0.0000
0.0000
0.0000
0.0000
0.0000
0.0000
0.0000
0.0000
0.0000
0.0000
0.0000
0.0000
0.0000
0.0000
0.0000
0.0000
0.0000
0.0000
0.0000
0.0000
0.0000
0.0000
0.0000
0.0000
0.0000
0.0000
0.0000
0.0000
0.0000
0.0000
0.0000
0.0000
0.0000
0.0000
0.0000
0.0000
0.0000
0.0000
0.0000
0.0000
0.0000
0.0000
0.0000
0.0000
0.0000
0.0000
0.0000
0.0000
0.0000
0.0000
0.0000
0.0000
0.0000
0.0000
0.0000
0.0000
0.0000
0.0000
0.0000
0.0000
0.0000
0.0000
0.0000
0.0000
0.0000
0.0000
0.0000
0.0000
0.0000
0.0000
0.0000
0.0000
0.0000
0.0000
0.0000
0.0000
0.0000
0.0000
0.0000
0.0000
0.0000
0.0000
0.0000
0.0000
0.0000
0.0000
0.0000
0.0000
0.0000
0.0000
0.0000
0.0000
0.0000
0.0000
0.0000
0.0000
0.0000
0.0000
0.0000
0.0000
0.0000
0.0000
0.0000
0.0000
0.0000
0.0000
0.0000
0.0000
0.0000
0.0000
0.0000
0.0000
0.0000
0.0000
0.0000
0.0000
0.0000
0.0000
0.0000
0.0000
0.0000
0.0000
0.0000
0.0000
0.0000
0.0000
0.0000
0.0000
0.0000
0.0000
0.0000
0.0000
0.0000
0.0000
0.0000
0.0000
0.0000
0.0000
0.0000
0.0000
0.0000
0.0000
0.0000
0.0000
0.0000
0.0000
0.0000
0.0000
0.0000
0.0000
0.0000
0.0000
0.0000
0.0000
0.0000
0.0000
0.0000
0.0000
0.0000
0.0000
0.0000
0.0000
0.0000
0.0000
0.0000
0.0000
0.0000
0.0000
0.0000
0.0000
0.0000
0.0000
0.0000
0.0000
0.0000
0.0000
0.0000
0.0000
0.0000
0.0000
0.0000
0.0000
0.0000
0.0000
0.0000
0.0000
0.0000
0.0000
0.0000
0.0000
0.0000
0.0000
0.0000
0.0000
0.0000
0.0000
0.0000
0.0000
0.0000
0.0000
0.0000
0.0000
0.0000
0.0000
0.0000
0.0000
0.0000
0.0000
0.0000
0.0000
0.0000
0.0000
0.0000
0.0000
0.0000
0.0000
0.0000
0.0000
0.0000
0.0000
0.0000
0.0000
0.0000
0.0000
0.0000
0.0000
0.0000
0.0000
0.0000
0.0000
0.0000
0.0000
0.0000
0.0000
0.0000
0.0000
0.0000
0.0000
0.0000
0.0000
0.0000
0.0000
0.0000
0.0000
0.0000
0.0000
0.0000
0.0000
0.0000
0.0000
0.0000
0.0000
0.0000
0.0000
0.0000
0.0000
0.0000
0.0000
0.0000
0.0000
0.0000
0.0000
0.0000
0.0000
0.0000
0.0000
0.0000
0.0000
0.0000
0.0000
0.0000
0.0000
0.0000
0.0000
0.0000
0.0000
0.0000
0.0000
0.0000
0.0000
0.0000
0.0000
0.0000
0.0000
0.0000
0.0000
0.0000
0.0000
0.0000
0.0000
0.0000
0.0000
0.0000
0.0000
0.0000
0.0000
0.0000
0.0000
0.0000
0.0000
0.0000
0.0000
0.0000
0.0000
0.0000
0.0000
0.0000
0.0000
0.0000
0.0000
0.0000
0.0000
0.0000
0.0000
0.0000
0.0000
0.0000
0.0000
0.0000
0.0000
0.0000
0.0000
0.0000
0.0000
0.0000
0.0000
0.0000
0.0000
0.0000
0.0000
0.0000
0.0000
0.0000
0.0000
0.0000
0.0000
0.0000
0.0000
0.0000
0.0000
0.0000
0.0000
0.0000
0.0000
0.0000
0.0000
0.0000
0.0000
0.0000
0.0000
0.0000
0.0000
0.0000
0.0000
0.0000
0.0000
0.0000
0.0000
0.0000
0.0000
0.0000
0.0000
0.0000
0.0000
0.0000
0.0000
0.0000
0.0000
0.0000
0.0000
0.0000
0.0000
0.0000
0.0000
0.0000
0.0000
0.0000
0.0000
0.0000
0.0000
0.0000
0.0000
0.0000
0.0000
0.0000
0.0000
0.0000
0.0000
0.0000
0.0000
0.0000
0.0000
0.0000
0.0000
0.0000
0.0000
0.0000
0.0000
0.0000
0.0000
0.0000
0.0000
0.0000
0.0000
0.0000
0.0000
0.0000
0.0000
0.0000
0.0000
0.0000
0.0000
0.0000
0.0000
0.0000
0.0000
0.0000
0.0000
0.0000
0.0000
0.0000
0.0000
0.0000
0.0000
0.0000
0.0000
0.0000
0.0000
0.0000
0.0000
0.0000
0.0000
0.0000
0.0000
0.0000
0.0000
0.0000
0.0000
0.0000
0.0000
0.0000
0.0000
0.0000
0.0000
0.0000
0.0000
0.0000
0.0000
0.0000
0.0000
0.0000
0.0000
0.0000
0.0000
0.0000
0.0000
0.0000
0.0000
0.0000
0.0000
0.0000
0.0000
0.0000
0.0000
0.0000
0.0000
0.0000
0.0000
0.0000
0.0000
0.0000
0.0000
0.0000
0.0000
0.0000
0.0000
0.0000
0.0000
0.0000
0.0000
0.0000
0.0000
0.0000
0.0000
0.0000
0.0000
0.0000
0.0000
0.0000
0.0000
0.0000
0.0000
0.0000
0.0000
0.0000
0.0000
0.0000
0.0000
0.0000
0.0000
0.0000
0.0000
0.0000
0.0000
0.0000
0.0000
0.0000
0.0000
0.0000
0.0000
0.0000
0.0000
0.0000
0.0000
0.0000
0.0000
0.0000
0.0000
0.0000
0.0000
0.0000
0.0000
0.0000
0.0000
0.0000
0.0000
0.0000
0.0000
0.0000
0.0000
0.0000
0.0000
0.0000
0.0000
0.0000
0.0000
0.0000
0.0000
0.0000
0.0000
0.0000
0.0000
0.0000
0.0000
0.0000
0.0000
0.0000
0.0000
0.0000
0.0000
0.0000
0.0000
0.0000
0.0000
0.0000
0.0000
0.0000
0.0000
0.0000
0.0000
0.0000
0.0000
0.0000
0.0000
0.0000
0.0000
0.0000
0.0000
0.0000
0.0000
0.0000
0.0000
0.0000
0.0000
0.0000
0.0000
0.0000
0.0000
0.0000
0.0000
0.0000
0.0000
0.0000
0.0000
0.0000
0.0000
0.0000
0.0000
0.0000
0.0000
0.0000
0.0000
0.0000
0.0000
0.0000
0.0000
0.0000
0.0000
0.0000
0.0000
0.0000
0.0000
0.0000
0.0000
0.0000
0.0000
0.0000
0.0000
0.0000
0.0000
0.0000
0.0000
0.0000
0.0000
0.0000
0.0000
0.0000
0.0000
0.0000
0.0000
0.0000
0.0000
0.0000
0.0000
0.0000
0.0000
0.0000
0.0000
0.0000
0.0000
0.0000
0.0000
0.0000
0.0000
0.0000
0.0000
0.0000
0.0000
0.0000
0.0000
0.0000
0.0000
0.0000
0.0000
0.0000
0.0000
0.0000
0.0000
0.0000
151.1040
199.4452
227.5903
335.0452
366.7133
487.6543
422.1710
320.4044
423.9185
336.5492
301.9565
313.1796
536.6796
807.9999
503.6449
273.0056
207.7207
82.6383
79.9046
79.0697
62.2236
100.7896
155.9162
158.2337
0.0000
0.0000
0.0000
0.0000
0.0000
0.0000
0.0000
0.0000
0.0000
0.0000
0.0000
0.0000
0.0000
0.0000
0.0000
0.0000
0.0000
0.0000
0.0000
0.0000
0.0000
0.0000
146.9733
242.9444
292.3994
338.6728
418.5515
531.0563
314.3285
308.3020
292.0754
305.0889
325.7618
407.1458
623.7393
612.0771
544.0013
359.3017
167.6657
142.5145
85.3908
92.2290
82.8233
87.8177
125.5263
155.9698
0.0000
0.0000
0.0000
0.0000
0.0000
0.0000
0.0000
0.0000
0.0000
0.0000
0.0000
0.0000
0.0000
0.0000
0.0000
0.0000
0.0000
0.0000
0.0000
0.0000
0.0000
0.0000
136.8376
255.3799
361.5787
311.2927
487.6899
381.0727
307.3434
240.0124
243.1905
326.5647
395.3203
506.2098
675.9235
972.9194
658.2622
398.0406
173.7238
131.9619
124.8538
116.4890
117.0147
142.6933
73.6299
84.6142
0.0000
0.0000
0.0000
0.0000
0.0000
0.0000
0.0000
0.0000
0.0000
0.0000
0.0000
0.0000
0.0000
0.0000
0.0000
0.0000
0.0000
0.0000
0.0000
0.0000
0.0000
0.0000
196.6320
193.0453
373.7489
378.4784
489.8641
402.5339
415.1153
265.1201
307.6788
330.6492
429.2238
459.3326
591.1279
519.3902
504.4048
320.8150
225.5389
158.7001
154.3821
124.4660
136.9812
150.1046
90.8963
94.6910
0.0000
0.0000
0.0000
0.0000
0.0000
0.0000
0.0000
0.0000
0.0000
0.0000
0.0000
0.0000
0.0000
0.0000
0.0000
0.0000
0.0000
0.0000
0.0000
0.0000
0.0000
0.0000
197.7965
305.6626
228.2115
217.8724
231.8997
269.3042
273.9891
406.0256
437.0832
318.7723
372.3617
337.5674
336.0274
384.6292
406.2735
291.1524
170.8189
140.7664
130.2023
178.2025
134.2894
170.8730
182.9828
128.0752
0.0000
0.0000
0.0000
0.0000
0.0000
0.0000
0.0000
0.0000
0.0000
0.0000
0.0000
0.0000
0.0000
0.0000
0.0000
0.0000
0.0000
0.0000
0.0000
0.0000
0.0000
0.0000
305.3793
294.5657
177.2119
205.0152
146.1929
144.6614
189.9223
206.9996
214.8580
239.2840
227.3122
216.6489
375.6997
345.7667
326.5381
215.7338
160.6570
193.9288
139.3824
140.2678
135.0538
165.2061
183.2435
120.8926
0.0000
0.0000
0.0000
0.0000
0.0000
0.0000
0.0000
0.0000
0.0000
0.0000
0.0000
0.0000
0.0000
0.0000
0.0000
0.0000
0.0000
0.0000
0.0000
0.0000
0.0000
0.0000
322.5181
177.1566
106.9505
129.2327
201.4620
129.4478
170.8320
175.2226
179.2122
207.1720
222.3536
238.6664
243.0188
274.1667
261.9350
252.4333
264.5557
241.9219
204.1388
139.0364
114.5926
120.2824
142.7841
248.1208
0.0000
0.0000
0.0000
0.0000
0.0000
0.0000
0.0000
0.0000
0.0000
0.0000
0.0000
0.0000
0.0000
0.0000
0.0000
0.0000
0.0000
0.0000
0.0000
0.0000
0.0000
0.0000
232.0154
157.7994
136.4129
136.4792
140.9845
148.9690
179.1960
173.7251
130.7888
147.6715
189.9636
245.4178
324.1698
278.9303
209.1037
257.0018
238.4784
173.8315
263.2540
167.1091
205.0642
151.8161
219.5877
176.4204
0.0000
0.0000
0.0000
0.0000
0.0000
0.0000
0.0000
0.0000
0.0000
0.0000
0.0000
0.0000
0.0000
0.0000
0.0000
0.0000
0.0000
0.0000
0.0000
0.0000
0.0000
0.0000
231.2488
160.6554
125.5241
158.5764
122.8947
108.2421
177.6106
222.0128
124.9721
219.0771
214.7177
261.2685
300.1482
208.8231
174.6597
160.8198
179.8313
201.3262
233.5807
207.3773
229.0733
211.3035
156.6261
153.5623
0.0000
0.0000
0.0000
0.0000
0.0000
0.0000
0.0000
0.0000
0.0000
0.0000
0.0000
0.0000
0.0000
0.0000
0.0000
0.0000
0.0000
0.0000
0.0000
0.0000
0.0000
0.0000
173.0656
145.9822
139.9223
169.9303
142.4909
136.7832
237.3496
132.1967
189.2350
269.1780
248.1567
239.2052
308.0475
255.1227
185.6149
138.7396
166.1653
216.8080
165.4420
180.5372
243.7270
178.6558
172.1302
145.2095
0.0000
0.0000
0.0000
0.0000
0.0000
0.0000
0.0000
0.0000
0.0000
0.0000
0.0000
0.0000
0.0000
0.0000
0.0000
0.0000
0.0000
0.0000
0.0000
0.0000
0.0000
0.0000
145.4193
130.2036
121.1454
94.9621
147.0766
192.7357
210.0406
169.5655
264.5277
430.2037
266.3632
230.5627
191.1113
207.1328
190.5667
186.7319
158.0649
135.5502
167.2398
271.0475
132.3150
153.6552
130.0788
239.7291
0.0000
0.0000
0.0000
0.0000
0.0000
0.0000
0.0000
0.0000
0.0000
0.0000
0.0000
0.0000
0.0000
0.0000
0.0000
0.0000
0.0000
0.0000
0.0000
0.0000
0.0000
0.0000
275.4566
217.3840
130.5918
110.5135
109.9789
158.3702
146.8477
253.1680
256.1964
308.2049
274.1108
213.0739
230.6005
224.2556
175.8148
215.7058
135.9970
215.8444
186.4392
185.0508
144.8272
107.5770
180.5838
226.6744
0.0000
0.0000
0.0000
0.0000
0.0000
0.0000
0.0000
0.0000
0.0000
0.0000
0.0000
0.0000
0.0000
0.0000
0.0000
0.0000
0.0000
0.0000
0.0000
0.0000
0.0000
0.0000
336.2459
231.4038
125.4753
140.5044
141.0612
246.5625
176.2452
233.5044
297.4909
176.3726
214.1461
177.6000
354.4153
201.3808
240.7326
263.2661
207.8139
185.2088
206.4195
180.3669
212.9247
192.3302
230.0278
238.2656
0.0000
0.0000
0.0000
0.0000
0.0000
0.0000
0.0000
0.0000
0.0000
0.0000
0.0000
0.0000
0.0000
0.0000
0.0000
0.0000
0.0000
0.0000
0.0000
0.0000
0.0000
0.0000
288.5467
257.1397
205.9019
142.4532
131.0357
196.5639
210.3900
275.8781
340.7359
277.7905
298.4401
314.4592
291.0680
299.9326
220.8352
217.9065
211.3013
240.0298
175.8274
191.1249
278.9688
222.2462
301.9984
266.1599
0.0000
0.0000
0.0000
0.0000
0.0000
0.0000
0.0000
0.0000
0.0000
0.0000
0.0000
0.0000
0.0000
0.0000
0.0000
0.0000
0.0000
0.0000
0.0000
0.0000
0.0000
0.0000
308.6463
266.8247
214.8004
207.8871
169.7422
233.1353
192.7172
262.8923
395.9675
384.8140
395.6409
424.6016
267.9408
285.4549
248.4000
218.1734
225.5956
226.8540
245.8017
270.7702
282.9964
269.4173
281.0719
287.9702
0.0000
0.0000
0.0000
0.0000
0.0000
0.0000
0.0000
0.0000
0.0000
0.0000
0.0000
0.0000
0.0000
0.0000
0.0000
0.0000
0.0000
0.0000
0.0000
0.0000
0.0000
0.0000
221.3256
252.5490
214.0276
288.0096
353.5825
316.9413
337.6873
393.8529
307.6457
449.7480
321.5269
309.0583
245.9754
172.2083
214.9393
191.3025
258.4084
242.7593
260.1498
250.7797
227.2403
187.1840
313.5268
241.8575
0.0000
0.0000
0.0000
0.0000
0.0000
0.0000
0.0000
0.0000
0.0000
0.0000
0.0000
0.0000
0.0000
0.0000
0.0000
0.0000
0.0000
0.0000
0.0000
0.0000
0.0000
0.0000
326.9545
278.7076
365.7454
254.3509
329.0039
309.6721
393.9659
384.7535
435.1472
374.7462
272.1347
270.5349
198.7775
183.6860
208.8201
204.3646
247.5730
282.7822
279.3248
306.9877
238.5784
264.7720
297.6550
211.8177
0.0000
0.0000
0.0000
0.0000
0.0000
0.0000
0.0000
0.0000
0.0000
0.0000
0.0000
0.0000
0.0000
0.0000
0.0000
0.0000
0.0000
0.0000
0.0000
0.0000
0.0000
0.0000
602.5646
400.6169
293.9910
429.2196
482.4172
247.4481
319.0166
408.9886
329.3162
235.2372
292.5858
224.5007
215.0675
190.7802
265.8488
267.1218
330.8352
276.2484
321.5001
286.6414
249.7648
373.0176
469.9813
242.2402
0.0000
0.0000
0.0000
0.0000
0.0000
0.0000
0.0000
0.0000
0.0000
0.0000
0.0000
0.0000
0.0000
0.0000
0.0000
0.0000
0.0000
0.0000
0.0000
0.0000
0.0000
0.0000
410.1572
416.4421
356.6059
434.8066
486.4140
383.4375
399.7085
388.8842
298.5083
321.4682
201.2253
149.2998
220.3256
138.0264
207.9343
198.6474
304.1677
409.5503
334.3437
314.9490
437.3583
364.1958
325.8646
469.4086
0.0000
0.0000
0.0000
0.0000
0.0000
0.0000
0.0000
0.0000
0.0000
0.0000
0.0000
0.0000
0.0000
0.0000
0.0000
0.0000
0.0000
0.0000
0.0000
0.0000
0.0000
0.0000
377.9043
317.3152
301.3923
440.8502
549.0908
463.6075
372.0118
421.5484
342.5877
391.0266
208.3823
120.7912
133.2161
163.3240
147.9200
179.7408
224.4805
414.7208
375.9591
512.6242
383.6632
293.1727
395.6346
435.5999
0.0000
0.0000
0.0000
0.0000
0.0000
0.0000
0.0000
0.0000
0.0000
0.0000
0.0000
0.0000
0.0000
0.0000
0.0000
0.0000
0.0000
0.0000
0.0000
0.0000
0.0000
0.0000
482.5892
342.3636
334.4131
793.8226
686.9786
458.7144
363.2357
272.0081
214.6620
245.4930
205.7933
203.4974
209.7080
165.2246
169.4798
203.4739
232.8363
298.0286
361.1750
428.3633
449.3777
295.5721
422.2408
440.9485
0.0000
0.0000
0.0000
0.0000
0.0000
0.0000
0.0000
0.0000
0.0000
0.0000
0.0000
0.0000
0.0000
0.0000
0.0000
0.0000
0.0000
0.0000
0.0000
0.0000
0.0000
0.0000
484.0309
443.4785
430.7214
848.1523
719.1887
416.5872
353.0715
190.4440
227.2708
224.8248
256.5966
257.1537
234.3035
191.2343
178.2811
189.8911
211.2096
403.4945
448.9247
539.4241
454.8590
416.7411
551.0668
645.3190
0.0000
0.0000
0.0000
0.0000
0.0000
0.0000
0.0000
0.0000
0.0000
0.0000
0.0000
0.0000
0.0000
0.0000
0.0000
0.0000
0.0000
0.0000
0.0000
0.0000
0.0000
0.0000
388.7466
354.6609
524.5495
806.3354
649.6654
554.2315
426.1484
285.2365
241.1712
249.9770
279.6945
244.8513
285.9047
211.5291
157.8459
141.7801
194.9210
310.4668
379.7579
616.6710
566.8800
590.4995
780.1121
667.0366
0.0000
0.0000
0.0000
0.0000
0.0000
0.0000
0.0000
0.0000
0.0000
0.0000
0.0000
0.0000
0.0000
0.0000
0.0000
0.0000
0.0000
0.0000
0.0000
0.0000
0.0000
0.0000
407.5273
516.5762
719.2612
746.8019
770.6476
612.1290
385.3974
295.3697
235.9682
216.0094
277.3685
254.5069
181.8710
281.8452
225.8929
274.2161
440.0379
376.7348
319.8794
525.6835
581.6418
801.3902
1105.9497
747.1447
0.0000
0.0000
0.0000
0.0000
0.0000
0.0000
0.0000
0.0000
0.0000
0.0000
0.0000
0.0000
0.0000
0.0000
0.0000
0.0000
0.0000
0.0000
0.0000
0.0000
0.0000
0.0000
342.3075
434.1985
681.3890
502.3278
449.7899
515.2418
382.9054
237.8388
211.4973
211.6830
237.9861
257.4673
228.3200
229.4444
275.4834
333.2891
282.9482
359.6746
359.6291
478.9112
615.7349
849.1111
878.9703
849.1215
0.0000
0.0000
0.0000
0.0000
0.0000
0.0000
0.0000
0.0000
0.0000
0.0000
0.0000
0.0000
0.0000
0.0000
0.0000
0.0000
0.0000
0.0000
0.0000
0.0000
0.0000
0.0000
256.9794
388.5299
510.0461
388.0730
457.4669
422.8543
337.3451
279.3119
292.6230
199.0753
185.1738
245.8880
213.1898
268.1400
273.0971
232.6853
253.1049
296.6450
335.4736
377.8871
460.4803
769.0494
706.7701
661.8054
0.0000
0.0000
0.0000
0.0000
0.0000
0.0000
0.0000
0.0000
0.0000
0.0000
0.0000
0.0000
0.0000
0.0000
0.0000
0.0000
0.0000
0.0000
0.0000
0.0000
0.0000
0.0000
312.3430
442.4506
383.8764
352.2512
469.8924
413.7358
344.5510
350.1436
356.6681
279.3647
226.9873
255.8978
245.3213
265.1466
313.6630
267.9120
316.0415
358.3262
316.9467
381.0503
355.0009
593.4472
851.2015
540.0786
0.0000
0.0000
0.0000
0.0000
0.0000
0.0000
0.0000
0.0000
0.0000
0.0000
0.0000
0.0000
0.0000
0.0000
0.0000
0.0000
0.0000
0.0000
0.0000
0.0000
0.0000
0.0000
339.5134
440.2384
556.6968
920.1843
726.5781
515.8879
406.4398
450.3696
350.4381
290.0602
310.2639
262.7005
232.7367
241.2467
207.9822
327.8251
335.2456
313.8720
460.6807
327.7295
395.2557
544.3410
743.9485
416.6130
0.0000
0.0000
0.0000
0.0000
0.0000
0.0000
0.0000
0.0000
0.0000
0.0000
0.0000
0.0000
0.0000
0.0000
0.0000
0.0000
0.0000
0.0000
0.0000
0.0000
0.0000
0.0000
408.0289
543.2814
819.7744
891.4366
639.9963
432.7153
297.0603
467.3006
346.3882
329.4482
333.4677
241.2736
234.3888
274.5616
233.6097
181.5639
437.6622
363.6203
288.0847
333.6828
305.4806
519.3624
756.0490
589.9809
0.0000
0.0000
0.0000
0.0000
0.0000
0.0000
0.0000
0.0000
0.0000
0.0000
0.0000
0.0000
0.0000
0.0000
0.0000
0.0000
0.0000
0.0000
0.0000
0.0000
0.0000
0.0000
456.2267
577.8565
745.1498
853.1462
814.4816
509.1665
370.1175
372.6317
364.5312
286.4479
240.0167
229.7494
342.4301
317.7606
190.1874
207.3982
224.2056
276.9787
244.5873
296.0889
355.0298
532.5006
373.1714
728.0841
0.0000
0.0000
0.0000
0.0000
0.0000
0.0000
0.0000
0.0000
0.0000
0.0000
0.0000
0.0000
0.0000
0.0000
0.0000
0.0000
0.0000
0.0000
0.0000
0.0000
0.0000
0.0000
243.9593
356.2595
420.8915
512.5129
769.6394
398.5514
327.3296
335.5004
255.5142
283.8258
218.8248
218.4672
326.6150
438.9586
334.3436
202.2492
155.7614
199.6971
190.3478
234.1571
264.1553
420.6464
371.8668
352.2871
0.0000
0.0000
0.0000
0.0000
0.0000
0.0000
0.0000
0.0000
0.0000
0.0000
0.0000
0.0000
0.0000
0.0000
0.0000
0.0000
0.0000
0.0000
0.0000
0.0000
0.0000
0.0000
192.3419
238.4100
313.8369
319.1900
331.5774
350.3649
287.7244
220.6059
213.9604
260.2832
228.0794
245.4794
224.2188
176.1594
184.8218
190.9341
136.4231
158.4444
150.3178
204.9479
281.7502
276.8147
231.2966
360.7869
0.0000
0.0000
0.0000
0.0000
0.0000
0.0000
0.0000
0.0000
0.0000
0.0000
0.0000
0.0000
0.0000
0.0000
0.0000
0.0000
0.0000
0.0000
0.0000
0.0000
0.0000
0.0000
198.5565
164.8714
181.8114
192.1371
252.3867
295.3235
191.5149
175.1033
148.3003
131.5436
189.4174
178.5045
142.3175
126.5118
132.8668
89.7610
101.8874
145.9202
161.4480
168.4831
165.5712
222.3396
207.6397
298.7055
0.0000
0.0000
0.0000
0.0000
0.0000
0.0000
0.0000
0.0000
0.0000
0.0000
0.0000
0.0000
0.0000
0.0000
0.0000
0.0000
0.0000
0.0000
0.0000
0.0000
0.0000
0.0000
235.0447
163.0585
204.9776
195.7977
214.7360
241.5134
141.8504
103.7957
133.1910
131.9558
166.0947
136.1615
90.5715
92.3293
61.2718
52.7071
60.6051
108.7737
95.8889
96.0063
106.5766
93.3049
103.6265
173.9471
0.0000
0.0000
0.0000
0.0000
0.0000
0.0000
0.0000
0.0000
0.0000
0.0000
0.0000
0.0000
0.0000
0.0000
0.0000
0.0000
0.0000
0.0000
0.0000
0.0000
0.0000
0.0000
114.4038
144.3976
192.2811
189.0427
236.3081
160.9178
124.3870
101.8567
105.8750
99.2425
67.5953
99.8488
88.5726
85.7544
78.6805
59.9362
65.2527
77.8806
121.4256
100.5048
72.9278
84.7918
127.1733
123.1687
0.0000
0.0000
0.0000
0.0000
0.0000
0.0000
0.0000
0.0000
0.0000
0.0000
0.0000
0.0000
0.0000
0.0000
0.0000
0.0000
0.0000
0.0000
0.0000
0.0000
0.0000
0.0000
62.7108
101.6174
147.2935
123.2850
152.7533
109.3648
135.4917
103.1119
95.6412
87.4394
69.7673
71.9150
57.6625
66.7100
81.0497
82.9040
52.4061
92.8422
95.2761
61.3238
76.9113
110.0577
146.7540
202.4189
0.0000
0.0000
0.0000
0.0000
0.0000
0.0000
0.0000
0.0000
0.0000
0.0000
0.0000
0.0000
0.0000
0.0000
0.0000
0.0000
0.0000
0.0000
0.0000
0.0000
0.0000
0.0000
61.7636
122.9067
110.0344
116.1915
124.0873
110.6297
101.9453
101.4952
89.5938
78.3323
61.2514
77.0800
59.9527
96.8465
124.7179
60.8405
58.5729
109.1210
77.1127
77.7973
73.5801
85.2482
121.9067
152.8032
0.0000
0.0000
0.0000
0.0000
0.0000
0.0000
0.0000
0.0000
0.0000
0.0000
0.0000
0.0000
0.0000
0.0000
0.0000
0.0000
0.0000
0.0000
0.0000
0.0000
0.0000
0.0000
68.5478
76.2074
103.0046
151.1659
116.8702
82.1758
73.9033
61.4261
59.2988
80.3888
98.9038
74.9913
69.0287
84.6605
138.0102
59.7883
38.0634
50.1678
50.9543
78.3870
55.4281
71.0601
106.3577
146.5135
0.0000
0.0000
0.0000
0.0000
0.0000
0.0000
0.0000
0.0000
0.0000
0.0000
0.0000
0.0000
0.0000
0.0000
0.0000
0.0000
0.0000
0.0000
0.0000
0.0000
0.0000
0.0000
87.0267
94.4020
96.3989
71.9097
76.6610
67.9014
57.4120
39.0386
52.0875
77.8605
88.2195
91.9905
63.0698
92.8336
75.6377
58.0467
57.5216
42.3214
64.8976
86.5811
88.9983
118.9495
106.8413
189.1219
0.0000
0.0000
0.0000
0.0000
0.0000
0.0000
0.0000
0.0000
0.0000
0.0000
0.0000
0.0000
0.0000
0.0000
0.0000
0.0000
0.0000
0.0000
0.0000
0.0000
0.0000
0.0000
104.5771
105.0791
59.4748
66.7992
44.9037
44.4407
46.2913
78.0442
73.8564
76.1448
101.2292
111.4865
113.1162
81.2024
85.1445
54.4488
56.3513
59.6378
79.5866
94.4209
97.6323
126.8761
175.5562
182.2644
179.2914
0.0000
0.0000
0.0000
0.0000
0.0000
0.0000
0.0000
0.0000
0.0000
0.0000
0.0000
0.0000
0.0000
0.0000
0.0000
0.0000
0.0000
0.0000
0.0000
0.0000
0.0000
111.1272
122.3284
82.8689
75.5183
42.7351
67.3994
74.0052
51.6529
49.5973
52.5701
71.1844
114.4098
89.5470
56.5039
77.7672
75.8219
58.6930
47.1408
70.9864
131.0659
162.5799
116.3279
174.0326
202.9510
196.4547
0.0000
0.0000
0.0000
0.0000
0.0000
0.0000
0.0000
0.0000
0.0000
0.0000
0.0000
0.0000
0.0000
0.0000
0.0000
0.0000
0.0000
0.0000
0.0000
0.0000
0.0000
98.0462
106.0930
85.5021
69.8984
45.3332
35.1523
40.9074
38.5169
40.4446
53.9118
41.4578
63.1257
45.8703
60.8378
100.5898
85.7052
81.5829
60.2411
65.2298
77.7028
100.2472
111.1980
137.5710
210.0173
256.2579
381.9258
0.0000
0.0000
0.0000
0.0000
0.0000
0.0000
0.0000
0.0000
0.0000
0.0000
0.0000
0.0000
0.0000
0.0000
0.0000
0.0000
0.0000
0.0000
0.0000
0.0000
57.6273
57.2597
93.3731
62.0354
57.2964
42.0042
27.2502
30.0630
26.5673
48.0437
50.5642
51.5504
46.9454
46.1930
89.6455
93.7615
94.5914
88.7593
67.1185
37.8022
57.2598
63.7202
88.4032
230.2374
405.0404
217.5302
237.1226
0.0000
0.0000
0.0000
0.0000
0.0000
0.0000
0.0000
0.0000
0.0000
0.0000
0.0000
0.0000
0.0000
0.0000
0.0000
0.0000
0.0000
0.0000
0.0000
65.1066
50.3502
74.0757
62.4707
45.5003
26.9708
29.9089
26.5103
20.5812
28.1775
56.2332
60.2724
50.8288
41.8939
63.0695
62.4965
72.9937
58.4337
60.2481
77.4586
71.6572
72.1711
112.7961
153.7232
202.8740
191.8344
224.0104
198.8503
0.0000
0.0000
0.0000
0.0000
0.0000
0.0000
0.0000
0.0000
0.0000
0.0000
0.0000
0.0000
0.0000
0.0000
0.0000
0.0000
0.0000
0.0000
38.9831
50.4100
65.7002
52.2626
61.4868
46.2532
27.5903
23.3454
30.9463
23.3532
48.4562
48.5236
70.0433
96.0297
79.8494
54.8031
51.7642
70.5695
70.5291
67.0460
45.9269
69.3805
86.9118
133.9527
182.7219
129.9173
262.5124
185.4207
0.0000
0.0000
0.0000
0.0000
0.0000
0.0000
0.0000
0.0000
0.0000
0.0000
0.0000
0.0000
0.0000
0.0000
0.0000
0.0000
0.0000
0.0000
23.5294
32.3975
48.5406
54.9720
45.4730
44.6798
22.3631
23.3851
28.7848
37.6113
35.1218
37.8851
48.8709
66.0765
68.6145
46.1581
50.3475
57.3526
50.0642
53.7796
49.3086
61.2532
80.8065
104.5087
161.3959
196.7696
248.0976
248.1358
118.3968
0.0000
0.0000
0.0000
0.0000
0.0000
0.0000
0.0000
0.0000
0.0000
0.0000
0.0000
0.0000
0.0000
0.0000
0.0000
0.0000
0.0000
34.5425
34.9339
38.0829
35.7934
35.9959
34.4365
34.2507
34.1950
29.9509
35.9341
32.8557
42.6926
38.4981
48.7372
40.1397
33.8851
36.8498
45.8930
39.2698
29.8009
49.1763
72.0167
95.8457
117.2228
208.4720
175.6177
165.7519
188.8226
157.5584
0.0000
0.0000
0.0000
0.0000
0.0000
0.0000
0.0000
0.0000
0.0000
0.0000
0.0000
0.0000
0.0000
0.0000
0.0000
0.0000
0.0000
24.1555
35.0223
21.6564
27.2263
28.6741
30.8294
27.8226
32.4510
31.2384
36.1720
32.8330
39.1909
39.8200
53.6933
43.7438
35.6724
37.1503
40.4800
43.2116
44.7326
37.4461
69.7510
101.7834
118.3673
159.4651
204.9971
233.8290
225.2480
169.0228
146.2418
0.0000
0.0000
0.0000
0.0000
0.0000
0.0000
0.0000
0.0000
0.0000
0.0000
0.0000
0.0000
0.0000
0.0000
0.0000
0.0000
31.8635
28.7666
19.6932
18.7798
19.3382
23.0069
29.3993
25.1982
24.0397
36.8758
42.3804
42.2882
44.6141
62.1560
59.0507
39.9317
40.3677
38.1751
44.0920
45.9540
56.1030
59.3602
84.9616
93.1018
170.5704
167.6824
245.1998
204.1582
145.7932
201.5273
98.0026
0.0000
0.0000
0.0000
0.0000
0.0000
0.0000
0.0000
0.0000
0.0000
0.0000
0.0000
0.0000
0.0000
0.0000
0.0000
29.2941
18.8270
17.4518
23.8329
20.3292
19.8510
26.8785
20.8616
21.0987
28.5743
31.6564
42.3395
52.5572
63.8945
46.4231
38.0445
49.7366
45.4810
42.0327
46.4898
48.2046
61.5272
79.4530
128.6457
149.6187
139.0993
165.7523
187.0048
171.9570
141.0109
134.2517
135.7697
0.0000
0.0000
0.0000
0.0000
0.0000
0.0000
0.0000
0.0000
0.0000
0.0000
0.0000
0.0000
0.0000
0.0000
20.3490
15.1013
16.3534
20.5124
26.5708
22.1562
21.5959
16.7177
23.4242
24.3547
45.2290
57.3556
69.2691
50.2163
40.3738
36.2011
55.2437
40.5683
37.2910
67.8757
69.8221
105.7994
81.0589
100.0049
127.5964
162.1477
128.1153
119.4803
154.8798
162.5075
162.9650
126.1505
155.2212
0.0000
0.0000
0.0000
0.0000
0.0000
0.0000
0.0000
0.0000
0.0000
0.0000
0.0000
0.0000
0.0000
16.5561
17.0300
20.3052
22.3028
16.7742
20.1864
14.0610
16.1676
30.1094
30.9890
40.4668
52.7400
58.6391
50.7577
48.3067
37.6754
32.7100
38.9674
43.2579
58.2733
84.0159
110.2396
98.1266
89.7037
87.8005
127.9834
84.4071
76.2998
123.7434
112.0237
153.9819
132.3195
152.6468
0.0000
0.0000
0.0000
0.0000
0.0000
0.0000
0.0000
0.0000
0.0000
0.0000
0.0000
0.0000
0.0000
22.8373
19.6062
21.3132
18.4841
25.9539
24.6401
21.8632
16.0950
22.8377
24.4795
38.5138
50.1440
57.4550
57.7176
54.2516
41.3777
38.0996
29.2217
33.1156
59.0346
78.0775
73.2215
67.6410
78.9924
62.7349
76.8016
63.6654
68.2425
81.0031
98.7432
97.0687
106.2861
164.9313
95.4428
0.0000
0.0000
0.0000
0.0000
0.0000
0.0000
0.0000
0.0000
0.0000
0.0000
0.0000
0.0000
19.6943
22.6738
20.4644
18.2545
25.6222
19.4385
20.1752
18.0869
28.8838
38.1362
37.5079
62.9398
55.6705
53.4604
44.4755
33.5470
15.8535
14.9707
24.0208
38.1584
40.1205
74.3799
44.0665
53.4801
84.1877
66.1468
51.4286
54.2710
64.9343
80.4159
72.9208
104.4569
106.1035
100.6787
63.2106
0.0000
0.0000
0.0000
0.0000
0.0000
0.0000
0.0000
0.0000
0.0000
0.0000
0.0000
34.6329
27.8394
18.6495
19.5570
18.1290
24.2252
31.9851
32.6151
29.9242
23.9672
33.6902
49.0312
34.2675
52.7582
36.8034
33.3547
18.7461
17.1640
29.7638
23.0975
18.9081
29.7855
36.8027
34.4654
48.6019
51.0662
30.9734
61.1859
67.6167
55.5664
68.0031
64.9966
65.8860
61.8332
27.0104
33.8391
0.0000
0.0000
0.0000
0.0000
0.0000
0.0000
0.0000
0.0000
0.0000
0.0000
21.2162
25.8559
18.4416
15.7854
29.5584
28.3064
35.8236
38.5276
35.1675
38.1175
40.9706
53.5859
43.5057
48.7044
28.3622
26.0540
29.5896
23.0662
31.9088
18.7105
26.1812
24.4955
30.1016
30.4050
46.9582
33.6481
42.9922
38.9960
51.7565
45.6844
41.5717
42.0358
50.3025
34.8162
26.5373
20.8185
0.0000
0.0000
0.0000
0.0000
0.0000
0.0000
0.0000
0.0000
0.0000
0.0000
26.9887
27.0352
19.0902
24.4997
26.4641
53.0079
37.9315
45.7434
36.8180
38.4657
37.0500
44.3589
40.0589
41.2687
32.1562
31.6786
35.9917
33.6551
41.8054
27.4072
27.8850
37.0377
31.2292
38.1031
33.8780
45.7001
37.5792
35.1049
42.0329
48.1392
51.2578
45.4781
33.2433
56.2877
44.9252
40.1079
0.0000
0.0000
0.0000
0.0000
0.0000
0.0000
0.0000
0.0000
0.0000
0.0000
23.9291
23.7951
19.8097
27.2644
29.4058
44.9935
44.3623
46.3826
45.4950
36.6883
42.0915
44.0347
40.2296
66.3569
44.7287
46.2097
56.0782
55.9588
40.9694
40.0414
23.8715
27.6214
28.2905
25.2831
47.7453
50.4714
46.1564
28.3356
35.1821
36.1093
46.0155
33.3802
36.0848
56.1042
38.6686
49.9206
0.0000
0.0000
0.0000
0.0000
0.0000
0.0000
0.0000
0.0000
0.0000
0.0000
30.6961
35.7868
32.9543
30.2937
35.7096
48.9975
73.5691
68.1998
49.0225
63.9242
68.2425
56.1816
52.0838
67.9389
74.4314
88.2659
58.9338
46.0475
41.1320
29.6327
33.1964
30.4819
22.8449
30.9711
30.1439
49.6941
61.1156
37.2531
43.4483
37.0384
29.1433
31.0489
42.1112
51.2399
68.7609
67.7133
0.0000
0.0000
0.0000
0.0000
0.0000
0.0000
0.0000
0.0000
0.0000
0.0000
27.6344
34.0848
32.7633
34.7994
52.0390
78.0921
96.4402
65.1691
73.9651
76.6083
66.1892
69.8613
58.7338
69.7765
0.0000
0.0000
54.8980
38.8341
44.7181
25.1540
24.0027
21.6952
16.0205
16.5989
22.8454
39.2702
45.9221
47.8558
49.4838
62.0915
50.6637
49.7454
36.4361
61.4877
45.5402
62.8759
0.0000
0.0000
0.0000
0.0000
0.0000
0.0000
0.0000
0.0000
0.0000
0.0000
22.4008
26.4595
27.8475
33.5691
59.9874
94.9191
95.2066
66.4563
76.3034
82.1919
82.8952
61.0521
63.6399
55.4197
0.0000
0.0000
0.0000
0.0000
0.0000
0.0000
0.0000
0.0000
0.0000
0.0000
18.3002
18.7682
24.2814
39.5137
46.3015
62.1687
67.7850
48.6105
73.8102
43.0969
35.2892
44.1709
0.0000
0.0000
0.0000
0.0000
0.0000
0.0000
0.0000
0.0000
0.0000
0.0000
46.0784
42.5902
41.0361
58.2715
58.9264
90.5051
82.6575
108.1870
78.1523
65.6291
67.8556
52.9447
43.6578
46.8749
0.0000
0.0000
0.0000
0.0000
0.0000
0.0000
0.0000
0.0000
0.0000
0.0000
13.4529
11.5101
18.6897
35.1589
38.0456
47.7178
67.2020
49.5228
60.1525
89.4679
58.1374
49.0047
0.0000
0.0000
0.0000
0.0000
0.0000
0.0000
0.0000
0.0000
0.0000
0.0000
42.4147
47.5017
43.9562
91.2562
92.1598
83.5980
84.7389
84.0715
61.9464
46.9281
40.9146
34.4364
30.2649
43.2068
0.0000
0.0000
0.0000
0.0000
0.0000
0.0000
0.0000
0.0000
0.0000
0.0000
17.5798
14.5235
14.6105
30.2098
29.7265
48.0340
47.2272
35.4239
61.3189
73.7672
66.2229
56.1553
0.0000
0.0000
0.0000
0.0000
0.0000
0.0000
0.0000
0.0000
0.0000
0.0000
39.2224
34.7749
63.1649
79.6512
72.4757
85.6294
114.5253
116.6481
74.8846
52.8577
45.3508
42.2095
30.9755
29.3834
0.0000
0.0000
0.0000
0.0000
0.0000
0.0000
0.0000
0.0000
0.0000
0.0000
18.1749
19.2976
15.0647
17.4124
27.4376
30.5078
45.0611
51.2618
45.5489
65.3846
71.7374
97.7668
0.0000
0.0000
0.0000
0.0000
0.0000
0.0000
0.0000
0.0000
0.0000
0.0000
43.0107
35.1749
56.1907
59.0207
70.7676
81.9503
89.7661
106.3593
95.7748
82.7303
58.2475
31.7842
40.8179
38.4560
0.0000
0.0000
0.0000
0.0000
0.0000
0.0000
0.0000
0.0000
0.0000
0.0000
17.3991
14.5558
16.1625
25.9114
17.6312
16.6344
23.8342
46.5922
50.5040
65.7797
77.0615
85.4744
0.0000
0.0000
0.0000
0.0000
0.0000
0.0000
0.0000
0.0000
0.0000
0.0000
60.3784
52.8200
77.1060
51.9003
58.5419
91.7297
92.4081
79.8911
80.6518
131.0284
56.9033
64.5525
43.6789
30.4822
0.0000
0.0000
0.0000
0.0000
0.0000
0.0000
0.0000
0.0000
0.0000
0.0000
13.3058
12.9823
17.7786
26.2383
24.2818
17.9362
25.3237
36.5874
39.8078
44.7661
56.2699
87.0486
0.0000
0.0000
0.0000
0.0000
0.0000
0.0000
0.0000
0.0000
0.0000
0.0000
62.9067
79.9102
60.6939
62.8062
64.7439
71.6168
68.0841
69.4481
87.2210
76.6970
51.7690
58.6470
41.6437
30.3074
0.0000
0.0000
0.0000
0.0000
0.0000
0.0000
0.0000
0.0000
0.0000
0.0000
10.9751
12.2926
13.5925
22.9511
20.0384
21.6924
27.8729
24.4659
32.6715
46.9171
60.1848
72.4792
0.0000
0.0000
0.0000
0.0000
0.0000
0.0000
0.0000
0.0000
0.0000
0.0000
32.9214
51.5424
68.9015
64.3179
65.4666
61.7828
48.6588
34.3577
48.7369
55.3736
40.3709
58.9386
39.9918
24.2830
0.0000
0.0000
0.0000
0.0000
0.0000
0.0000
0.0000
0.0000
0.0000
0.0000
11.3169
8.7027
15.4052
26.4152
26.3208
29.6432
30.3223
28.0079
25.2356
40.7467
58.1365
63.2847
0.0000
0.0000
0.0000
0.0000
0.0000
0.0000
0.0000
0.0000
0.0000
0.0000
32.6701
48.5544
50.8143
71.0090
45.2509
41.8540
34.4501
33.6147
32.8452
45.5882
39.4278
36.1031
33.8980
27.6965
0.0000
0.0000
0.0000
0.0000
0.0000
0.0000
0.0000
0.0000
0.0000
0.0000
17.2011
9.6704
16.8420
21.5584
21.8016
26.2603
40.4258
48.0587
38.2692
44.7958
70.7351
82.2971
0.0000
0.0000
0.0000
0.0000
0.0000
0.0000
0.0000
0.0000
0.0000
0.0000
23.1696
39.5633
44.5997
47.6677
45.6666
25.6620
26.0756
25.4583
34.9603
37.0466
51.6809
37.7663
28.5247
32.5806
0.0000
0.0000
0.0000
0.0000
0.0000
0.0000
0.0000
0.0000
0.0000
0.0000
16.3232
15.2333
18.6181
20.7579
18.5038
21.8558
34.8887
52.6698
75.7924
58.1152
65.9689
81.9984
0.0000
0.0000
0.0000
0.0000
0.0000
0.0000
0.0000
0.0000
0.0000
0.0000
31.6420
28.4665
27.1724
33.8763
28.2456
21.4735
21.4320
30.3006
35.7719
33.8872
41.1232
33.6916
34.5867
31.5583
0.0000
0.0000
0.0000
0.0000
0.0000
0.0000
0.0000
0.0000
0.0000
0.0000
17.0155
12.0352
13.0407
13.4963
21.0314
35.7222
46.0311
67.4758
102.7018
60.4215
52.2557
53.0845
0.0000
0.0000
0.0000
0.0000
0.0000
0.0000
0.0000
0.0000
0.0000
0.0000
35.8984
34.0378
22.6652
21.5855
22.1405
25.9883
26.9078
28.1686
31.2874
25.0825
40.9363
33.9829
33.2773
32.2621
0.0000
0.0000
0.0000
0.0000
0.0000
0.0000
0.0000
0.0000
0.0000
0.0000
27.8239
20.0716
14.5613
12.8892
21.6638
28.2712
42.9624
60.2040
112.3849
67.8740
50.1776
49.7663
0.0000
0.0000
0.0000
0.0000
0.0000
0.0000
0.0000
0.0000
0.0000
0.0000
44.7055
24.7305
28.6085
27.5583
35.4015
28.3222
28.9076
20.4708
20.8023
24.1533
26.8763
22.5326
31.4243
17.0911
0.0000
0.0000
0.0000
0.0000
0.0000
0.0000
0.0000
0.0000
0.0000
0.0000
27.0344
36.2019
22.0367
24.9762
24.1040
42.3564
57.1975
59.7803
95.8761
85.0297
70.5387
76.8474
0.0000
0.0000
0.0000
0.0000
0.0000
0.0000
0.0000
0.0000
0.0000
0.0000
50.0600
29.4249
26.6380
26.1092
27.0822
25.7880
26.2521
20.9329
20.8902
25.4277
17.9105
22.9299
24.0128
17.4410
0.0000
0.0000
0.0000
0.0000
0.0000
0.0000
0.0000
0.0000
0.0000
0.0000
29.3517
32.8552
27.0963
26.9074
29.6192
44.5917
87.7692
64.4858
90.0997
85.4746
99.1157
87.7569
0.0000
0.0000
0.0000
0.0000
0.0000
0.0000
0.0000
0.0000
0.0000
0.0000
34.4488
27.8053
19.8834
19.8135
31.9980
25.6067
22.2101
24.9220
36.9276
30.8059
25.9975
17.4331
17.2978
21.5054
0.0000
0.0000
0.0000
0.0000
0.0000
0.0000
0.0000
0.0000
0.0000
0.0000
37.6431
44.8299
32.1332
35.0368
40.1893
54.7286
50.5925
68.1754
92.3192
131.8672
86.1874
68.2709
0.0000
0.0000
0.0000
0.0000
0.0000
0.0000
0.0000
0.0000
0.0000
0.0000
35.5948
30.2555
24.9652
26.9006
35.0528
36.7187
33.4401
34.5504
38.4816
33.4562
24.9797
24.0950
15.4108
27.4988
0.0000
0.0000
0.0000
0.0000
0.0000
0.0000
0.0000
0.0000
0.0000
0.0000
52.5579
47.9446
51.6533
57.1424
48.7192
53.4365
86.1246
90.9590
114.4735
77.6527
94.9827
61.5120
0.0000
0.0000
0.0000
0.0000
0.0000
0.0000
0.0000
0.0000
0.0000
0.0000
52.0441
33.6343
34.3097
38.5512
34.3566
43.6854
44.4293
38.6032
43.9869
36.9410
29.5832
29.7739
27.8224
35.2954
0.0000
0.0000
0.0000
0.0000
0.0000
0.0000
0.0000
0.0000
0.0000
0.0000
55.3484
60.5871
52.8535
65.1207
62.2573
65.3873
65.6124
93.9441
105.3549
77.7276
94.8639
127.1828
0.0000
0.0000
0.0000
0.0000
0.0000
0.0000
0.0000
0.0000
0.0000
0.0000
61.1557
36.4538
43.8921
34.8119
37.6826
49.2823
54.3054
54.4600
51.3157
40.9022
25.9790
21.6471
35.8792
45.1078
0.0000
0.0000
0.0000
0.0000
0.0000
0.0000
0.0000
0.0000
0.0000
0.0000
54.7278
58.9176
57.5165
65.7064
56.7134
63.2189
56.1608
73.6734
132.6436
136.4981
124.5403
181.7171
0.0000
0.0000
0.0000
0.0000
0.0000
0.0000
0.0000
0.0000
0.0000
0.0000
0.0000
80.6572
60.5394
62.0765
45.9114
35.4114
46.6644
49.4366
56.1926
49.0887
32.9198
30.8101
54.8742
50.5471
0.0000
0.0000
0.0000
0.0000
0.0000
0.0000
0.0000
0.0000
0.0000
0.0000
80.6089
74.1008
72.6183
41.3117
45.0053
47.4213
48.6610
86.2246
151.3236
131.0503
101.2311
241.3273
0.0000
0.0000
0.0000
0.0000
0.0000
0.0000
0.0000
0.0000
0.0000
0.0000
0.0000
56.6176
90.9811
55.6592
31.7674
48.7898
44.9666
31.2581
41.4976
35.9433
43.1617
0.0000
0.0000
55.4705
0.0000
0.0000
0.0000
0.0000
0.0000
0.0000
0.0000
0.0000
0.0000
0.0000
91.9337
77.2329
85.3837
41.5939
39.4433
40.3063
36.5088
67.7320
77.2257
123.0378
155.5981
192.9606
0.0000
0.0000
0.0000
0.0000
0.0000
0.0000
0.0000
0.0000
0.0000
0.0000
0.0000
0.0000
72.7992
63.7023
43.8473
46.9154
29.7207
42.9398
29.7447
29.6166
31.6260
0.0000
0.0000
0.0000
0.0000
0.0000
0.0000
0.0000
0.0000
0.0000
0.0000
0.0000
0.0000
0.0000
86.1359
80.2979
53.6250
49.5905
48.0844
36.4333
45.7410
69.5431
58.8449
75.7705
156.2116
154.0870
0.0000
0.0000
0.0000
0.0000
0.0000
0.0000
0.0000
0.0000
0.0000
0.0000
0.0000
0.0000
0.0000
49.5853
34.0458
31.5189
29.8372
26.8874
31.1403
44.5681
30.4953
0.0000
0.0000
0.0000
0.0000
0.0000
0.0000
0.0000
0.0000
0.0000
0.0000
0.0000
0.0000
0.0000
72.9466
87.0066
53.4644
80.9750
52.2820
49.3697
53.8320
43.2966
43.4740
59.6470
46.1813
69.1314
0.0000
0.0000
0.0000
0.0000
0.0000
0.0000
0.0000
0.0000
0.0000
0.0000
0.0000
0.0000
0.0000
0.0000
35.1848
27.6685
29.2816
28.4696
48.4392
50.2040
44.2242
0.0000
0.0000
0.0000
0.0000
0.0000
0.0000
0.0000
0.0000
0.0000
0.0000
0.0000
0.0000
0.0000
88.0013
75.3122
78.0313
72.8671
62.5352
73.1365
50.5713
50.5110
47.0258
55.8279
35.2136
45.2338
0.0000
0.0000
0.0000
0.0000
0.0000
0.0000
0.0000
0.0000
0.0000
0.0000
0.0000
0.0000
0.0000
0.0000
35.0191
30.0586
39.6698
38.5335
57.5879
59.3464
36.5952
0.0000
0.0000
0.0000
0.0000
0.0000
0.0000
0.0000
0.0000
0.0000
0.0000
0.0000
0.0000
0.0000
75.6590
39.8544
58.7193
53.4723
67.9716
62.9428
63.8027
36.2730
35.9675
42.1534
46.8541
52.1185
0.0000
0.0000
0.0000
0.0000
0.0000
0.0000
0.0000
0.0000
0.0000
0.0000
0.0000
0.0000
0.0000
0.0000
0.0000
0.0000
28.1462
35.9084
60.7261
49.4790
44.0843
0.0000
0.0000
0.0000
0.0000
0.0000
0.0000
0.0000
0.0000
0.0000
0.0000
0.0000
0.0000
0.0000
0.0000
50.4903
65.0413
40.6140
56.1512
50.6426
31.8349
35.2316
43.6432
30.0683
66.4884
72.6720
0.0000
0.0000
0.0000
0.0000
0.0000
0.0000
0.0000
0.0000
0.0000
0.0000
0.0000
0.0000
0.0000
0.0000
0.0000
0.0000
33.8294
35.8008
43.4011
37.3212
27.8538
0.0000
0.0000
0.0000
0.0000
0.0000
0.0000
0.0000
0.0000
0.0000
0.0000
0.0000
0.0000
0.0000
0.0000
0.0000
0.0000
33.6031
43.9545
29.6204
28.1631
30.2109
39.7640
36.1609
74.7742
63.0714
0.0000
0.0000
0.0000
0.0000
0.0000
0.0000
0.0000
0.0000
0.0000
0.0000
0.0000
0.0000
0.0000
0.0000
0.0000
0.0000
0.0000
54.7820
32.4064
25.7873
25.9997
0.0000
0.0000
0.0000
0.0000
0.0000
0.0000
0.0000
0.0000
0.0000
0.0000
0.0000
0.0000
0.0000
0.0000
0.0000
0.0000
0.0000
36.2867
24.8319
40.7082
26.6378
26.4088
47.8181
59.6181
52.3033
0.0000
0.0000
0.0000
0.0000
0.0000
0.0000
0.0000
0.0000
0.0000
0.0000
0.0000
0.0000
0.0000
0.0000
0.0000
0.0000
0.0000
0.0000
42.4444
29.6193
30.3184
0.0000
0.0000
0.0000
0.0000
0.0000
0.0000
0.0000
0.0000
0.0000
0.0000
0.0000
0.0000
0.0000
0.0000
0.0000
0.0000
0.0000
0.0000
25.4923
47.0545
32.2250
29.8890
47.0607
55.4115
41.0489
0.0000
0.0000
0.0000
0.0000
0.0000
0.0000
0.0000
0.0000
0.0000
0.0000
0.0000
0.0000
0.0000
0.0000
0.0000
0.0000
0.0000
0.0000
46.9246
45.2447
52.7294
0.0000
0.0000
0.0000
0.0000
0.0000
0.0000
0.0000
0.0000
0.0000
0.0000
0.0000
0.0000
0.0000
0.0000
0.0000
0.0000
0.0000
0.0000
0.0000
46.2418
29.1980
26.9623
31.5822
32.2832
51.4462
0.0000
0.0000
0.0000
0.0000
0.0000
0.0000
0.0000
0.0000
0.0000
0.0000
0.0000
0.0000
0.0000
0.0000
0.0000
0.0000
0.0000
0.0000
0.0000
62.2328
63.3454
0.0000
0.0000
0.0000
0.0000
0.0000
0.0000
0.0000
0.0000
0.0000
0.0000
0.0000
0.0000
0.0000
0.0000
0.0000
0.0000
0.0000
0.0000
0.0000
0.0000
0.0000
38.9249
34.3553
29.2526
36.9159
0.0000
0.0000
0.0000
0.0000
0.0000
0.0000
0.0000
0.0000
0.0000
0.0000
0.0000
0.0000
0.0000
0.0000
0.0000
0.0000
0.0000
0.0000
0.0000
0.0000
0.0000
0.0000
0.0000
0.0000
0.0000
0.0000
0.0000
0.0000
0.0000
0.0000
0.0000
0.0000
0.0000
0.0000
0.0000
0.0000
0.0000
0.0000
0.0000
0.0000
0.0000
0.0000
0.0000
34.2087
30.9040
45.5086
0.0000
0.0000
0.0000
0.0000
0.0000
0.0000
0.0000
0.0000
0.0000
0.0000
0.0000
0.0000
0.0000
0.0000
0.0000
0.0000
0.0000
0.0000
0.0000
0.0000
0.0000
0.0000
0.0000
0.0000
0.0000
0.0000
0.0000
0.0000
0.0000
0.0000
0.0000
0.0000
0.0000
0.0000
0.0000
0.0000
0.0000
0.0000
0.0000
0.0000
0.0000
0.0000
0.0000
43.9576
28.2859
59.6704
0.0000
0.0000
0.0000
0.0000
0.0000
0.0000
0.0000
0.0000
0.0000
0.0000
0.0000
0.0000
0.0000
0.0000
0.0000
0.0000
0.0000
0.0000
0.0000
0.0000
0.0000
0.0000
0.0000
0.0000
0.0000
0.0000
0.0000
0.0000
0.0000
0.0000
0.0000
0.0000
0.0000
0.0000
0.0000
0.0000
0.0000
0.0000
0.0000
0.0000
0.0000
0.0000
0.0000
0.0000
0.0000
0.0000
0.0000
0.0000
0.0000
0.0000
0.0000
0.0000
0.0000
0.0000
0.0000
0.0000
0.0000
0.0000
0.0000
0.0000
0.0000
0.0000
0.0000
0.0000
0.0000
0.0000
0.0000
0.0000
0.0000
0.0000
0.0000
0.0000
0.0000
0.0000
0.0000
0.0000
0.0000
0.0000
0.0000
0.0000
0.0000
0.0000
0.0000
0.0000
0.0000
0.0000
0.0000
0.0000
0.0000
0.0000
0.0000
0.0000
0.0000
0.0000
0.0000
0.0000
0.0000
0.0000
0.0000
0.0000
0.0000
0.0000
0.0000
0.0000
0.0000
0.0000
0.0000
0.0000
0.0000
0.0000
0.0000
0.0000
0.0000
0.0000
0.0000
0.0000
0.0000
0.0000
0.0000
0.0000
0.0000
0.0000
0.0000
0.0000
0.0000
0.0000
0.0000
0.0000
0.0000
0.0000
0.0000
0.0000
0.0000
0.0000
0.0000
0.0000
0.0000
0.0000
0.0000
0.0000
0.0000
0.0000
0.0000
0.0000
0.0000
0.0000
0.0000
0.0000
0.0000
0.0000
0.0000
0.0000
0.0000
0.0000
0.0000
0.0000
0.0000
0.0000
0.0000
0.0000
0.0000
0.0000
0.0000
0.0000
0.0000
0.0000
0.0000
0.0000
0.0000
0.0000
0.0000
0.0000
0.0000
0.0000
0.0000
0.0000
0.0000
0.0000
0.0000
0.0000
0.0000
0.0000
0.0000
0.0000
0.0000
0.0000
0.0000
0.0000
0.0000
0.0000
0.0000
0.0000
0.0000
0.0000
0.0000
0.0000
0.0000
0.0000
0.0000
0.0000
0.0000
0.0000
0.0000
0.0000
0.0000
0.0000
0.0000
0.0000
0.0000
0.0000
0.0000
0.0000
0.0000
0.0000
0.0000
0.0000
0.0000
0.0000
0.0000
0.0000
0.0000
0.0000
0.0000
0.0000
0.0000
0.0000
0.0000
0.0000
0.0000
0.0000
0.0000
0.0000
0.0000
0.0000
0.0000
0.0000
0.0000
0.0000
0.0000
0.0000
0.0000
0.0000
0.0000
0.0000
0.0000
0.0000
0.0000
0.0000
0.0000
0.0000
0.0000
0.0000
0.0000
0.0000
0.0000
0.0000
0.0000
0.0000
0.0000
0.0000
0.0000
0.0000
0.0000
0.0000
0.0000
0.0000
0.0000
0.0000
0.0000
0.0000
0.0000
0.0000
0.0000
0.0000
0.0000
0.0000
0.0000
0.0000
0.0000
0.0000
0.0000
0.0000
0.0000
0.0000
0.0000
0.0000
0.0000
0.0000
0.0000
0.0000
0.0000
0.0000
0.0000
0.0000
0.0000
0.0000
0.0000
0.0000
0.0000
0.0000
0.0000
0.0000
0.0000
0.0000
0.0000
0.0000
0.0000
0.0000
0.0000
0.0000
0.0000
0.0000
0.0000
0.0000
0.0000
0.0000
0.0000
0.0000
0.0000
0.0000
0.0000
0.0000
0.0000
0.0000
0.0000
0.0000
0.0000
0.0000
0.0000
0.0000
0.0000
0.0000
0.0000
0.0000
0.0000
0.0000
0.0000
0.0000
0.0000
0.0000
0.0000
0.0000
0.0000
0.0000
0.0000
0.0000
0.0000
0.0000
0.0000
0.0000
0.0000
0.0000
0.0000
0.0000
0.0000
0.0000
0.0000
0.0000
0.0000
0.0000
0.0000
0.0000
0.0000
0.0000
0.0000
0.0000
0.0000
0.0000
0.0000
0.0000
0.0000
0.0000
0.0000
0.0000
0.0000
0.0000
0.0000
0.0000
0.0000
0.0000
0.0000
0.0000
0.0000
0.0000
0.0000
0.0000
0.0000
0.0000
0.0000
0.0000
0.0000
0.0000
0.0000
0.0000
0.0000
0.0000
0.0000
0.0000
0.0000
0.0000
0.0000
0.0000
0.0000
0.0000
0.0000
0.0000
0.0000
0.0000
0.0000
0.0000
0.0000
0.0000
0.0000
0.0000
0.0000
0.0000
0.0000
0.0000
0.0000
0.0000
0.0000
0.0000
0.0000
0.0000
0.0000
0.0000
0.0000
0.0000
0.0000
0.0000
0.0000
0.0000
0.0000
0.0000
0.0000
0.0000
0.0000
0.0000
0.0000
0.0000
0.0000
0.0000
0.0000
0.0000
0.0000
0.0000
0.0000
0.0000
0.0000
0.0000
0.0000
0.0000
0.0000
0.0000
0.0000
0.0000
0.0000
0.0000
0.0000
0.0000
0.0000
0.0000
0.0000
0.0000
0.0000
0.0000
0.0000
0.0000
0.0000
0.0000
0.0000
0.0000
0.0000
0.0000
0.0000
0.0000
0.0000
0.0000
0.0000
0.0000
0.0000
0.0000
0.0000
0.0000
0.0000
0.0000
0.0000
0.0000
0.0000
0.0000
0.0000
0.0000
0.0000
0.0000
0.0000
0.0000
0.0000
0.0000
0.0000
0.0000
0.0000
0.0000
0.0000
0.0000
0.0000
0.0000
0.0000
0.0000
0.0000
0.0000
0.0000
0.0000
0.0000
0.0000
0.0000
0.0000
0.0000
0.0000
0.0000
0.0000
0.0000
0.0000
0.0000
0.0000
0.0000
0.0000
0.0000
0.0000
0.0000
0.0000
0.0000
0.0000
0.0000
0.0000
0.0000
0.0000
0.0000
0.0000
0.0000
0.0000
0.0000
0.0000
0.0000
0.0000
0.0000
0.0000
0.0000
0.0000
0.0000
0.0000
0.0000
0.0000
0.0000
0.0000
0.0000
0.0000
0.0000
0.0000
0.0000
0.0000
0.0000
0.0000
0.0000
0.0000
0.0000
0.0000
0.0000
0.0000
0.0000
0.0000
0.0000
0.0000
0.0000
0.0000
0.0000
0.0000
0.0000
0.0000
0.0000
0.0000
0.0000
0.0000
0.0000
0.0000
0.0000
0.0000
0.0000
0.0000
0.0000
0.0000
0.0000
0.0000
0.0000
0.0000
0.0000
0.0000
0.0000
0.0000
0.0000
0.0000
0.0000
0.0000
0.0000
0.0000
0.0000
0.0000
0.0000
0.0000
0.0000
0.0000
0.0000
0.0000
0.0000
0.0000
0.0000
0.0000
0.0000
0.0000
0.0000
0.0000
0.0000
0.0000
0.0000
0.0000
0.0000
0.0000
0.0000
0.0000
0.0000
0.0000
0.0000
0.0000
0.0000
0.0000
0.0000
0.0000
0.0000
0.0000
0.0000
0.0000
0.0000
0.0000
0.0000
0.0000
0.0000
0.0000
0.0000
0.0000
0.0000
0.0000
0.0000
0.0000
0.0000
0.0000
0.0000
0.0000
0.0000
0.0000
0.0000
0.0000
0.0000
0.0000
0.0000
0.0000
0.0000
0.0000
0.0000
0.0000
0.0000
0.0000
0.0000
0.0000
0.0000
0.0000
0.0000
0.0000
0.0000
0.0000
0.0000
0.0000
0.0000
0.0000
0.0000
0.0000
0.0000
0.0000
0.0000
0.0000
0.0000
0.0000
0.0000
0.0000
0.0000
0.0000
0.0000
0.0000
0.0000
0.0000
0.0000
0.0000
0.0000
0.0000
0.0000
0.0000
0.0000
0.0000
0.0000
0.0000
0.0000
0.0000
0.0000
0.0000
0.0000
0.0000
0.0000
0.0000
0.0000
0.0000
0.0000
0.0000
0.0000
0.0000
0.0000
0.0000
0.0000
0.0000
0.0000
0.0000
0.0000
0.0000
0.0000
0.0000
0.0000
0.0000
0.0000
0.0000
0.0000
0.0000
0.0000
0.0000
0.0000
0.0000
0.0000
0.0000
0.0000
0.0000
0.0000
0.0000
0.0000
0.0000
0.0000
0.0000
0.0000
0.0000
0.0000
0.0000
0.0000
0.0000
0.0000
0.0000
0.0000
0.0000
0.0000
0.0000
0.0000
0.0000
0.0000
0.0000
0.0000
0.0000
0.0000
0.0000
0.0000
0.0000
0.0000
0.0000
0.0000
0.0000
0.0000
0.0000
0.0000
0.0000
0.0000
0.0000
0.0000
0.0000
0.0000
0.0000
0.0000
0.0000
0.0000
0.0000
0.0000
0.0000
0.0000
0.0000
0.0000
0.0000
0.0000
0.0000
0.0000
0.0000
0.0000
0.0000
0.0000
0.0000
0.0000
0.0000
0.0000
0.0000
0.0000
0.0000
0.0000
0.0000
0.0000
0.0000
0.0000
0.0000
0.0000
0.0000
0.0000
0.0000
0.0000
0.0000
0.0000
0.0000
0.0000
0.0000
0.0000
0.0000
0.0000
0.0000
0.0000
0.0000
0.0000
0.0000
0.0000
0.0000
0.0000
0.0000
0.0000
0.0000
0.0000
0.0000
0.0000
0.0000
0.0000
0.0000
0.0000
0.0000
0.0000
0.0000
0.0000
0.0000
0.0000
0.0000
0.0000
0.0000
0.0000
0.0000
0.0000
0.0000
0.0000
0.0000
0.0000
0.0000
0.0000
0.0000
0.0000
0.0000
0.0000
0.0000
0.0000
0.0000
0.0000
0.0000
0.0000
0.0000
0.0000
0.0000
0.0000
0.0000
0.0000
0.0000
0.0000
0.0000
0.0000
0.0000
0.0000
0.0000
0.0000
0.0000
0.0000
0.0000
0.0000
0.0000
0.0000
0.0000
0.0000
0.0000
0.0000
0.0000
0.0000
0.0000
0.0000
0.0000
0.0000
0.0000
0.0000
0.0000
0.0000
0.0000
0.0000
0.0000
0.0000
0.0000
0.0000
0.0000
0.0000
0.0000
0.0000
0.0000
0.0000
0.0000
0.0000
0.0000
0.0000
0.0000
0.0000
0.0000
67.3853
75.4330
76.8733
109.1163
122.0356
171.2379
154.9300
120.9624
182.3852
182.2828
193.6585
245.2718
446.6428
743.9553
426.8994
210.6823
172.8901
72.0650
79.0080
90.8560
82.9766
126.8251
174.0047
164.7402
0.0000
0.0000
0.0000
0.0000
0.0000
0.0000
0.0000
0.0000
0.0000
0.0000
0.0000
0.0000
0.0000
0.0000
0.0000
0.0000
0.0000
0.0000
0.0000
0.0000
0.0000
0.0000
52.5631
80.4705
90.3473
98.9827
126.3788
195.0358
105.1824
105.1254
114.1016
149.9007
180.7344
272.5553
479.1144
483.0452
429.2728
299.5728
143.9532
132.5039
88.6435
107.8311
101.5604
111.7939
138.6084
157.3953
0.0000
0.0000
0.0000
0.0000
0.0000
0.0000
0.0000
0.0000
0.0000
0.0000
0.0000
0.0000
0.0000
0.0000
0.0000
0.0000
0.0000
0.0000
0.0000
0.0000
0.0000
0.0000
42.0729
80.2022
100.5399
81.6594
142.6672
156.0038
115.4520
83.8885
98.1811
143.6493
202.5086
327.4182
470.8403
696.4438
511.1051
316.1140
147.9475
121.6999
130.1872
138.7470
149.4226
177.2091
79.0734
84.5243
0.0000
0.0000
0.0000
0.0000
0.0000
0.0000
0.0000
0.0000
0.0000
0.0000
0.0000
0.0000
0.0000
0.0000
0.0000
0.0000
0.0000
0.0000
0.0000
0.0000
0.0000
0.0000
52.4516
53.6107
98.2467
118.0018
143.1540
149.0133
150.2204
100.0728
122.4220
150.4009
220.2276
283.7086
386.0738
374.1936
370.2935
252.7664
189.0073
141.7117
158.4430
149.4676
173.5097
186.6278
98.9504
91.2286
0.0000
0.0000
0.0000
0.0000
0.0000
0.0000
0.0000
0.0000
0.0000
0.0000
0.0000
0.0000
0.0000
0.0000
0.0000
0.0000
0.0000
0.0000
0.0000
0.0000
0.0000
0.0000
49.1307
84.7259
65.3291
67.9542
83.2933
102.7598
121.5651
184.2395
208.2778
159.9888
190.9766
184.5298
192.8523
244.4549
285.2835
213.3096
134.3172
122.2025
123.6982
186.4872
153.7118
182.7338
179.2315
109.7237
0.0000
0.0000
0.0000
0.0000
0.0000
0.0000
0.0000
0.0000
0.0000
0.0000
0.0000
0.0000
0.0000
0.0000
0.0000
0.0000
0.0000
0.0000
0.0000
0.0000
0.0000
0.0000
77.9064
84.4945
64.6275
79.7933
65.0004
69.5959
95.2861
107.4975
121.1789
159.6885
133.2552
112.3526
200.6001
210.5047
205.6451
140.7262
112.7296
140.9053
110.6873
120.4954
118.2369
138.1735
138.2632
80.9823
0.0000
0.0000
0.0000
0.0000
0.0000
0.0000
0.0000
0.0000
0.0000
0.0000
0.0000
0.0000
0.0000
0.0000
0.0000
0.0000
0.0000
0.0000
0.0000
0.0000
0.0000
0.0000
90.5574
58.8551
49.5478
66.8603
135.5249
84.9676
108.5255
106.5738
107.5128
122.8352
119.3056
121.8020
127.3986
145.3219
136.6885
143.4276
169.0493
154.6726
137.3257
94.5661
77.3745
76.2250
88.1647
131.8257
0.0000
0.0000
0.0000
0.0000
0.0000
0.0000
0.0000
0.0000
0.0000
0.0000
0.0000
0.0000
0.0000
0.0000
0.0000
0.0000
0.0000
0.0000
0.0000
0.0000
0.0000
0.0000
71.2968
62.3013
69.0829
80.9924
98.4552
113.1493
129.4581
119.4704
78.6287
85.5311
97.5497
121.2410
155.8055
136.7700
102.4186
127.4779
122.8971
97.8531
158.5935
101.1569
110.2572
74.5726
100.4844
76.2781
0.0000
0.0000
0.0000
0.0000
0.0000
0.0000
0.0000
0.0000
0.0000
0.0000
0.0000
0.0000
0.0000
0.0000
0.0000
0.0000
0.0000
0.0000
0.0000
0.0000
0.0000
0.0000
91.6173
79.6663
70.4827
97.9765
83.8068
78.7351
125.1925
154.5883
76.7060
121.7339
103.5341
119.3302
130.7546
93.7198
75.8817
67.5912
76.1475
98.8269
127.7730
93.4694
101.1146
85.0600
59.5782
55.5119
0.0000
0.0000
0.0000
0.0000
0.0000
0.0000
0.0000
0.0000
0.0000
0.0000
0.0000
0.0000
0.0000
0.0000
0.0000
0.0000
0.0000
0.0000
0.0000
0.0000
0.0000
0.0000
84.2109
89.9886
92.8225
116.3167
98.0970
93.5889
154.8532
85.4220
121.6379
148.4256
120.8456
105.0089
129.0629
97.3336
73.9519
50.3110
59.1885
80.3863
66.8209
70.1482
96.9583
64.0574
57.6483
45.5790
0.0000
0.0000
0.0000
0.0000
0.0000
0.0000
0.0000
0.0000
0.0000
0.0000
0.0000
0.0000
0.0000
0.0000
0.0000
0.0000
0.0000
0.0000
0.0000
0.0000
0.0000
0.0000
78.2881
86.7743
86.7159
71.5751
108.4675
122.9155
132.3333
100.6285
152.6241
226.4080
125.9158
99.0886
73.1630
69.4657
60.6223
57.8445
49.0593
42.3803
53.2144
91.9343
45.2127
50.3546
40.6760
69.5699
0.0000
0.0000
0.0000
0.0000
0.0000
0.0000
0.0000
0.0000
0.0000
0.0000
0.0000
0.0000
0.0000
0.0000
0.0000
0.0000
0.0000
0.0000
0.0000
0.0000
0.0000
0.0000
166.3820
154.1664
101.0066
90.2930
83.0680
101.6636
85.2890
137.8309
125.7804
159.4803
133.6019
88.7534
85.6581
69.8144
51.1602
58.8139
38.4129
63.4411
52.3077
52.2069
43.6124
31.2131
51.4187
64.1550
0.0000
0.0000
0.0000
0.0000
0.0000
0.0000
0.0000
0.0000
0.0000
0.0000
0.0000
0.0000
0.0000
0.0000
0.0000
0.0000
0.0000
0.0000
0.0000
0.0000
0.0000
0.0000
208.0134
166.0849
100.0507
120.7770
116.0929
163.6547
99.7145
108.2012
132.5840
85.4963
86.8484
61.2021
113.3091
56.0831
64.2681
69.3037
55.5137
51.6379
55.5193
45.5786
55.2805
50.1859
62.8114
64.4041
0.0000
0.0000
0.0000
0.0000
0.0000
0.0000
0.0000
0.0000
0.0000
0.0000
0.0000
0.0000
0.0000
0.0000
0.0000
0.0000
0.0000
0.0000
0.0000
0.0000
0.0000
0.0000
181.0342
172.9623
153.9693
123.8300
121.0667
143.0306
114.6361
121.8627
143.8054
100.1931
94.0908
87.7580
84.7962
69.4052
51.5069
59.7966
54.1392
59.8516
42.8677
47.7355
74.4830
57.0114
75.9569
72.1724
0.0000
0.0000
0.0000
0.0000
0.0000
0.0000
0.0000
0.0000
0.0000
0.0000
0.0000
0.0000
0.0000
0.0000
0.0000
0.0000
0.0000
0.0000
0.0000
0.0000
0.0000
0.0000
172.5395
176.6481
166.1617
181.7122
160.2041
177.2018
108.7811
121.8302
171.8002
131.5392
123.8316
126.5128
68.8785
65.5647
51.9382
51.1768
59.7567
55.3766
64.7557
67.3771
69.3022
63.8731
65.5184
68.8686
0.0000
0.0000
0.0000
0.0000
0.0000
0.0000
0.0000
0.0000
0.0000
0.0000
0.0000
0.0000
0.0000
0.0000
0.0000
0.0000
0.0000
0.0000
0.0000
0.0000
0.0000
0.0000
129.0134
169.2729
170.8197
257.1891
308.0986
237.5320
199.0099
207.7448
132.3718
166.9964
104.0189
92.9994
87.5365
41.3449
45.2806
44.5764
58.5585
57.4658
61.2235
59.0276
50.1051
40.7927
71.9495
50.3013
0.0000
0.0000
0.0000
0.0000
0.0000
0.0000
0.0000
0.0000
0.0000
0.0000
0.0000
0.0000
0.0000
0.0000
0.0000
0.0000
0.0000
0.0000
0.0000
0.0000
0.0000
0.0000
167.9938
187.9457
309.8848
235.8315
279.9983
222.6193
252.8429
238.1057
217.9181
172.6458
116.2407
100.7374
66.5067
54.6054
54.2153
54.0922
57.3325
61.6126
60.7627
70.0055
48.9399
51.5218
57.2983
39.1964
0.0000
0.0000
0.0000
0.0000
0.0000
0.0000
0.0000
0.0000
0.0000
0.0000
0.0000
0.0000
0.0000
0.0000
0.0000
0.0000
0.0000
0.0000
0.0000
0.0000
0.0000
0.0000
313.1067
266.5857
284.5085
418.2987
429.5222
206.5251
261.2344
281.1382
220.5401
149.7704
152.7068
106.5402
83.6955
74.6376
80.3210
78.4803
98.6625
69.8689
77.3485
64.3246
55.0269
68.4949
77.8597
39.0742
0.0000
0.0000
0.0000
0.0000
0.0000
0.0000
0.0000
0.0000
0.0000
0.0000
0.0000
0.0000
0.0000
0.0000
0.0000
0.0000
0.0000
0.0000
0.0000
0.0000
0.0000
0.0000
214.9601
271.9139
285.5937
374.5909
437.9834
353.7448
356.9353
334.0844
256.5333
243.3144
124.4790
79.4880
107.8461
61.0190
90.4636
77.7808
112.0543
150.0981
90.7388
75.9078
91.0872
67.4497
51.3770
66.9488
0.0000
0.0000
0.0000
0.0000
0.0000
0.0000
0.0000
0.0000
0.0000
0.0000
0.0000
0.0000
0.0000
0.0000
0.0000
0.0000
0.0000
0.0000
0.0000
0.0000
0.0000
0.0000
185.8230
188.0560
212.4086
357.4334
505.8882
490.2402
411.3529
481.8967
380.6269
394.1339
165.0939
82.9416
76.4021
90.4568
95.0680
104.5871
123.5839
194.5522
117.2243
119.1459
75.5883
50.8306
64.4442
51.9481
0.0000
0.0000
0.0000
0.0000
0.0000
0.0000
0.0000
0.0000
0.0000
0.0000
0.0000
0.0000
0.0000
0.0000
0.0000
0.0000
0.0000
0.0000
0.0000
0.0000
0.0000
0.0000
237.7583
194.5018
231.6350
635.8114
659.5245
531.7661
457.0757
375.4731
306.3370
287.2492
186.1199
157.7164
137.6318
105.3317
111.1291
136.2305
232.8363
158.5138
136.4184
106.4889
86.6023
53.9298
64.4137
52.2042
0.0000
0.0000
0.0000
0.0000
0.0000
0.0000
0.0000
0.0000
0.0000
0.0000
0.0000
0.0000
0.0000
0.0000
0.0000
0.0000
0.0000
0.0000
0.0000
0.0000
0.0000
0.0000
229.7695
248.8826
291.2079
670.5453
741.8304
495.9915
467.1707
285.9363
333.1964
264.1781
248.4636
213.8204
186.4841
127.8265
112.2344
127.2749
158.7494
222.6497
196.3754
151.9639
94.0881
77.6247
106.7906
85.5414
0.0000
0.0000
0.0000
0.0000
0.0000
0.0000
0.0000
0.0000
0.0000
0.0000
0.0000
0.0000
0.0000
0.0000
0.0000
0.0000
0.0000
0.0000
0.0000
0.0000
0.0000
0.0000
186.6255
189.8192
328.0250
616.9135
629.7610
650.4286
552.0445
407.5586
331.4355
298.7296
271.7431
200.3092
211.1934
148.0008
98.4228
85.1560
102.1857
131.1267
143.2259
162.7981
126.9900
108.6850
126.4019
85.3932
0.0000
0.0000
0.0000
0.0000
0.0000
0.0000
0.0000
0.0000
0.0000
0.0000
0.0000
0.0000
0.0000
0.0000
0.0000
0.0000
0.0000
0.0000
0.0000
0.0000
0.0000
0.0000
191.8681
266.6036
445.2490
553.3225
736.6893
696.5183
490.5102
403.5708
308.5516
256.9594
257.7618
206.2628
128.2222
178.9796
138.6971
141.3011
194.5404
129.5335
89.7822
129.4656
124.0702
139.6914
157.4473
92.5134
0.0000
0.0000
0.0000
0.0000
0.0000
0.0000
0.0000
0.0000
0.0000
0.0000
0.0000
0.0000
0.0000
0.0000
0.0000
0.0000
0.0000
0.0000
0.0000
0.0000
0.0000
0.0000
156.2514
212.9705
394.5537
346.7815
387.4294
544.7697
451.8024
297.4304
243.3434
223.9608
223.7795
207.3854
155.8259
140.7819
157.7118
170.5861
109.8110
108.8137
89.5957
117.5555
138.6168
133.4012
119.9008
113.7497
0.0000
0.0000
0.0000
0.0000
0.0000
0.0000
0.0000
0.0000
0.0000
0.0000
0.0000
0.0000
0.0000
0.0000
0.0000
0.0000
0.0000
0.0000
0.0000
0.0000
0.0000
0.0000
110.3317
171.9366
268.3079
237.2365
342.5068
402.8803
364.4453
297.6458
292.5033
177.1922
153.4311
183.2241
137.4462
148.9269
139.1533
100.6874
86.1700
79.9345
81.3151
89.0680
88.7440
123.1512
107.8066
98.8874
0.0000
0.0000
0.0000
0.0000
0.0000
0.0000
0.0000
0.0000
0.0000
0.0000
0.0000
0.0000
0.0000
0.0000
0.0000
0.0000
0.0000
0.0000
0.0000
0.0000
0.0000
0.0000
112.2841
174.1160
164.2382
178.7361
277.9396
324.8500
335.9449
312.0852
279.1342
206.3488
167.7218
177.3113
154.3967
147.2144
159.5064
110.5309
124.2831
98.3874
76.8028
83.8587
68.7131
109.9104
147.1869
85.7494
0.0000
0.0000
0.0000
0.0000
0.0000
0.0000
0.0000
0.0000
0.0000
0.0000
0.0000
0.0000
0.0000
0.0000
0.0000
0.0000
0.0000
0.0000
0.0000
0.0000
0.0000
0.0000
105.6922
139.5371
183.5171
343.0921
304.4966
285.7607
303.8809
303.7071
216.1160
171.8075
188.7340
169.5479
147.9704
144.5319
115.2563
158.4450
124.1869
91.3491
125.4015
75.3786
81.5553
105.8463
162.0267
77.9369
0.0000
0.0000
0.0000
0.0000
0.0000
0.0000
0.0000
0.0000
0.0000
0.0000
0.0000
0.0000
0.0000
0.0000
0.0000
0.0000
0.0000
0.0000
0.0000
0.0000
0.0000
0.0000
101.7690
136.8589
212.0161
255.7730
230.5361
162.0068
150.9378
224.1467
169.0525
160.4988
181.9897
139.4771
144.9725
176.1938
161.3580
94.0078
170.2565
121.4996
90.1454
92.7487
73.6728
119.5927
166.4946
124.9240
0.0000
0.0000
0.0000
0.0000
0.0000
0.0000
0.0000
0.0000
0.0000
0.0000
0.0000
0.0000
0.0000
0.0000
0.0000
0.0000
0.0000
0.0000
0.0000
0.0000
0.0000
0.0000
91.1755
122.7405
159.2615
190.7220
205.0459
140.7562
126.2652
134.2960
153.5571
132.5430
108.4636
120.3112
193.0371
192.9743
120.5502
115.5798
106.7628
113.5249
88.3501
94.2429
100.0033
136.1048
86.5950
147.8375
0.0000
0.0000
0.0000
0.0000
0.0000
0.0000
0.0000
0.0000
0.0000
0.0000
0.0000
0.0000
0.0000
0.0000
0.0000
0.0000
0.0000
0.0000
0.0000
0.0000
0.0000
0.0000
43.7602
72.8350
84.9460
124.0069
188.9350
108.1155
93.7667
108.7871
102.1801
125.8402
93.2376
97.6113
162.9045
242.4426
202.4733
140.5331
89.2983
102.6626
89.5149
92.8586
88.1668
123.4304
91.5735
74.5953
0.0000
0.0000
0.0000
0.0000
0.0000
0.0000
0.0000
0.0000
0.0000
0.0000
0.0000
0.0000
0.0000
0.0000
0.0000
0.0000
0.0000
0.0000
0.0000
0.0000
0.0000
0.0000
35.9951
44.9166
65.2303
76.0453
109.4283
101.6668
80.4313
71.4817
81.8387
108.9450
98.9127
110.2633
109.8670
99.6707
115.0327
132.3353
91.0498
105.4970
86.9019
97.2356
111.3908
92.5516
62.9023
87.3315
0.0000
0.0000
0.0000
0.0000
0.0000
0.0000
0.0000
0.0000
0.0000
0.0000
0.0000
0.0000
0.0000
0.0000
0.0000
0.0000
0.0000
0.0000
0.0000
0.0000
0.0000
0.0000
41.5383
39.3727
43.0383
46.1767
62.1698
76.6652
59.8944
66.4129
58.9419
57.9251
87.3822
80.7393
67.2547
70.6604
86.2363
62.9345
75.8608
104.8000
102.5175
99.0701
82.9744
87.7090
68.8137
86.3579
0.0000
0.0000
0.0000
0.0000
0.0000
0.0000
0.0000
0.0000
0.0000
0.0000
0.0000
0.0000
0.0000
0.0000
0.0000
0.0000
0.0000
0.0000
0.0000
0.0000
0.0000
0.0000
55.5111
48.5890
55.4233
55.7348
61.0584
66.9216
45.8950
40.5567
58.5721
60.9271
78.2026
69.2292
46.5123
53.8512
38.3364
36.0202
46.7747
83.6733
74.5028
73.4843
70.3926
49.1255
44.2714
64.6553
0.0000
0.0000
0.0000
0.0000
0.0000
0.0000
0.0000
0.0000
0.0000
0.0000
0.0000
0.0000
0.0000
0.0000
0.0000
0.0000
0.0000
0.0000
0.0000
0.0000
0.0000
0.0000
30.5858
42.4786
65.1630
59.6174
79.7738
51.8875
45.7401
44.6279
53.2425
50.9715
36.6034
55.0965
50.5889
52.2913
49.8474
39.6096
51.1169
67.8444
105.2537
85.3546
61.2735
59.6261
73.6816
64.0273
0.0000
0.0000
0.0000
0.0000
0.0000
0.0000
0.0000
0.0000
0.0000
0.0000
0.0000
0.0000
0.0000
0.0000
0.0000
0.0000
0.0000
0.0000
0.0000
0.0000
0.0000
0.0000
17.5662
33.2084
52.1148
43.1163
54.7559
43.4688
59.7754
53.7234
58.3745
53.3536
40.7738
43.3756
35.2035
42.4633
53.5811
54.6363
40.9330
88.3593
99.8645
66.0575
78.8208
103.9941
123.9765
134.7706
0.0000
0.0000
0.0000
0.0000
0.0000
0.0000
0.0000
0.0000
0.0000
0.0000
0.0000
0.0000
0.0000
0.0000
0.0000
0.0000
0.0000
0.0000
0.0000
0.0000
0.0000
0.0000
19.4912
47.1375
45.4979
47.1739
50.5433
48.7608
52.6011
61.6459
60.3661
51.8714
38.3870
49.4281
37.8399
63.3033
83.2173
44.3791
48.9901
108.1055
86.6876
98.9844
82.8943
99.0644
136.0524
151.7161
0.0000
0.0000
0.0000
0.0000
0.0000
0.0000
0.0000
0.0000
0.0000
0.0000
0.0000
0.0000
0.0000
0.0000
0.0000
0.0000
0.0000
0.0000
0.0000
0.0000
0.0000
0.0000
25.3155
33.5746
50.7542
75.5070
59.1306
44.0153
42.2916
41.8531
44.2955
58.1118
62.6718
46.1552
41.9193
54.2933
88.4451
45.0755
33.2509
51.7761
60.1488
108.0691
81.5880
112.4723
147.3398
187.4133
0.0000
0.0000
0.0000
0.0000
0.0000
0.0000
0.0000
0.0000
0.0000
0.0000
0.0000
0.0000
0.0000
0.0000
0.0000
0.0000
0.0000
0.0000
0.0000
0.0000
0.0000
0.0000
34.6316
43.4182
51.9387
39.2833
43.4392
39.3554
35.8911
28.0443
41.5980
57.0716
57.6830
53.9633
37.9075
59.0306
55.4881
51.7441
57.9408
40.6171
81.8619
131.6982
158.2905
216.1369
155.7526
253.4016
0.0000
0.0000
0.0000
0.0000
0.0000
0.0000
0.0000
0.0000
0.0000
0.0000
0.0000
0.0000
0.0000
0.0000
0.0000
0.0000
0.0000
0.0000
0.0000
0.0000
0.0000
0.0000
48.1801
52.4623
33.6397
40.0870
26.6890
27.3369
31.5271
57.3372
60.2089
58.2577
69.4196
68.7095
66.6602
55.9974
70.6390
51.0226
61.4389
68.3355
111.1975
156.2559
194.4801
250.7137
328.7802
348.0780
320.9308
0.0000
0.0000
0.0000
0.0000
0.0000
0.0000
0.0000
0.0000
0.0000
0.0000
0.0000
0.0000
0.0000
0.0000
0.0000
0.0000
0.0000
0.0000
0.0000
0.0000
0.0000
56.5834
65.9767
46.9606
45.5378
27.5827
46.6210
53.8817
39.6510
39.7555
39.0099
49.2919
75.4456
59.8426
42.4539
67.5348
72.7530
65.5102
56.4299
96.7364
191.3860
315.1675
266.5020
400.2089
462.8391
339.6097
0.0000
0.0000
0.0000
0.0000
0.0000
0.0000
0.0000
0.0000
0.0000
0.0000
0.0000
0.0000
0.0000
0.0000
0.0000
0.0000
0.0000
0.0000
0.0000
0.0000
0.0000
53.0670
59.5103
47.5687
42.4241
29.7665
25.8090
32.4568
32.1435
33.0789
41.5686
29.7579
45.3118
33.3686
48.4174
94.4483
86.3898
88.3166
69.6859
78.2128
115.2601
185.4919
217.7932
314.2585
505.4645
550.4445
830.4454
0.0000
0.0000
0.0000
0.0000
0.0000
0.0000
0.0000
0.0000
0.0000
0.0000
0.0000
0.0000
0.0000
0.0000
0.0000
0.0000
0.0000
0.0000
0.0000
0.0000
31.0669
32.1542
54.2803
39.4846
39.5559
32.1592
22.9287
26.2489
23.7143
40.3989
39.3786
38.6959
36.4254
40.5540
86.0469
96.4622
99.3981
96.4207
82.9653
56.9362
107.7346
137.7530
220.9065
497.8291
846.8740
453.4576
449.5991
0.0000
0.0000
0.0000
0.0000
0.0000
0.0000
0.0000
0.0000
0.0000
0.0000
0.0000
0.0000
0.0000
0.0000
0.0000
0.0000
0.0000
0.0000
0.0000
36.3386
28.3459
47.2999
45.0287
35.3774
22.9751
25.7118
25.1708
19.4621
27.1581
47.9570
46.2987
41.1603
38.8212
63.1045
64.1864
78.7548
65.9627
66.3844
114.2332
116.8631
145.2650
264.3515
292.2778
409.3096
386.1525
446.4085
387.7990
0.0000
0.0000
0.0000
0.0000
0.0000
0.0000
0.0000
0.0000
0.0000
0.0000
0.0000
0.0000
0.0000
0.0000
0.0000
0.0000
0.0000
0.0000
24.4830
32.5512
48.2728
40.3562
51.4231
42.8397
25.8074
21.8108
29.8448
22.2048
42.5190
39.5749
61.1408
92.8197
81.9255
58.1427
54.4462
84.0446
88.7898
100.7943
82.4780
130.3246
164.3644
265.3380
359.0959
246.1265
469.6234
351.5434
0.0000
0.0000
0.0000
0.0000
0.0000
0.0000
0.0000
0.0000
0.0000
0.0000
0.0000
0.0000
0.0000
0.0000
0.0000
0.0000
0.0000
0.0000
16.5493
21.7006
37.7002
45.3931
40.1854
42.6470
22.4707
22.1039
26.4002
33.4921
30.7593
36.9055
45.9933
66.9276
76.2768
52.9174
57.9515
76.4678
75.5234
87.8311
85.0241
112.9654
148.7931
189.7297
291.7792
335.7384
368.1456
463.0649
250.1783
0.0000
0.0000
0.0000
0.0000
0.0000
0.0000
0.0000
0.0000
0.0000
0.0000
0.0000
0.0000
0.0000
0.0000
0.0000
0.0000
0.0000
25.8948
26.7495
31.9127
30.8931
32.5547
32.7850
32.2681
30.2980
26.7107
30.4158
31.0994
43.3782
42.5163
56.3364
48.8611
43.9945
49.8256
69.9479
65.0592
48.9638
79.8507
132.0380
186.5056
216.8217
391.3459
339.1595
314.9960
419.1576
372.0103
0.0000
0.0000
0.0000
0.0000
0.0000
0.0000
0.0000
0.0000
0.0000
0.0000
0.0000
0.0000
0.0000
0.0000
0.0000
0.0000
0.0000
17.4974
28.9557
18.8321
25.7119
27.3187
30.4316
26.5062
30.4447
30.3103
33.1518
33.6850
45.5201
52.2381
77.0569
68.0841
57.9659
60.6677
68.0394
75.6612
81.3014
58.6376
124.5429
186.4621
214.4340
317.3338
430.4698
507.1242
548.3386
431.9319
445.7657
0.0000
0.0000
0.0000
0.0000
0.0000
0.0000
0.0000
0.0000
0.0000
0.0000
0.0000
0.0000
0.0000
0.0000
0.0000
0.0000
24.8715
24.2661
17.9977
19.4293
22.1019
25.9785
32.8158
27.0043
27.4766
39.0264
50.1114
59.2866
75.0042
114.0522
111.5105
81.9848
82.4603
77.5890
93.9664
89.0494
103.2059
109.6999
157.6228
173.5304
343.4887
363.5602
564.1839
516.2226
373.5558
608.1702
356.6352
0.0000
0.0000
0.0000
0.0000
0.0000
0.0000
0.0000
0.0000
0.0000
0.0000
0.0000
0.0000
0.0000
0.0000
0.0000
23.1694
15.1669
15.0007
26.5150
25.9556
26.4253
36.1949
27.3088
26.9960
36.7467
43.9089
70.4121
102.2477
134.7769
101.9724
84.7311
118.7400
107.4719
97.9879
97.9420
93.4207
118.8596
156.3530
261.3552
320.2333
313.4707
408.5598
483.9392
503.3242
495.6244
513.5819
524.2124
0.0000
0.0000
0.0000
0.0000
0.0000
0.0000
0.0000
0.0000
0.0000
0.0000
0.0000
0.0000
0.0000
0.0000
16.9506
13.6742
16.4169
25.6145
36.4730
34.8177
33.3307
26.0546
36.1109
36.5770
69.1249
103.1936
142.6847
117.5800
95.6323
84.6427
144.6268
97.8377
95.8582
157.5948
150.4487
226.8851
183.2771
231.4584
299.4900
406.8480
328.6895
329.0006
483.9788
600.3292
654.0198
558.6716
690.9969
0.0000
0.0000
0.0000
0.0000
0.0000
0.0000
0.0000
0.0000
0.0000
0.0000
0.0000
0.0000
0.0000
16.4317
18.7306
24.7233
31.0473
26.5924
38.2564
27.1393
30.5495
58.7326
55.5830
71.2179
101.4400
124.1131
119.2962
123.1776
93.1834
86.9519
103.1332
120.1821
156.6312
205.3685
254.8474
225.0255
224.4567
225.7043
338.2693
242.0077
246.8174
446.4059
453.7616
731.0682
690.2435
819.2070
0.0000
0.0000
0.0000
0.0000
0.0000
0.0000
0.0000
0.0000
0.0000
0.0000
0.0000
0.0000
0.0000
25.7225
25.0276
30.3725
29.4491
49.1243
51.8753
47.2734
32.7930
52.3047
55.1739
79.3260
104.1644
130.0979
149.2015
144.8251
111.8493
104.2956
90.0301
97.0086
169.7744
210.9804
183.7906
160.7989
192.5825
166.4998
217.5331
204.8252
242.2575
334.5568
448.8643
477.9224
622.5048
1009.8881
623.0071
0.0000
0.0000
0.0000
0.0000
0.0000
0.0000
0.0000
0.0000
0.0000
0.0000
0.0000
0.0000
26.4588
35.1650
33.2940
31.4702
49.8814
40.5517
47.4462
43.3887
75.6161
94.5802
91.1499
151.9116
135.7550
146.6978
130.7267
98.1011
50.9410
47.9877
77.1449
102.3576
118.7873
204.8490
114.0958
137.2792
226.3242
195.3621
173.2162
217.5743
287.1927
388.6447
396.6612
635.7253
755.6104
713.3680
410.0432
0.0000
0.0000
0.0000
0.0000
0.0000
0.0000
0.0000
0.0000
0.0000
0.0000
0.0000
48.4053
43.9909
29.2338
34.6683
36.7688
49.5138
79.4763
76.8779
88.8695
65.3209
89.6524
138.0264
95.5212
154.2537
102.7089
83.3797
61.7396
59.8856
97.7583
74.7011
59.8193
86.0236
100.2496
96.0281
144.9528
159.7600
111.1786
252.3578
310.0629
304.0788
364.5053
438.9083
520.9979
483.0657
207.2840
241.5121
0.0000
0.0000
0.0000
0.0000
0.0000
0.0000
0.0000
0.0000
0.0000
0.0000
29.2977
37.6747
28.6900
27.3087
57.6011
59.8346
84.9103
99.6604
101.7526
109.8144
107.1715
145.7113
106.8769
131.7219
79.8855
79.4731
90.7397
77.1816
108.0619
62.2867
75.4892
66.0534
78.2653
80.8624
136.6460
105.7633
149.8825
154.7305
228.4275
262.3538
278.2619
303.5096
423.1702
311.2897
213.4970
171.9403
0.0000
0.0000
0.0000
0.0000
0.0000
0.0000
0.0000
0.0000
0.0000
0.0000
34.9191
37.1193
27.1071
37.2833
43.7930
101.2298
81.7849
98.4215
97.1751
107.8323
98.4586
109.3190
78.2015
85.6891
83.9517
84.6735
104.8283
95.7322
118.6291
80.2608
71.7865
86.5550
67.7148
85.5800
88.7591
133.7536
123.6538
136.6845
203.3564
297.3163
329.7164
357.1167
266.5829
469.9388
350.1170
327.8664
0.0000
0.0000
0.0000
0.0000
0.0000
0.0000
0.0000
0.0000
0.0000
0.0000
28.4637
29.7344
24.9412
36.0443
43.7244
71.8077
77.8574
89.5346
98.1864
83.3726
105.5612
95.4639
84.6439
141.6837
100.3207
107.2606
132.2690
136.2656
103.7441
90.2396
51.4378
53.2696
53.1753
47.3503
108.0579
137.6675
153.9290
113.3263
176.4266
208.4553
338.9042
252.4200
252.0957
435.8570
319.7226
431.9187
0.0000
0.0000
0.0000
0.0000
0.0000
0.0000
0.0000
0.0000
0.0000
0.0000
32.0622
36.8540
34.7093
33.4156
43.2399
66.2971
105.4465
106.0018
86.7127
124.2750
134.0981
115.3781
104.0769
139.3576
155.4799
178.4195
116.0780
95.6530
87.8482
63.1658
63.5022
50.9942
36.6990
49.0441
56.6183
120.0628
197.3746
142.7997
213.8915
227.9482
193.0860
207.8130
247.3097
371.1818
504.1327
427.0038
0.0000
0.0000
0.0000
0.0000
0.0000
0.0000
0.0000
0.0000
0.0000
0.0000
24.9092
29.9641
30.3361
34.6619
53.3501
90.8914
123.9967
87.2061
112.0612
125.7714
116.9203
130.2596
113.3474
135.6836
0.0000
0.0000
95.1303
71.7854
85.7706
46.6916
38.7650
31.1160
20.3845
20.8899
38.5152
91.9972
145.1047
182.8472
223.2029
366.8017
300.4830
335.2583
232.1724
418.8817
334.1569
506.7543
0.0000
0.0000
0.0000
0.0000
0.0000
0.0000
0.0000
0.0000
0.0000
0.0000
20.5915
22.7092
23.9161
29.4657
57.3825
100.9451
118.1361
85.3535
108.7791
123.8345
131.2067
103.3136
119.1985
106.3352
0.0000
0.0000
0.0000
0.0000
0.0000
0.0000
0.0000
0.0000
0.0000
0.0000
29.4416
44.0197
74.6755
147.5857
216.3125
353.6400
428.4043
333.0710
506.2544
293.8447
257.2068
377.0539
0.0000
0.0000
0.0000
0.0000
0.0000
0.0000
0.0000
0.0000
0.0000
0.0000
49.3016
40.7392
34.6681
51.3882
55.2275
94.1670
99.8525
141.8477
114.8874
100.3713
105.7311
84.3752
75.9624
80.7822
0.0000
0.0000
0.0000
0.0000
0.0000
0.0000
0.0000
0.0000
0.0000
0.0000
24.5352
26.7546
56.8503
136.5114
185.8986
289.1243
456.1124
319.4942
418.4258
609.2104
434.7323
465.9271
0.0000
0.0000
0.0000
0.0000
0.0000
0.0000
0.0000
0.0000
0.0000
0.0000
49.4966
51.0266
41.2406
84.4252
88.5804
90.0131
100.0188
116.2227
89.5275
72.2108
62.7478
56.4686
49.6388
68.2354
0.0000
0.0000
0.0000
0.0000
0.0000
0.0000
0.0000
0.0000
0.0000
0.0000
35.4623
36.6964
41.6260
112.4516
137.6189
290.6604
316.5328
258.4552
404.8187
429.6417
531.7838
609.3345
0.0000
0.0000
0.0000
0.0000
0.0000
0.0000
0.0000
0.0000
0.0000
0.0000
53.1682
46.5449
80.2121
88.1666
77.3023
103.9229
149.4533
175.6974
118.4117
85.0237
71.2269
67.2446
52.2199
45.5687
0.0000
0.0000
0.0000
0.0000
0.0000
0.0000
0.0000
0.0000
0.0000
0.0000
39.5190
49.4916
44.6661
58.6668
122.4345
156.7779
291.5760
353.7728
297.9982
459.3073
599.6192
1037.5063
0.0000
0.0000
0.0000
0.0000
0.0000
0.0000
0.0000
0.0000
0.0000
0.0000
68.3799
55.4206
84.1513
81.6322
96.3497
111.4687
133.1195
172.3832
164.5630
146.8541
99.7889
53.5368
67.2782
58.4883
0.0000
0.0000
0.0000
0.0000
0.0000
0.0000
0.0000
0.0000
0.0000
0.0000
42.9112
39.4661
47.3272
87.5919
67.9469
78.5188
128.9623
276.3425
321.5253
447.5985
644.3088
855.7460
0.0000
0.0000
0.0000
0.0000
0.0000
0.0000
0.0000
0.0000
0.0000
0.0000
109.2453
93.6642
136.6670
92.9832
102.1611
145.8785
154.9470
143.3512
154.2325
256.8440
111.6699
119.2272
77.1478
54.7111
0.0000
0.0000
0.0000
0.0000
0.0000
0.0000
0.0000
0.0000
0.0000
0.0000
35.4283
37.4943
51.4888
92.2225
94.6173
79.3128
125.6476
181.3012
231.2205
302.0251
432.7580
782.0530
0.0000
0.0000
0.0000
0.0000
0.0000
0.0000
0.0000
0.0000
0.0000
0.0000
126.7368
145.3905
114.7664
131.6447
131.6228
142.9442
137.5349
143.4041
187.1703
173.9314
119.6083
127.1342
85.8874
67.0694
0.0000
0.0000
0.0000
0.0000
0.0000
0.0000
0.0000
0.0000
0.0000
0.0000
30.5429
41.5098
46.1782
83.4627
75.5282
91.1427
125.9241
117.2541
177.4043
287.4151
395.0302
526.9726
0.0000
0.0000
0.0000
0.0000
0.0000
0.0000
0.0000
0.0000
0.0000
0.0000
68.6186
100.2637
143.4541
150.0982
151.1487
142.3144
122.9932
88.1939
130.7049
147.1940
108.2750
151.6561
108.5605
69.9623
0.0000
0.0000
0.0000
0.0000
0.0000
0.0000
0.0000
0.0000
0.0000
0.0000
36.0690
31.4451
59.1301
101.5349
105.2066
125.4648
133.7107
128.1335
133.6830
233.4131
324.7798
384.1384
0.0000
0.0000
0.0000
0.0000
0.0000
0.0000
0.0000
0.0000
0.0000
0.0000
67.4049
99.6466
114.1643
181.3129
121.4870
118.2237
101.5283
106.7625
107.3718
149.4298
133.0515
124.0162
114.1256
95.3913
0.0000
0.0000
0.0000
0.0000
0.0000
0.0000
0.0000
0.0000
0.0000
0.0000
56.2431
36.5098
63.2447
80.9659
89.7261
112.9716
172.9965
227.7579
191.7728
234.2397
367.3733
434.5244
0.0000
0.0000
0.0000
0.0000
0.0000
0.0000
0.0000
0.0000
0.0000
0.0000
46.4955
90.2105
112.0014
141.3919
143.5030
86.7648
89.0830
92.8433
139.2671
154.5066
211.4270
159.8549
122.1477
136.1896
0.0000
0.0000
0.0000
0.0000
0.0000
0.0000
0.0000
0.0000
0.0000
0.0000
57.0756
55.1783
66.6629
73.7637
69.6128
93.4777
143.6617
238.0390
354.4873
285.3874
340.8010
432.3124
0.0000
0.0000
0.0000
0.0000
0.0000
0.0000
0.0000
0.0000
0.0000
0.0000
66.3953
73.5632
78.5345
110.9634
105.1532
84.1362
87.3060
131.3321
166.4513
166.2179
195.6471
167.6419
184.9035
168.6746
0.0000
0.0000
0.0000
0.0000
0.0000
0.0000
0.0000
0.0000
0.0000
0.0000
60.8683
43.1471
45.2141
42.9072
81.9253
156.3748
190.9728
286.5535
466.0491
295.4095
261.0480
276.6979
0.0000
0.0000
0.0000
0.0000
0.0000
0.0000
0.0000
0.0000
0.0000
0.0000
81.0085
89.9555
69.9058
74.4467
88.3432
107.6368
114.4178
124.2644
147.5753
121.2027
209.5242
164.5626
167.6801
185.5500
0.0000
0.0000
0.0000
0.0000
0.0000
0.0000
0.0000
0.0000
0.0000
0.0000
109.5647
76.6452
56.4763
51.5916
94.5675
123.5835
180.6061
251.1272
491.4145
325.9493
253.5303
257.1529
0.0000
0.0000
0.0000
0.0000
0.0000
0.0000
0.0000
0.0000
0.0000
0.0000
95.7667
63.7100
90.0472
96.9066
144.4272
125.1770
119.4423
92.1922
91.3042
103.9290
123.4983
97.1936
173.9187
96.1604
0.0000
0.0000
0.0000
0.0000
0.0000
0.0000
0.0000
0.0000
0.0000
0.0000
122.1893
156.8533
99.7004
117.3793
115.8568
193.7856
241.7018
245.2841
419.4435
379.2554
322.1165
364.5209
0.0000
0.0000
0.0000
0.0000
0.0000
0.0000
0.0000
0.0000
0.0000
0.0000
98.8777
69.8527
78.2337
93.4869
114.2918
114.2895
120.4074
94.1982
99.1448
125.2639
88.9620
129.6444
155.7693
137.1085
0.0000
0.0000
0.0000
0.0000
0.0000
0.0000
0.0000
0.0000
0.0000
0.0000
136.9755
168.1816
140.7740
134.2892
138.4444
199.9408
366.3415
253.3141
365.5467
345.8423
408.4708
383.7868
0.0000
0.0000
0.0000
0.0000
0.0000
0.0000
0.0000
0.0000
0.0000
0.0000
61.5108
64.8162
57.2011
69.2753
124.2033
112.3234
101.5336
118.8553
180.3242
154.9818
153.0663
113.3549
131.3773
206.6441
0.0000
0.0000
0.0000
0.0000
0.0000
0.0000
0.0000
0.0000
0.0000
0.0000
197.0222
252.0120
167.0009
177.4435
192.2126
248.6471
213.4733
254.4243
331.6849
488.0269
348.8161
284.1581
0.0000
0.0000
0.0000
0.0000
0.0000
0.0000
0.0000
0.0000
0.0000
0.0000
62.4099
70.8198
65.9154
84.2746
128.7489
149.2445
144.8253
153.4536
183.9280
175.3278
151.5508
166.3629
123.0616
231.0957
0.0000
0.0000
0.0000
0.0000
0.0000
0.0000
0.0000
0.0000
0.0000
0.0000
272.8553
273.3429
259.3551
291.1573
241.3717
251.8646
360.4760
337.8995
411.9632
278.6701
355.7224
225.1658
0.0000
0.0000
0.0000
0.0000
0.0000
0.0000
0.0000
0.0000
0.0000
0.0000
78.1981
63.4377
81.0977
106.7885
118.5415
159.9654
167.8906
157.1150
195.9727
193.1439
149.4976
161.5133
202.4043
322.0061
0.0000
0.0000
0.0000
0.0000
0.0000
0.0000
0.0000
0.0000
0.0000
0.0000
308.2882
358.9637
275.7676
304.7057
290.5649
283.0988
274.0318
361.4660
380.6517
275.7506
327.7834
428.6782
0.0000
0.0000
0.0000
0.0000
0.0000
0.0000
0.0000
0.0000
0.0000
0.0000
76.9174
63.0681
96.0471
88.6337
117.1195
157.6531
170.5724
186.1310
205.9823
182.0083
103.8951
118.6460
266.0020
397.0177
0.0000
0.0000
0.0000
0.0000
0.0000
0.0000
0.0000
0.0000
0.0000
0.0000
269.6389
293.1723
246.9736
288.9788
235.7583
259.6005
221.6832
263.6919
468.6256
474.5265
425.4984
565.8835
0.0000
0.0000
0.0000
0.0000
0.0000
0.0000
0.0000
0.0000
0.0000
0.0000
0.0000
128.2033
116.3111
149.4936
133.9537
108.8751
137.2042
151.1948
199.8480
203.0106
141.4112
152.1384
350.0667
394.1003
0.0000
0.0000
0.0000
0.0000
0.0000
0.0000
0.0000
0.0000
0.0000
0.0000
348.5056
303.8697
296.7177
168.0192
183.6176
181.4506
173.6014
287.5242
497.1341
442.9708
319.8209
684.3587
0.0000
0.0000
0.0000
0.0000
0.0000
0.0000
0.0000
0.0000
0.0000
0.0000
0.0000
84.5403
161.7498
126.0513
87.9388
137.0519
121.7666
92.3315
139.2027
132.5393
179.2184
0.0000
0.0000
414.3547
0.0000
0.0000
0.0000
0.0000
0.0000
0.0000
0.0000
0.0000
0.0000
0.0000
333.4440
274.3618
312.7121
157.8274
147.5365
141.5210
124.0213
216.5628
235.4279
384.3447
447.3018
527.4279
0.0000
0.0000
0.0000
0.0000
0.0000
0.0000
0.0000
0.0000
0.0000
0.0000
0.0000
0.0000
130.4943
140.8325
100.9499
119.7471
77.3370
118.0168
92.0106
101.4054
120.9222
0.0000
0.0000
0.0000
0.0000
0.0000
0.0000
0.0000
0.0000
0.0000
0.0000
0.0000
0.0000
0.0000
275.0408
251.9426
170.2140
159.4628
159.1363
121.5739
150.1475
208.6423
177.5441
225.2452
413.9829
395.7808
0.0000
0.0000
0.0000
0.0000
0.0000
0.0000
0.0000
0.0000
0.0000
0.0000
0.0000
0.0000
0.0000
100.1667
70.9662
68.7019
71.2176
71.2021
92.4067
146.9884
109.0492
0.0000
0.0000
0.0000
0.0000
0.0000
0.0000
0.0000
0.0000
0.0000
0.0000
0.0000
0.0000
0.0000
211.8391
254.6705
156.3723
236.6599
157.4796
153.9303
170.3863
125.3728
127.9373
164.3899
119.3248
164.3129
0.0000
0.0000
0.0000
0.0000
0.0000
0.0000
0.0000
0.0000
0.0000
0.0000
0.0000
0.0000
0.0000
0.0000
71.3021
56.5319
66.8357
75.9219
146.5554
165.8651
169.3661
0.0000
0.0000
0.0000
0.0000
0.0000
0.0000
0.0000
0.0000
0.0000
0.0000
0.0000
0.0000
0.0000
253.5783
214.3831
216.1483
203.2232
183.9918
221.3424
161.0552
154.9655
134.3696
146.1376
83.1932
96.5424
0.0000
0.0000
0.0000
0.0000
0.0000
0.0000
0.0000
0.0000
0.0000
0.0000
0.0000
0.0000
0.0000
0.0000
76.1730
65.1694
90.3284
97.9639
161.6205
195.5022
147.5859
0.0000
0.0000
0.0000
0.0000
0.0000
0.0000
0.0000
0.0000
0.0000
0.0000
0.0000
0.0000
0.0000
213.9976
109.8517
168.2340
151.0487
200.6592
189.3831
193.8424
105.5138
96.0769
108.2717
107.1335
108.4095
0.0000
0.0000
0.0000
0.0000
0.0000
0.0000
0.0000
0.0000
0.0000
0.0000
0.0000
0.0000
0.0000
0.0000
0.0000
0.0000
72.7868
93.1682
168.8406
144.9935
181.2755
0.0000
0.0000
0.0000
0.0000
0.0000
0.0000
0.0000
0.0000
0.0000
0.0000
0.0000
0.0000
0.0000
0.0000
149.1984
192.1906
116.0954
158.4951
146.9781
89.4592
95.5488
109.6688
72.9118
137.9300
140.5693
0.0000
0.0000
0.0000
0.0000
0.0000
0.0000
0.0000
0.0000
0.0000
0.0000
0.0000
0.0000
0.0000
0.0000
0.0000
0.0000
97.7055
103.6961
141.0858
140.9522
124.6928
0.0000
0.0000
0.0000
0.0000
0.0000
0.0000
0.0000
0.0000
0.0000
0.0000
0.0000
0.0000
0.0000
0.0000
0.0000
0.0000
98.8749
124.8076
82.4132
71.0747
79.1257
94.2915
78.3201
148.8291
119.2845
0.0000
0.0000
0.0000
0.0000
0.0000
0.0000
0.0000
0.0000
0.0000
0.0000
0.0000
0.0000
0.0000
0.0000
0.0000
0.0000
0.0000
156.2375
113.2469
109.0453
110.5497
0.0000
0.0000
0.0000
0.0000
0.0000
0.0000
0.0000
0.0000
0.0000
0.0000
0.0000
0.0000
0.0000
0.0000
0.0000
0.0000
0.0000
104.2884
69.4755
106.2186
65.5765
58.2071
98.9888
117.0070
98.9949
0.0000
0.0000
0.0000
0.0000
0.0000
0.0000
0.0000
0.0000
0.0000
0.0000
0.0000
0.0000
0.0000
0.0000
0.0000
0.0000
0.0000
0.0000
144.7133
113.4171
114.3488
0.0000
0.0000
0.0000
0.0000
0.0000
0.0000
0.0000
0.0000
0.0000
0.0000
0.0000
0.0000
0.0000
0.0000
0.0000
0.0000
0.0000
0.0000
69.0838
119.9692
76.1754
66.0319
91.3284
97.3439
70.2858
0.0000
0.0000
0.0000
0.0000
0.0000
0.0000
0.0000
0.0000
0.0000
0.0000
0.0000
0.0000
0.0000
0.0000
0.0000
0.0000
0.0000
0.0000
133.4431
133.7435
162.1535
0.0000
0.0000
0.0000
0.0000
0.0000
0.0000
0.0000
0.0000
0.0000
0.0000
0.0000
0.0000
0.0000
0.0000
0.0000
0.0000
0.0000
0.0000
0.0000
110.6939
64.7834
54.0191
55.0871
51.7514
73.1546
0.0000
0.0000
0.0000
0.0000
0.0000
0.0000
0.0000
0.0000
0.0000
0.0000
0.0000
0.0000
0.0000
0.0000
0.0000
0.0000
0.0000
0.0000
0.0000
147.7140
177.9379
0.0000
0.0000
0.0000
0.0000
0.0000
0.0000
0.0000
0.0000
0.0000
0.0000
0.0000
0.0000
0.0000
0.0000
0.0000
0.0000
0.0000
0.0000
0.0000
0.0000
0.0000
68.0417
53.0701
40.7177
45.8307
0.0000
0.0000
0.0000
0.0000
0.0000
0.0000
0.0000
0.0000
0.0000
0.0000
0.0000
0.0000
0.0000
0.0000
0.0000
0.0000
0.0000
0.0000
0.0000
0.0000
0.0000
0.0000
0.0000
0.0000
0.0000
0.0000
0.0000
0.0000
0.0000
0.0000
0.0000
0.0000
0.0000
0.0000
0.0000
0.0000
0.0000
0.0000
0.0000
0.0000
0.0000
0.0000
0.0000
45.7331
40.0552
54.8020
0.0000
0.0000
0.0000
0.0000
0.0000
0.0000
0.0000
0.0000
0.0000
0.0000
0.0000
0.0000
0.0000
0.0000
0.0000
0.0000
0.0000
0.0000
0.0000
0.0000
0.0000
0.0000
0.0000
0.0000
0.0000
0.0000
0.0000
0.0000
0.0000
0.0000
0.0000
0.0000
0.0000
0.0000
0.0000
0.0000
0.0000
0.0000
0.0000
0.0000
0.0000
0.0000
0.0000
52.9231
34.7541
70.0816
0.0000
0.0000
0.0000
0.0000
0.0000
0.0000
0.0000
0.0000
0.0000
0.0000
0.0000
0.0000
0.0000
0.0000
0.0000
0.0000
0.0000
0.0000
0.0000
0.0000
0.0000
0.0000
0.0000
0.0000
0.0000
0.0000
0.0000
0.0000
0.0000
0.0000
0.0000
0.0000
0.0000
0.0000
0.0000
0.0000
0.0000
0.0000
0.0000
0.0000
0.0000
0.0000
0.0000
0.0000
0.0000
0.0000
0.0000
0.0000
0.0000
0.0000
0.0000
0.0000
0.0000
0.0000
0.0000
0.0000
0.0000
0.0000
0.0000
0.0000
0.0000
0.0000
0.0000
0.0000
0.0000
0.0000
0.0000
0.0000
0.0000
0.0000
0.0000
0.0000
0.0000
0.0000
0.0000
0.0000
0.0000
0.0000
0.0000
0.0000
0.0000
0.0000
0.0000
0.0000
0.0000
0.0000
0.0000
0.0000
0.0000
0.0000
0.0000
0.0000
0.0000
0.0000
0.0000
0.0000
0.0000
0.0000
0.0000
0.0000
0.0000
0.0000
0.0000
0.0000
0.0000
0.0000
0.0000
0.0000
0.0000
0.0000
0.0000
0.0000
0.0000
0.0000
0.0000
0.0000
0.0000
0.0000
0.0000
0.0000
0.0000
0.0000
0.0000
0.0000
0.0000
0.0000
0.0000
0.0000
0.0000
0.0000
0.0000
0.0000
0.0000
0.0000
0.0000
0.0000
0.0000
0.0000
0.0000
0.0000
0.0000
0.0000
0.0000
0.0000
0.0000
0.0000
0.0000
0.0000
0.0000
0.0000
0.0000
0.0000
0.0000
0.0000
0.0000
0.0000
0.0000
0.0000
0.0000
0.0000
0.0000
0.0000
0.0000
0.0000
0.0000
0.0000
0.0000
0.0000
0.0000
0.0000
0.0000
0.0000
0.0000
0.0000
0.0000
0.0000
0.0000
0.0000
0.0000
0.0000
0.0000
0.0000
0.0000
0.0000
0.0000
0.0000
0.0000
0.0000
0.0000
0.0000
0.0000
0.0000
0.0000
0.0000
0.0000
0.0000
0.0000
0.0000
0.0000
0.0000
0.0000
0.0000
0.0000
0.0000
0.0000
0.0000
0.0000
0.0000
0.0000
0.0000
0.0000
0.0000
0.0000
0.0000
0.0000
0.0000
0.0000
0.0000
0.0000
0.0000
0.0000
0.0000
0.0000
0.0000
0.0000
0.0000
0.0000
0.0000
0.0000
0.0000
0.0000
0.0000
0.0000
0.0000
0.0000
0.0000
0.0000
0.0000
0.0000
0.0000
0.0000
0.0000
0.0000
0.0000
0.0000
0.0000
0.0000
0.0000
0.0000
0.0000
0.0000
0.0000
0.0000
0.0000
0.0000
0.0000
0.0000
0.0000
0.0000
0.0000
0.0000
0.0000
0.0000
0.0000
0.0000
0.0000
0.0000
0.0000
0.0000
0.0000
0.0000
0.0000
0.0000
0.0000
0.0000
0.0000
0.0000
0.0000
0.0000
0.0000
0.0000
0.0000
0.0000
0.0000
0.0000
0.0000
0.0000
0.0000
0.0000
0.0000
0.0000
0.0000
0.0000
0.0000
0.0000
0.0000
0.0000
0.0000
0.0000
0.0000
0.0000
0.0000
0.0000
0.0000
0.0000
0.0000
0.0000
0.0000
0.0000
0.0000
0.0000
0.0000
0.0000
0.0000
0.0000
0.0000
0.0000
0.0000
0.0000
0.0000
0.0000
0.0000
0.0000
0.0000
0.0000
0.0000
0.0000
0.0000
0.0000
0.0000
0.0000
0.0000
0.0000
0.0000
0.0000
0.0000
0.0000
0.0000
0.0000
0.0000
0.0000
0.0000
0.0000
0.0000
0.0000
0.0000
0.0000
0.0000
0.0000
0.0000
0.0000
0.0000
0.0000
0.0000
0.0000
0.0000
0.0000
0.0000
0.0000
0.0000
0.0000
0.0000
0.0000
0.0000
0.0000
0.0000
0.0000
0.0000
0.0000
0.0000
0.0000
0.0000
0.0000
0.0000
0.0000
0.0000
0.0000
0.0000
0.0000
0.0000
0.0000
0.0000
0.0000
0.0000
0.0000
0.0000
0.0000
0.0000
0.0000
0.0000
0.0000
0.0000
0.0000
0.0000
0.0000
0.0000
0.0000
0.0000
0.0000
0.0000
0.0000
0.0000
0.0000
0.0000
0.0000
0.0000
0.0000
0.0000
0.0000
0.0000
0.0000
0.0000
0.0000
0.0000
0.0000
0.0000
0.0000
0.0000
0.0000
0.0000
0.0000
0.0000
0.0000
0.0000
0.0000
0.0000
0.0000
0.0000
0.0000
0.0000
0.0000
0.0000
0.0000
0.0000
0.0000
0.0000
0.0000
0.0000
0.0000
0.0000
0.0000
0.0000
0.0000
0.0000
0.0000
0.0000
0.0000
0.0000
0.0000
0.0000
0.0000
0.0000
0.0000
0.0000
0.0000
0.0000
0.0000
0.0000
0.0000
0.0000
0.0000
0.0000
0.0000
0.0000
0.0000
0.0000
0.0000
0.0000
0.0000
0.0000
0.0000
0.0000
0.0000
0.0000
0.0000
0.0000
0.0000
0.0000
0.0000
0.0000
0.0000
0.0000
0.0000
0.0000
0.0000
0.0000
0.0000
0.0000
0.0000
0.0000
0.0000
0.0000
0.0000
0.0000
0.0000
0.0000
0.0000
0.0000
0.0000
0.0000
0.0000
0.0000
0.0000
0.0000
0.0000
0.0000
0.0000
0.0000
0.0000
0.0000
0.0000
0.0000
0.0000
0.0000
0.0000
0.0000
0.0000
0.0000
0.0000
0.0000
0.0000
0.0000
0.0000
0.0000
0.0000
0.0000
0.0000
0.0000
0.0000
0.0000
0.0000
0.0000
0.0000
0.0000
0.0000
0.0000
0.0000
0.0000
0.0000
0.0000
0.0000
0.0000
0.0000
0.0000
0.0000
0.0000
0.0000
0.0000
0.0000
0.0000
0.0000
0.0000
0.0000
0.0000
0.0000
0.0000
0.0000
0.0000
0.0000
0.0000
0.0000
0.0000
0.0000
0.0000
0.0000
0.0000
0.0000
0.0000
0.0000
0.0000
0.0000
0.0000
0.0000
0.0000
0.0000
0.0000
0.0000
0.0000
0.0000
0.0000
0.0000
0.0000
0.0000
0.0000
0.0000
0.0000
0.0000
0.0000
0.0000
0.0000
0.0000
0.0000
0.0000
0.0000
0.0000
0.0000
0.0000
0.0000
0.0000
0.0000
0.0000
0.0000
0.0000
0.0000
0.0000
0.0000
0.0000
0.0000
0.0000
0.0000
0.0000
0.0000
0.0000
0.0000
0.0000
0.0000
0.0000
0.0000
0.0000
0.0000
0.0000
0.0000
0.0000
0.0000
0.0000
0.0000
0.0000
0.0000
0.0000
0.0000
0.0000
0.0000
0.0000
0.0000
0.0000
0.0000
0.0000
0.0000
0.0000
0.0000
0.0000
0.0000
0.0000
0.0000
0.0000
0.0000
0.0000
0.0000
0.0000
0.0000
0.0000
0.0000
0.0000
0.0000
0.0000
0.0000
0.0000
0.0000
0.0000
0.0000
0.0000
0.0000
0.0000
0.0000
0.0000
0.0000
0.0000
0.0000
0.0000
0.0000
0.0000
0.0000
0.0000
0.0000
0.0000
0.0000
0.0000
0.0000
0.0000
0.0000
0.0000
0.0000
0.0000
0.0000
0.0000
0.0000
0.0000
0.0000
0.0000
0.0000
0.0000
0.0000
0.0000
0.0000
0.0000
0.0000
0.0000
0.0000
0.0000
0.0000
0.0000
0.0000
0.0000
0.0000
0.0000
0.0000
0.0000
0.0000
0.0000
0.0000
0.0000
0.0000
0.0000
0.0000
0.0000
0.0000
0.0000
0.0000
0.0000
0.0000
0.0000
0.0000
0.0000
0.0000
0.0000
0.0000
0.0000
0.0000
0.0000
0.0000
0.0000
0.0000
0.0000
0.0000
0.0000
0.0000
0.0000
0.0000
0.0000
0.0000
0.0000
0.0000
0.0000
0.0000
0.0000
0.0000
0.0000
0.0000
0.0000
0.0000
0.0000
0.0000
0.0000
0.0000
0.0000
0.0000
0.0000
0.0000
0.0000
0.0000
0.0000
0.0000
0.0000
0.0000
0.0000
0.0000
0.0000
0.0000
0.0000
0.0000
0.0000
0.0000
0.0000
0.0000
0.0000
0.0000
0.0000
0.0000
0.0000
0.0000
0.0000
0.0000
0.0000
0.0000
0.0000
0.0000
0.0000
0.0000
0.0000
0.0000
0.0000
0.0000
0.0000
0.0000
0.0000
0.0000
0.0000
0.0000
0.0000
0.0000
0.0000
0.0000
0.0000
0.0000
0.0000
0.0000
0.0000
0.0000
0.0000
0.0000
0.0000
0.0000
0.0000
0.0000
0.0000
0.0000
0.0000
0.0000
0.0000
0.0000
0.0000
0.0000
0.0000
0.0000
0.0000
0.0000
0.0000
0.0000
0.0000
0.0000
0.0000
0.0000
0.0000
0.0000
0.0000
0.0000
0.0000
0.0000
0.0000
0.0000
0.0000
0.0000
0.0000
0.0000
0.0000
0.0000
0.0000
0.0000
0.0000
0.0000
0.0000
0.0000
0.0000
0.0000
0.0000
0.0000
0.0000
0.0000
0.0000
0.0000
0.0000
0.0000
0.0000
0.0000
0.0000
0.0000
0.0000
0.0000
0.0000
0.0000
0.0000
0.0000
0.0000
0.0000
0.0000
0.0000
0.0000
0.0000
0.0000
0.0000
0.0000
0.0000
0.0000
0.0000
0.0000
0.0000
0.0000
0.0000
0.0000
0.0000
0.0000
0.0000
0.0000
0.0000
0.0000
0.0000
0.0000
0.0000
0.0000
0.0000
0.0000
0.0000
0.0000
0.0000
0.0000
0.0000
0.0000
0.0000
0.0000
0.0000
0.0000
0.0000
0.0000
0.0000
0.0000
0.0000
0.0000
0.0000
0.0000
0.0000
0.0000
0.0000
0.0000
0.0000
0.0000
0.0000
0.0000
0.0000
0.0000
0.0000
139.5867
169.8882
204.5324
360.3253
460.3292
692.2799
684.4136
575.9439
783.0323
661.2277
644.2082
725.9072
1380.3049
2325.3171
1623.4589
885.9770
767.3040
339.2196
328.8210
331.7297
276.9311
411.6447
638.5950
654.2437
0.0000
0.0000
0.0000
0.0000
0.0000
0.0000
0.0000
0.0000
0.0000
0.0000
0.0000
0.0000
0.0000
0.0000
0.0000
0.0000
0.0000
0.0000
0.0000
0.0000
0.0000
0.0000
100.3141
175.2503
248.6373
328.3934
498.0671
809.8990
530.7814
514.5385
495.7856
584.5932
679.0906
897.9542
1544.3120
1700.8134
1548.3022
1044.2177
603.1058
512.5492
312.5219
296.2482
253.8779
308.4208
473.9377
573.9205
0.0000
0.0000
0.0000
0.0000
0.0000
0.0000
0.0000
0.0000
0.0000
0.0000
0.0000
0.0000
0.0000
0.0000
0.0000
0.0000
0.0000
0.0000
0.0000
0.0000
0.0000
0.0000
78.3038
162.8585
264.1547
274.3904
555.5001
585.1403
498.3286
373.0081
385.6166
562.0555
731.0753
1043.3680
1543.0988
2439.2188
1686.1680
1140.2769
582.5833
441.1383
376.4542
351.9426
332.0073
414.3150
245.9822
299.9129
0.0000
0.0000
0.0000
0.0000
0.0000
0.0000
0.0000
0.0000
0.0000
0.0000
0.0000
0.0000
0.0000
0.0000
0.0000
0.0000
0.0000
0.0000
0.0000
0.0000
0.0000
0.0000
96.1924
103.8197
247.1715
350.7436
524.2797
569.7817
625.3048
402.4779
461.1196
573.4404
772.0363
934.6002
1329.7469
1251.6942
1253.7111
875.7753
654.1572
488.4980
455.0288
354.0862
328.5526
365.9268
260.4614
305.4395
0.0000
0.0000
0.0000
0.0000
0.0000
0.0000
0.0000
0.0000
0.0000
0.0000
0.0000
0.0000
0.0000
0.0000
0.0000
0.0000
0.0000
0.0000
0.0000
0.0000
0.0000
0.0000
84.2496
147.0942
143.3424
178.1862
236.5842
343.6536
384.9401
612.5974
665.8676
536.9344
647.2721
647.5193
686.5146
824.6146
965.1280
736.7074
455.7398
369.1018
343.4467
439.3113
262.5120
363.3696
468.0345
405.6230
0.0000
0.0000
0.0000
0.0000
0.0000
0.0000
0.0000
0.0000
0.0000
0.0000
0.0000
0.0000
0.0000
0.0000
0.0000
0.0000
0.0000
0.0000
0.0000
0.0000
0.0000
0.0000
120.8107
136.9507
122.8735
164.1472
144.5275
177.4858
281.8950
317.8111
332.1315
417.5524
418.5742
400.4460
701.0513
671.8455
711.8727
520.6489
406.5962
515.5280
369.5615
358.3409
312.3120
374.9580
457.2679
352.5820
0.0000
0.0000
0.0000
0.0000
0.0000
0.0000
0.0000
0.0000
0.0000
0.0000
0.0000
0.0000
0.0000
0.0000
0.0000
0.0000
0.0000
0.0000
0.0000
0.0000
0.0000
0.0000
124.0154
85.2630
78.7433
105.0449
233.5799
153.5940
236.8227
256.5360
262.2497
323.9787
370.6210
422.9355
454.2928
539.0667
531.5026
584.8345
655.8852
648.8630
554.5408
381.4529
305.9351
305.4898
334.8420
662.3370
0.0000
0.0000
0.0000
0.0000
0.0000
0.0000
0.0000
0.0000
0.0000
0.0000
0.0000
0.0000
0.0000
0.0000
0.0000
0.0000
0.0000
0.0000
0.0000
0.0000
0.0000
0.0000
96.2372
85.4841
100.1665
112.3611
137.9853
177.6287
228.8856
223.5049
176.8481
216.3265
289.8683
407.8805
559.7682
543.8517
466.6411
605.1152
578.5044
429.2324
664.0213
430.5238
537.3001
406.2783
557.0380
479.2858
0.0000
0.0000
0.0000
0.0000
0.0000
0.0000
0.0000
0.0000
0.0000
0.0000
0.0000
0.0000
0.0000
0.0000
0.0000
0.0000
0.0000
0.0000
0.0000
0.0000
0.0000
0.0000
114.1878
107.0322
95.0491
128.6673
107.8426
112.3666
211.1447
283.3429
170.8946
309.3812
317.8215
421.9958
548.7728
419.3314
403.8495
368.8482
428.3048
444.8736
533.7993
518.8115
605.7213
579.1570
412.7498
443.0427
0.0000
0.0000
0.0000
0.0000
0.0000
0.0000
0.0000
0.0000
0.0000
0.0000
0.0000
0.0000
0.0000
0.0000
0.0000
0.0000
0.0000
0.0000
0.0000
0.0000
0.0000
0.0000
106.8334
145.2482
139.8620
153.2405
135.7820
139.8279
264.6122
161.5391
289.5730
416.5097
408.7346
416.0988
600.8254
533.7197
441.5921
361.6040
445.1846
557.1113
391.5901
492.1640
729.0154
544.8998
517.7150
433.0890
0.0000
0.0000
0.0000
0.0000
0.0000
0.0000
0.0000
0.0000
0.0000
0.0000
0.0000
0.0000
0.0000
0.0000
0.0000
0.0000
0.0000
0.0000
0.0000
0.0000
0.0000
0.0000
106.3090
140.8058
144.2394
105.3346
172.6472
218.1880
271.7755
212.6378
382.1215
686.1046
483.1524
451.1151
387.1145
445.4346
473.4649
526.4228
498.4887
450.5620
563.4266
857.8452
435.5146
487.9608
402.9881
750.0079
0.0000
0.0000
0.0000
0.0000
0.0000
0.0000
0.0000
0.0000
0.0000
0.0000
0.0000
0.0000
0.0000
0.0000
0.0000
0.0000
0.0000
0.0000
0.0000
0.0000
0.0000
0.0000
226.3581
227.1330
159.0484
152.3125
151.2767
215.1038
214.7167
347.5595
359.8959
511.1302
535.8768
433.8130
476.4219
495.8972
455.6243
659.2238
450.2549
747.3029
654.8810
602.0324
419.4775
346.5617
599.6301
665.5310
0.0000
0.0000
0.0000
0.0000
0.0000
0.0000
0.0000
0.0000
0.0000
0.0000
0.0000
0.0000
0.0000
0.0000
0.0000
0.0000
0.0000
0.0000
0.0000
0.0000
0.0000
0.0000
259.3900
258.3327
176.0088
211.2554
229.0408
371.0646
265.3428
318.4080
439.7099
319.1689
402.2484
329.7681
705.2402
438.7636
565.0488
704.1037
586.1158
536.7698
600.3591
495.3877
538.7640
520.4956
632.4052
641.0673
0.0000
0.0000
0.0000
0.0000
0.0000
0.0000
0.0000
0.0000
0.0000
0.0000
0.0000
0.0000
0.0000
0.0000
0.0000
0.0000
0.0000
0.0000
0.0000
0.0000
0.0000
0.0000
250.9264
289.1523
296.9447
253.4193
257.4647
326.7370
286.5275
362.8200
504.9562
435.5775
498.6075
551.2338
548.0046
626.4077
492.8776
502.6078
540.8186
621.9173
439.7979
440.4698
549.5463
443.1725
631.1466
538.2360
0.0000
0.0000
0.0000
0.0000
0.0000
0.0000
0.0000
0.0000
0.0000
0.0000
0.0000
0.0000
0.0000
0.0000
0.0000
0.0000
0.0000
0.0000
0.0000
0.0000
0.0000
0.0000
291.6050
331.4141
361.7160
406.7199
368.5979
387.3356
248.3324
342.3652
557.3434
551.5340
648.6569
762.1196
514.5076
568.1406
525.1100
460.0007
515.9516
513.6170
531.3195
536.7302
486.6953
405.0757
410.3239
469.8498
0.0000
0.0000
0.0000
0.0000
0.0000
0.0000
0.0000
0.0000
0.0000
0.0000
0.0000
0.0000
0.0000
0.0000
0.0000
0.0000
0.0000
0.0000
0.0000
0.0000
0.0000
0.0000
290.4379
377.9193
421.2244
638.7328
694.5209
555.2151
456.8021
538.5254
386.4631
645.2515
529.8832
560.6541
484.2389
332.7938
409.1332
351.3516
493.2187
473.7932
475.7137
404.5760
313.4403
219.9809
370.2697
267.7813
0.0000
0.0000
0.0000
0.0000
0.0000
0.0000
0.0000
0.0000
0.0000
0.0000
0.0000
0.0000
0.0000
0.0000
0.0000
0.0000
0.0000
0.0000
0.0000
0.0000
0.0000
0.0000
520.3987
513.0764
828.2707
624.2594
670.2542
515.1711
571.4263
561.6910
551.7695
574.6361
478.3345
498.7055
374.1378
347.8927
390.7446
364.9473
414.8446
454.8098
403.3551
374.1532
244.4350
228.7269
246.3062
167.7532
0.0000
0.0000
0.0000
0.0000
0.0000
0.0000
0.0000
0.0000
0.0000
0.0000
0.0000
0.0000
0.0000
0.0000
0.0000
0.0000
0.0000
0.0000
0.0000
0.0000
0.0000
0.0000
1128.4957
865.2142
811.9356
1209.3333
1072.8721
486.2406
633.5536
637.9187
510.8959
415.7646
516.8838
436.7722
417.0851
350.6904
445.9942
412.8838
516.8644
386.8582
379.7550
264.7975
221.8013
262.3084
279.7480
150.1044
0.0000
0.0000
0.0000
0.0000
0.0000
0.0000
0.0000
0.0000
0.0000
0.0000
0.0000
0.0000
0.0000
0.0000
0.0000
0.0000
0.0000
0.0000
0.0000
0.0000
0.0000
0.0000
816.7282
916.2122
917.3586
1105.1537
1073.2755
779.5700
732.8547
642.8308
497.0080
579.5829
361.2762
283.5779
427.0211
253.7693
346.4334
294.2065
434.9159
538.6347
341.5508
277.4441
297.3062
217.7747
163.6142
229.6905
0.0000
0.0000
0.0000
0.0000
0.0000
0.0000
0.0000
0.0000
0.0000
0.0000
0.0000
0.0000
0.0000
0.0000
0.0000
0.0000
0.0000
0.0000
0.0000
0.0000
0.0000
0.0000
718.0356
687.8507
755.6580
1169.1124
1319.3159
1059.0365
803.3826
915.5344
732.5365
794.1342
406.7661
234.2807
239.6018
279.4997
243.5060
273.7772
325.2582
512.5532
351.3074
401.5836
231.2056
144.7769
187.9784
171.9797
0.0000
0.0000
0.0000
0.0000
0.0000
0.0000
0.0000
0.0000
0.0000
0.0000
0.0000
0.0000
0.0000
0.0000
0.0000
0.0000
0.0000
0.0000
0.0000
0.0000
0.0000
0.0000
963.6996
718.9383
803.1425
1976.3977
1703.1858
1088.7747
833.7564
682.9958
594.1448
548.3156
392.7298
358.9202
329.9368
253.4265
247.7846
289.3242
375.2763
356.4380
342.2430
293.5373
231.6740
141.2715
187.6169
170.2249
0.0000
0.0000
0.0000
0.0000
0.0000
0.0000
0.0000
0.0000
0.0000
0.0000
0.0000
0.0000
0.0000
0.0000
0.0000
0.0000
0.0000
0.0000
0.0000
0.0000
0.0000
0.0000
919.3601
928.0748
1025.8593
2055.7986
1779.6133
1044.7583
897.0428
521.7418
593.5067
494.3672
464.6391
416.7964
369.5845
255.6009
230.2479
252.2487
288.2428
450.4571
406.7145
349.1506
214.6477
184.3600
271.9870
239.8936
0.0000
0.0000
0.0000
0.0000
0.0000
0.0000
0.0000
0.0000
0.0000
0.0000
0.0000
0.0000
0.0000
0.0000
0.0000
0.0000
0.0000
0.0000
0.0000
0.0000
0.0000
0.0000
828.2855
819.8455
1364.0642
2107.7676
1786.1144
1542.1667
1181.1718
780.2093
622.1718
540.0999
508.9621
360.0557
393.4683
300.2796
197.4782
173.1126
215.5995
291.9531
286.9343
339.9557
250.3117
226.9335
303.0553
231.0207
0.0000
0.0000
0.0000
0.0000
0.0000
0.0000
0.0000
0.0000
0.0000
0.0000
0.0000
0.0000
0.0000
0.0000
0.0000
0.0000
0.0000
0.0000
0.0000
0.0000
0.0000
0.0000
939.6153
1295.7994
2039.4248
2178.6592
2585.2002
2076.8281
1267.5374
912.2402
631.5710
488.8648
501.8749
381.8957
246.6467
358.5622
284.2285
308.9411
449.5752
313.8450
203.8343
272.7751
237.5601
296.6811
383.0483
256.4147
0.0000
0.0000
0.0000
0.0000
0.0000
0.0000
0.0000
0.0000
0.0000
0.0000
0.0000
0.0000
0.0000
0.0000
0.0000
0.0000
0.0000
0.0000
0.0000
0.0000
0.0000
0.0000
924.3242
1292.5300
2170.1858
1602.4023
1649.5409
2104.7356
1431.8718
808.3497
584.4958
480.8835
420.5869
374.1366
285.6344
275.3563
336.1271
385.0608
263.5168
281.3502
235.9378
277.2628
317.2290
344.8162
343.9091
339.6315
0.0000
0.0000
0.0000
0.0000
0.0000
0.0000
0.0000
0.0000
0.0000
0.0000
0.0000
0.0000
0.0000
0.0000
0.0000
0.0000
0.0000
0.0000
0.0000
0.0000
0.0000
0.0000
788.6601
1197.5680
1685.1561
1271.3998
1690.7723
1658.3597
1308.1801
919.6437
777.5339
398.5028
307.1110
351.6418
272.3624
320.0202
304.8596
246.8716
236.7522
250.7417
261.7104
267.8084
282.1770
412.8821
389.6685
347.9463
0.0000
0.0000
0.0000
0.0000
0.0000
0.0000
0.0000
0.0000
0.0000
0.0000
0.0000
0.0000
0.0000
0.0000
0.0000
0.0000
0.0000
0.0000
0.0000
0.0000
0.0000
0.0000
923.4993
1362.9904
1116.4569
1041.9629
1541.0382
1594.6560
1463.4502
1142.4622
854.9841
520.2873
368.0940
371.5667
327.9144
329.8726
380.5249
295.2945
359.1759
375.7646
347.7704
383.0436
312.3977
484.4371
676.7820
384.5066
0.0000
0.0000
0.0000
0.0000
0.0000
0.0000
0.0000
0.0000
0.0000
0.0000
0.0000
0.0000
0.0000
0.0000
0.0000
0.0000
0.0000
0.0000
0.0000
0.0000
0.0000
0.0000
978.9725
1248.7701
1429.9435
2466.4143
2049.6497
1715.4397
1513.7673
1250.7494
738.6294
502.0164
478.9259
400.7170
331.7999
319.2575
291.7408
469.1667
471.8359
481.5799
741.8796
500.1007
519.2658
640.8189
893.4594
424.4887
0.0000
0.0000
0.0000
0.0000
0.0000
0.0000
0.0000
0.0000
0.0000
0.0000
0.0000
0.0000
0.0000
0.0000
0.0000
0.0000
0.0000
0.0000
0.0000
0.0000
0.0000
0.0000
975.4152
1384.5416
1948.3489
2223.7419
1806.6587
1167.6539
867.4445
1008.9741
650.8075
556.3472
554.2415
394.2242
362.9692
372.1279
413.9712
339.9081
860.3013
837.5877
723.5892
760.1609
646.2198
945.8357
1260.5736
799.9559
0.0000
0.0000
0.0000
0.0000
0.0000
0.0000
0.0000
0.0000
0.0000
0.0000
0.0000
0.0000
0.0000
0.0000
0.0000
0.0000
0.0000
0.0000
0.0000
0.0000
0.0000
0.0000
969.6844
1430.7635
1738.9930
1982.7001
1918.8960
1143.2491
823.7592
707.4551
675.4752
541.6935
418.7671
421.9390
632.3784
636.7942
431.7997
547.0166
670.8242
944.7737
925.6744
1034.1847
1115.6635
1417.9010
855.6638
1316.9376
0.0000
0.0000
0.0000
0.0000
0.0000
0.0000
0.0000
0.0000
0.0000
0.0000
0.0000
0.0000
0.0000
0.0000
0.0000
0.0000
0.0000
0.0000
0.0000
0.0000
0.0000
0.0000
507.4241
909.5554
1063.8562
1388.8975
1930.5631
955.1636
693.3069
640.1600
528.4272
587.0706
430.6519
442.1462
710.8025
1097.1382
1036.0518
835.8003
679.7296
983.5656
948.3548
1196.7307
1165.0815
1564.3370
1115.4189
757.3217
0.0000
0.0000
0.0000
0.0000
0.0000
0.0000
0.0000
0.0000
0.0000
0.0000
0.0000
0.0000
0.0000
0.0000
0.0000
0.0000
0.0000
0.0000
0.0000
0.0000
0.0000
0.0000
436.3348
617.3619
868.7294
885.4375
1085.6208
937.9130
688.5322
531.6082
530.2624
638.6498
555.9343
603.6018
605.7872
580.0190
740.9380
970.0298
792.9140
991.4252
1074.6943
1490.8134
1613.4644
1352.0952
799.6893
807.9503
0.0000
0.0000
0.0000
0.0000
0.0000
0.0000
0.0000
0.0000
0.0000
0.0000
0.0000
0.0000
0.0000
0.0000
0.0000
0.0000
0.0000
0.0000
0.0000
0.0000
0.0000
0.0000
534.5062
554.3708
598.5212
547.8381
661.5524
746.0158
523.6346
533.2952
461.3622
415.7874
599.3255
559.3365
485.4589
510.1347
662.9394
546.1362
760.5529
1256.8951
1529.7441
1801.5461
1599.6376
1351.8367
779.0262
742.2363
0.0000
0.0000
0.0000
0.0000
0.0000
0.0000
0.0000
0.0000
0.0000
0.0000
0.0000
0.0000
0.0000
0.0000
0.0000
0.0000
0.0000
0.0000
0.0000
0.0000
0.0000
0.0000
725.6626
662.1146
723.5984
615.7961
622.2050
643.3293
411.6252
366.5058
495.6837
499.6496
652.8908
550.3320
372.2036
421.7961
332.5650
357.5197
513.8835
1012.3397
1117.9072
1431.5348
1742.1069
743.9030
434.2473
428.5198
0.0000
0.0000
0.0000
0.0000
0.0000
0.0000
0.0000
0.0000
0.0000
0.0000
0.0000
0.0000
0.0000
0.0000
0.0000
0.0000
0.0000
0.0000
0.0000
0.0000
0.0000
0.0000
381.6026
532.7934
794.4512
614.3963
782.1330
472.6069
389.8138
386.5003
445.8924
447.8745
308.9145
474.3456
393.6440
381.4577
428.8740
373.8361
541.4861
734.0712
1213.8658
1101.0377
793.5449
563.1967
449.3548
258.1881
0.0000
0.0000
0.0000
0.0000
0.0000
0.0000
0.0000
0.0000
0.0000
0.0000
0.0000
0.0000
0.0000
0.0000
0.0000
0.0000
0.0000
0.0000
0.0000
0.0000
0.0000
0.0000
196.7165
361.2809
549.2015
422.0270
490.2120
356.1671
471.2136
454.3528
472.5302
431.9225
344.4585
355.5527
249.4405
324.3820
419.2352
427.1718
362.6211
709.8014
745.1249
466.0203
454.6828
446.4497
377.0850
293.2579
0.0000
0.0000
0.0000
0.0000
0.0000
0.0000
0.0000
0.0000
0.0000
0.0000
0.0000
0.0000
0.0000
0.0000
0.0000
0.0000
0.0000
0.0000
0.0000
0.0000
0.0000
0.0000
216.4394
468.4564
421.7799
403.7234
420.5894
388.7655
412.9327
511.1844
473.7842
395.9272
283.8401
354.3850
258.9198
429.7931
513.5448
281.2502
286.8277
544.5051
391.6001
360.9634
224.8692
199.2960
197.2719
164.0579
0.0000
0.0000
0.0000
0.0000
0.0000
0.0000
0.0000
0.0000
0.0000
0.0000
0.0000
0.0000
0.0000
0.0000
0.0000
0.0000
0.0000
0.0000
0.0000
0.0000
0.0000
0.0000
274.2195
302.5722
412.5494
572.0732
459.0421
336.3958
313.4138
307.1040
337.9705
409.7550
403.9802
280.1688
249.5395
300.0728
394.8853
195.5108
124.4370
158.2861
155.5439
199.8270
104.8894
98.0938
102.2007
101.7927
0.0000
0.0000
0.0000
0.0000
0.0000
0.0000
0.0000
0.0000
0.0000
0.0000
0.0000
0.0000
0.0000
0.0000
0.0000
0.0000
0.0000
0.0000
0.0000
0.0000
0.0000
0.0000
376.5211
371.8478
385.8533
298.9859
320.7305
294.3274
255.9667
202.1505
273.8741
367.9327
341.2201
288.3676
181.7162
258.7440
194.0466
149.0650
137.1889
78.7128
117.5954
133.8302
106.4269
97.6715
58.3612
73.3834
0.0000
0.0000
0.0000
0.0000
0.0000
0.0000
0.0000
0.0000
0.0000
0.0000
0.0000
0.0000
0.0000
0.0000
0.0000
0.0000
0.0000
0.0000
0.0000
0.0000
0.0000
0.0000
479.9872
419.4619
245.9032
277.3666
192.1310
191.1456
217.6270
361.0554
355.1146
333.5498
347.3376
307.0039
247.3135
186.3396
181.5029
102.0678
100.7141
87.5566
100.2464
95.8823
73.5987
65.6758
61.1184
50.8832
42.9667
0.0000
0.0000
0.0000
0.0000
0.0000
0.0000
0.0000
0.0000
0.0000
0.0000
0.0000
0.0000
0.0000
0.0000
0.0000
0.0000
0.0000
0.0000
0.0000
0.0000
0.0000
503.8664
517.8407
329.0276
300.6237
168.7067
285.9596
329.5139
222.5593
193.3441
174.7095
212.1843
286.1448
197.0025
120.6853
130.7526
112.4374
79.8944
50.8083
61.2772
85.7207
79.7511
40.8823
40.4303
34.2261
28.0426
0.0000
0.0000
0.0000
0.0000
0.0000
0.0000
0.0000
0.0000
0.0000
0.0000
0.0000
0.0000
0.0000
0.0000
0.0000
0.0000
0.0000
0.0000
0.0000
0.0000
0.0000
456.7816
467.6298
352.2111
268.3948
160.4702
137.2811
161.5082
150.5994
134.8841
163.3038
104.5357
145.0668
104.0908
122.5147
153.2395
103.7962
83.2893
49.0759
39.6930
39.0404
38.1104
27.8365
22.9938
20.0616
28.7243
56.2106
0.0000
0.0000
0.0000
0.0000
0.0000
0.0000
0.0000
0.0000
0.0000
0.0000
0.0000
0.0000
0.0000
0.0000
0.0000
0.0000
0.0000
0.0000
0.0000
0.0000
263.5743
246.6044
380.4435
238.2251
190.9369
141.3543
93.9787
98.0890
82.8479
131.0957
119.2611
109.1186
97.1829
90.2651
120.7693
101.3409
79.2476
61.8624
37.6651
18.0363
21.2192
16.1237
16.0746
26.2001
45.1764
29.0736
36.5682
0.0000
0.0000
0.0000
0.0000
0.0000
0.0000
0.0000
0.0000
0.0000
0.0000
0.0000
0.0000
0.0000
0.0000
0.0000
0.0000
0.0000
0.0000
0.0000
296.0067
209.7780
307.6695
237.2040
159.4720
83.0482
91.6429
79.6468
59.1593
74.6596
123.6118
115.4787
94.3992
75.8430
76.8277
61.0726
56.5352
36.5670
30.2980
36.6850
26.2421
20.8509
25.5328
23.1186
29.4389
28.7123
38.1032
40.4119
0.0000
0.0000
0.0000
0.0000
0.0000
0.0000
0.0000
0.0000
0.0000
0.0000
0.0000
0.0000
0.0000
0.0000
0.0000
0.0000
0.0000
0.0000
178.7528
217.7752
267.6979
205.1856
220.2308
146.8716
77.0966
63.9255
79.5058
54.7975
95.6261
86.1521
123.5348
163.1707
95.8520
53.7168
38.2502
43.7766
39.9963
33.1781
20.5913
24.4106
22.5791
29.8060
35.1609
24.5126
52.2182
44.0654
0.0000
0.0000
0.0000
0.0000
0.0000
0.0000
0.0000
0.0000
0.0000
0.0000
0.0000
0.0000
0.0000
0.0000
0.0000
0.0000
0.0000
0.0000
112.6368
145.0846
201.4997
207.7096
163.0689
149.1230
63.0220
59.9288
69.8422
82.2135
68.2455
73.2314
88.4874
114.5075
84.3760
44.4566
40.3301
37.1629
31.6137
32.5784
25.7937
26.1116
27.3505
30.0611
41.0832
48.1423
59.4498
75.0960
43.7654
0.0000
0.0000
0.0000
0.0000
0.0000
0.0000
0.0000
0.0000
0.0000
0.0000
0.0000
0.0000
0.0000
0.0000
0.0000
0.0000
0.0000
170.9636
164.8081
166.3325
142.3703
133.7186
112.6615
100.3082
88.5172
70.6903
76.2129
66.2245
82.6426
72.8433
88.4423
51.9357
33.9120
32.3220
33.7484
27.0011
19.0018
29.0027
40.0685
45.9280
44.6179
73.9348
59.6511
56.4004
77.6509
78.1957
0.0000
0.0000
0.0000
0.0000
0.0000
0.0000
0.0000
0.0000
0.0000
0.0000
0.0000
0.0000
0.0000
0.0000
0.0000
0.0000
0.0000
118.0951
180.3071
104.2542
119.0523
117.3748
110.4577
87.9000
86.3267
80.1052
80.5889
69.1226
76.3225
80.7296
100.6110
56.5881
43.1218
36.3763
33.9276
30.4702
30.9291
25.3351
45.4829
60.6415
61.0719
77.8921
93.4310
105.0411
120.6689
114.2233
130.1432
0.0000
0.0000
0.0000
0.0000
0.0000
0.0000
0.0000
0.0000
0.0000
0.0000
0.0000
0.0000
0.0000
0.0000
0.0000
0.0000
164.6210
151.1574
94.7947
90.5725
87.4068
91.8734
102.8356
74.0156
69.8141
89.9019
96.0522
88.7236
94.9979
119.6185
75.6078
56.9333
46.8004
37.7660
34.6463
33.4414
43.0491
47.7854
64.1304
61.3287
104.8411
99.1477
146.4541
148.7592
122.6004
221.1380
137.2830
0.0000
0.0000
0.0000
0.0000
0.0000
0.0000
0.0000
0.0000
0.0000
0.0000
0.0000
0.0000
0.0000
0.0000
0.0000
150.3105
91.4274
79.7088
117.4190
100.9895
93.0264
117.9850
79.1313
67.0864
81.2219
82.3469
96.1147
115.0884
136.9780
80.9634
59.3514
67.3887
54.0680
39.8840
38.5521
39.5983
54.3717
75.0075
104.5905
124.5095
107.1240
140.1133
173.2625
195.3125
206.3242
232.7541
263.0558
0.0000
0.0000
0.0000
0.0000
0.0000
0.0000
0.0000
0.0000
0.0000
0.0000
0.0000
0.0000
0.0000
0.0000
95.6071
71.0334
79.6485
105.9960
150.1038
127.0295
115.1064
75.9592
85.9100
75.6615
117.5937
138.1915
162.1952
117.9262
73.8722
56.9751
81.4385
52.2774
43.3476
73.5276
74.1935
115.0889
93.9320
120.2975
153.9789
187.3988
146.5282
147.6882
216.8772
306.7891
344.2186
309.1208
436.9570
0.0000
0.0000
0.0000
0.0000
0.0000
0.0000
0.0000
0.0000
0.0000
0.0000
0.0000
0.0000
0.0000
75.9786
82.1121
103.0096
118.7122
103.3239
136.4587
88.4770
89.6647
130.6321
107.8715
118.7657
135.8009
152.3167
121.9396
92.2123
60.1571
51.6157
58.0008
59.4148
78.7669
111.2102
143.5067
132.3245
135.8712
141.8294
202.4625
135.7265
128.1542
225.3594
250.1953
438.6009
448.1435
572.1194
0.0000
0.0000
0.0000
0.0000
0.0000
0.0000
0.0000
0.0000
0.0000
0.0000
0.0000
0.0000
0.0000
112.9902
98.7045
115.3948
101.0586
170.2034
188.1738
152.5548
95.9021
122.9053
96.2324
122.7157
134.5123
155.9471
157.3808
117.4128
74.7431
66.7883
50.3116
54.6341
94.5926
119.9253
119.5127
110.7173
139.5229
133.3294
168.6697
144.6515
155.1916
191.7299
295.4035
351.7430
505.5342
871.4666
560.2708
0.0000
0.0000
0.0000
0.0000
0.0000
0.0000
0.0000
0.0000
0.0000
0.0000
0.0000
0.0000
100.3234
125.6746
116.5643
103.3039
151.9185
122.5102
135.9171
109.0695
154.1457
146.4554
128.4069
195.3951
172.1870
160.9971
111.4090
66.3376
32.2839
28.2947
44.4580
67.2704
80.7048
154.9245
97.9150
126.1965
232.5625
197.2534
162.9413
170.4622
206.8537
307.2408
353.2777
631.5122
837.5953
740.1984
431.7369
0.0000
0.0000
0.0000
0.0000
0.0000
0.0000
0.0000
0.0000
0.0000
0.0000
0.0000
155.6417
144.0071
95.9948
105.0738
102.4962
124.1080
190.9301
168.2124
158.0015
97.0730
123.9052
168.8999
122.1083
180.0473
100.6624
71.2253
43.5399
37.8595
64.2092
52.5123
47.5790
78.7613
106.2016
102.6007
178.0979
193.2663
123.7257
257.5373
317.7926
297.5831
449.1669
574.4412
721.1667
646.5294
282.9251
282.0292
0.0000
0.0000
0.0000
0.0000
0.0000
0.0000
0.0000
0.0000
0.0000
0.0000
90.2782
111.4260
85.8940
79.7203
160.6715
147.5442
185.6991
196.9343
169.0811
165.2185
146.7756
190.0317
139.3172
163.1975
91.6936
67.9392
73.1534
56.9487
82.2706
49.5214
76.0503
82.3720
105.7965
119.3460
212.6867
167.4256
226.3944
219.8249
315.8274
347.3805
400.8241
474.0899
682.5721
493.5409
316.8927
230.7083
0.0000
0.0000
0.0000
0.0000
0.0000
0.0000
0.0000
0.0000
0.0000
0.0000
105.3774
104.1760
77.4251
104.0264
110.9635
236.8132
170.8230
185.4355
153.5155
165.3242
123.3513
141.1936
112.0743
117.6748
91.1785
75.9543
84.6035
84.8047
115.4949
83.3049
92.1859
137.9678
119.9436
154.7428
178.1634
262.0750
245.7751
256.5571
330.8274
461.2836
628.7658
681.0947
513.5830
862.8837
566.2663
493.2748
0.0000
0.0000
0.0000
0.0000
0.0000
0.0000
0.0000
0.0000
0.0000
0.0000
88.0219
81.2664
65.4048
87.5906
92.0424
139.4335
143.0723
154.0933
150.9270
118.0473
120.9759
114.4718
101.5782
163.4320
96.0074
101.7669
122.9909
133.4112
115.7123
122.1608
83.1587
107.2148
120.2422
113.6883
282.3226
339.0906
372.5885
252.2520
341.1156
419.2999
735.5347
569.5563
574.9839
915.3069
593.5662
743.9033
0.0000
0.0000
0.0000
0.0000
0.0000
0.0000
0.0000
0.0000
0.0000
0.0000
100.4521
109.4790
89.3122
74.3668
78.0207
106.2213
162.7549
159.5794
124.2020
164.1059
145.9727
122.8156
116.1576
148.1785
156.6617
182.5870
122.2148
113.4764
116.6471
98.3428
121.5732
125.1191
99.6293
150.6458
197.7437
385.1528
565.2013
366.7988
476.7340
483.6504
437.6983
515.3147
676.6075
902.2610
1142.1742
951.4517
0.0000
0.0000
0.0000
0.0000
0.0000
0.0000
0.0000
0.0000
0.0000
0.0000
78.1721
86.8090
72.4931
66.6044
82.5949
127.0374
151.9992
107.8758
137.2977
154.0607
132.1930
131.7069
114.1171
139.1548
0.0000
0.0000
115.5880
99.8087
129.8426
86.0353
89.3848
90.0851
63.8211
74.7961
179.0152
374.5261
503.1384
551.3675
564.9296
813.8525
746.9195
812.1497
653.9050
1141.3577
838.0937
1129.5945
0.0000
0.0000
0.0000
0.0000
0.0000
0.0000
0.0000
0.0000
0.0000
0.0000
60.1937
58.3363
52.3359
50.9486
79.1607
108.6114
126.2956
92.2281
125.3030
142.8699
142.4822
102.6165
123.3085
107.2735
0.0000
0.0000
0.0000
0.0000
0.0000
0.0000
0.0000
0.0000
0.0000
0.0000
155.1447
221.6209
305.7372
472.3658
577.5665
834.0273
1017.5379
835.0823
1431.1403
868.1900
716.2822
899.6658
0.0000
0.0000
0.0000
0.0000
0.0000
0.0000
0.0000
0.0000
0.0000
0.0000
113.1631
89.8541
67.3368
75.7197
61.8062
83.4621
82.9320
127.5171
122.6089
108.9065
110.6706
82.9883
72.7232
78.2187
0.0000
0.0000
0.0000
0.0000
0.0000
0.0000
0.0000
0.0000
0.0000
0.0000
141.0055
129.8175
260.3816
489.9945
543.6970
716.5007
1090.5856
938.6912
1283.9930
1988.0435
1272.4679
1128.2286
0.0000
0.0000
0.0000
0.0000
0.0000
0.0000
0.0000
0.0000
0.0000
0.0000
94.7944
88.8242
63.5348
99.6727
84.0711
71.5188
74.2761
90.0610
86.9199
76.8386
61.3438
51.1371
47.7039
69.8766
0.0000
0.0000
0.0000
0.0000
0.0000
0.0000
0.0000
0.0000
0.0000
0.0000
197.2881
194.4670
197.9404
445.9989
487.0986
831.6196
847.5132
726.7860
1412.1793
1844.9700
1585.7645
1469.9858
0.0000
0.0000
0.0000
0.0000
0.0000
0.0000
0.0000
0.0000
0.0000
0.0000
79.0088
60.2789
95.0985
87.6353
64.7227
76.5958
96.2358
125.5083
96.1989
72.8271
62.4778
57.2722
49.9405
47.3821
0.0000
0.0000
0.0000
0.0000
0.0000
0.0000
0.0000
0.0000
0.0000
0.0000
223.5988
277.6789
244.5910
276.6403
475.8207
552.5778
847.3670
1042.9438
1030.6449
1481.4603
1705.7397
2626.1370
0.0000
0.0000
0.0000
0.0000
0.0000
0.0000
0.0000
0.0000
0.0000
0.0000
72.3868
54.4706
77.7068
69.5546
71.3669
72.0336
78.0562
117.4482
117.5641
109.5860
78.0606
44.9408
59.5977
61.1625
0.0000
0.0000
0.0000
0.0000
0.0000
0.0000
0.0000
0.0000
0.0000
0.0000
219.0727
233.2640
273.2215
465.4889
298.7991
296.4302
428.7039
837.6898
1007.6236
1435.7268
1756.7035
2100.6458
0.0000
0.0000
0.0000
0.0000
0.0000
0.0000
0.0000
0.0000
0.0000
0.0000
84.7229
73.8354
103.0918
72.8061
68.3281
84.7377
92.5951
100.7288
120.7571
180.0781
83.8939
91.0539
68.1034
56.3908
0.0000
0.0000
0.0000
0.0000
0.0000
0.0000
0.0000
0.0000
0.0000
0.0000
180.1427
214.7056
284.9376
467.0697
428.8525
316.7481
432.4928
627.2996
668.3715
780.0436
1069.5291
1879.9879
0.0000
0.0000
0.0000
0.0000
0.0000
0.0000
0.0000
0.0000
0.0000
0.0000
74.2567
96.3739
75.0720
80.8849
77.9730
76.0196
73.2306
91.7979
115.9715
111.1786
85.7855
97.5237
75.8785
68.0748
0.0000
0.0000
0.0000
0.0000
0.0000
0.0000
0.0000
0.0000
0.0000
0.0000
144.0485
217.3694
235.2998
397.3749
327.5045
344.2724
427.7096
371.0010
467.4044
683.1448
914.9189
1085.3077
0.0000
0.0000
0.0000
0.0000
0.0000
0.0000
0.0000
0.0000
0.0000
0.0000
38.2449
57.9534
92.2911
87.3443
79.7646
74.8135
62.8459
48.9580
75.2571
85.5071
75.1583
116.5813
93.6624
66.8289
0.0000
0.0000
0.0000
0.0000
0.0000
0.0000
0.0000
0.0000
0.0000
0.0000
176.0814
156.8105
292.0822
449.3514
414.3818
436.0654
408.1142
419.2375
345.2209
531.9685
721.1453
787.8716
0.0000
0.0000
0.0000
0.0000
0.0000
0.0000
0.0000
0.0000
0.0000
0.0000
31.9488
49.7574
63.6663
0.0000
68.2022
70.4257
65.4215
0.0000
68.7518
103.5545
99.4586
100.5892
114.3266
102.6246
0.0000
0.0000
0.0000
0.0000
0.0000
0.0000
0.0000
0.0000
0.0000
0.0000
270.0990
173.6087
303.4519
343.1367
330.0724
336.0407
483.2939
578.5859
421.3008
537.9990
725.0035
819.5016
0.0000
0.0000
0.0000
0.0000
0.0000
0.0000
0.0000
0.0000
0.0000
0.0000
0.0000
46.4716
0.0000
0.0000
0.0000
0.0000
0.0000
0.0000
95.4423
0.0000
0.0000
146.8950
0.0000
155.6444
0.0000
0.0000
0.0000
0.0000
0.0000
0.0000
0.0000
0.0000
0.0000
0.0000
268.5374
259.5568
314.1714
325.3889
270.2806
275.9898
390.5534
537.2554
729.4405
601.5200
648.1468
747.0235
0.0000
0.0000
0.0000
0.0000
0.0000
0.0000
0.0000
0.0000
0.0000
0.0000
0.0000
0.0000
0.0000
0.0000
0.0000
0.0000
0.0000
0.0000
0.0000
0.0000
0.0000
0.0000
0.0000
0.0000
0.0000
0.0000
0.0000
0.0000
0.0000
0.0000
0.0000
0.0000
0.0000
0.0000
265.3469
186.1505
201.0032
202.1932
282.8651
414.2151
492.9519
623.4869
921.6395
562.1539
516.0339
432.4379
0.0000
0.0000
0.0000
0.0000
0.0000
0.0000
0.0000
0.0000
0.0000
0.0000
0.0000
0.0000
0.0000
0.0000
0.0000
0.0000
0.0000
0.0000
0.0000
0.0000
0.0000
0.0000
0.0000
0.0000
0.0000
0.0000
0.0000
0.0000
0.0000
0.0000
0.0000
0.0000
0.0000
0.0000
398.0817
0.0000
190.0265
173.5243
262.0318
310.5093
399.2882
506.9520
894.5443
559.1401
416.9386
414.5610
0.0000
0.0000
0.0000
0.0000
0.0000
0.0000
0.0000
0.0000
0.0000
0.0000
0.0000
0.0000
0.0000
0.0000
0.0000
0.0000
0.0000
0.0000
0.0000
0.0000
0.0000
0.0000
0.0000
0.0000
0.0000
0.0000
0.0000
0.0000
0.0000
0.0000
0.0000
0.0000
0.0000
0.0000
0.0000
0.0000
0.0000
299.1774
261.9470
393.9966
474.2513
469.5974
0.0000
0.0000
499.5893
622.5110
0.0000
0.0000
0.0000
0.0000
0.0000
0.0000
0.0000
0.0000
0.0000
0.0000
0.0000
0.0000
0.0000
0.0000
0.0000
0.0000
0.0000
0.0000
0.0000
0.0000
0.0000
0.0000
0.0000
0.0000
0.0000
0.0000
0.0000
0.0000
0.0000
0.0000
0.0000
0.0000
0.0000
0.0000
0.0000
0.0000
0.0000
284.2057
278.7618
372.1262
714.6292
0.0000
0.0000
0.0000
0.0000
579.1089
0.0000
0.0000
0.0000
0.0000
0.0000
0.0000
0.0000
0.0000
0.0000
0.0000
0.0000
0.0000
0.0000
0.0000
0.0000
0.0000
0.0000
0.0000
0.0000
0.0000
0.0000
0.0000
0.0000
0.0000
0.0000
0.0000
0.0000
0.0000
0.0000
0.0000
0.0000
0.0000
0.0000
0.0000
0.0000
0.0000
0.0000
0.0000
347.9136
419.3945
0.0000
0.0000
0.0000
0.0000
0.0000
0.0000
0.0000
0.0000
0.0000
0.0000
0.0000
0.0000
0.0000
0.0000
0.0000
0.0000
0.0000
0.0000
0.0000
0.0000
0.0000
0.0000
0.0000
0.0000
0.0000
0.0000
0.0000
0.0000
0.0000
0.0000
0.0000
0.0000
0.0000
0.0000
0.0000
0.0000
0.0000
0.0000
0.0000
0.0000
0.0000
0.0000
0.0000
0.0000
346.6960
0.0000
0.0000
0.0000
0.0000
0.0000
0.0000
0.0000
0.0000
0.0000
0.0000
0.0000
0.0000
0.0000
0.0000
0.0000
0.0000
0.0000
0.0000
0.0000
0.0000
0.0000
0.0000
0.0000
0.0000
0.0000
0.0000
0.0000
0.0000
0.0000
0.0000
0.0000
0.0000
0.0000
0.0000
0.0000
0.0000
0.0000
0.0000
0.0000
0.0000
0.0000
0.0000
0.0000
0.0000
0.0000
0.0000
0.0000
0.0000
0.0000
0.0000
0.0000
0.0000
0.0000
0.0000
0.0000
0.0000
0.0000
0.0000
0.0000
0.0000
0.0000
0.0000
0.0000
0.0000
0.0000
0.0000
0.0000
0.0000
0.0000
0.0000
0.0000
0.0000
0.0000
0.0000
0.0000
0.0000
0.0000
0.0000
0.0000
0.0000
0.0000
0.0000
0.0000
0.0000
0.0000
0.0000
0.0000
0.0000
0.0000
0.0000
0.0000
0.0000
0.0000
0.0000
0.0000
0.0000
0.0000
0.0000
0.0000
0.0000
0.0000
0.0000
0.0000
0.0000
0.0000
0.0000
0.0000
0.0000
0.0000
0.0000
0.0000
0.0000
0.0000
0.0000
0.0000
0.0000
0.0000
0.0000
0.0000
0.0000
0.0000
0.0000
0.0000
0.0000
0.0000
0.0000
0.0000
0.0000
0.0000
0.0000
0.0000
0.0000
0.0000
0.0000
0.0000
0.0000
0.0000
0.0000
0.0000
0.0000
0.0000
0.0000
0.0000
0.0000
0.0000
0.0000
0.0000
0.0000
0.0000
0.0000
0.0000
0.0000
0.0000
0.0000
0.0000
0.0000
0.0000
0.0000
0.0000
0.0000
0.0000
0.0000
0.0000
0.0000
0.0000
0.0000
0.0000
0.0000
0.0000
0.0000
0.0000
0.0000
0.0000
0.0000
0.0000
0.0000
0.0000
0.0000
0.0000
0.0000
0.0000
0.0000
0.0000
0.0000
0.0000
0.0000
0.0000
0.0000
0.0000
0.0000
0.0000
0.0000
0.0000
0.0000
0.0000
0.0000
0.0000
0.0000
0.0000
0.0000
0.0000
0.0000
0.0000
0.0000
0.0000
0.0000
0.0000
0.0000
0.0000
0.0000
0.0000
0.0000
0.0000
0.0000
0.0000
0.0000
0.0000
0.0000
0.0000
0.0000
0.0000
0.0000
0.0000
0.0000
0.0000
0.0000
0.0000
0.0000
0.0000
0.0000
0.0000
0.0000
0.0000
0.0000
0.0000
0.0000
0.0000
0.0000
0.0000
0.0000
0.0000
0.0000
0.0000
0.0000
0.0000
0.0000
0.0000
0.0000
0.0000
0.0000
0.0000
0.0000
0.0000
0.0000
0.0000
0.0000
0.0000
0.0000
0.0000
0.0000
0.0000
0.0000
0.0000
0.0000
0.0000
0.0000
0.0000
0.0000
0.0000
0.0000
0.0000
0.0000
0.0000
0.0000
0.0000
0.0000
0.0000
0.0000
0.0000
0.0000
0.0000
0.0000
0.0000
0.0000
0.0000
0.0000
0.0000
0.0000
0.0000
0.0000
0.0000
0.0000
0.0000
0.0000
0.0000
0.0000
0.0000
0.0000
0.0000
0.0000
0.0000
0.0000
0.0000
0.0000
0.0000
0.0000
0.0000
0.0000
0.0000
0.0000
0.0000
0.0000
0.0000
0.0000
0.0000
0.0000
0.0000
0.0000
0.0000
0.0000
0.0000
0.0000
0.0000
0.0000
0.0000
0.0000
0.0000
0.0000
0.0000
0.0000
0.0000
0.0000
0.0000
0.0000
0.0000
0.0000
0.0000
0.0000
0.0000
0.0000
0.0000
0.0000
0.0000
0.0000
0.0000
0.0000
0.0000
0.0000
0.0000
0.0000
0.0000
0.0000
0.0000
0.0000
0.0000
0.0000
0.0000
0.0000
0.0000
0.0000
0.0000
0.0000
0.0000
0.0000
0.0000
0.0000
0.0000
0.0000
0.0000
0.0000
0.0000
0.0000
0.0000
0.0000
0.0000
0.0000
0.0000
0.0000
0.0000
0.0000
0.0000
0.0000
0.0000
0.0000
0.0000
0.0000
0.0000
0.0000
0.0000
0.0000
0.0000
0.0000
0.0000
0.0000
0.0000
0.0000
0.0000
0.0000
0.0000
0.0000
0.0000
0.0000
0.0000
0.0000
0.0000
0.0000
0.0000
0.0000
0.0000
0.0000
0.0000
0.0000
0.0000
0.0000
0.0000
0.0000
0.0000
0.0000
0.0000
0.0000
0.0000
0.0000
0.0000
0.0000
0.0000
0.0000
0.0000
0.0000
0.0000
0.0000
0.0000
0.0000
0.0000
0.0000
0.0000
0.0000
0.0000
0.0000
0.0000
0.0000
0.0000
0.0000
0.0000
0.0000
0.0000
0.0000
0.0000
0.0000
0.0000
0.0000
0.0000
0.0000
0.0000
0.0000
0.0000
0.0000
0.0000
0.0000
0.0000
0.0000
0.0000
0.0000
0.0000
0.0000
0.0000
0.0000
0.0000
0.0000
0.0000
0.0000
0.0000
0.0000
0.0000
0.0000
0.0000
0.0000
0.0000
0.0000
0.0000
0.0000
0.0000
0.0000
0.0000
0.0000
0.0000
0.0000
0.0000
0.0000
0.0000
0.0000
0.0000
0.0000
0.0000
0.0000
0.0000
0.0000
0.0000
0.0000
0.0000
0.0000
0.0000
0.0000
0.0000
0.0000
0.0000
0.0000
0.0000
0.0000
0.0000
0.0000
0.0000
0.0000
0.0000
0.0000
0.0000
0.0000
0.0000
0.0000
0.0000
0.0000
0.0000
0.0000
0.0000
0.0000
0.0000
0.0000
0.0000
0.0000
0.0000
0.0000
0.0000
0.0000
0.0000
0.0000
0.0000
0.0000
0.0000
0.0000
0.0000
0.0000
0.0000
0.0000
0.0000
0.0000
0.0000
0.0000
0.0000
0.0000
0.0000
0.0000
0.0000
0.0000
0.0000
0.0000
0.0000
0.0000
0.0000
0.0000
0.0000
0.0000
0.0000
0.0000
0.0000
0.0000
0.0000
0.0000
0.0000
0.0000
0.0000
0.0000
0.0000
0.0000
0.0000
0.0000
0.0000
0.0000
0.0000
0.0000
0.0000
0.0000
0.0000
0.0000
0.0000
0.0000
0.0000
0.0000
0.0000
0.0000
0.0000
0.0000
0.0000
0.0000
0.0000
0.0000
0.0000
0.0000
0.0000
0.0000
0.0000
0.0000
0.0000
0.0000
0.0000
0.0000
0.0000
0.0000
0.0000
0.0000
0.0000
0.0000
0.0000
0.0000
0.0000
0.0000
0.0000
0.0000
0.0000
0.0000
0.0000
0.0000
0.0000
0.0000
0.0000
0.0000
0.0000
0.0000
0.0000
0.0000
0.0000
0.0000
0.0000
0.0000
0.0000
0.0000
0.0000
0.0000
0.0000
0.0000
0.0000
0.0000
0.0000
0.0000
0.0000
0.0000
0.0000
0.0000
0.0000
0.0000
0.0000
0.0000
0.0000
0.0000
0.0000
0.0000
0.0000
0.0000
0.0000
0.0000
0.0000
0.0000
0.0000
0.0000
0.0000
0.0000
0.0000
0.0000
0.0000
0.0000
0.0000
0.0000
0.0000
0.0000
0.0000
0.0000
0.0000
0.0000
0.0000
0.0000
0.0000
0.0000
0.0000
0.0000
0.0000
0.0000
0.0000
0.0000
0.0000
0.0000
0.0000
0.0000
0.0000
0.0000
0.0000
0.0000
0.0000
0.0000
0.0000
0.0000
0.0000
0.0000
0.0000
0.0000
0.0000
0.0000
0.0000
0.0000
0.0000
0.0000
0.0000
0.0000
0.0000
0.0000
0.0000
0.0000
0.0000
0.0000
0.0000
0.0000
0.0000
0.0000
0.0000
0.0000
0.0000
0.0000
0.0000
0.0000
0.0000
0.0000
0.0000
0.0000
0.0000
0.0000
0.0000
0.0000
0.0000
0.0000
0.0000
0.0000
0.0000
0.0000
0.0000
0.0000
0.0000
0.0000
0.0000
0.0000
0.0000
0.0000
0.0000
0.0000
0.0000
0.0000
0.0000
0.0000
0.0000
0.0000
0.0000
0.0000
0.0000
0.0000
0.0000
0.0000
0.0000
0.0000
0.0000
0.0000
0.0000
0.0000
0.0000
0.0000
0.0000
0.0000
0.0000
0.0000
0.0000
0.0000
0.0000
0.0000
0.0000
0.0000
0.0000
0.0000
0.0000
0.0000
0.0000
0.0000
0.0000
0.0000
0.0000
0.0000
0.0000
0.0000
0.0000
0.0000
0.0000
0.0000
0.0000
0.0000
0.0000
0.0000
0.0000
0.0000
0.0000
0.0000
0.0000
0.0000
0.0000
0.0000
0.0000
0.0000
0.0000
0.0000
0.0000
0.0000
0.0000
0.0000
0.0000
0.0000
0.0000
0.0000
0.0000
0.0000
0.0000
0.0000
0.0000
0.0000
0.0000
0.0000
0.0000
0.0000
0.0000
0.0000
0.0000
0.0000
0.0000
0.0000
0.0000
0.0000
0.0000
0.0000
0.0000
0.0000
0.0000
0.0000
0.0000
0.0000
0.0000
0.0000
0.0000
0.0000
0.0000
0.0000
0.0000
0.0000
0.0000
0.0000
0.0000
0.0000
0.0000
0.0000
0.0000
0.0000
0.0000
0.0000
0.0000
0.0000
0.0000
0.0000
0.0000
0.0000
0.0000
0.0000
0.0000
0.0000
0.0000
0.0000
0.0000
0.0000
0.0000
0.0000
0.0000
0.0000
0.0000
0.0000
0.0000
0.0000
0.0000
0.0000
0.0000
0.0000
0.0000
0.0000
0.0000
0.0000
0.0000
0.0000
0.0000
0.0000
0.0000
0.0000
0.0000
0.0000
0.0000
0.0000
0.0000
0.0000
0.0000
0.0000
0.0000
0.0000
0.0000
0.0000
0.0000
0.0000
0.0000
0.0000
0.0000
0.0000
0.0000
0.0000
0.0000
0.0000
0.0000
0.0000
0.0000
0.0000
0.0000
0.0000
0.0000
0.0000
0.0000
0.0000
0.0000
0.0000
0.0000
0.0000
0.0000
0.0000
0.0000
0.0000
0.0000
0.0000
0.0000
0.0000
0.0000
0.0000
0.0000
0.0000
0.0000
0.0000
0.0000
0.0000
0.0000
0.0000
0.0000
0.0000
0.0000
0.0000
0.0000
0.0000
0.0000
0.0000
0.0000
0.0000
0.0000
0.0000
0.0000
0.0000
0.0000
0.0000
0.0000
0.0000
0.0000
0.0000
0.0000
0.0000
0.0000
0.0000
0.0000
0.0000
0.0000
0.0000
0.0000
0.0000
0.0000
0.0000
0.0000
0.0000
0.0000
0.0000
0.0000
0.0000
0.0000
0.0000
0.0000
0.0000
0.0000
0.0000
0.0000
0.0000
0.0000
0.0000
0.0000
0.0000
0.0000
0.0000
0.0000
0.0000
0.0000
0.0000
0.0000
0.0000
0.0000
0.0000
0.0000
0.0000
0.0000
0.0000
0.0000
0.0000
0.0000
0.0000
0.0000
0.0000
0.0000
0.0000
0.0000
0.0000
0.0000
0.0000
0.0000
0.0000
0.0000
0.0000
0.0000
0.0000
0.0000
0.0000
0.0000
0.0000
0.0000
0.0000
0.0000
0.0000
0.0000
0.0000
0.0000
0.0000
0.0000
0.0000
0.0000
0.0000
0.0000
0.0000
0.0000
0.0000
0.0000
0.0000
0.0000
0.0000
0.0000
0.0000
0.0000
0.0000
0.0000
0.0000
0.0000
0.0000
0.0000
0.0000
0.0000
0.0000
0.0000
0.0000
0.0000
0.0000
0.0000
0.0000
0.0000
0.0000
0.0000
0.0000
0.0000
0.0000
0.0000
0.0000
0.0000
0.0000
0.0000
0.0000
0.0000
0.0000
0.0000
0.0000
0.0000
0.0000
0.0000
0.0000
0.0000
0.0000
0.0000
0.0000
0.0000
0.0000
0.0000
0.0000
0.0000
0.0000
0.0000
0.0000
0.0000
0.0000
0.0000
0.0000
0.0000
0.0000
0.0000
0.0000
0.0000
0.0000
0.0000
0.0000
0.0000
0.0000
0.0000
0.0000
0.0000
0.0000
0.0000
0.0000
0.0000
0.0000
0.0000
0.0000
0.0000
0.0000
0.0000
0.0000
0.0000
0.0000
0.0000
0.0000
0.0000
0.0000
0.0000
0.0000
0.0000
0.0000
0.0000
0.0000
0.0000
0.0000
0.0000
0.0000
0.0000
0.0000
0.0000
0.0000
0.0000
0.0000
0.0000
0.0000
0.0000
0.0000
0.0000
0.0000
0.0000
0.0000
0.0000
0.0000
0.0000
0.0000
0.0000
0.0000
0.0000
0.0000
0.0000
0.0000
0.0000
0.0000
0.0000
0.0000
0.0000
0.0000
0.0000
0.0000
0.0000
0.0000
0.0000
0.0000
0.0000
0.0000
0.0000
0.0000
0.0000
0.0000
0.0000
0.0000
0.0000
0.0000
0.0000
0.0000
0.0000
0.0000
0.0000
0.0000
0.0000
0.0000
0.0000
0.0000
0.0000
0.0000
0.0000
0.0000
0.0000
0.0000
0.0000
0.0000
0.0000
0.0000
0.0000
0.0000
0.0000
0.0000
0.0000
0.0000
0.0000
0.0000
0.0000
0.0000
0.0000
0.0000
0.0000
0.0000
0.0000
0.0000
0.0000
0.0000
0.0000
0.0000
0.0000
0.0000
0.0000
0.0000
0.0000
0.0000
0.0000
0.0000
0.0000
0.0000
0.0000
0.0000
0.0000
0.0000
0.0000
0.0000
0.0000
0.0000
0.0000
0.0000
0.0000
0.0000
0.0000
0.0000
0.0000
0.0000
0.0000
0.0000
0.0000
0.0000
0.0000
0.0000
0.0000
0.0000
0.0000
0.0000
0.0000
0.0000
0.0000
0.0000
0.0000
0.0000
0.0000
0.0000
0.0000
0.0000
0.0000
0.0000
0.0000
0.0000
0.0000
0.0000
0.0000
0.0000
0.0000
0.0000
0.0000
0.0000
0.0000
0.0000
0.0000
0.0000
0.0000
0.0000
0.0000
0.0000
0.0000
0.0000
0.0000
0.0000
0.0000
0.0000
0.0000
0.0000
0.0000
0.0000
0.0000
0.0000
0.0000
0.0000
0.0000
0.0000
0.0000
0.0000
0.0000
0.0000
0.0000
0.0000
0.0000
0.0000
0.0000
0.0000
0.0000
0.0000
0.0000
0.0000
0.0000
0.0000
0.0000
0.0000
0.0000
0.0000
0.0000
0.0000
0.0000
0.0000
0.0000
0.0000
0.0000
0.0000
0.0000
0.0000
0.0000
0.0000
0.0000
0.0000
0.0000
0.0000
0.0000
0.0000
0.0000
0.0000
0.0000
0.0000
0.0000
0.0000
0.0000
0.0000
0.0000
0.0000
0.0000
0.0000
0.0000
0.0000
0.0000
0.0000
0.0000
0.0000
0.0000
0.0000
0.0000
0.0000
0.0000
0.0000
0.0000
0.0000
0.0000
0.0000
0.0000
0.0000
0.0000
0.0000
0.0000
0.0000
0.0000
0.0000
0.0000
0.0000
0.0000
0.0000
0.0000
0.0000
0.0000
0.0000
0.0000
0.0000
0.0000
0.0000
0.0000
0.0000
0.0000
0.0000
0.0000
0.0000
0.0000
0.0000
0.0000
0.0000
0.0000
0.0000
0.0000
0.0000
0.0000
0.0000
0.0000
0.0000
0.0000
0.0000
0.0000
0.0000
0.0000
0.0000
0.0000
0.0000
0.0000
0.0000
0.0000
0.0000
0.0000
0.0000
0.0000
0.0000
0.0000
0.0000
0.0000
0.0000
0.0000
0.0000
0.0000
0.0000
0.0000
0.0000
0.0000
0.0000
0.0000
0.0000
0.0000
0.0000
0.0000
0.0000
0.0000
0.0000
0.0000
0.0000
0.0000
0.0000
0.0000
0.0000
0.0000
0.0000
0.0000
0.0000
0.0000
0.0000
0.0000
0.0000
0.0000
0.0000
0.0000
0.0000
0.0000
0.0000
0.0000
0.0000
0.0000
0.0000
0.0000
0.0000
0.0000
0.0000
0.0000
0.0000
0.0000
0.0000
0.0000
0.0000
0.0000
0.0000
0.0000
0.0000
0.0000
0.0000
0.0000
0.0000
0.0000
0.0000
0.0000
0.0000
0.0000
0.0000
0.0000
0.0000
0.0000
0.0000
0.0000
0.0000
0.0000
0.0000
0.0000
0.0000
0.0000
0.0000
0.0000
0.0000
0.0000
0.0000
0.0000
0.0000
0.0000
0.0000
0.0000
0.0000
0.0000
0.0000
0.0000
0.0000
0.0000
0.0000
0.0000
0.0000
0.0000
0.0000
0.0000
0.0000
0.0000
0.0000
0.0000
0.0000
0.0000
0.0000
0.0000
0.0000
0.0000
0.0000
0.0000
0.0000
0.0000
0.0000
0.0000
0.0000
0.0000
0.0000
0.0000
0.0000
0.0000
0.0000
0.0000
0.0000
0.0000
0.0000
0.0000
0.0000
0.0000
0.0000
0.0000
0.0000
0.0000
0.0000
0.0000
0.0000
0.0000
0.0000
0.0000
0.0000
0.0000
0.0000
0.0000
0.0000
0.0000
0.0000
0.0000
0.0000
0.0000
0.0000
0.0000
0.0000
0.0000
0.0000
0.0000
0.0000
0.0000
0.0000
0.0000
0.0000
0.0000
0.0000
0.0000
0.0000
0.0000
0.0000
0.0000
0.0000
0.0000
0.0000
0.0000
0.0000
0.0000
0.0000
0.0000
0.0000
0.0000
0.0000
0.0000
0.0000
0.0000
0.0000
0.0000
0.0000
0.0000
0.0000
0.0000
0.0000
0.0000
0.0000
0.0000
0.0000
0.0000
0.0000
0.0000
0.0000
0.0000
0.0000
0.0000
0.0000
0.0000
0.0000
0.0000
0.0000
0.0000
0.0000
0.0000
0.0000
0.0000
0.0000
0.0000
0.0000
0.0000
0.0000
0.0000
0.0000
0.0000
0.0000
0.0000
0.0000
0.0000
0.0000
0.0000
0.0000
0.0000
0.0000
0.0000
0.0000
0.0000
433.4713
586.9748
646.0586
980.1219
1079.8657
1529.5830
1456.6387
1275.0562
1963.3212
1720.1547
1659.4600
1766.3464
3185.3369
4914.7690
3598.8831
2059.4766
1683.2609
700.8104
629.3376
575.5889
398.0493
501.2169
652.9179
572.2300
0.0000
0.0000
0.0000
0.0000
0.0000
0.0000
0.0000
0.0000
0.0000
0.0000
0.0000
0.0000
0.0000
0.0000
0.0000
0.0000
0.0000
0.0000
0.0000
0.0000
0.0000
0.0000
415.6614
685.2949
830.3810
973.9722
1210.2690
1676.0845
1015.8755
1111.7456
1215.0499
1476.1165
1699.7642
2114.9114
3498.7202
3835.2466
3463.6692
2450.0935
1375.4156
1118.1851
653.8993
602.6781
457.3926
420.4863
490.2904
527.2346
0.0000
0.0000
0.0000
0.0000
0.0000
0.0000
0.0000
0.0000
0.0000
0.0000
0.0000
0.0000
0.0000
0.0000
0.0000
0.0000
0.0000
0.0000
0.0000
0.0000
0.0000
0.0000
374.8224
671.2366
1007.6028
882.2629
1386.3416
1211.3440
975.6315
815.5226
939.0796
1393.6548
1854.8885
2469.1399
3711.5664
4914.7690
4098.2734
3089.2341
1455.3960
1048.7252
834.8063
749.9131
633.8243
637.6190
297.7555
288.9123
0.0000
0.0000
0.0000
0.0000
0.0000
0.0000
0.0000
0.0000
0.0000
0.0000
0.0000
0.0000
0.0000
0.0000
0.0000
0.0000
0.0000
0.0000
0.0000
0.0000
0.0000
0.0000
530.0742
489.8825
1018.5311
1055.5115
1328.5637
1161.5836
1252.0885
859.0106
1074.5490
1297.4670
1812.7734
2066.9077
2921.2957
2639.6360
3008.6790
2299.8479
1658.2568
1192.6400
1099.9202
828.0178
729.6191
668.2072
351.1263
301.4709
0.0000
0.0000
0.0000
0.0000
0.0000
0.0000
0.0000
0.0000
0.0000
0.0000
0.0000
0.0000
0.0000
0.0000
0.0000
0.0000
0.0000
0.0000
0.0000
0.0000
0.0000
0.0000
493.6406
805.9951
638.1361
560.5487
610.7007
746.9611
766.6548
1232.8188
1347.8342
1060.9042
1277.4697
1288.0519
1406.4717
1793.1182
2217.1003
1808.6981
1189.8947
866.3953
783.0908
1131.8531
742.3028
742.4833
694.4138
425.5580
0.0000
0.0000
0.0000
0.0000
0.0000
0.0000
0.0000
0.0000
0.0000
0.0000
0.0000
0.0000
0.0000
0.0000
0.0000
0.0000
0.0000
0.0000
0.0000
0.0000
0.0000
0.0000
681.8452
767.1044
507.6407
552.1109
382.0550
385.1320
533.2382
601.8269
607.8706
763.0156
726.1313
717.3240
1405.1366
1458.6724
1588.8311
1229.3873
1006.6765
1203.4869
767.7008
776.7776
693.7849
695.8321
679.4386
360.2899
0.0000
0.0000
0.0000
0.0000
0.0000
0.0000
0.0000
0.0000
0.0000
0.0000
0.0000
0.0000
0.0000
0.0000
0.0000
0.0000
0.0000
0.0000
0.0000
0.0000
0.0000
0.0000
619.1418
407.4141
290.2530
342.1461
537.7557
326.6506
466.9555
472.1891
462.8472
547.9767
600.3644
694.6723
809.7776
1056.1595
1054.6670
1173.9948
1371.9719
1323.5660
985.9211
677.1040
543.3566
484.1971
515.1577
681.7274
0.0000
0.0000
0.0000
0.0000
0.0000
0.0000
0.0000
0.0000
0.0000
0.0000
0.0000
0.0000
0.0000
0.0000
0.0000
0.0000
0.0000
0.0000
0.0000
0.0000
0.0000
0.0000
438.8865
353.2561
349.4311
342.4223
337.6857
378.9127
461.6724
417.6768
293.0150
329.4915
419.1972
596.1161
871.9148
889.5863
772.0652
1018.5411
1017.5255
772.5248
1149.0267
723.6741
869.6376
545.4447
668.6796
454.8047
0.0000
0.0000
0.0000
0.0000
0.0000
0.0000
0.0000
0.0000
0.0000
0.0000
0.0000
0.0000
0.0000
0.0000
0.0000
0.0000
0.0000
0.0000
0.0000
0.0000
0.0000
0.0000
476.7986
370.6339
305.2322
359.4462
266.4359
246.5688
410.5136
461.7682
241.4775
393.7644
373.0680
501.0286
712.4540
629.5344
563.5030
547.0256
645.6657
765.7937
903.0583
777.5820
887.7173
702.8777
449.8259
381.2285
0.0000
0.0000
0.0000
0.0000
0.0000
0.0000
0.0000
0.0000
0.0000
0.0000
0.0000
0.0000
0.0000
0.0000
0.0000
0.0000
0.0000
0.0000
0.0000
0.0000
0.0000
0.0000
391.7004
406.6299
376.4590
389.3257
308.4287
286.9167
483.7447
245.3933
356.0720
444.8745
420.7486
435.7072
676.4671
646.8915
549.4655
442.0290
567.7886
744.6909
562.4829
628.9326
887.8619
572.6553
480.4087
356.4329
0.0000
0.0000
0.0000
0.0000
0.0000
0.0000
0.0000
0.0000
0.0000
0.0000
0.0000
0.0000
0.0000
0.0000
0.0000
0.0000
0.0000
0.0000
0.0000
0.0000
0.0000
0.0000
359.9695
391.3745
331.8966
220.6197
310.8005
361.2667
423.9397
287.5356
405.7181
652.7817
459.5342
444.7181
379.4657
452.1256
484.8298
559.1883
524.8145
464.4355
585.0252
978.1860
469.8639
486.7599
379.9422
631.4556
0.0000
0.0000
0.0000
0.0000
0.0000
0.0000
0.0000
0.0000
0.0000
0.0000
0.0000
0.0000
0.0000
0.0000
0.0000
0.0000
0.0000
0.0000
0.0000
0.0000
0.0000
0.0000
662.2929
614.6304
343.7168
269.5207
243.3189
288.3039
270.5375
411.2245
361.0871
513.2326
538.5433
423.3939
467.6633
481.2759
447.2906
635.7395
482.4039
849.7008
696.4030
664.1906
510.4921
352.6193
574.3757
680.6036
0.0000
0.0000
0.0000
0.0000
0.0000
0.0000
0.0000
0.0000
0.0000
0.0000
0.0000
0.0000
0.0000
0.0000
0.0000
0.0000
0.0000
0.0000
0.0000
0.0000
0.0000
0.0000
825.7101
628.2459
330.6025
344.9360
325.0559
461.7432
305.5158
335.9425
429.1620
307.8311
376.6067
313.4910
703.0516
430.1129
614.9455
791.1042
726.7756
697.4564
774.6108
632.6920
715.6805
631.8522
758.8597
762.7288
0.0000
0.0000
0.0000
0.0000
0.0000
0.0000
0.0000
0.0000
0.0000
0.0000
0.0000
0.0000
0.0000
0.0000
0.0000
0.0000
0.0000
0.0000
0.0000
0.0000
0.0000
0.0000
680.4238
656.8546
533.3240
390.2303
360.2476
391.4909
311.6567
364.1886
490.5599
391.9914
447.7645
532.4875
607.5566
671.7740
544.9044
630.7759
716.9274
844.5795
610.8809
655.4217
870.9936
688.0021
937.5352
865.7967
0.0000
0.0000
0.0000
0.0000
0.0000
0.0000
0.0000
0.0000
0.0000
0.0000
0.0000
0.0000
0.0000
0.0000
0.0000
0.0000
0.0000
0.0000
0.0000
0.0000
0.0000
0.0000
663.0904
590.9202
531.2234
541.3387
491.9875
454.6186
272.9279
347.0713
584.1641
521.0240
610.3426
860.4756
616.0588
713.9826
640.0966
616.4008
747.4857
732.7751
796.2357
816.4924
831.8675
774.1627
788.8668
859.7834
0.0000
0.0000
0.0000
0.0000
0.0000
0.0000
0.0000
0.0000
0.0000
0.0000
0.0000
0.0000
0.0000
0.0000
0.0000
0.0000
0.0000
0.0000
0.0000
0.0000
0.0000
0.0000
475.4200
527.3354
515.1996
737.7806
794.4536
622.8751
506.8183
584.3785
422.8654
653.6139
529.0913
660.0070
733.6573
455.0971
557.4301
525.0590
743.0416
707.4600
730.8715
682.7309
608.6822
487.2864
840.7352
633.6910
0.0000
0.0000
0.0000
0.0000
0.0000
0.0000
0.0000
0.0000
0.0000
0.0000
0.0000
0.0000
0.0000
0.0000
0.0000
0.0000
0.0000
0.0000
0.0000
0.0000
0.0000
0.0000
616.3806
551.2263
792.8121
612.5540
664.5656
537.8392
621.4692
632.7501
611.7807
599.5750
532.9246
597.9917
529.3640
499.4576
573.9561
580.2682
652.4465
743.2706
710.9570
767.5150
571.6425
586.8624
642.4229
465.8683
0.0000
0.0000
0.0000
0.0000
0.0000
0.0000
0.0000
0.0000
0.0000
0.0000
0.0000
0.0000
0.0000
0.0000
0.0000
0.0000
0.0000
0.0000
0.0000
0.0000
0.0000
0.0000
1170.4924
795.4260
720.5679
1107.2391
979.5659
469.5826
628.5340
673.9813
575.2756
476.9888
603.1746
533.4164
556.3757
514.1551
657.2812
672.4147
889.7265
697.2532
775.8749
655.4401
576.2130
715.2342
825.4333
430.5890
0.0000
0.0000
0.0000
0.0000
0.0000
0.0000
0.0000
0.0000
0.0000
0.0000
0.0000
0.0000
0.0000
0.0000
0.0000
0.0000
0.0000
0.0000
0.0000
0.0000
0.0000
0.0000
750.7994
771.8311
734.9516
892.6128
902.0416
681.1164
737.3224
691.0253
556.2476
692.5321
426.1284
365.1463
575.2133
376.0172
563.9738
511.5062
780.1269
1124.3164
774.7231
698.4865
866.0132
681.2630
526.8514
707.1732
0.0000
0.0000
0.0000
0.0000
0.0000
0.0000
0.0000
0.0000
0.0000
0.0000
0.0000
0.0000
0.0000
0.0000
0.0000
0.0000
0.0000
0.0000
0.0000
0.0000
0.0000
0.0000
612.6323
528.1591
576.5563
914.8281
1103.5688
1018.5705
826.8126
1006.1770
808.7150
887.6652
494.5719
319.2885
339.7155
431.3503
457.5379
538.9875
673.8068
1132.6469
831.2357
1076.6154
718.7961
489.6651
660.3526
605.7653
0.0000
0.0000
0.0000
0.0000
0.0000
0.0000
0.0000
0.0000
0.0000
0.0000
0.0000
0.0000
0.0000
0.0000
0.0000
0.0000
0.0000
0.0000
0.0000
0.0000
0.0000
0.0000
819.1342
592.6357
663.5930
1651.3179
1528.1171
1092.3423
888.0212
710.1010
657.5728
599.4206
463.5700
457.1066
453.1983
394.3449
487.6756
618.5351
980.4884
825.9481
807.3620
781.2287
729.8893
480.8526
673.2965
590.3140
0.0000
0.0000
0.0000
0.0000
0.0000
0.0000
0.0000
0.0000
0.0000
0.0000
0.0000
0.0000
0.0000
0.0000
0.0000
0.0000
0.0000
0.0000
0.0000
0.0000
0.0000
0.0000
820.7714
818.2664
885.1316
1824.6442
1700.3175
1071.5353
942.1407
534.5349
570.0129
479.7411
521.7594
521.6496
519.5068
417.6974
443.5121
553.9827
689.0923
1058.7664
1024.8405
964.7471
677.7371
641.5801
904.4843
793.0618
0.0000
0.0000
0.0000
0.0000
0.0000
0.0000
0.0000
0.0000
0.0000
0.0000
0.0000
0.0000
0.0000
0.0000
0.0000
0.0000
0.0000
0.0000
0.0000
0.0000
0.0000
0.0000
695.0590
688.0971
1129.7028
1855.0601
1641.6671
1525.3726
1220.1290
742.3302
627.8239
544.8923
589.2545
456.6431
541.9937
492.4631
387.3981
373.7777
480.6810
673.4436
776.4507
986.4797
819.8823
795.3356
1022.8566
773.1539
0.0000
0.0000
0.0000
0.0000
0.0000
0.0000
0.0000
0.0000
0.0000
0.0000
0.0000
0.0000
0.0000
0.0000
0.0000
0.0000
0.0000
0.0000
0.0000
0.0000
0.0000
0.0000
704.4219
1000.3365
1637.7841
1850.8613
2171.8542
1785.0815
1123.7554
826.9575
588.6539
496.8254
616.4722
493.2668
343.2112
574.7961
532.7015
638.7226
962.0266
704.6531
516.3806
792.3985
801.8795
1001.8997
1222.2828
809.4826
0.0000
0.0000
0.0000
0.0000
0.0000
0.0000
0.0000
0.0000
0.0000
0.0000
0.0000
0.0000
0.0000
0.0000
0.0000
0.0000
0.0000
0.0000
0.0000
0.0000
0.0000
0.0000
632.9413
899.4304
1539.9746
1248.5825
1286.7017
1613.1053
1248.5786
775.1064
580.8207
520.7628
503.1219
478.8955
403.0917
430.1647
595.7108
774.3492
537.0276
607.2172
550.4480
786.0399
979.8213
1079.8936
1030.5453
1008.7080
0.0000
0.0000
0.0000
0.0000
0.0000
0.0000
0.0000
0.0000
0.0000
0.0000
0.0000
0.0000
0.0000
0.0000
0.0000
0.0000
0.0000
0.0000
0.0000
0.0000
0.0000
0.0000
488.1547
749.0771
1066.6820
894.0912
1235.1421
1363.6166
1237.4811
946.9251
886.8954
462.0979
379.2847
451.5510
369.9995
474.6721
504.0672
452.9762
434.0719
469.8011
541.0694
678.9962
778.0363
1179.8394
1126.0424
974.1715
0.0000
0.0000
0.0000
0.0000
0.0000
0.0000
0.0000
0.0000
0.0000
0.0000
0.0000
0.0000
0.0000
0.0000
0.0000
0.0000
0.0000
0.0000
0.0000
0.0000
0.0000
0.0000
511.3737
726.4987
667.5625
735.2129
1212.7977
1473.8221
1626.8488
1268.2225
1000.7423
626.8401
461.8417
492.8771
437.4418
465.5269
603.6719
502.7147
655.2004
632.6342
587.8713
751.8267
702.5500
1190.3986
1720.2220
978.2557
0.0000
0.0000
0.0000
0.0000
0.0000
0.0000
0.0000
0.0000
0.0000
0.0000
0.0000
0.0000
0.0000
0.0000
0.0000
0.0000
0.0000
0.0000
0.0000
0.0000
0.0000
0.0000
481.3287
568.4324
743.1642
1507.6508
1581.5833
1571.9879
1535.7803
1430.6663
948.0782
645.1867
614.8335
524.6442
462.2458
504.5656
492.0302
842.6464
789.1492
709.4835
1104.8521
787.9537
910.4398
1278.1947
1990.0326
939.4335
0.0000
0.0000
0.0000
0.0000
0.0000
0.0000
0.0000
0.0000
0.0000
0.0000
0.0000
0.0000
0.0000
0.0000
0.0000
0.0000
0.0000
0.0000
0.0000
0.0000
0.0000
0.0000
450.1902
641.4343
945.4974
1327.8940
1418.9250
1076.7635
893.5595
1276.3094
916.9888
760.2805
751.2233
535.3376
519.8622
617.2210
806.3013
617.5300
1406.8795
1184.9984
969.8762
1116.2188
886.8205
1459.6193
2238.2727
1484.3893
0.0000
0.0000
0.0000
0.0000
0.0000
0.0000
0.0000
0.0000
0.0000
0.0000
0.0000
0.0000
0.0000
0.0000
0.0000
0.0000
0.0000
0.0000
0.0000
0.0000
0.0000
0.0000
442.8891
628.2746
814.3751
1157.7455
1472.7606
1091.5818
948.2046
977.2921
1026.2166
810.1031
572.5757
558.8383
889.1847
1005.2902
833.0925
1005.5528
1101.9187
1319.1022
1094.9501
1202.6833
1334.8538
1726.1353
1155.5420
1924.4768
0.0000
0.0000
0.0000
0.0000
0.0000
0.0000
0.0000
0.0000
0.0000
0.0000
0.0000
0.0000
0.0000
0.0000
0.0000
0.0000
0.0000
0.0000
0.0000
0.0000
0.0000
0.0000
226.6794
415.3831
501.4665
834.5641
1461.6440
982.9168
884.2615
951.8545
806.6219
964.4545
599.8244
592.8066
1039.6714
1719.8528
1932.0900
1826.4064
1123.0524
1294.7200
1157.3264
1227.9116
1231.9222
1823.0637
1310.4290
1044.5016
0.0000
0.0000
0.0000
0.0000
0.0000
0.0000
0.0000
0.0000
0.0000
0.0000
0.0000
0.0000
0.0000
0.0000
0.0000
0.0000
0.0000
0.0000
0.0000
0.0000
0.0000
0.0000
201.7081
270.2935
435.7833
563.7558
867.3523
920.1543
881.6935
747.4440
763.1324
956.3624
777.2184
876.7156
918.7473
978.8582
1344.0378
1762.3198
1292.8628
1446.6263
1187.4045
1395.7673
1671.0105
1433.5294
964.8981
1216.8734
0.0000
0.0000
0.0000
0.0000
0.0000
0.0000
0.0000
0.0000
0.0000
0.0000
0.0000
0.0000
0.0000
0.0000
0.0000
0.0000
0.0000
0.0000
0.0000
0.0000
0.0000
0.0000
243.7959
268.4122
332.8104
414.9442
639.8792
867.3301
663.6974
685.7944
630.0024
569.6070
788.8960
745.2661
711.4900
845.4684
1137.8978
892.6757
1069.1335
1499.3580
1494.9296
1444.5514
1217.3698
1320.2883
1022.9653
1180.4154
0.0000
0.0000
0.0000
0.0000
0.0000
0.0000
0.0000
0.0000
0.0000
0.0000
0.0000
0.0000
0.0000
0.0000
0.0000
0.0000
0.0000
0.0000
0.0000
0.0000
0.0000
0.0000
383.4501
340.5480
471.1260
533.9761
692.9997
835.1951
602.9691
523.7435
681.0967
668.2957
832.3940
766.0719
554.0960
706.3499
561.3316
520.6835
645.0212
1154.2170
1002.9526
981.4109
1011.4747
618.8764
553.9192
746.4953
0.0000
0.0000
0.0000
0.0000
0.0000
0.0000
0.0000
0.0000
0.0000
0.0000
0.0000
0.0000
0.0000
0.0000
0.0000
0.0000
0.0000
0.0000
0.0000
0.0000
0.0000
0.0000
256.3490
349.3999
588.7583
602.5115
873.6970
666.7565
608.3341
597.0781
666.9964
632.2842
432.0270
624.2387
575.3010
647.7501
745.3287
592.3217
681.4603
802.8057
1184.2393
954.8681
612.4371
569.0145
683.1744
535.8655
0.0000
0.0000
0.0000
0.0000
0.0000
0.0000
0.0000
0.0000
0.0000
0.0000
0.0000
0.0000
0.0000
0.0000
0.0000
0.0000
0.0000
0.0000
0.0000
0.0000
0.0000
0.0000
166.2671
325.4895
534.5105
477.8919
643.8645
561.5909
817.2950
714.4975
730.8142
661.4243
490.6850
512.2797
386.0123
554.6308
794.4441
743.2778
513.3651
934.6318
904.1632
541.9422
558.9680
652.9739
739.1244
844.1498
0.0000
0.0000
0.0000
0.0000
0.0000
0.0000
0.0000
0.0000
0.0000
0.0000
0.0000
0.0000
0.0000
0.0000
0.0000
0.0000
0.0000
0.0000
0.0000
0.0000
0.0000
0.0000
215.8775
494.0794
507.1568
528.3326
617.5750
609.9252
659.1095
760.0695
727.6985
618.8740
467.5562
606.1313
479.0348
814.6984
1056.1611
537.8524
519.3694
954.8846
633.6235
581.4625
460.0844
433.5881
534.4891
567.5034
0.0000
0.0000
0.0000
0.0000
0.0000
0.0000
0.0000
0.0000
0.0000
0.0000
0.0000
0.0000
0.0000
0.0000
0.0000
0.0000
0.0000
0.0000
0.0000
0.0000
0.0000
0.0000
275.5881
367.1706
589.7836
871.9653
689.1608
514.2256
495.3320
489.1644
540.1047
687.5850
748.4752
572.1860
557.9356
675.2277
994.3695
455.6589
299.4686
381.1003
360.1437
460.7794
283.7642
290.0821
377.9351
482.1622
0.0000
0.0000
0.0000
0.0000
0.0000
0.0000
0.0000
0.0000
0.0000
0.0000
0.0000
0.0000
0.0000
0.0000
0.0000
0.0000
0.0000
0.0000
0.0000
0.0000
0.0000
0.0000
400.2868
480.1135
588.4036
450.7201
505.0637
466.6852
422.5050
327.4133
471.5425
664.8188
673.9380
632.2321
429.2602
665.1937
544.6893
409.2517
409.1128
265.8657
400.5432
462.0327
403.7965
424.0773
325.5638
518.0533
0.0000
0.0000
0.0000
0.0000
0.0000
0.0000
0.0000
0.0000
0.0000
0.0000
0.0000
0.0000
0.0000
0.0000
0.0000
0.0000
0.0000
0.0000
0.0000
0.0000
0.0000
0.0000
529.9637
539.2808
376.0971
467.6341
319.1118
341.8947
369.0793
633.3751
617.1139
616.1921
714.7864
666.7795
571.6861
500.7354
549.7208
345.4474
359.0318
351.7884
439.2679
457.1986
397.0067
417.5739
480.4651
467.0818
428.4503
0.0000
0.0000
0.0000
0.0000
0.0000
0.0000
0.0000
0.0000
0.0000
0.0000
0.0000
0.0000
0.0000
0.0000
0.0000
0.0000
0.0000
0.0000
0.0000
0.0000
0.0000
599.0750
675.7941
512.4840
541.5389
318.6248
538.2949
598.9227
409.7839
357.7536
355.2139
466.4980
649.3832
458.4352
299.7633
413.7813
435.4009
345.4131
263.0698
363.3663
571.2313
597.8416
362.8823
443.4196
450.0977
400.2280
0.0000
0.0000
0.0000
0.0000
0.0000
0.0000
0.0000
0.0000
0.0000
0.0000
0.0000
0.0000
0.0000
0.0000
0.0000
0.0000
0.0000
0.0000
0.0000
0.0000
0.0000
533.1207
601.0858
505.3730
481.6820
314.9202
271.7684
317.4372
295.5905
273.6311
342.3688
239.0160
328.3566
223.1351
293.0835
495.7663
439.5749
428.8483
306.8224
304.5956
319.9767
339.7417
322.2561
324.5933
383.8009
456.1358
709.1818
0.0000
0.0000
0.0000
0.0000
0.0000
0.0000
0.0000
0.0000
0.0000
0.0000
0.0000
0.0000
0.0000
0.0000
0.0000
0.0000
0.0000
0.0000
0.0000
0.0000
329.8393
339.4973
579.3238
418.3344
399.8588
303.4850
199.4012
217.3234
182.4810
294.3403
278.9097
245.1752
200.5858
210.0063
397.8801
460.0029
465.9298
418.0306
317.7381
161.4069
198.1634
180.2515
213.8594
426.9064
701.0784
379.3939
422.5085
0.0000
0.0000
0.0000
0.0000
0.0000
0.0000
0.0000
0.0000
0.0000
0.0000
0.0000
0.0000
0.0000
0.0000
0.0000
0.0000
0.0000
0.0000
0.0000
402.4460
306.8686
502.7400
437.4786
322.2074
192.3313
210.7715
191.7716
138.3624
189.6864
307.2334
287.6892
226.8031
191.9367
265.5696
275.5644
367.2137
292.2577
261.4465
348.7947
249.9038
212.5321
283.3633
314.1603
373.9493
317.8081
357.2670
288.8957
0.0000
0.0000
0.0000
0.0000
0.0000
0.0000
0.0000
0.0000
0.0000
0.0000
0.0000
0.0000
0.0000
0.0000
0.0000
0.0000
0.0000
0.0000
280.9774
366.0821
507.7872
409.2454
455.9091
323.7215
196.2943
154.6573
203.1143
147.1608
261.6619
236.8608
337.6220
451.1323
342.9969
241.4918
220.3015
343.2457
352.2563
303.1411
180.3396
220.8565
222.9637
288.3882
323.6242
198.0764
357.0751
232.9102
0.0000
0.0000
0.0000
0.0000
0.0000
0.0000
0.0000
0.0000
0.0000
0.0000
0.0000
0.0000
0.0000
0.0000
0.0000
0.0000
0.0000
0.0000
208.9949
275.1872
424.0373
449.6247
350.7588
332.5019
160.0478
156.2870
181.5002
228.2710
205.3208
209.1141
266.9802
340.4138
301.4489
205.7773
233.0987
275.6052
263.1556
262.9821
200.4445
206.1535
205.0024
226.5083
281.8493
287.5540
338.9924
315.8046
150.5044
0.0000
0.0000
0.0000
0.0000
0.0000
0.0000
0.0000
0.0000
0.0000
0.0000
0.0000
0.0000
0.0000
0.0000
0.0000
0.0000
0.0000
355.4718
357.9146
380.3204
332.5840
307.7519
269.7469
248.6612
212.7564
181.5929
208.4657
202.6132
257.3990
223.4864
265.8602
191.4666
150.6877
162.3731
205.9904
184.9533
132.6393
193.4187
263.1100
287.2212
261.2399
381.1147
257.1294
211.8886
225.9436
187.2035
0.0000
0.0000
0.0000
0.0000
0.0000
0.0000
0.0000
0.0000
0.0000
0.0000
0.0000
0.0000
0.0000
0.0000
0.0000
0.0000
0.0000
253.1803
446.8395
258.8643
301.0434
280.5615
277.9325
223.6815
222.9740
199.7644
217.2854
202.9674
244.6925
242.9429
301.2981
213.2834
172.0518
162.1409
178.3317
179.4280
192.5938
150.2646
262.6735
323.0985
299.6405
322.4726
332.2119
304.1420
265.1740
204.0099
184.5902
0.0000
0.0000
0.0000
0.0000
0.0000
0.0000
0.0000
0.0000
0.0000
0.0000
0.0000
0.0000
0.0000
0.0000
0.0000
0.0000
412.4868
420.4528
274.1920
247.0409
234.9412
242.2944
266.7692
195.8942
167.0944
242.6237
285.1672
267.1772
280.6090
336.0515
276.6339
200.7028
187.1132
165.6384
179.6455
177.7410
224.0455
230.7771
285.1786
249.8007
346.5310
285.7104
353.3780
272.3650
193.4599
288.9042
124.8201
0.0000
0.0000
0.0000
0.0000
0.0000
0.0000
0.0000
0.0000
0.0000
0.0000
0.0000
0.0000
0.0000
0.0000
0.0000
437.9488
307.0685
254.3937
362.3304
289.4840
253.9936
297.6282
189.7724
172.3740
215.2544
232.7197
299.5526
323.7654
364.9743
240.4179
184.5992
219.7431
194.5969
161.9326
172.5765
172.3859
224.9167
279.9869
346.9829
327.8866
242.3610
261.7697
256.5918
231.4005
195.8811
172.6154
160.6514
0.0000
0.0000
0.0000
0.0000
0.0000
0.0000
0.0000
0.0000
0.0000
0.0000
0.0000
0.0000
0.0000
0.0000
370.9054
289.5585
283.8257
356.8852
433.9231
317.8586
256.4492
169.7651
198.1209
197.3438
358.4436
423.2587
442.6492
278.2600
191.8427
161.9801
237.3555
159.6559
137.1487
248.4299
246.9920
380.8844
288.5604
314.4658
321.9574
320.6398
205.3131
165.0872
215.6167
253.2802
238.6134
168.5959
216.0354
0.0000
0.0000
0.0000
0.0000
0.0000
0.0000
0.0000
0.0000
0.0000
0.0000
0.0000
0.0000
0.0000
342.0650
354.5002
404.3729
401.9210
288.6806
329.4314
198.5097
193.3071
298.3020
252.1054
295.2701
356.8776
343.6013
251.4009
205.5739
152.5712
120.9462
144.1935
156.3000
209.3610
301.1320
409.2088
341.3301
280.8620
239.4184
275.1777
149.7843
121.2692
185.5724
174.9677
257.6033
213.0912
245.7691
0.0000
0.0000
0.0000
0.0000
0.0000
0.0000
0.0000
0.0000
0.0000
0.0000
0.0000
0.0000
0.0000
513.2444
456.3711
433.0589
341.1727
475.4434
450.4311
352.8283
207.1405
258.5251
223.5209
275.5296
299.0571
301.8373
259.7156
207.8762
145.4267
132.5614
105.2772
118.9580
212.4145
298.2849
282.7729
249.8801
249.4832
179.9809
181.1139
127.5905
123.8363
139.0892
189.6792
197.5297
212.9569
306.2180
179.5009
0.0000
0.0000
0.0000
0.0000
0.0000
0.0000
0.0000
0.0000
0.0000
0.0000
0.0000
0.0000
505.3782
626.9905
492.8546
378.4071
463.7157
319.0169
327.4796
242.4255
320.2124
322.1861
260.1835
360.2745
272.2658
214.9652
158.6790
111.4724
55.3400
50.5895
84.8088
127.5381
150.4616
296.8765
166.2484
182.3345
243.2543
161.5806
115.7486
116.4886
132.5272
169.2045
172.4109
240.5850
247.0090
206.9444
114.7090
0.0000
0.0000
0.0000
0.0000
0.0000
0.0000
0.0000
0.0000
0.0000
0.0000
0.0000
768.3195
694.1413
408.0296
404.5259
333.3471
342.4840
479.5780
384.2943
322.4982
193.1319
217.2424
262.3557
148.8458
187.2207
122.1577
97.1943
63.9528
62.7352
104.9107
82.8072
70.8026
112.5924
136.2672
117.2622
150.1052
138.1075
77.3768
149.7177
162.5696
141.0429
173.2090
173.1110
173.7884
138.9207
54.0034
56.7213
0.0000
0.0000
0.0000
0.0000
0.0000
0.0000
0.0000
0.0000
0.0000
0.0000
431.4165
529.0855
375.5087
310.8553
526.8657
424.0817
486.4217
453.0693
333.4897
285.5435
237.7128
248.0823
161.1508
154.3275
96.4670
80.8579
91.7994
78.8487
112.0389
66.9147
84.1535
86.0446
102.2506
107.9160
154.5708
103.2657
121.4875
108.7833
134.2381
128.6349
122.5454
119.3594
135.3491
82.9504
56.4077
39.2120
0.0000
0.0000
0.0000
0.0000
0.0000
0.0000
0.0000
0.0000
0.0000
0.0000
544.2840
522.2206
348.9504
424.7066
403.6368
744.5486
461.9817
420.8231
290.0051
258.7599
182.4746
177.6630
132.2076
117.4247
95.7328
93.5466
102.3318
94.1082
115.0942
78.3800
75.7686
101.3796
91.1516
114.8658
110.5127
146.0965
112.1275
108.2163
127.7840
148.3673
155.4115
143.2533
94.6588
138.6529
102.4099
85.8981
0.0000
0.0000
0.0000
0.0000
0.0000
0.0000
0.0000
0.0000
0.0000
0.0000
439.1866
386.0686
292.1909
353.4392
349.0222
490.9633
438.1562
369.4566
291.9631
189.7764
171.6139
147.1534
112.2197
163.9533
104.1784
107.9962
126.5075
126.6503
93.5654
84.9090
50.8679
63.9433
73.9273
71.7559
154.6776
169.1906
162.0969
96.5903
113.3612
107.1514
144.5820
107.5498
103.4921
146.2499
94.2292
120.5535
0.0000
0.0000
0.0000
0.0000
0.0000
0.0000
0.0000
0.0000
0.0000
0.0000
465.5921
469.5975
357.6875
297.2590
311.7426
416.5367
543.3743
419.9962
257.3108
273.0284
242.3219
161.0629
130.4835
146.3062
151.2168
177.1539
114.0111
90.9290
84.6150
60.0418
64.7353
64.0242
52.5563
79.8179
90.2931
162.9239
229.1565
128.9078
137.6910
110.0415
84.9259
92.4531
116.8786
142.7459
183.5482
172.5016
0.0000
0.0000
0.0000
0.0000
0.0000
0.0000
0.0000
0.0000
0.0000
0.0000
350.8469
360.3449
306.6471
296.1682
396.1793
579.4655
595.6281
321.0464
324.9509
269.6629
201.0086
173.9406
125.3245
131.5740
0.0000
0.0000
97.2817
74.7823
84.5554
49.6008
46.9979
43.9509
32.9099
37.1847
68.2373
134.5069
178.3705
173.2892
146.3364
177.6778
135.4914
136.1766
103.5690
173.0055
122.3477
159.2585
0.0000
0.0000
0.0000
0.0000
0.0000
0.0000
0.0000
0.0000
0.0000
0.0000
280.6209
263.1634
244.1784
246.2405
435.1213
602.1634
564.2907
317.1383
305.7762
259.6295
220.6465
145.5540
142.9046
103.8199
0.0000
0.0000
0.0000
0.0000
0.0000
0.0000
0.0000
0.0000
0.0000
0.0000
54.9024
69.2889
95.7747
138.7073
151.1684
186.2724
186.0984
132.5112
209.5864
122.4713
96.3244
116.4973
0.0000
0.0000
0.0000
0.0000
0.0000
0.0000
0.0000
0.0000
0.0000
0.0000
629.0706
424.7488
313.7295
393.0942
361.4372
498.2049
442.1989
475.4677
337.0692
213.0358
173.2872
127.1465
88.2992
78.7760
0.0000
0.0000
0.0000
0.0000
0.0000
0.0000
0.0000
0.0000
0.0000
0.0000
40.1012
38.8756
75.2756
141.0065
146.1107
175.9232
216.1027
150.1736
176.3761
266.7573
171.7107
154.6398
0.0000
0.0000
0.0000
0.0000
0.0000
0.0000
0.0000
0.0000
0.0000
0.0000
590.3877
466.5154
315.9312
532.4158
474.6311
405.2942
371.2043
325.0080
217.0560
139.0307
93.6355
71.5478
57.2924
72.5384
0.0000
0.0000
0.0000
0.0000
0.0000
0.0000
0.0000
0.0000
0.0000
0.0000
53.2793
52.2634
54.7506
127.5066
131.7146
208.0059
180.4705
127.1511
205.4086
232.2243
234.9854
223.6245
0.0000
0.0000
0.0000
0.0000
0.0000
0.0000
0.0000
0.0000
0.0000
0.0000
590.9524
399.8232
553.9341
486.1518
358.6336
397.4665
441.8326
415.5699
233.9474
133.7477
94.3896
77.5145
57.5181
48.2553
0.0000
0.0000
0.0000
0.0000
0.0000
0.0000
0.0000
0.0000
0.0000
0.0000
63.3088
76.7991
64.0464
72.9332
129.5936
129.5379
189.2572
207.5807
182.7092
253.5640
298.3488
471.1551
0.0000
0.0000
0.0000
0.0000
0.0000
0.0000
0.0000
0.0000
0.0000
0.0000
719.2895
406.2836
498.6146
410.6894
399.3092
349.3130
318.5292
361.8520
275.6023
199.3340
122.2814
62.9007
70.8204
61.2160
0.0000
0.0000
0.0000
0.0000
0.0000
0.0000
0.0000
0.0000
0.0000
0.0000
65.5391
62.0392
67.4275
121.2625
80.0919
75.7283
104.0219
196.5663
228.1247
277.3690
376.8171
441.5054
0.0000
0.0000
0.0000
0.0000
0.0000
0.0000
0.0000
0.0000
0.0000
0.0000
948.7608
623.9404
756.0926
487.0047
391.6977
415.7269
381.4482
306.2402
278.2490
344.7721
135.2930
125.9514
80.4092
53.0216
0.0000
0.0000
0.0000
0.0000
0.0000
0.0000
0.0000
0.0000
0.0000
0.0000
55.3750
61.6881
74.7469
130.6143
124.6699
92.8538
121.8901
161.6635
186.6402
233.1608
315.0097
490.5236
0.0000
0.0000
0.0000
0.0000
0.0000
0.0000
0.0000
0.0000
0.0000
0.0000
955.1799
990.8784
616.1180
529.8045
435.6700
386.4448
314.8584
294.3810
312.6540
231.8617
137.0565
130.8846
86.0805
60.9821
0.0000
0.0000
0.0000
0.0000
0.0000
0.0000
0.0000
0.0000
0.0000
0.0000
43.6790
66.6662
68.6395
125.3781
112.9975
116.2876
145.7803
123.1588
171.7886
269.8637
0.0000
0.0000
0.0000
0.0000
0.0000
0.0000
0.0000
0.0000
0.0000
0.0000
0.0000
0.0000
574.6201
698.4470
866.1302
635.8708
480.5138
378.7053
273.4490
175.5795
222.2888
203.1392
125.1937
158.9066
100.9070
54.9854
0.0000
0.0000
0.0000
0.0000
0.0000
0.0000
0.0000
0.0000
0.0000
0.0000
58.8461
49.4238
89.5030
152.0481
162.5739
172.7561
169.0993
153.2822
0.0000
0.0000
0.0000
0.0000
0.0000
0.0000
0.0000
0.0000
0.0000
0.0000
0.0000
0.0000
0.0000
0.0000
584.4299
720.5140
671.3220
859.1425
458.2583
377.0179
265.7467
225.3177
188.5239
216.8880
154.7467
120.0322
98.6478
66.7921
0.0000
0.0000
0.0000
0.0000
0.0000
0.0000
0.0000
0.0000
0.0000
0.0000
84.2795
58.6137
100.6883
119.5324
136.2597
158.1522
230.3091
0.0000
0.0000
0.0000
0.0000
0.0000
0.0000
0.0000
0.0000
0.0000
0.0000
0.0000
0.0000
0.0000
0.0000
0.0000
474.7919
752.7355
752.4361
857.7887
643.6248
304.3774
254.2174
210.4868
251.4697
222.8341
247.6545
145.1453
92.5511
84.7096
0.0000
0.0000
0.0000
0.0000
0.0000
0.0000
0.0000
0.0000
0.0000
0.0000
78.2274
83.2209
101.0668
117.8318
106.3162
133.7228
0.0000
0.0000
0.0000
0.0000
0.0000
0.0000
0.0000
0.0000
0.0000
0.0000
0.0000
0.0000
0.0000
0.0000
0.0000
0.0000
772.2859
685.9187
611.1756
723.9355
552.2811
347.8599
282.8080
323.4149
312.4774
246.0089
231.9172
144.3617
119.4669
90.1334
0.0000
0.0000
0.0000
0.0000
0.0000
0.0000
0.0000
0.0000
0.0000
0.0000
68.1481
58.3044
68.6271
65.8329
129.5520
0.0000
0.0000
0.0000
0.0000
0.0000
0.0000
0.0000
0.0000
0.0000
0.0000
0.0000
0.0000
0.0000
0.0000
0.0000
0.0000
0.0000
982.9312
915.3090
629.8806
571.9352
553.5986
552.4288
446.3001
373.1883
322.0153
196.6548
247.8839
141.8494
105.8663
94.7160
0.0000
0.0000
0.0000
0.0000
0.0000
0.0000
0.0000
0.0000
0.0000
0.0000
100.8352
85.5313
75.6992
0.0000
0.0000
0.0000
0.0000
0.0000
0.0000
0.0000
0.0000
0.0000
0.0000
0.0000
0.0000
0.0000
0.0000
0.0000
0.0000
0.0000
0.0000
0.0000
1256.4752
723.1893
928.3892
818.9834
975.5132
712.1411
570.4842
316.0349
229.6237
192.8118
162.4105
92.8824
92.7184
51.9860
0.0000
0.0000
0.0000
0.0000
0.0000
0.0000
0.0000
0.0000
0.0000
0.0000
96.4677
141.5687
113.8737
0.0000
0.0000
0.0000
0.0000
0.0000
0.0000
0.0000
0.0000
0.0000
0.0000
0.0000
0.0000
0.0000
0.0000
0.0000
0.0000
0.0000
0.0000
0.0000
1316.2731
888.3956
825.8423
796.9786
783.9185
707.0464
616.6693
374.7924
278.3318
235.9683
119.0027
116.9133
100.4241
66.5178
0.0000
0.0000
0.0000
0.0000
0.0000
0.0000
0.0000
0.0000
0.0000
0.0000
110.6617
0.0000
0.0000
0.0000
0.0000
0.0000
0.0000
0.0000
0.0000
0.0000
0.0000
0.0000
0.0000
0.0000
0.0000
0.0000
0.0000
0.0000
0.0000
0.0000
0.0000
0.0000
866.1251
800.1171
590.9709
610.7422
912.9643
729.7423
632.1379
511.2841
555.6549
325.5538
214.5615
104.3092
87.4210
97.4685
0.0000
0.0000
0.0000
0.0000
0.0000
0.0000
0.0000
0.0000
0.0000
0.0000
0.0000
0.0000
0.0000
0.0000
0.0000
0.0000
0.0000
0.0000
0.0000
0.0000
0.0000
0.0000
0.0000
0.0000
0.0000
0.0000
0.0000
0.0000
0.0000
0.0000
0.0000
0.0000
852.8922
817.5760
693.3024
718.4480
913.8394
881.2438
759.6990
646.1690
568.0066
376.5114
217.6919
158.3136
84.7598
124.8971
0.0000
0.0000
0.0000
0.0000
0.0000
0.0000
0.0000
0.0000
0.0000
0.0000
0.0000
0.0000
0.0000
0.0000
0.0000
0.0000
0.0000
0.0000
0.0000
0.0000
0.0000
0.0000
0.0000
0.0000
0.0000
0.0000
0.0000
0.0000
0.0000
0.0000
0.0000
0.0000
1159.5508
834.1823
884.2960
907.3901
778.7594
836.7784
764.1943
564.6055
555.4823
396.4972
242.5682
178.7276
152.1055
180.4258
0.0000
0.0000
0.0000
0.0000
0.0000
0.0000
0.0000
0.0000
0.0000
0.0000
0.0000
0.0000
0.0000
0.0000
0.0000
0.0000
0.0000
0.0000
0.0000
0.0000
0.0000
0.0000
0.0000
0.0000
0.0000
0.0000
0.0000
0.0000
0.0000
0.0000
0.0000
0.0000
1285.4923
795.0311
1016.7198
728.7366
760.4945
813.6017
805.1910
660.6779
566.6806
394.1394
210.4368
137.3675
218.7443
261.9618
0.0000
0.0000
0.0000
0.0000
0.0000
0.0000
0.0000
0.0000
0.0000
0.0000
0.0000
0.0000
0.0000
0.0000
0.0000
0.0000
0.0000
0.0000
0.0000
0.0000
0.0000
0.0000
0.0000
0.0000
0.0000
0.0000
0.0000
0.0000
0.0000
0.0000
0.0000
0.0000
0.0000
1607.1479
1157.0201
1153.1661
862.8922
591.3561
651.0171
561.8423
585.9529
435.4153
257.0329
209.4750
340.6742
311.3955
0.0000
0.0000
0.0000
0.0000
0.0000
0.0000
0.0000
0.0000
0.0000
0.0000
0.0000
0.0000
0.0000
0.0000
0.0000
0.0000
0.0000
0.0000
0.0000
0.0000
0.0000
0.0000
0.0000
0.0000
0.0000
0.0000
0.0000
0.0000
0.0000
0.0000
0.0000
0.0000
0.0000
984.8340
1427.7623
914.5198
595.0366
763.9551
571.8771
370.0322
433.5565
339.5910
342.7851
0.0000
0.0000
387.8958
0.0000
0.0000
0.0000
0.0000
0.0000
0.0000
0.0000
0.0000
0.0000
0.0000
0.0000
0.0000
0.0000
0.0000
0.0000
0.0000
0.0000
0.0000
0.0000
0.0000
0.0000
0.0000
0.0000
0.0000
0.0000
0.0000
0.0000
0.0000
0.0000
0.0000
0.0000
0.0000
0.0000
0.0000
1073.0977
943.1213
711.7120
726.1675
397.6481
539.0049
330.6029
291.6656
278.4263
0.0000
0.0000
0.0000
0.0000
0.0000
0.0000
0.0000
0.0000
0.0000
0.0000
0.0000
0.0000
0.0000
0.0000
0.0000
0.0000
0.0000
0.0000
0.0000
0.0000
0.0000
0.0000
0.0000
0.0000
0.0000
0.0000
0.0000
0.0000
0.0000
0.0000
0.0000
0.0000
0.0000
0.0000
0.0000
0.0000
0.0000
0.0000
709.6308
536.0150
461.1846
428.4669
356.2009
379.6284
474.1730
294.6137
0.0000
0.0000
0.0000
0.0000
0.0000
0.0000
0.0000
0.0000
0.0000
0.0000
0.0000
0.0000
0.0000
0.0000
0.0000
0.0000
0.0000
0.0000
0.0000
0.0000
0.0000
0.0000
0.0000
0.0000
0.0000
0.0000
0.0000
0.0000
0.0000
0.0000
0.0000
0.0000
0.0000
0.0000
0.0000
0.0000
0.0000
0.0000
0.0000
573.3911
436.6276
449.8342
417.2018
668.6135
614.4942
518.7203
0.0000
0.0000
0.0000
0.0000
0.0000
0.0000
0.0000
0.0000
0.0000
0.0000
0.0000
0.0000
0.0000
0.0000
0.0000
0.0000
0.0000
0.0000
0.0000
0.0000
0.0000
0.0000
0.0000
0.0000
0.0000
0.0000
0.0000
0.0000
0.0000
0.0000
0.0000
0.0000
0.0000
0.0000
0.0000
0.0000
0.0000
0.0000
0.0000
599.4382
542.9061
669.7144
601.4382
821.3915
781.5999
481.9657
0.0000
0.0000
0.0000
0.0000
0.0000
0.0000
0.0000
0.0000
0.0000
0.0000
0.0000
0.0000
0.0000
0.0000
0.0000
0.0000
0.0000
0.0000
0.0000
0.0000
0.0000
0.0000
0.0000
0.0000
0.0000
0.0000
0.0000
0.0000
0.0000
0.0000
0.0000
0.0000
0.0000
0.0000
0.0000
0.0000
0.0000
0.0000
0.0000
0.0000
0.0000
507.6870
513.4105
819.8188
619.2788
598.8466
0.0000
0.0000
0.0000
0.0000
0.0000
0.0000
0.0000
0.0000
0.0000
0.0000
0.0000
0.0000
0.0000
0.0000
0.0000
0.0000
0.0000
0.0000
0.0000
0.0000
0.0000
0.0000
0.0000
0.0000
0.0000
0.0000
0.0000
0.0000
0.0000
0.0000
0.0000
0.0000
0.0000
0.0000
0.0000
0.0000
0.0000
0.0000
0.0000
0.0000
0.0000
596.7115
573.5627
661.4330
558.5887
406.1907
0.0000
0.0000
0.0000
0.0000
0.0000
0.0000
0.0000
0.0000
0.0000
0.0000
0.0000
0.0000
0.0000
0.0000
0.0000
0.0000
0.0000
0.0000
0.0000
0.0000
0.0000
0.0000
0.0000
0.0000
0.0000
0.0000
0.0000
0.0000
0.0000
0.0000
0.0000
0.0000
0.0000
0.0000
0.0000
0.0000
0.0000
0.0000
0.0000
0.0000
0.0000
0.0000
849.0367
499.6199
400.4754
349.3706
0.0000
0.0000
0.0000
0.0000
0.0000
0.0000
0.0000
0.0000
0.0000
0.0000
0.0000
0.0000
0.0000
0.0000
0.0000
0.0000
0.0000
0.0000
0.0000
0.0000
0.0000
0.0000
0.0000
0.0000
0.0000
0.0000
0.0000
0.0000
0.0000
0.0000
0.0000
0.0000
0.0000
0.0000
0.0000
0.0000
0.0000
0.0000
0.0000
0.0000
0.0000
0.0000
0.0000
615.3588
414.3969
374.9919
0.0000
0.0000
0.0000
0.0000
0.0000
0.0000
0.0000
0.0000
0.0000
0.0000
0.0000
0.0000
0.0000
0.0000
0.0000
0.0000
0.0000
0.0000
0.0000
0.0000
0.0000
0.0000
0.0000
0.0000
0.0000
0.0000
0.0000
0.0000
0.0000
0.0000
0.0000
0.0000
0.0000
0.0000
0.0000
0.0000
0.0000
0.0000
0.0000
0.0000
0.0000
0.0000
0.0000
637.4318
562.2015
553.9737
0.0000
0.0000
0.0000
0.0000
0.0000
0.0000
0.0000
0.0000
0.0000
0.0000
0.0000
0.0000
0.0000
0.0000
0.0000
0.0000
0.0000
0.0000
0.0000
0.0000
0.0000
0.0000
0.0000
0.0000
0.0000
0.0000
0.0000
0.0000
0.0000
0.0000
0.0000
0.0000
0.0000
0.0000
0.0000
0.0000
0.0000
0.0000
0.0000
0.0000
0.0000
0.0000
0.0000
0.0000
691.6628
609.1772
0.0000
0.0000
0.0000
0.0000
0.0000
0.0000
0.0000
0.0000
0.0000
0.0000
0.0000
0.0000
0.0000
0.0000
0.0000
0.0000
0.0000
0.0000
0.0000
0.0000
0.0000
0.0000
0.0000
0.0000
0.0000
0.0000
0.0000
0.0000
0.0000
0.0000
0.0000
0.0000
0.0000
0.0000
0.0000
0.0000
0.0000
0.0000
0.0000
0.0000
0.0000
0.0000
0.0000
0.0000
0.0000
0.0000
0.0000
0.0000
0.0000
0.0000
0.0000
0.0000
0.0000
0.0000
0.0000
0.0000
0.0000
0.0000
0.0000
0.0000
0.0000
0.0000
0.0000
0.0000
0.0000
0.0000
0.0000
0.0000
0.0000
0.0000
0.0000
0.0000
0.0000
0.0000
0.0000
0.0000
0.0000
0.0000
0.0000
0.0000
0.0000
0.0000
0.0000
0.0000
0.0000
0.0000
0.0000
0.0000
0.0000
0.0000
0.0000
0.0000
0.0000
0.0000
0.0000
0.0000
0.0000
0.0000
0.0000
0.0000
0.0000
0.0000
0.0000
0.0000
0.0000
0.0000
0.0000
0.0000
0.0000
0.0000
0.0000
0.0000
0.0000
0.0000
0.0000
0.0000
0.0000
0.0000
0.0000
0.0000
0.0000
0.0000
0.0000
0.0000
0.0000
0.0000
0.0000
0.0000
0.0000
0.0000
0.0000
0.0000
0.0000
0.0000
0.0000
0.0000
0.0000
0.0000
0.0000
0.0000
0.0000
0.0000
0.0000
0.0000
0.0000
0.0000
0.0000
0.0000
0.0000
0.0000
0.0000
0.0000
0.0000
0.0000
0.0000
0.0000
0.0000
0.0000
0.0000
0.0000
0.0000
0.0000
0.0000
0.0000
0.0000
0.0000
0.0000
0.0000
0.0000
0.0000
0.0000
0.0000
0.0000
0.0000
0.0000
0.0000
0.0000
0.0000
0.0000
0.0000
0.0000
0.0000
0.0000
0.0000
0.0000
0.0000
0.0000
0.0000
0.0000
0.0000
0.0000
0.0000
0.0000
0.0000
0.0000
0.0000
0.0000
0.0000
0.0000
0.0000
0.0000
0.0000
0.0000
0.0000
0.0000
0.0000
0.0000
0.0000
0.0000
0.0000
0.0000
0.0000
0.0000
0.0000
0.0000
0.0000
0.0000
0.0000
0.0000
0.0000
0.0000
0.0000
0.0000
0.0000
0.0000
0.0000
0.0000
0.0000
0.0000
0.0000
0.0000
0.0000
0.0000
0.0000
0.0000
0.0000
0.0000
0.0000
0.0000
0.0000
0.0000
0.0000
0.0000
0.0000
0.0000
0.0000
0.0000
0.0000
0.0000
0.0000
0.0000
0.0000
0.0000
0.0000
0.0000
0.0000
0.0000
0.0000
0.0000
0.0000
0.0000
0.0000
0.0000
0.0000
0.0000
0.0000
0.0000
0.0000
0.0000
0.0000
0.0000
0.0000
0.0000
0.0000
0.0000
0.0000
0.0000
0.0000
0.0000
0.0000
0.0000
0.0000
0.0000
0.0000
0.0000
0.0000
0.0000
0.0000
0.0000
0.0000
0.0000
0.0000
0.0000
0.0000
0.0000
0.0000
0.0000
0.0000
0.0000
0.0000
0.0000
0.0000
0.0000
0.0000
0.0000
0.0000
0.0000
0.0000
0.0000
0.0000
0.0000
0.0000
0.0000
0.0000
0.0000
0.0000
0.0000
0.0000
0.0000
0.0000
0.0000
0.0000
0.0000
0.0000
0.0000
0.0000
0.0000
0.0000
0.0000
0.0000
0.0000
0.0000
0.0000
0.0000
0.0000
0.0000
0.0000
0.0000
0.0000
0.0000
0.0000
0.0000
0.0000
0.0000
0.0000
0.0000
0.0000
0.0000
0.0000
0.0000
0.0000
0.0000
0.0000
0.0000
0.0000
0.0000
0.0000
0.0000
0.0000
0.0000
0.0000
0.0000
0.0000
0.0000
0.0000
0.0000
0.0000
0.0000
0.0000
0.0000
0.0000
0.0000
0.0000
0.0000
0.0000
0.0000
0.0000
0.0000
0.0000
0.0000
0.0000
0.0000
0.0000
0.0000
0.0000
0.0000
0.0000
0.0000
0.0000
0.0000
0.0000
0.0000
0.0000
0.0000
0.0000
0.0000
0.0000
0.0000
0.0000
0.0000
0.0000
0.0000
0.0000
0.0000
0.0000
0.0000
0.0000
0.0000
0.0000
0.0000
0.0000
0.0000
0.0000
0.0000
0.0000
0.0000
0.0000
0.0000
0.0000
0.0000
0.0000
0.0000
0.0000
0.0000
0.0000
0.0000
0.0000
0.0000
0.0000
0.0000
0.0000
0.0000
0.0000
0.0000
0.0000
0.0000
0.0000
0.0000
0.0000
0.0000
0.0000
0.0000
0.0000
0.0000
0.0000
0.0000
0.0000
0.0000
0.0000
0.0000
0.0000
0.0000
0.0000
0.0000
0.0000
0.0000
0.0000
0.0000
0.0000
0.0000
0.0000
0.0000
0.0000
0.0000
0.0000
0.0000
0.0000
0.0000
0.0000
0.0000
0.0000
0.0000
0.0000
0.0000
0.0000
0.0000
0.0000
0.0000
0.0000
0.0000
0.0000
0.0000
0.0000
0.0000
0.0000
0.0000
0.0000
0.0000
0.0000
0.0000
0.0000
0.0000
0.0000
0.0000
0.0000
0.0000
0.0000
0.0000
0.0000
0.0000
0.0000
0.0000
0.0000
0.0000
0.0000
0.0000
0.0000
0.0000
0.0000
0.0000
0.0000
0.0000
0.0000
0.0000
0.0000
0.0000
0.0000
0.0000
0.0000
0.0000
0.0000
0.0000
0.0000
0.0000
0.0000
0.0000
0.0000
0.0000
0.0000
0.0000
0.0000
0.0000
0.0000
0.0000
0.0000
0.0000
0.0000
0.0000
0.0000
0.0000
0.0000
0.0000
0.0000
0.0000
0.0000
0.0000
0.0000
0.0000
0.0000
0.0000
0.0000
0.0000
0.0000
0.0000
0.0000
0.0000
0.0000
0.0000
0.0000
0.0000
0.0000
0.0000
0.0000
0.0000
0.0000
0.0000
0.0000
0.0000
0.0000
0.0000
0.0000
0.0000
0.0000
0.0000
0.0000
0.0000
0.0000
0.0000
0.0000
0.0000
0.0000
0.0000
0.0000
0.0000
0.0000
0.0000
0.0000
0.0000
0.0000
0.0000
0.0000
0.0000
0.0000
0.0000
0.0000
0.0000
0.0000
0.0000
0.0000
0.0000
0.0000
0.0000
0.0000
0.0000
0.0000
0.0000
0.0000
0.0000
0.0000
0.0000
0.0000
0.0000
0.0000
0.0000
0.0000
0.0000
0.0000
0.0000
0.0000
0.0000
0.0000
0.0000
0.0000
0.0000
0.0000
0.0000
0.0000
0.0000
0.0000
0.0000
0.0000
0.0000
0.0000
0.0000
0.0000
0.0000
0.0000
0.0000
0.0000
0.0000
0.0000
0.0000
0.0000
0.0000
0.0000
0.0000
0.0000
0.0000
0.0000
0.0000
0.0000
0.0000
0.0000
0.0000
0.0000
0.0000
0.0000
0.0000
0.0000
0.0000
0.0000
0.0000
0.0000
0.0000
0.0000
0.0000
0.0000
0.0000
0.0000
0.0000
0.0000
0.0000
0.0000
0.0000
0.0000
0.0000
0.0000
0.0000
0.0000
0.0000
0.0000
0.0000
0.0000
0.0000
0.0000
0.0000
0.0000
0.0000
0.0000
0.0000
0.0000
0.0000
0.0000
0.0000
0.0000
0.0000
0.0000
0.0000
0.0000
0.0000
0.0000
0.0000
0.0000
0.0000
0.0000
0.0000
0.0000
0.0000
0.0000
0.0000
0.0000
0.0000
0.0000
0.0000
0.0000
0.0000
0.0000
0.0000
0.0000
0.0000
0.0000
0.0000
0.0000
0.0000
0.0000
0.0000
0.0000
0.0000
0.0000
0.0000
0.0000
0.0000
0.0000
0.0000
0.0000
0.0000
0.0000
0.0000
0.0000
0.0000
0.0000
0.0000
0.0000
0.0000
0.0000
0.0000
0.0000
0.0000
0.0000
0.0000
0.0000
0.0000
0.0000
0.0000
0.0000
0.0000
0.0000
0.0000
0.0000
0.0000
0.0000
0.0000
0.0000
0.0000
0.0000
0.0000
0.0000
0.0000
0.0000
0.0000
0.0000
0.0000
0.0000
0.0000
0.0000
0.0000
0.0000
0.0000
0.0000
0.0000
0.0000
0.0000
0.0000
0.0000
0.0000
0.0000
0.0000
0.0000
0.0000
0.0000
0.0000
0.0000
0.0000
0.0000
0.0000
0.0000
0.0000
0.0000
0.0000
0.0000
0.0000
0.0000
0.0000
0.0000
0.0000
0.0000
0.0000
0.0000
0.0000
0.0000
0.0000
0.0000
0.0000
0.0000
0.0000
0.0000
0.0000
0.0000
0.0000
0.0000
0.0000
0.0000
0.0000
0.0000
0.0000
0.0000
0.0000
0.0000
0.0000
0.0000
0.0000
0.0000
0.0000
0.0000
0.0000
0.0000
0.0000
0.0000
0.0000
0.0000
0.0000
0.0000
0.0000
0.0000
0.0000
0.0000
0.0000
0.0000
0.0000
0.0000
0.0000
0.0000
0.0000
0.0000
0.0000
0.0000
0.0000
0.0000
0.0000
0.0000
0.0000
0.0000
0.0000
0.0000
0.0000
0.0000
0.0000
0.0000
0.0000
0.0000
0.0000
0.0000
0.0000
0.0000
0.0000
0.0000
0.0000
0.0000
0.0000
0.0000
0.0000
0.0000
0.0000
0.0000
0.0000
0.0000
0.0000
0.0000
0.0000
0.0000
0.0000
0.0000
0.0000
0.0000
0.0000
0.0000
0.0000
0.0000
0.0000
0.0000
0.0000
0.0000
0.0000
0.0000
0.0000
0.0000
0.0000
0.0000
0.0000
0.0000
0.0000
0.0000
0.0000
0.0000
0.0000
0.0000
0.0000
0.0000
0.0000
0.0000
0.0000
0.0000
0.0000
0.0000
0.0000
0.0000
0.0000
0.0000
0.0000
0.0000
0.0000
0.0000
0.0000
0.0000
0.0000
0.0000
0.0000
0.0000
0.0000
0.0000
0.0000
0.0000
0.0000
0.0000
0.0000
0.0000
0.0000
0.0000
0.0000
0.0000
0.0000
0.0000
0.0000
0.0000
0.0000
0.0000
0.0000
0.0000
0.0000
0.0000
0.0000
0.0000
0.0000
0.0000
0.0000
0.0000
0.0000
0.0000
0.0000
0.0000
0.0000
0.0000
0.0000
0.0000
0.0000
0.0000
0.0000
0.0000
0.0000
0.0000
0.0000
0.0000
0.0000
0.0000
0.0000
0.0000
0.0000
0.0000
0.0000
0.0000
0.0000
0.0000
0.0000
0.0000
0.0000
0.0000
0.0000
0.0000
0.0000
0.0000
0.0000
0.0000
0.0000
0.0000
0.0000
0.0000
0.0000
0.0000
0.0000
0.0000
0.0000
0.0000
0.0000
0.0000
0.0000
0.0000
0.0000
0.0000
0.0000
0.0000
0.0000
0.0000
0.0000
0.0000
0.0000
0.0000
0.0000
0.0000
0.0000
0.0000
0.0000
0.0000
0.0000
0.0000
0.0000
0.0000
0.0000
0.0000
0.0000
0.0000
0.0000
0.0000
0.0000
0.0000
0.0000
0.0000
0.0000
376.9258
518.8932
551.8675
795.2278
844.4921
1054.1691
852.3770
592.7777
692.3572
554.8954
505.3824
566.1085
955.5493
1710.7578
1006.4434
521.0096
445.2188
192.4026
215.5827
232.1563
203.5303
309.8017
458.2785
483.1230
0.0000
0.0000
0.0000
0.0000
0.0000
0.0000
0.0000
0.0000
0.0000
0.0000
0.0000
0.0000
0.0000
0.0000
0.0000
0.0000
0.0000
0.0000
0.0000
0.0000
0.0000
0.0000
357.8374
597.8370
711.1324
831.7366
1002.5393
1252.4637
634.5917
536.9508
452.2672
467.6555
487.7952
663.3806
1110.2961
1143.3673
1059.1003
716.2147
369.2988
368.3059
248.6714
270.4688
233.6355
271.9680
376.2188
491.9901
0.0000
0.0000
0.0000
0.0000
0.0000
0.0000
0.0000
0.0000
0.0000
0.0000
0.0000
0.0000
0.0000
0.0000
0.0000
0.0000
0.0000
0.0000
0.0000
0.0000
0.0000
0.0000
304.9083
566.9655
879.8441
772.2769
1188.1127
925.7126
649.3109
422.7837
390.2347
483.1563
599.8926
880.6449
1211.7563
1902.2457
1381.8176
913.3291
472.5696
397.1680
380.5756
400.1560
364.6496
413.2661
220.5788
267.5472
0.0000
0.0000
0.0000
0.0000
0.0000
0.0000
0.0000
0.0000
0.0000
0.0000
0.0000
0.0000
0.0000
0.0000
0.0000
0.0000
0.0000
0.0000
0.0000
0.0000
0.0000
0.0000
402.5382
406.0103
860.7756
919.3819
1094.5032
885.7458
803.8297
486.1303
478.2101
517.5131
675.9034
822.6211
1133.3942
1122.6237
1146.6946
825.5774
643.0998
521.1218
566.6387
489.9237
474.3144
483.8097
277.1982
291.5211
0.0000
0.0000
0.0000
0.0000
0.0000
0.0000
0.0000
0.0000
0.0000
0.0000
0.0000
0.0000
0.0000
0.0000
0.0000
0.0000
0.0000
0.0000
0.0000
0.0000
0.0000
0.0000
359.6771
606.7629
504.6201
467.6628
487.8780
563.0145
545.0090
766.6108
744.2717
537.8328
617.1035
621.1324
625.0826
771.3184
901.4848
687.9421
473.2656
410.0783
461.1144
667.9302
443.4153
509.7705
568.0051
417.0336
0.0000
0.0000
0.0000
0.0000
0.0000
0.0000
0.0000
0.0000
0.0000
0.0000
0.0000
0.0000
0.0000
0.0000
0.0000
0.0000
0.0000
0.0000
0.0000
0.0000
0.0000
0.0000
512.4954
560.4054
391.9504
419.9333
294.7787
296.8119
389.4629
419.1698
429.8339
496.9903
440.2418
398.9370
684.8770
656.1324
664.2607
468.0532
387.6004
560.0262
473.2245
498.4003
445.7957
508.3380
549.4834
355.8288
0.0000
0.0000
0.0000
0.0000
0.0000
0.0000
0.0000
0.0000
0.0000
0.0000
0.0000
0.0000
0.0000
0.0000
0.0000
0.0000
0.0000
0.0000
0.0000
0.0000
0.0000
0.0000
469.0912
307.2376
222.4399
258.8611
436.2096
252.8170
337.3059
372.6502
395.0089
446.9583
426.6635
452.2982
457.1810
515.1976
464.5733
465.1129
524.9030
600.2501
563.4965
440.7918
347.3119
330.4770
372.6795
658.4023
0.0000
0.0000
0.0000
0.0000
0.0000
0.0000
0.0000
0.0000
0.0000
0.0000
0.0000
0.0000
0.0000
0.0000
0.0000
0.0000
0.0000
0.0000
0.0000
0.0000
0.0000
0.0000
319.7283
261.9665
256.2523
257.6800
264.0468
260.8591
332.3916
324.0837
271.7394
299.4983
361.7187
442.1819
554.5997
486.7840
378.5444
436.7777
420.7646
341.7373
569.4036
406.6411
527.6453
380.6164
538.4023
465.3520
0.0000
0.0000
0.0000
0.0000
0.0000
0.0000
0.0000
0.0000
0.0000
0.0000
0.0000
0.0000
0.0000
0.0000
0.0000
0.0000
0.0000
0.0000
0.0000
0.0000
0.0000
0.0000
327.0798
271.2631
235.3085
273.1458
201.4704
177.1660
296.0211
381.2661
227.2162
403.4718
362.1585
414.1266
465.5995
328.2569
294.1589
253.2312
279.0597
318.1486
399.0794
407.4419
504.7580
493.3411
386.1226
417.7556
0.0000
0.0000
0.0000
0.0000
0.0000
0.0000
0.0000
0.0000
0.0000
0.0000
0.0000
0.0000
0.0000
0.0000
0.0000
0.0000
0.0000
0.0000
0.0000
0.0000
0.0000
0.0000
251.9261
254.8864
251.4381
272.5395
217.6355
192.8685
338.2419
190.6844
302.5545
428.9822
372.6165
354.0643
468.4897
367.0926
282.5207
220.3113
249.8523
313.3529
244.2070
312.9876
516.8860
411.5999
433.4775
392.0162
0.0000
0.0000
0.0000
0.0000
0.0000
0.0000
0.0000
0.0000
0.0000
0.0000
0.0000
0.0000
0.0000
0.0000
0.0000
0.0000
0.0000
0.0000
0.0000
0.0000
0.0000
0.0000
206.6889
223.0413
189.3578
135.1673
191.3871
220.4101
255.4623
195.6718
330.5803
548.3418
350.0422
304.5476
258.0767
278.3984
261.8652
251.5154
206.4492
184.9296
247.6304
448.7230
253.4064
320.6667
304.3342
605.0609
0.0000
0.0000
0.0000
0.0000
0.0000
0.0000
0.0000
0.0000
0.0000
0.0000
0.0000
0.0000
0.0000
0.0000
0.0000
0.0000
0.0000
0.0000
0.0000
0.0000
0.0000
0.0000
325.4212
303.0889
171.3424
135.7180
122.9420
153.2454
143.7478
246.2530
246.3226
327.5805
306.7828
235.0083
263.2905
261.3674
215.0598
258.1836
154.7102
254.9306
235.5345
256.7847
222.5263
201.8708
401.8079
493.4906
0.0000
0.0000
0.0000
0.0000
0.0000
0.0000
0.0000
0.0000
0.0000
0.0000
0.0000
0.0000
0.0000
0.0000
0.0000
0.0000
0.0000
0.0000
0.0000
0.0000
0.0000
0.0000
319.4608
256.9219
137.5043
141.8291
136.8608
205.0025
148.2064
184.2706
262.5135
180.6517
217.5051
168.8887
351.9035
199.7198
235.8193
252.9866
202.2549
189.9631
216.9928
202.1142
271.3944
288.3934
391.9477
455.7826
0.0000
0.0000
0.0000
0.0000
0.0000
0.0000
0.0000
0.0000
0.0000
0.0000
0.0000
0.0000
0.0000
0.0000
0.0000
0.0000
0.0000
0.0000
0.0000
0.0000
0.0000
0.0000
236.6297
211.5978
174.0038
130.2845
120.1541
150.9959
138.4391
186.3953
263.5586
224.4429
252.6206
260.5801
245.5911
250.8979
179.0700
181.3743
177.5116
203.7932
152.4729
186.2063
309.2056
268.7802
411.7931
381.7003
0.0000
0.0000
0.0000
0.0000
0.0000
0.0000
0.0000
0.0000
0.0000
0.0000
0.0000
0.0000
0.0000
0.0000
0.0000
0.0000
0.0000
0.0000
0.0000
0.0000
0.0000
0.0000
218.9607
185.7762
161.2665
161.2638
143.0036
153.6723
105.8382
156.6088
266.7628
256.8040
287.7837
316.6865
196.6745
209.1034
177.7413
155.4450
176.6432
170.6236
204.5651
229.2414
253.1578
273.8069
305.6759
356.3998
0.0000
0.0000
0.0000
0.0000
0.0000
0.0000
0.0000
0.0000
0.0000
0.0000
0.0000
0.0000
0.0000
0.0000
0.0000
0.0000
0.0000
0.0000
0.0000
0.0000
0.0000
0.0000
163.9668
159.6660
150.9334
215.4401
232.2326
192.1155
172.3736
211.4975
164.7222
273.7768
219.0497
211.4823
172.7365
113.5289
136.9843
123.2298
163.8852
166.1911
169.9495
179.4133
166.0750
151.0278
297.0754
235.0697
0.0000
0.0000
0.0000
0.0000
0.0000
0.0000
0.0000
0.0000
0.0000
0.0000
0.0000
0.0000
0.0000
0.0000
0.0000
0.0000
0.0000
0.0000
0.0000
0.0000
0.0000
0.0000
217.1235
168.0244
229.4986
169.2847
190.9404
163.3497
192.5163
199.7483
217.2554
216.8078
179.6635
179.8178
132.6906
124.9503
140.7811
133.6578
148.2453
163.0740
158.9500
187.2911
141.6514
167.3460
198.5711
158.0632
0.0000
0.0000
0.0000
0.0000
0.0000
0.0000
0.0000
0.0000
0.0000
0.0000
0.0000
0.0000
0.0000
0.0000
0.0000
0.0000
0.0000
0.0000
0.0000
0.0000
0.0000
0.0000
382.2465
235.0910
192.2023
295.7401
268.5751
138.4452
187.0415
208.8735
175.9122
144.0471
189.5681
151.1837
143.6105
132.8256
169.7117
169.7967
218.3888
159.9059
179.5109
148.9590
139.7538
188.2367
229.5748
139.2066
0.0000
0.0000
0.0000
0.0000
0.0000
0.0000
0.0000
0.0000
0.0000
0.0000
0.0000
0.0000
0.0000
0.0000
0.0000
0.0000
0.0000
0.0000
0.0000
0.0000
0.0000
0.0000
241.6734
221.3200
203.4064
235.7298
242.9476
190.8259
213.5796
199.7222
167.1518
199.1814
127.7421
96.7755
146.3878
93.1401
141.8695
130.7542
200.5655
277.0173
175.6431
159.4303
207.5125
171.6633
138.5227
203.1709
0.0000
0.0000
0.0000
0.0000
0.0000
0.0000
0.0000
0.0000
0.0000
0.0000
0.0000
0.0000
0.0000
0.0000
0.0000
0.0000
0.0000
0.0000
0.0000
0.0000
0.0000
0.0000
200.2556
160.5987
157.6590
229.2789
259.6239
238.7378
209.1389
259.1907
226.5538
256.4559
142.2742
84.9768
90.9435
110.8319
111.3969
140.6797
175.6095
282.7683
197.7772
242.9254
162.8374
115.2879
158.7364
150.7426
0.0000
0.0000
0.0000
0.0000
0.0000
0.0000
0.0000
0.0000
0.0000
0.0000
0.0000
0.0000
0.0000
0.0000
0.0000
0.0000
0.0000
0.0000
0.0000
0.0000
0.0000
0.0000
259.4034
172.7584
170.2935
382.5443
326.3389
236.6444
207.1986
183.3483
184.4659
174.3147
134.5600
132.5458
138.8921
114.5236
130.9146
171.7029
236.3234
209.5245
208.2786
196.4653
178.2823
111.1509
149.9857
137.0802
0.0000
0.0000
0.0000
0.0000
0.0000
0.0000
0.0000
0.0000
0.0000
0.0000
0.0000
0.0000
0.0000
0.0000
0.0000
0.0000
0.0000
0.0000
0.0000
0.0000
0.0000
0.0000
243.3361
227.3242
226.5718
412.0975
340.3535
222.8342
210.6531
128.9615
157.9919
142.4232
158.2451
158.1586
159.8516
132.5383
132.0365
156.2536
185.0243
276.5457
269.0218
258.2324
179.8793
153.9048
212.0606
183.8380
0.0000
0.0000
0.0000
0.0000
0.0000
0.0000
0.0000
0.0000
0.0000
0.0000
0.0000
0.0000
0.0000
0.0000
0.0000
0.0000
0.0000
0.0000
0.0000
0.0000
0.0000
0.0000
189.0847
177.1747
276.6642
391.7095
343.3145
319.6592
281.4950
189.3588
175.9854
160.7533
177.9933
136.5761
169.7019
150.7423
114.9381
104.8924
135.8184
182.1024
200.7771
267.9954
219.0156
193.7628
238.4484
168.2784
0.0000
0.0000
0.0000
0.0000
0.0000
0.0000
0.0000
0.0000
0.0000
0.0000
0.0000
0.0000
0.0000
0.0000
0.0000
0.0000
0.0000
0.0000
0.0000
0.0000
0.0000
0.0000
185.5550
249.7797
386.0195
409.8806
470.7093
408.8134
269.0085
202.9486
155.7131
141.2067
172.5163
143.0262
108.3071
181.3946
161.7741
186.3668
277.7005
203.6790
146.6520
216.0146
201.8009
237.1460
277.1165
181.8518
0.0000
0.0000
0.0000
0.0000
0.0000
0.0000
0.0000
0.0000
0.0000
0.0000
0.0000
0.0000
0.0000
0.0000
0.0000
0.0000
0.0000
0.0000
0.0000
0.0000
0.0000
0.0000
149.4647
217.1840
385.1495
295.7096
304.8436
424.5876
327.6341
198.2230
157.9229
143.8521
140.2003
140.9210
128.5475
141.1977
205.4490
254.1908
177.2640
199.6542
170.2982
208.5248
231.8881
242.1503
228.2388
242.0069
0.0000
0.0000
0.0000
0.0000
0.0000
0.0000
0.0000
0.0000
0.0000
0.0000
0.0000
0.0000
0.0000
0.0000
0.0000
0.0000
0.0000
0.0000
0.0000
0.0000
0.0000
0.0000
113.3467
175.9205
268.6964
223.9528
320.9071
350.1984
324.5844
252.3267
251.8802
129.6134
112.9284
145.8714
130.1149
172.1243
197.6289
171.4791
159.7199
166.4659
172.5371
179.9322
180.8859
243.6232
232.4060
223.2774
0.0000
0.0000
0.0000
0.0000
0.0000
0.0000
0.0000
0.0000
0.0000
0.0000
0.0000
0.0000
0.0000
0.0000
0.0000
0.0000
0.0000
0.0000
0.0000
0.0000
0.0000
0.0000
111.6678
176.2101
170.4758
193.0980
328.5927
396.4550
443.7673
356.0259
295.8513
200.7466
158.3918
172.0320
161.2012
195.4340
252.0826
201.0284
221.9897
228.9740
193.4143
204.5974
161.4887
230.5358
315.9038
196.0192
0.0000
0.0000
0.0000
0.0000
0.0000
0.0000
0.0000
0.0000
0.0000
0.0000
0.0000
0.0000
0.0000
0.0000
0.0000
0.0000
0.0000
0.0000
0.0000
0.0000
0.0000
0.0000
98.0200
136.1635
192.0806
408.9000
444.1463
446.5822
450.3163
430.7445
297.5295
219.5228
217.4538
195.7564
187.9817
212.4435
194.6742
291.5882
274.4740
259.5059
340.3690
202.1112
195.6602
231.7730
318.3324
166.0966
0.0000
0.0000
0.0000
0.0000
0.0000
0.0000
0.0000
0.0000
0.0000
0.0000
0.0000
0.0000
0.0000
0.0000
0.0000
0.0000
0.0000
0.0000
0.0000
0.0000
0.0000
0.0000
84.7444
133.0105
233.6404
343.1493
377.5737
295.0963
256.9849
379.0837
291.9468
260.8994
259.3531
199.5385
215.7662
288.0000
263.2045
191.7677
454.9904
367.8815
261.3855
245.2415
192.9223
264.7802
384.7253
248.6643
0.0000
0.0000
0.0000
0.0000
0.0000
0.0000
0.0000
0.0000
0.0000
0.0000
0.0000
0.0000
0.0000
0.0000
0.0000
0.0000
0.0000
0.0000
0.0000
0.0000
0.0000
0.0000
78.0858
129.9554
186.4188
296.0989
381.9375
292.2545
268.2585
283.2491
292.6390
238.8993
190.8212
194.1538
321.9031
365.9485
234.6984
260.6548
284.5121
331.0822
271.0428
273.6183
284.8462
341.0686
215.6623
360.0430
0.0000
0.0000
0.0000
0.0000
0.0000
0.0000
0.0000
0.0000
0.0000
0.0000
0.0000
0.0000
0.0000
0.0000
0.0000
0.0000
0.0000
0.0000
0.0000
0.0000
0.0000
0.0000
39.5405
83.5748
113.9565
199.5124
354.2899
233.7187
220.0645
241.3435
203.7633
248.6741
183.6383
187.2139
315.3517
491.5932
444.2918
336.6461
230.5058
279.7798
232.0177
263.1824
242.0051
326.6960
267.6483
218.5913
0.0000
0.0000
0.0000
0.0000
0.0000
0.0000
0.0000
0.0000
0.0000
0.0000
0.0000
0.0000
0.0000
0.0000
0.0000
0.0000
0.0000
0.0000
0.0000
0.0000
0.0000
0.0000
36.4150
57.2329
97.6163
126.8231
194.0341
214.2717
206.8185
181.1417
191.4238
243.4019
224.9097
244.3262
233.8367
214.2713
262.5956
312.3864
223.1241
239.9671
226.9340
278.3759
287.3622
269.6927
204.3573
266.7689
0.0000
0.0000
0.0000
0.0000
0.0000
0.0000
0.0000
0.0000
0.0000
0.0000
0.0000
0.0000
0.0000
0.0000
0.0000
0.0000
0.0000
0.0000
0.0000
0.0000
0.0000
0.0000
46.0983
59.1867
72.0868
87.5706
131.3647
185.8301
143.8903
158.0078
153.7854
143.6336
208.3849
188.6105
158.7126
161.0491
195.9278
147.8761
177.7745
260.7973
279.2310
274.2742
234.5935
249.3435
211.6829
272.0818
0.0000
0.0000
0.0000
0.0000
0.0000
0.0000
0.0000
0.0000
0.0000
0.0000
0.0000
0.0000
0.0000
0.0000
0.0000
0.0000
0.0000
0.0000
0.0000
0.0000
0.0000
0.0000
70.6385
74.0200
97.5694
106.0592
137.3789
163.8404
119.4343
111.4695
158.3653
158.0464
197.7711
169.5873
109.2585
123.3028
89.7690
82.8613
109.6934
201.2681
200.4116
204.0798
192.7184
131.6461
124.7392
173.8160
0.0000
0.0000
0.0000
0.0000
0.0000
0.0000
0.0000
0.0000
0.0000
0.0000
0.0000
0.0000
0.0000
0.0000
0.0000
0.0000
0.0000
0.0000
0.0000
0.0000
0.0000
0.0000
40.9499
64.2283
111.1546
110.3782
152.7533
115.1957
114.8936
121.8634
143.0972
144.3083
97.3353
140.0748
119.8001
122.3246
125.2273
101.4306
122.9805
162.5110
249.7269
201.5786
145.5966
133.1122
153.8642
124.3498
0.0000
0.0000
0.0000
0.0000
0.0000
0.0000
0.0000
0.0000
0.0000
0.0000
0.0000
0.0000
0.0000
0.0000
0.0000
0.0000
0.0000
0.0000
0.0000
0.0000
0.0000
0.0000
22.6038
48.1455
84.8695
76.1547
106.8569
91.1758
151.3914
144.4666
153.8508
146.6078
114.7188
115.6027
88.3035
102.9908
134.7705
142.9333
107.7057
209.8162
212.3451
130.0455
141.4416
166.9403
184.1915
196.0417
0.0000
0.0000
0.0000
0.0000
0.0000
0.0000
0.0000
0.0000
0.0000
0.0000
0.0000
0.0000
0.0000
0.0000
0.0000
0.0000
0.0000
0.0000
0.0000
0.0000
0.0000
0.0000
24.5555
57.0337
61.9180
72.3659
94.7272
100.0781
117.4364
144.0119
136.8584
133.6371
105.9927
130.8746
97.4434
160.8991
210.2728
114.6373
122.8350
245.1469
177.3251
158.6021
118.7832
125.9290
148.3146
154.9115
0.0000
0.0000
0.0000
0.0000
0.0000
0.0000
0.0000
0.0000
0.0000
0.0000
0.0000
0.0000
0.0000
0.0000
0.0000
0.0000
0.0000
0.0000
0.0000
0.0000
0.0000
0.0000
28.2057
35.9480
59.5140
98.8657
90.4388
74.5488
82.3880
86.3382
100.6352
149.4589
169.4826
128.0518
116.4357
149.4319
236.7041
114.4916
82.4432
115.0912
115.2853
147.1026
91.8582
104.8755
131.2016
162.1925
0.0000
0.0000
0.0000
0.0000
0.0000
0.0000
0.0000
0.0000
0.0000
0.0000
0.0000
0.0000
0.0000
0.0000
0.0000
0.0000
0.0000
0.0000
0.0000
0.0000
0.0000
0.0000
35.4040
42.1241
50.1775
42.4610
52.2503
57.7963
57.5900
51.0924
80.8854
137.3984
157.5642
156.6007
112.0393
169.6286
144.9021
124.8222
137.3224
91.2309
142.4027
157.6037
147.1123
173.1624
128.2374
197.0251
0.0000
0.0000
0.0000
0.0000
0.0000
0.0000
0.0000
0.0000
0.0000
0.0000
0.0000
0.0000
0.0000
0.0000
0.0000
0.0000
0.0000
0.0000
0.0000
0.0000
0.0000
0.0000
42.0187
42.2392
28.2944
35.3548
26.8989
30.9294
43.6614
92.8156
103.8318
124.3605
169.1960
191.7194
204.5329
149.9881
178.7053
120.3445
136.5464
133.4488
160.9047
164.8506
157.4466
186.6212
214.6267
215.0220
190.2521
0.0000
0.0000
0.0000
0.0000
0.0000
0.0000
0.0000
0.0000
0.0000
0.0000
0.0000
0.0000
0.0000
0.0000
0.0000
0.0000
0.0000
0.0000
0.0000
0.0000
0.0000
41.6585
46.9345
33.4764
34.6890
23.7776
48.8885
66.5768
55.8787
60.2024
69.2798
106.2476
187.3398
164.8683
111.9011
163.2708
169.1286
131.6844
96.7257
126.6743
205.8191
238.0391
158.0011
209.6243
230.0735
216.3293
0.0000
0.0000
0.0000
0.0000
0.0000
0.0000
0.0000
0.0000
0.0000
0.0000
0.0000
0.0000
0.0000
0.0000
0.0000
0.0000
0.0000
0.0000
0.0000
0.0000
0.0000
35.0001
36.5742
33.9397
30.3557
24.6719
26.1351
37.0496
40.5458
44.9502
68.8580
54.6005
101.4882
88.8350
134.8830
210.9808
173.4241
163.6645
109.4398
108.1227
116.0504
136.1937
140.9310
154.4690
211.0717
251.1723
378.0939
0.0000
0.0000
0.0000
0.0000
0.0000
0.0000
0.0000
0.0000
0.0000
0.0000
0.0000
0.0000
0.0000
0.0000
0.0000
0.0000
0.0000
0.0000
0.0000
0.0000
19.4863
19.0394
33.7863
26.9107
30.1132
30.1318
24.6518
31.8163
29.7229
55.8254
62.7369
87.3196
97.9175
100.7840
194.5516
201.2930
186.8793
157.1728
111.1045
60.3871
81.3085
82.3932
110.1274
255.4932
409.5922
218.7870
268.6487
0.0000
0.0000
0.0000
0.0000
0.0000
0.0000
0.0000
0.0000
0.0000
0.0000
0.0000
0.0000
0.0000
0.0000
0.0000
0.0000
0.0000
0.0000
0.0000
22.2156
18.1940
28.0819
27.6795
24.7287
19.3959
28.1962
28.6384
25.2688
33.1417
67.9167
84.2562
85.7569
88.6715
150.6794
149.3414
158.8254
106.0862
103.8471
129.0690
109.8782
102.6023
154.8094
198.0286
231.7433
194.2411
226.0045
170.5514
0.0000
0.0000
0.0000
0.0000
0.0000
0.0000
0.0000
0.0000
0.0000
0.0000
0.0000
0.0000
0.0000
0.0000
0.0000
0.0000
0.0000
0.0000
13.8606
18.3131
25.4990
24.8144
33.9414
32.2234
25.6382
24.3506
35.6345
26.5599
55.9403
60.8791
117.7719
190.9998
183.5129
132.0923
119.5246
141.3603
129.9034
118.6438
78.5594
109.0307
121.3338
170.1666
198.5096
125.3817
239.9131
157.4469
0.0000
0.0000
0.0000
0.0000
0.0000
0.0000
0.0000
0.0000
0.0000
0.0000
0.0000
0.0000
0.0000
0.0000
0.0000
0.0000
0.0000
0.0000
8.8123
12.4856
18.6665
24.2787
24.2452
31.0572
21.0931
25.0239
32.9803
41.6881
40.4296
53.5009
75.0813
118.7906
155.6087
100.9666
115.0975
115.4405
100.6619
113.4848
95.8812
106.6632
117.9892
143.9732
193.6606
213.2377
284.7714
252.4690
121.0188
0.0000
0.0000
0.0000
0.0000
0.0000
0.0000
0.0000
0.0000
0.0000
0.0000
0.0000
0.0000
0.0000
0.0000
0.0000
0.0000
0.0000
14.4442
14.1399
16.3424
16.6229
19.5525
22.9328
28.7361
35.8562
30.7403
34.9551
35.3002
49.8970
53.0688
76.6124
68.1902
58.8615
78.3019
96.3235
82.5524
66.0028
108.2305
142.5499
163.5969
161.5947
262.0096
201.4987
175.8832
193.2482
167.2881
0.0000
0.0000
0.0000
0.0000
0.0000
0.0000
0.0000
0.0000
0.0000
0.0000
0.0000
0.0000
0.0000
0.0000
0.0000
0.0000
0.0000
11.5033
17.5271
11.5113
13.9975
17.7809
22.9343
24.1877
30.7824
31.2316
31.9473
30.7120
39.3791
48.0794
70.0226
61.8433
56.1850
69.4783
80.3027
86.6352
101.5867
91.4003
158.7978
193.9237
188.3452
222.9650
265.3838
247.2414
235.4618
193.7338
169.9894
0.0000
0.0000
0.0000
0.0000
0.0000
0.0000
0.0000
0.0000
0.0000
0.0000
0.0000
0.0000
0.0000
0.0000
0.0000
0.0000
17.8657
16.6918
11.7327
12.2613
15.0792
20.2999
27.2781
23.2204
23.9894
30.5307
37.0224
41.7265
50.1815
79.4360
69.9580
61.0993
71.7493
73.8517
86.8020
97.9400
130.9467
141.2179
179.3621
158.5331
245.1227
218.2515
283.5872
242.8835
177.2516
277.1159
129.2287
0.0000
0.0000
0.0000
0.0000
0.0000
0.0000
0.0000
0.0000
0.0000
0.0000
0.0000
0.0000
0.0000
0.0000
0.0000
19.7347
12.6582
11.6122
19.4966
19.2978
20.3671
28.8768
20.9276
19.8133
24.9742
29.2058
41.1899
63.0038
81.8213
64.8208
64.2933
81.5545
87.0022
82.1026
95.0892
103.8778
136.1657
177.9754
233.1072
231.9132
179.4181
209.7035
213.2956
208.0728
186.7285
187.2821
195.9896
0.0000
0.0000
0.0000
0.0000
0.0000
0.0000
0.0000
0.0000
0.0000
0.0000
0.0000
0.0000
0.0000
0.0000
18.1129
13.0369
14.3642
20.3786
28.1370
25.1087
24.3903
16.9602
25.2095
21.9003
39.5789
54.1333
75.5798
59.2694
52.7051
54.7845
95.0337
78.7768
74.1328
142.3143
146.6277
226.1020
181.0668
209.8958
227.7673
250.6302
173.1837
146.0760
196.7822
248.8010
261.4220
202.9399
289.2250
0.0000
0.0000
0.0000
0.0000
0.0000
0.0000
0.0000
0.0000
0.0000
0.0000
0.0000
0.0000
0.0000
19.7979
19.0012
22.8783
24.9403
19.1212
24.8348
17.3213
17.6898
32.6453
31.9932
39.4744
50.9667
63.4804
56.6796
61.8525
55.7546
54.1759
72.7231
85.6735
122.7740
175.8569
234.2887
197.9987
189.0379
176.0693
223.5317
134.7964
112.3976
181.9088
178.2003
262.9526
242.9292
320.7325
0.0000
0.0000
0.0000
0.0000
0.0000
0.0000
0.0000
0.0000
0.0000
0.0000
0.0000
0.0000
0.0000
34.6729
28.8698
28.3579
22.9403
32.7333
31.4067
29.0740
19.0557
26.9198
27.9813
42.1664
50.2277
59.5081
67.5675
75.3866
64.9629
66.9108
54.6718
66.7392
124.0984
167.5222
158.7052
132.6311
154.3830
128.2234
151.7852
120.8853
115.8876
136.1705
185.6550
186.8975
217.7566
370.9954
249.2396
0.0000
0.0000
0.0000
0.0000
0.0000
0.0000
0.0000
0.0000
0.0000
0.0000
0.0000
0.0000
40.3183
43.3524
32.0827
25.3949
33.4403
24.1780
26.7717
22.7691
35.2212
44.8803
45.3190
71.0954
65.1859
66.4472
70.4065
56.8793
30.0770
29.5376
50.4005
76.3176
92.0129
166.7933
88.1229
100.8363
170.4626
139.1771
105.6105
103.7796
117.5937
155.3236
152.6824
241.5992
263.5525
266.7230
180.0521
0.0000
0.0000
0.0000
0.0000
0.0000
0.0000
0.0000
0.0000
0.0000
0.0000
0.0000
72.3066
56.6491
30.6910
28.6407
25.0023
29.6979
42.2110
41.0620
39.2855
30.3712
45.3834
64.1006
42.7353
69.3807
65.4353
61.7690
40.1937
39.5062
68.9906
55.7543
46.9944
71.4448
79.1064
68.9931
104.9092
115.5459
68.0379
121.5871
133.1674
121.1700
174.2543
166.9898
177.1411
164.5367
80.5019
114.6683
0.0000
0.0000
0.0000
0.0000
0.0000
0.0000
0.0000
0.0000
0.0000
0.0000
41.3414
49.4795
32.0849
24.6467
41.0837
39.3098
49.5951
52.0724
48.8002
52.8839
55.0057
71.8497
53.8167
67.0611
55.1274
53.6826
65.3525
55.6862
83.2848
49.2074
66.5340
61.4446
70.0403
68.6460
100.9487
74.8861
95.2895
81.5105
107.4037
108.7159
113.1881
113.5003
137.3668
90.5929
75.2050
71.5514
0.0000
0.0000
0.0000
0.0000
0.0000
0.0000
0.0000
0.0000
0.0000
0.0000
59.3156
55.0680
33.9872
37.5478
35.1091
78.4836
57.6471
66.2666
55.3559
60.7918
53.1581
60.5790
49.1026
53.5846
56.7175
60.0981
78.0264
77.3288
103.9540
69.6240
69.9137
87.8235
69.9790
87.2096
74.7922
99.0350
85.9243
79.5158
95.3039
120.8016
145.1150
128.5874
94.9636
148.6086
131.1152
129.5588
0.0000
0.0000
0.0000
0.0000
0.0000
0.0000
0.0000
0.0000
0.0000
0.0000
52.3454
43.3968
30.3462
39.1612
42.2057
67.7436
71.7020
75.6451
71.2434
54.7539
63.1202
58.7492
51.5821
85.8753
67.4046
80.2383
107.7177
122.0292
101.6499
91.3588
56.5394
67.0506
67.9584
56.0019
102.6584
111.9479
114.1170
69.5729
84.1835
89.3778
125.5722
91.8719
100.5881
156.7763
107.6766
171.7232
0.0000
0.0000
0.0000
0.0000
0.0000
0.0000
0.0000
0.0000
0.0000
0.0000
60.2038
66.2331
50.1001
41.6832
47.9857
72.5346
113.3692
105.0735
78.2698
95.9700
90.0223
73.8705
67.9088
89.5441
109.0209
152.8009
109.7298
95.5330
100.3432
74.2722
80.2965
74.9058
52.3531
70.7582
67.5531
116.1650
156.7384
91.9494
102.3809
92.7496
76.0513
83.5926
121.3508
145.2704
211.8035
233.9146
0.0000
0.0000
0.0000
0.0000
0.0000
0.0000
0.0000
0.0000
0.0000
0.0000
45.6259
50.9076
42.8323
43.6822
63.7838
104.3175
138.0994
90.3297
103.3280
104.2816
85.3308
91.4310
76.6819
97.1923
0.0000
0.0000
104.5692
88.8283
112.5189
65.9491
57.3080
53.2295
33.3569
34.5451
57.1024
102.3314
130.0766
125.5972
120.8736
155.0477
132.6142
131.0279
104.5845
180.0438
143.8587
226.8996
0.0000
0.0000
0.0000
0.0000
0.0000
0.0000
0.0000
0.0000
0.0000
0.0000
31.7730
33.2665
28.8894
38.4757
71.0498
119.9178
118.7409
86.0775
101.0836
100.5802
97.8360
76.8280
88.5122
85.8261
0.0000
0.0000
0.0000
0.0000
0.0000
0.0000
0.0000
0.0000
0.0000
0.0000
47.8844
56.7631
78.3075
114.3717
125.6516
165.6497
182.6712
138.0484
213.2537
125.4373
116.4746
167.6623
0.0000
0.0000
0.0000
0.0000
0.0000
0.0000
0.0000
0.0000
0.0000
0.0000
56.9569
53.0766
48.6142
70.5461
70.9130
112.5358
92.5909
127.8545
86.0281
71.3404
73.9146
61.5264
59.0675
70.2548
0.0000
0.0000
0.0000
0.0000
0.0000
0.0000
0.0000
0.0000
0.0000
0.0000
41.4209
38.3596
72.6185
124.5428
120.6092
145.4735
203.2497
157.8643
175.8488
255.1481
189.9635
207.5168
0.0000
0.0000
0.0000
0.0000
0.0000
0.0000
0.0000
0.0000
0.0000
0.0000
48.7248
54.2842
49.3317
101.9352
105.1981
91.1577
98.4705
97.0546
68.3529
51.2096
44.2942
41.5861
41.0016
65.6758
0.0000
0.0000
0.0000
0.0000
0.0000
0.0000
0.0000
0.0000
0.0000
0.0000
61.9660
58.4978
56.7324
117.4640
107.5144
170.4637
161.0296
121.2962
193.6305
227.7168
239.5236
279.9129
0.0000
0.0000
0.0000
0.0000
0.0000
0.0000
0.0000
0.0000
0.0000
0.0000
41.9769
36.6933
64.8421
79.4587
73.6357
82.9156
117.8356
125.5827
79.6236
55.8806
49.7881
52.4887
44.1179
45.7750
0.0000
0.0000
0.0000
0.0000
0.0000
0.0000
0.0000
0.0000
0.0000
0.0000
71.4922
85.4795
67.7053
68.9343
107.0808
107.7017
154.5451
179.0180
156.3360
233.8843
313.4423
553.8922
0.0000
0.0000
0.0000
0.0000
0.0000
0.0000
0.0000
0.0000
0.0000
0.0000
41.8312
34.7670
55.3786
54.4513
65.2213
71.9169
80.4700
104.4241
98.1271
91.1759
68.8801
42.7516
59.9917
60.4052
0.0000
0.0000
0.0000
0.0000
0.0000
0.0000
0.0000
0.0000
0.0000
0.0000
70.2925
67.1469
72.1269
115.3113
66.2786
59.4075
83.1149
154.3476
181.3138
257.9492
389.3233
498.0896
0.0000
0.0000
0.0000
0.0000
0.0000
0.0000
0.0000
0.0000
0.0000
0.0000
57.2741
48.1623
68.6867
47.5555
52.7899
71.9702
81.0348
82.1887
91.8682
152.9087
72.5518
89.2402
66.9124
51.8039
0.0000
0.0000
0.0000
0.0000
0.0000
0.0000
0.0000
0.0000
0.0000
0.0000
57.9092
62.1893
76.8229
118.1075
100.4488
70.0042
92.4117
129.4494
144.0005
189.2014
287.5216
503.9517
0.0000
0.0000
0.0000
0.0000
0.0000
0.0000
0.0000
0.0000
0.0000
0.0000
53.4551
63.7784
49.4826
52.3820
54.7018
58.3090
61.2627
76.0191
103.4672
97.5779
72.1706
92.6935
72.5825
55.3059
0.0000
0.0000
0.0000
0.0000
0.0000
0.0000
0.0000
0.0000
0.0000
0.0000
44.6279
64.2019
64.0783
105.2967
82.1420
84.9040
103.1214
85.1791
116.4509
0.0000
0.0000
0.0000
0.0000
0.0000
0.0000
0.0000
0.0000
0.0000
0.0000
0.0000
0.0000
0.0000
27.3885
40.3478
57.9678
55.8982
53.7986
56.1998
51.7798
42.4568
68.5016
79.6312
63.8068
106.3667
83.1473
53.5969
0.0000
0.0000
0.0000
0.0000
0.0000
0.0000
0.0000
0.0000
0.0000
0.0000
54.6409
44.7096
75.4634
115.3086
109.7912
117.1580
114.1530
102.9335
0.0000
0.0000
0.0000
0.0000
0.0000
0.0000
0.0000
0.0000
0.0000
0.0000
0.0000
0.0000
0.0000
0.0000
25.0539
36.6183
41.3585
64.8896
45.8663
53.2106
49.8430
52.0610
56.1693
79.3086
75.0497
79.4889
80.9061
69.2990
0.0000
0.0000
0.0000
0.0000
0.0000
0.0000
0.0000
0.0000
0.0000
0.0000
81.9574
47.4691
79.2289
89.9945
92.3472
104.2540
156.4709
0.0000
0.0000
0.0000
0.0000
0.0000
0.0000
0.0000
0.0000
0.0000
0.0000
0.0000
0.0000
0.0000
0.0000
0.0000
17.8462
34.1275
41.5332
57.1822
56.1286
39.2282
43.6233
47.4909
72.7939
78.1126
115.1968
94.5392
78.3740
91.8697
0.0000
0.0000
0.0000
0.0000
0.0000
0.0000
0.0000
0.0000
0.0000
0.0000
82.8654
74.2515
81.6274
85.5745
73.6802
89.1786
0.0000
0.0000
0.0000
0.0000
0.0000
0.0000
0.0000
0.0000
0.0000
0.0000
0.0000
0.0000
0.0000
0.0000
0.0000
0.0000
26.8723
30.1280
31.6714
47.3627
46.2686
39.8393
44.7416
67.7349
87.8143
88.5417
107.5070
88.8043
100.5257
96.7194
0.0000
0.0000
0.0000
0.0000
0.0000
0.0000
0.0000
0.0000
0.0000
0.0000
88.5448
57.8862
56.8166
49.7811
85.1028
0.0000
0.0000
0.0000
0.0000
0.0000
0.0000
0.0000
0.0000
0.0000
0.0000
0.0000
0.0000
0.0000
0.0000
0.0000
0.0000
0.0000
34.5189
38.4460
33.4893
40.8415
47.8261
63.5069
66.6901
76.1306
90.1357
73.3726
116.0589
85.8585
84.2816
92.2903
0.0000
0.0000
0.0000
0.0000
0.0000
0.0000
0.0000
0.0000
0.0000
0.0000
148.5888
101.0265
72.2930
0.0000
0.0000
0.0000
0.0000
0.0000
0.0000
0.0000
0.0000
0.0000
0.0000
0.0000
0.0000
0.0000
0.0000
0.0000
0.0000
0.0000
0.0000
0.0000
47.3338
32.4048
51.4812
62.2679
96.4873
84.9218
86.7914
66.2510
66.1126
75.3665
81.0255
54.8407
79.0862
48.2496
0.0000
0.0000
0.0000
0.0000
0.0000
0.0000
0.0000
0.0000
0.0000
0.0000
157.5294
0.0000
135.8600
0.0000
0.0000
0.0000
0.0000
0.0000
0.0000
0.0000
0.0000
0.0000
0.0000
0.0000
0.0000
0.0000
0.0000
0.0000
0.0000
0.0000
0.0000
0.0000
59.7176
46.1398
53.7198
67.3672
86.9348
93.4259
104.7775
80.3317
83.9320
98.0295
61.6825
76.5910
81.5986
66.1919
0.0000
0.0000
0.0000
0.0000
0.0000
0.0000
0.0000
0.0000
0.0000
0.0000
0.0000
0.0000
0.0000
0.0000
0.0000
0.0000
0.0000
0.0000
0.0000
0.0000
0.0000
0.0000
0.0000
0.0000
0.0000
0.0000
0.0000
0.0000
0.0000
0.0000
0.0000
0.0000
49.3114
51.7381
45.1495
57.5673
113.7200
108.9065
106.3343
114.7491
169.8341
129.3286
110.9725
68.7762
68.5384
94.4071
0.0000
0.0000
0.0000
0.0000
0.0000
0.0000
0.0000
0.0000
0.0000
0.0000
0.0000
0.0000
0.0000
0.0000
0.0000
0.0000
0.0000
0.0000
0.0000
0.0000
0.0000
0.0000
0.0000
0.0000
0.0000
0.0000
0.0000
0.0000
0.0000
0.0000
0.0000
0.0000
57.1741
63.0854
63.2020
81.7929
132.8272
152.2895
148.5192
151.7676
170.9237
150.5423
107.0162
96.9556
63.5420
109.9725
0.0000
0.0000
0.0000
0.0000
0.0000
0.0000
0.0000
0.0000
0.0000
0.0000
0.0000
0.0000
0.0000
0.0000
0.0000
0.0000
0.0000
0.0000
0.0000
0.0000
0.0000
0.0000
0.0000
0.0000
0.0000
0.0000
0.0000
0.0000
0.0000
0.0000
0.0000
0.0000
83.9434
72.8479
95.6273
120.9966
119.0875
157.4917
163.1099
144.9626
177.9565
162.0317
114.4553
104.4701
107.8423
143.0593
0.0000
0.0000
0.0000
0.0000
0.0000
0.0000
0.0000
0.0000
0.0000
0.0000
0.0000
0.0000
0.0000
0.0000
0.0000
0.0000
0.0000
0.0000
0.0000
0.0000
0.0000
0.0000
0.0000
0.0000
0.0000
0.0000
0.0000
0.0000
0.0000
0.0000
0.0000
0.0000
104.6660
78.8881
122.1526
112.9578
132.0412
163.8949
175.8774
178.6800
190.0589
161.3406
97.2076
80.5754
140.7918
170.0237
0.0000
0.0000
0.0000
0.0000
0.0000
0.0000
0.0000
0.0000
0.0000
0.0000
0.0000
0.0000
0.0000
0.0000
0.0000
0.0000
0.0000
0.0000
0.0000
0.0000
0.0000
0.0000
0.0000
0.0000
0.0000
0.0000
0.0000
0.0000
0.0000
0.0000
0.0000
0.0000
0.0000
175.5870
157.4888
185.0430
157.9292
121.1870
148.7142
146.4289
181.4223
163.5281
108.0907
105.7640
181.9486
169.2602
0.0000
0.0000
0.0000
0.0000
0.0000
0.0000
0.0000
0.0000
0.0000
0.0000
0.0000
0.0000
0.0000
0.0000
0.0000
0.0000
0.0000
0.0000
0.0000
0.0000
0.0000
0.0000
0.0000
0.0000
0.0000
0.0000
0.0000
0.0000
0.0000
0.0000
0.0000
0.0000
0.0000
118.4737
206.0298
142.6841
99.4885
147.5472
119.3220
87.8913
116.1251
103.9013
121.4098
0.0000
0.0000
179.0546
0.0000
0.0000
0.0000
0.0000
0.0000
0.0000
0.0000
0.0000
0.0000
0.0000
0.0000
0.0000
0.0000
0.0000
0.0000
0.0000
0.0000
0.0000
0.0000
0.0000
0.0000
0.0000
0.0000
0.0000
0.0000
0.0000
0.0000
0.0000
0.0000
0.0000
0.0000
0.0000
0.0000
0.0000
156.8441
139.0613
123.8537
134.1864
73.1839
102.0842
72.9939
74.0654
80.6954
0.0000
0.0000
0.0000
0.0000
0.0000
0.0000
0.0000
0.0000
0.0000
0.0000
0.0000
0.0000
0.0000
0.0000
0.0000
0.0000
0.0000
0.0000
0.0000
0.0000
0.0000
0.0000
0.0000
0.0000
0.0000
0.0000
0.0000
0.0000
0.0000
0.0000
0.0000
0.0000
0.0000
0.0000
0.0000
0.0000
0.0000
0.0000
112.7874
88.5543
78.2612
68.4889
56.1828
65.9559
99.8390
71.9358
0.0000
0.0000
0.0000
0.0000
0.0000
0.0000
0.0000
0.0000
0.0000
0.0000
0.0000
0.0000
0.0000
0.0000
0.0000
0.0000
0.0000
0.0000
0.0000
0.0000
0.0000
0.0000
0.0000
0.0000
0.0000
0.0000
0.0000
0.0000
0.0000
0.0000
0.0000
0.0000
0.0000
0.0000
0.0000
0.0000
0.0000
0.0000
0.0000
99.7828
72.8432
70.9194
61.8867
104.8086
102.2352
106.3899
0.0000
0.0000
0.0000
0.0000
0.0000
0.0000
0.0000
0.0000
0.0000
0.0000
0.0000
0.0000
0.0000
0.0000
0.0000
0.0000
0.0000
0.0000
0.0000
0.0000
0.0000
0.0000
0.0000
0.0000
0.0000
0.0000
0.0000
0.0000
0.0000
0.0000
0.0000
0.0000
0.0000
0.0000
0.0000
0.0000
0.0000
0.0000
0.0000
100.5444
89.2056
115.2704
90.3004
126.0831
140.1564
104.3653
0.0000
0.0000
0.0000
0.0000
0.0000
0.0000
0.0000
0.0000
0.0000
0.0000
0.0000
0.0000
0.0000
0.0000
0.0000
0.0000
0.0000
0.0000
0.0000
0.0000
0.0000
0.0000
0.0000
0.0000
0.0000
0.0000
0.0000
0.0000
0.0000
0.0000
0.0000
0.0000
0.0000
0.0000
0.0000
0.0000
0.0000
0.0000
0.0000
0.0000
0.0000
94.4758
95.3004
147.0690
125.7845
126.8308
0.0000
0.0000
0.0000
0.0000
0.0000
0.0000
0.0000
0.0000
0.0000
0.0000
0.0000
0.0000
0.0000
0.0000
0.0000
0.0000
0.0000
0.0000
0.0000
0.0000
0.0000
0.0000
0.0000
0.0000
0.0000
0.0000
0.0000
0.0000
0.0000
0.0000
0.0000
0.0000
0.0000
0.0000
0.0000
0.0000
0.0000
0.0000
0.0000
0.0000
0.0000
124.7891
114.3166
125.6560
111.0202
85.2315
0.0000
0.0000
0.0000
0.0000
0.0000
0.0000
0.0000
0.0000
0.0000
0.0000
0.0000
0.0000
0.0000
0.0000
0.0000
0.0000
0.0000
0.0000
0.0000
0.0000
0.0000
0.0000
0.0000
0.0000
0.0000
0.0000
0.0000
0.0000
0.0000
0.0000
0.0000
0.0000
0.0000
0.0000
0.0000
0.0000
0.0000
0.0000
0.0000
0.0000
0.0000
0.0000
177.8820
105.8480
86.8762
81.1563
0.0000
0.0000
0.0000
0.0000
0.0000
0.0000
0.0000
0.0000
0.0000
0.0000
0.0000
0.0000
0.0000
0.0000
0.0000
0.0000
0.0000
0.0000
0.0000
0.0000
0.0000
0.0000
0.0000
0.0000
0.0000
0.0000
0.0000
0.0000
0.0000
0.0000
0.0000
0.0000
0.0000
0.0000
0.0000
0.0000
0.0000
0.0000
0.0000
0.0000
0.0000
0.0000
0.0000
148.6896
104.1081
97.7175
0.0000
0.0000
0.0000
0.0000
0.0000
0.0000
0.0000
0.0000
0.0000
0.0000
0.0000
0.0000
0.0000
0.0000
0.0000
0.0000
0.0000
0.0000
0.0000
0.0000
0.0000
0.0000
0.0000
0.0000
0.0000
0.0000
0.0000
0.0000
0.0000
0.0000
0.0000
0.0000
0.0000
0.0000
0.0000
0.0000
0.0000
0.0000
0.0000
0.0000
0.0000
0.0000
0.0000
158.3052
144.0894
151.5608
0.0000
0.0000
0.0000
0.0000
0.0000
0.0000
0.0000
0.0000
0.0000
0.0000
0.0000
0.0000
0.0000
0.0000
0.0000
0.0000
0.0000
0.0000
0.0000
0.0000
0.0000
0.0000
0.0000
0.0000
0.0000
0.0000
0.0000
0.0000
0.0000
0.0000
0.0000
0.0000
0.0000
0.0000
0.0000
0.0000
0.0000
0.0000
0.0000
0.0000
0.0000
0.0000
0.0000
0.0000
176.9593
168.7411
0.0000
0.0000
0.0000
0.0000
0.0000
0.0000
0.0000
0.0000
0.0000
0.0000
0.0000
0.0000
0.0000
0.0000
0.0000
0.0000
0.0000
0.0000
0.0000
0.0000
0.0000
0.0000
0.0000
0.0000
0.0000
0.0000
0.0000
0.0000
0.0000
0.0000
0.0000
0.0000
0.0000
0.0000
0.0000
0.0000
0.0000
0.0000
0.0000
0.0000
0.0000
0.0000
0.0000
0.0000
0.0000
0.0000
0.0000
0.0000
0.0000
0.0000
0.0000
0.0000
0.0000
0.0000
0.0000
0.0000
0.0000
0.0000
0.0000
0.0000
0.0000
0.0000
0.0000
0.0000
0.0000
0.0000
0.0000
0.0000
0.0000
0.0000
0.0000
0.0000
0.0000
0.0000
0.0000
0.0000
0.0000
0.0000
0.0000
0.0000
0.0000
0.0000
0.0000
0.0000
0.0000
0.0000
0.0000
0.0000
0.0000
0.0000
0.0000
0.0000
0.0000
0.0000
0.0000
0.0000
0.0000
0.0000
0.0000
0.0000
0.0000
0.0000
0.0000
0.0000
0.0000
0.0000
0.0000
0.0000
0.0000
0.0000
0.0000
0.0000
0.0000
0.0000
0.0000
0.0000
0.0000
0.0000
0.0000
0.0000
0.0000
0.0000
0.0000
0.0000
0.0000
0.0000
0.0000
0.0000
0.0000
0.0000
0.0000
0.0000
0.0000
0.0000
0.0000
0.0000
0.0000
0.0000
0.0000
0.0000
0.0000
0.0000
0.0000
0.0000
0.0000
0.0000
0.0000
0.0000
0.0000
0.0000
0.0000
0.0000
0.0000
0.0000
0.0000
0.0000
0.0000
0.0000
0.0000
0.0000
0.0000
0.0000
0.0000
0.0000
0.0000
0.0000
0.0000
0.0000
0.0000
0.0000
0.0000
0.0000
0.0000
0.0000
0.0000
0.0000
0.0000
0.0000
0.0000
0.0000
0.0000
0.0000
0.0000
0.0000
0.0000
0.0000
0.0000
0.0000
0.0000
0.0000
0.0000
0.0000
0.0000
0.0000
0.0000
0.0000
0.0000
0.0000
0.0000
0.0000
0.0000
0.0000
0.0000
0.0000
0.0000
0.0000
0.0000
0.0000
0.0000
0.0000
0.0000
0.0000
0.0000
0.0000
0.0000
0.0000
0.0000
0.0000
0.0000
0.0000
0.0000
0.0000
0.0000
0.0000
0.0000
0.0000
0.0000
0.0000
0.0000
0.0000
0.0000
0.0000
0.0000
0.0000
0.0000
0.0000
0.0000
0.0000
0.0000
0.0000
0.0000
0.0000
0.0000
0.0000
0.0000
0.0000
0.0000
0.0000
0.0000
0.0000
0.0000
0.0000
0.0000
0.0000
0.0000
0.0000
0.0000
0.0000
0.0000
0.0000
0.0000
0.0000
0.0000
0.0000
0.0000
0.0000
0.0000
0.0000
0.0000
0.0000
0.0000
0.0000
0.0000
0.0000
0.0000
0.0000
0.0000
0.0000
0.0000
0.0000
0.0000
0.0000
0.0000
0.0000
0.0000
0.0000
0.0000
0.0000
0.0000
0.0000
0.0000
0.0000
0.0000
0.0000
0.0000
0.0000
0.0000
0.0000
0.0000
0.0000
0.0000
0.0000
0.0000
0.0000
0.0000
0.0000
0.0000
0.0000
0.0000
0.0000
0.0000
0.0000
0.0000
0.0000
0.0000
0.0000
0.0000
0.0000
0.0000
0.0000
0.0000
0.0000
0.0000
0.0000
0.0000
0.0000
0.0000
0.0000
0.0000
0.0000
0.0000
0.0000
0.0000
0.0000
0.0000
0.0000
0.0000
0.0000
0.0000
0.0000
0.0000
0.0000
0.0000
0.0000
0.0000
0.0000
0.0000
0.0000
0.0000
0.0000
0.0000
0.0000
0.0000
0.0000
0.0000
0.0000
0.0000
0.0000
0.0000
0.0000
0.0000
0.0000
0.0000
0.0000
0.0000
0.0000
0.0000
0.0000
0.0000
0.0000
0.0000
0.0000
0.0000
0.0000
0.0000
0.0000
0.0000
0.0000
0.0000
0.0000
0.0000
0.0000
0.0000
0.0000
0.0000
0.0000
0.0000
0.0000
0.0000
0.0000
0.0000
0.0000
0.0000
0.0000
0.0000
0.0000
0.0000
0.0000
0.0000
0.0000
0.0000
0.0000
0.0000
0.0000
0.0000
0.0000
0.0000
0.0000
0.0000
0.0000
0.0000
0.0000
0.0000
0.0000
0.0000
0.0000
0.0000
0.0000
0.0000
0.0000
0.0000
0.0000
0.0000
0.0000
0.0000
0.0000
0.0000
0.0000
0.0000
0.0000
0.0000
0.0000
0.0000
0.0000
0.0000
0.0000
0.0000
0.0000
0.0000
0.0000
0.0000
0.0000
0.0000
0.0000
0.0000
0.0000
0.0000
0.0000
0.0000
0.0000
0.0000
0.0000
0.0000
0.0000
0.0000
0.0000
0.0000
0.0000
0.0000
0.0000
0.0000
0.0000
0.0000
0.0000
0.0000
0.0000
0.0000
0.0000
0.0000
0.0000
0.0000
0.0000
0.0000
0.0000
0.0000
0.0000
0.0000
0.0000
0.0000
0.0000
0.0000
0.0000
0.0000
0.0000
0.0000
0.0000
0.0000
0.0000
0.0000
0.0000
0.0000
0.0000
0.0000
0.0000
0.0000
0.0000
0.0000
0.0000
0.0000
0.0000
0.0000
0.0000
0.0000
0.0000
0.0000
0.0000
0.0000
0.0000
0.0000
0.0000
0.0000
0.0000
0.0000
0.0000
0.0000
0.0000
0.0000
0.0000
0.0000
0.0000
0.0000
0.0000
0.0000
0.0000
0.0000
0.0000
0.0000
0.0000
0.0000
0.0000
0.0000
0.0000
0.0000
0.0000
0.0000
0.0000
0.0000
0.0000
0.0000
0.0000
0.0000
0.0000
0.0000
0.0000
0.0000
0.0000
0.0000
0.0000
0.0000
0.0000
0.0000
0.0000
0.0000
0.0000
0.0000
0.0000
0.0000
0.0000
0.0000
0.0000
0.0000
0.0000
0.0000
0.0000
0.0000
0.0000
0.0000
0.0000
0.0000
0.0000
0.0000
0.0000
0.0000
0.0000
0.0000
0.0000
0.0000
0.0000
0.0000
0.0000
0.0000
0.0000
0.0000
0.0000
0.0000
0.0000
0.0000
0.0000
0.0000
0.0000
0.0000
0.0000
0.0000
0.0000
0.0000
0.0000
0.0000
0.0000
0.0000
0.0000
0.0000
0.0000
0.0000
0.0000
0.0000
0.0000
0.0000
0.0000
0.0000
0.0000
0.0000
0.0000
0.0000
0.0000
0.0000
0.0000
0.0000
0.0000
0.0000
0.0000
0.0000
0.0000
0.0000
0.0000
0.0000
0.0000
0.0000
0.0000
0.0000
0.0000
0.0000
0.0000
0.0000
0.0000
0.0000
0.0000
0.0000
0.0000
0.0000
0.0000
0.0000
0.0000
0.0000
0.0000
0.0000
0.0000
0.0000
0.0000
0.0000
0.0000
0.0000
0.0000
0.0000
0.0000
0.0000
0.0000
0.0000
0.0000
0.0000
0.0000
0.0000
0.0000
0.0000
0.0000
0.0000
0.0000
0.0000
0.0000
0.0000
0.0000
0.0000
0.0000
0.0000
0.0000
0.0000
0.0000
0.0000
0.0000
0.0000
0.0000
0.0000
0.0000
0.0000
0.0000
0.0000
0.0000
0.0000
0.0000
0.0000
0.0000
0.0000
0.0000
0.0000
0.0000
0.0000
0.0000
0.0000
0.0000
0.0000
0.0000
0.0000
0.0000
0.0000
0.0000
0.0000
0.0000
0.0000
0.0000
0.0000
0.0000
0.0000
0.0000
0.0000
0.0000
0.0000
0.0000
0.0000
0.0000
0.0000
0.0000
0.0000
0.0000
0.0000
0.0000
0.0000
0.0000
0.0000
0.0000
0.0000
0.0000
0.0000
0.0000
0.0000
0.0000
0.0000
0.0000
0.0000
0.0000
0.0000
0.0000
0.0000
0.0000
0.0000
0.0000
0.0000
0.0000
0.0000
0.0000
0.0000
0.0000
0.0000
0.0000
0.0000
0.0000
0.0000
0.0000
0.0000
0.0000
0.0000
0.0000
0.0000
0.0000
0.0000
0.0000
0.0000
0.0000
0.0000
0.0000
0.0000
0.0000
0.0000
0.0000
0.0000
0.0000
0.0000
0.0000
0.0000
0.0000
0.0000
0.0000
0.0000
0.0000
0.0000
0.0000
0.0000
0.0000
0.0000
0.0000
0.0000
0.0000
0.0000
0.0000
0.0000
0.0000
0.0000
0.0000
0.0000
0.0000
0.0000
0.0000
0.0000
0.0000
0.0000
0.0000
0.0000
0.0000
0.0000
0.0000
0.0000
0.0000
0.0000
0.0000
0.0000
0.0000
0.0000
0.0000
0.0000
0.0000
0.0000
0.0000
0.0000
0.0000
0.0000
0.0000
0.0000
0.0000
0.0000
0.0000
0.0000
0.0000
0.0000
0.0000
0.0000
0.0000
0.0000
0.0000
0.0000
0.0000
0.0000
0.0000
0.0000
0.0000
0.0000
0.0000
0.0000
0.0000
0.0000
0.0000
0.0000
0.0000
0.0000
0.0000
0.0000
0.0000
0.0000
0.0000
0.0000
0.0000
0.0000
0.0000
0.0000
0.0000
0.0000
0.0000
0.0000
0.0000
0.0000
0.0000
0.0000
0.0000
0.0000
0.0000
0.0000
0.0000
0.0000
0.0000
0.0000
0.0000
0.0000
0.0000
0.0000
0.0000
0.0000
0.0000
0.0000
0.0000
0.0000
0.0000
0.0000
0.0000
0.0000
0.0000
0.0000
0.0000
0.0000
0.0000
0.0000
0.0000
0.0000
0.0000
0.0000
0.0000
0.0000
0.0000
0.0000
0.0000
0.0000
0.0000
0.0000
0.0000
0.0000
0.0000
0.0000
0.0000
0.0000
0.0000
0.0000
0.0000
0.0000
0.0000
0.0000
0.0000
0.0000
0.0000
0.0000
0.0000
0.0000
0.0000
0.0000
0.0000
0.0000
0.0000
0.0000
0.0000
0.0000
0.0000
0.0000
0.0000
0.0000
0.0000
0.0000
0.0000
0.0000
0.0000
0.0000
0.0000
0.0000
0.0000
0.0000
0.0000
0.0000
0.0000
0.0000
0.0000
0.0000
0.0000
0.0000
0.0000
0.0000
0.0000
0.0000
0.0000
0.0000
0.0000
0.0000
0.0000
0.0000
0.0000
0.0000
0.0000
0.0000
0.0000
0.0000
0.0000
0.0000
0.0000
0.0000
0.0000
0.0000
0.0000
0.0000
0.0000
0.0000
0.0000
0.0000
0.0000
0.0000
0.0000
0.0000
0.0000
0.0000
0.0000
0.0000
0.0000
0.0000
0.0000
0.0000
0.0000
0.0000
0.0000
0.0000
0.0000
0.0000
0.0000
0.0000
0.0000
0.0000
0.0000
0.0000
0.0000
0.0000
0.0000
0.0000
0.0000
0.0000
0.0000
0.0000
0.0000
0.0000
0.0000
0.0000
0.0000
0.0000
0.0000
0.0000
0.0000
0.0000
0.0000
0.0000
0.0000
0.0000
0.0000
0.0000
0.0000
0.0000
0.0000
0.0000
0.0000
0.0000
0.0000
0.0000
0.0000
0.0000
0.0000
0.0000
0.0000
0.0000
284.8429
482.0242
460.6211
653.0500
655.7164
910.2194
804.1997
605.7428
728.9168
615.0557
557.6414
658.1889
1282.0980
1977.4423
1299.6390
727.9553
684.7630
252.5941
284.6114
317.4323
263.4732
392.2200
587.7853
1030.8914
0.0000
0.0000
0.0000
0.0000
0.0000
0.0000
0.0000
0.0000
0.0000
0.0000
0.0000
0.0000
0.0000
0.0000
0.0000
0.0000
0.0000
0.0000
0.0000
0.0000
0.0000
0.0000
273.1284
501.1390
570.6161
667.8059
818.1917
1150.6667
617.8361
595.0513
483.9219
468.2933
466.8458
590.3958
1075.2244
1197.5537
1163.9174
732.1148
414.5716
348.1426
278.3998
270.8773
195.8401
320.8320
536.1877
728.8950
0.0000
0.0000
0.0000
0.0000
0.0000
0.0000
0.0000
0.0000
0.0000
0.0000
0.0000
0.0000
0.0000
0.0000
0.0000
0.0000
0.0000
0.0000
0.0000
0.0000
0.0000
0.0000
234.7785
430.6709
676.5751
565.3714
910.7266
754.4852
579.2850
455.3030
417.1781
576.2337
764.7933
968.1372
1366.5322
2131.9580
1633.5771
1203.3954
581.1588
510.8321
430.7982
463.8873
356.7320
420.4648
251.9136
288.0860
0.0000
0.0000
0.0000
0.0000
0.0000
0.0000
0.0000
0.0000
0.0000
0.0000
0.0000
0.0000
0.0000
0.0000
0.0000
0.0000
0.0000
0.0000
0.0000
0.0000
0.0000
0.0000
315.6645
303.9992
649.4003
653.0964
832.4230
741.2280
690.0655
450.6975
483.8633
524.4923
726.2993
847.3159
1157.0302
1199.7535
1337.1825
980.5567
647.2236
576.5639
587.1016
451.6371
481.9430
543.8115
353.0270
276.1791
0.0000
0.0000
0.0000
0.0000
0.0000
0.0000
0.0000
0.0000
0.0000
0.0000
0.0000
0.0000
0.0000
0.0000
0.0000
0.0000
0.0000
0.0000
0.0000
0.0000
0.0000
0.0000
289.8584
500.9124
445.6688
373.5055
376.4493
472.5142
458.0598
590.8113
577.7057
447.7840
642.5118
612.2825
650.8453
796.1795
993.2859
780.7293
507.1815
427.4524
369.2898
493.3969
283.9333
416.7690
663.9118
336.4741
0.0000
0.0000
0.0000
0.0000
0.0000
0.0000
0.0000
0.0000
0.0000
0.0000
0.0000
0.0000
0.0000
0.0000
0.0000
0.0000
0.0000
0.0000
0.0000
0.0000
0.0000
0.0000
455.2001
478.3636
387.9314
388.0421
236.8264
251.2309
314.5378
294.0763
279.2521
309.5836
336.4937
344.0597
645.2017
650.8538
684.8069
500.9341
381.7472
500.2592
337.8561
348.5751
277.5693
392.0708
549.9365
343.3139
0.0000
0.0000
0.0000
0.0000
0.0000
0.0000
0.0000
0.0000
0.0000
0.0000
0.0000
0.0000
0.0000
0.0000
0.0000
0.0000
0.0000
0.0000
0.0000
0.0000
0.0000
0.0000
391.8131
274.8970
191.2675
232.8591
356.2206
203.3539
235.4352
231.4148
234.7138
264.5544
296.7411
365.8046
401.9771
497.3545
442.3163
406.3027
485.4532
471.3505
404.9047
287.9722
220.4447
230.3407
279.8275
556.9418
0.0000
0.0000
0.0000
0.0000
0.0000
0.0000
0.0000
0.0000
0.0000
0.0000
0.0000
0.0000
0.0000
0.0000
0.0000
0.0000
0.0000
0.0000
0.0000
0.0000
0.0000
0.0000
220.9534
201.2169
221.7573
223.1282
221.4936
221.8459
224.0504
193.2014
148.8508
171.4363
224.9979
320.2424
427.2410
362.6908
316.8181
355.7781
347.7578
265.6073
453.6389
294.8577
370.4512
254.8149
387.0124
364.2222
0.0000
0.0000
0.0000
0.0000
0.0000
0.0000
0.0000
0.0000
0.0000
0.0000
0.0000
0.0000
0.0000
0.0000
0.0000
0.0000
0.0000
0.0000
0.0000
0.0000
0.0000
0.0000
239.1698
206.5566
193.5962
234.7206
164.9329
141.4232
209.4542
223.7188
117.1746
219.9375
211.9663
255.8949
319.0864
251.2976
221.2845
194.4466
218.6593
262.2197
342.9902
303.8380
371.8646
330.2987
259.2020
252.6028
0.0000
0.0000
0.0000
0.0000
0.0000
0.0000
0.0000
0.0000
0.0000
0.0000
0.0000
0.0000
0.0000
0.0000
0.0000
0.0000
0.0000
0.0000
0.0000
0.0000
0.0000
0.0000
141.1803
170.7064
205.1205
216.2073
161.1794
148.4484
217.4370
111.9701
181.6111
229.9980
194.9134
194.5730
273.9628
230.2061
187.9803
147.8433
169.7632
225.9235
184.6326
214.1574
350.1162
249.6616
248.7262
239.5359
0.0000
0.0000
0.0000
0.0000
0.0000
0.0000
0.0000
0.0000
0.0000
0.0000
0.0000
0.0000
0.0000
0.0000
0.0000
0.0000
0.0000
0.0000
0.0000
0.0000
0.0000
0.0000
116.5736
130.9789
147.8313
108.9026
134.9283
147.3944
179.3011
113.9785
181.0758
286.6690
200.4004
177.0846
132.4066
140.5177
138.4022
149.2894
130.1117
116.2572
162.9473
280.5892
151.3206
176.5037
181.3788
316.7462
0.0000
0.0000
0.0000
0.0000
0.0000
0.0000
0.0000
0.0000
0.0000
0.0000
0.0000
0.0000
0.0000
0.0000
0.0000
0.0000
0.0000
0.0000
0.0000
0.0000
0.0000
0.0000
196.4052
209.2558
130.5803
95.1436
78.3993
93.1828
84.2918
138.1366
118.7709
178.2280
178.1657
122.0939
121.9005
110.7578
103.1628
134.8853
91.8203
162.9906
153.5328
163.2612
137.5957
103.9012
221.9935
228.8340
0.0000
0.0000
0.0000
0.0000
0.0000
0.0000
0.0000
0.0000
0.0000
0.0000
0.0000
0.0000
0.0000
0.0000
0.0000
0.0000
0.0000
0.0000
0.0000
0.0000
0.0000
0.0000
221.5815
174.0466
92.5990
105.3338
94.9210
124.8338
73.4507
96.8526
122.1746
90.5768
104.7855
71.1515
149.6316
85.3389
117.0295
137.1704
122.6344
129.0132
148.5812
137.1418
182.7918
165.5971
211.8371
237.1820
0.0000
0.0000
0.0000
0.0000
0.0000
0.0000
0.0000
0.0000
0.0000
0.0000
0.0000
0.0000
0.0000
0.0000
0.0000
0.0000
0.0000
0.0000
0.0000
0.0000
0.0000
0.0000
183.5766
137.4909
110.5921
97.3157
89.1432
92.9020
73.1291
95.6909
134.6281
102.1518
99.4192
108.0247
112.8709
105.7662
87.0942
118.3473
114.9711
144.1273
110.0072
139.1162
208.7020
161.3094
248.1614
233.1320
0.0000
0.0000
0.0000
0.0000
0.0000
0.0000
0.0000
0.0000
0.0000
0.0000
0.0000
0.0000
0.0000
0.0000
0.0000
0.0000
0.0000
0.0000
0.0000
0.0000
0.0000
0.0000
137.9806
127.4171
99.5068
141.4800
107.9026
111.3919
67.3387
88.9766
165.9389
121.3571
121.3341
140.7044
86.1953
85.0081
87.2543
96.1341
128.8056
125.0141
157.0226
167.9131
174.0645
181.8185
192.2575
196.3905
0.0000
0.0000
0.0000
0.0000
0.0000
0.0000
0.0000
0.0000
0.0000
0.0000
0.0000
0.0000
0.0000
0.0000
0.0000
0.0000
0.0000
0.0000
0.0000
0.0000
0.0000
0.0000
128.1000
137.5779
113.7263
181.3591
194.0760
140.7938
122.5750
137.7740
95.8503
139.3810
93.8023
90.7217
92.0548
49.2093
68.9465
78.4596
116.1493
124.4342
119.2244
117.7312
108.8539
85.3204
185.9241
133.4249
0.0000
0.0000
0.0000
0.0000
0.0000
0.0000
0.0000
0.0000
0.0000
0.0000
0.0000
0.0000
0.0000
0.0000
0.0000
0.0000
0.0000
0.0000
0.0000
0.0000
0.0000
0.0000
176.3315
148.7268
205.7506
166.2585
165.9527
129.8270
152.4589
144.1845
153.1999
130.2903
106.6432
96.1339
71.3323
66.6926
75.4618
83.7884
108.3789
120.4347
107.6680
130.5187
90.3946
110.3820
136.3435
101.2471
0.0000
0.0000
0.0000
0.0000
0.0000
0.0000
0.0000
0.0000
0.0000
0.0000
0.0000
0.0000
0.0000
0.0000
0.0000
0.0000
0.0000
0.0000
0.0000
0.0000
0.0000
0.0000
355.1339
244.4750
169.7138
304.9977
235.9893
116.0853
161.8431
170.2224
141.5015
100.5966
123.0667
97.3539
81.9838
76.9265
95.7614
112.5351
160.4765
117.3936
132.9749
102.1534
89.2726
125.6914
156.8658
91.5991
0.0000
0.0000
0.0000
0.0000
0.0000
0.0000
0.0000
0.0000
0.0000
0.0000
0.0000
0.0000
0.0000
0.0000
0.0000
0.0000
0.0000
0.0000
0.0000
0.0000
0.0000
0.0000
222.1407
236.2390
209.3782
249.3827
250.1215
162.6272
180.0658
164.9818
143.7416
162.8786
93.2363
67.5218
91.1558
55.0673
98.2397
95.5779
172.2556
233.1764
143.5971
123.6346
145.0512
105.8041
88.1039
132.3104
0.0000
0.0000
0.0000
0.0000
0.0000
0.0000
0.0000
0.0000
0.0000
0.0000
0.0000
0.0000
0.0000
0.0000
0.0000
0.0000
0.0000
0.0000
0.0000
0.0000
0.0000
0.0000
196.6364
185.7551
172.1137
247.3244
275.8056
235.7526
203.5130
219.4305
193.2704
203.3645
99.8709
60.5982
62.6205
77.6587
94.8144
114.4792
137.0454
231.0267
167.1893
197.5557
124.7576
72.7194
104.7865
99.4160
0.0000
0.0000
0.0000
0.0000
0.0000
0.0000
0.0000
0.0000
0.0000
0.0000
0.0000
0.0000
0.0000
0.0000
0.0000
0.0000
0.0000
0.0000
0.0000
0.0000
0.0000
0.0000
242.9720
197.5213
195.5018
413.4803
376.7499
270.9761
218.7093
175.7814
138.5858
142.3561
111.9721
101.7358
104.8705
83.2196
101.3952
131.2006
183.0028
178.4015
176.0614
163.8752
140.5932
78.9283
104.5397
101.4141
0.0000
0.0000
0.0000
0.0000
0.0000
0.0000
0.0000
0.0000
0.0000
0.0000
0.0000
0.0000
0.0000
0.0000
0.0000
0.0000
0.0000
0.0000
0.0000
0.0000
0.0000
0.0000
252.8192
259.5970
235.2879
444.6771
417.7985
257.0273
229.9186
129.1921
147.4536
136.0401
155.8965
150.7291
141.0892
104.0177
114.2811
129.9995
155.0427
244.5982
220.8830
212.6941
143.1826
115.6820
156.6777
145.3477
0.0000
0.0000
0.0000
0.0000
0.0000
0.0000
0.0000
0.0000
0.0000
0.0000
0.0000
0.0000
0.0000
0.0000
0.0000
0.0000
0.0000
0.0000
0.0000
0.0000
0.0000
0.0000
190.7636
194.6256
278.0645
397.6751
336.0558
318.2988
245.5482
170.7950
149.6416
165.7317
197.4108
167.7937
199.7669
132.3289
107.4625
96.1649
121.6452
160.4662
176.4280
234.8642
190.1050
150.7657
182.6156
134.6112
0.0000
0.0000
0.0000
0.0000
0.0000
0.0000
0.0000
0.0000
0.0000
0.0000
0.0000
0.0000
0.0000
0.0000
0.0000
0.0000
0.0000
0.0000
0.0000
0.0000
0.0000
0.0000
186.2559
250.4756
354.1156
356.1859
411.0337
330.9908
209.5674
166.2570
132.0777
134.4241
186.0657
188.5394
137.5632
215.6875
156.6142
166.3074
239.1949
166.0462
120.1180
178.4839
175.9201
193.2971
219.9282
145.8726
0.0000
0.0000
0.0000
0.0000
0.0000
0.0000
0.0000
0.0000
0.0000
0.0000
0.0000
0.0000
0.0000
0.0000
0.0000
0.0000
0.0000
0.0000
0.0000
0.0000
0.0000
0.0000
150.1299
189.0966
335.9182
242.4589
234.0759
279.4473
209.8808
133.6194
112.0050
118.4078
154.7225
197.4454
160.0584
175.0161
208.2538
213.9716
134.7131
152.2047
125.1700
155.3823
187.7186
184.4546
167.1685
183.5541
0.0000
0.0000
0.0000
0.0000
0.0000
0.0000
0.0000
0.0000
0.0000
0.0000
0.0000
0.0000
0.0000
0.0000
0.0000
0.0000
0.0000
0.0000
0.0000
0.0000
0.0000
0.0000
103.4483
147.9205
223.9271
181.4891
226.6845
220.2170
176.5080
143.2275
151.1428
102.6547
108.3846
187.5316
161.3543
206.2965
198.1159
136.9572
114.0004
110.3225
114.3184
124.2943
134.8967
170.7344
159.9006
132.0787
0.0000
0.0000
0.0000
0.0000
0.0000
0.0000
0.0000
0.0000
0.0000
0.0000
0.0000
0.0000
0.0000
0.0000
0.0000
0.0000
0.0000
0.0000
0.0000
0.0000
0.0000
0.0000
109.0721
158.9895
145.6378
144.8982
214.3179
212.0740
193.2610
181.6195
180.1298
138.4002
128.4890
181.6484
192.9817
212.4205
218.6150
152.9731
160.9976
136.2036
111.7826
132.9639
112.0688
164.9787
215.2179
125.5084
0.0000
0.0000
0.0000
0.0000
0.0000
0.0000
0.0000
0.0000
0.0000
0.0000
0.0000
0.0000
0.0000
0.0000
0.0000
0.0000
0.0000
0.0000
0.0000
0.0000
0.0000
0.0000
108.4133
127.1015
178.4948
322.4426
277.1039
240.2368
227.2254
235.4461
184.8142
155.8620
174.0450
182.2443
176.4290
174.2487
145.5764
209.5517
178.4822
136.5939
182.1384
121.0483
120.1501
157.8318
218.4347
111.9169
0.0000
0.0000
0.0000
0.0000
0.0000
0.0000
0.0000
0.0000
0.0000
0.0000
0.0000
0.0000
0.0000
0.0000
0.0000
0.0000
0.0000
0.0000
0.0000
0.0000
0.0000
0.0000
107.4226
146.5865
246.0901
267.6989
230.8734
181.7720
154.8868
234.4715
187.3632
192.9084
203.3336
164.1123
175.3373
214.7610
187.7671
124.7101
255.1025
188.4084
139.0587
138.6231
110.7781
166.8365
228.8098
190.1035
0.0000
0.0000
0.0000
0.0000
0.0000
0.0000
0.0000
0.0000
0.0000
0.0000
0.0000
0.0000
0.0000
0.0000
0.0000
0.0000
0.0000
0.0000
0.0000
0.0000
0.0000
0.0000
115.6963
161.4091
213.7110
279.9675
259.3463
198.3104
184.1468
194.1311
196.2673
173.5333
153.9999
169.2332
263.2648
256.8112
147.8683
142.5446
140.7680
162.4022
126.9695
141.6631
138.6561
168.5436
114.0573
198.8566
0.0000
0.0000
0.0000
0.0000
0.0000
0.0000
0.0000
0.0000
0.0000
0.0000
0.0000
0.0000
0.0000
0.0000
0.0000
0.0000
0.0000
0.0000
0.0000
0.0000
0.0000
0.0000
66.0409
109.1590
127.3057
232.6600
276.6047
179.0195
174.2030
197.9749
166.5366
187.9796
163.1429
175.7032
272.1254
408.8596
296.1096
157.5512
114.7590
139.7338
115.6460
121.4415
115.5369
159.1682
133.9698
111.6196
0.0000
0.0000
0.0000
0.0000
0.0000
0.0000
0.0000
0.0000
0.0000
0.0000
0.0000
0.0000
0.0000
0.0000
0.0000
0.0000
0.0000
0.0000
0.0000
0.0000
0.0000
0.0000
65.3186
83.6612
116.9140
141.4214
178.2820
169.8520
170.5773
153.2690
170.0537
218.2264
227.9048
237.5277
211.5795
192.7189
203.2492
193.5654
128.8945
138.5997
110.5904
127.4967
152.3776
125.7570
92.1264
124.2272
0.0000
0.0000
0.0000
0.0000
0.0000
0.0000
0.0000
0.0000
0.0000
0.0000
0.0000
0.0000
0.0000
0.0000
0.0000
0.0000
0.0000
0.0000
0.0000
0.0000
0.0000
0.0000
83.3436
90.6049
98.0690
110.4579
124.5635
161.7508
106.7988
136.2669
129.8647
119.5906
210.1384
202.7242
163.3223
169.1282
177.6290
108.2210
118.6198
154.1372
149.1016
147.1785
119.9311
116.3393
99.8390
117.6811
0.0000
0.0000
0.0000
0.0000
0.0000
0.0000
0.0000
0.0000
0.0000
0.0000
0.0000
0.0000
0.0000
0.0000
0.0000
0.0000
0.0000
0.0000
0.0000
0.0000
0.0000
0.0000
134.4044
111.9208
141.1081
143.3036
149.0333
150.8905
97.7293
93.6198
128.5830
121.5073
175.2067
164.2207
119.5339
125.2386
91.7097
80.7077
87.7759
138.5042
115.3051
112.2429
103.5605
61.3917
53.0744
79.6113
0.0000
0.0000
0.0000
0.0000
0.0000
0.0000
0.0000
0.0000
0.0000
0.0000
0.0000
0.0000
0.0000
0.0000
0.0000
0.0000
0.0000
0.0000
0.0000
0.0000
0.0000
0.0000
80.2810
108.0828
171.0379
134.0574
159.1740
103.1046
93.7972
93.4555
104.9484
101.2782
69.8661
116.5170
117.6737
120.1842
131.6567
96.6592
104.2680
119.8833
164.2233
129.3718
83.5120
67.3605
75.9804
64.9282
0.0000
0.0000
0.0000
0.0000
0.0000
0.0000
0.0000
0.0000
0.0000
0.0000
0.0000
0.0000
0.0000
0.0000
0.0000
0.0000
0.0000
0.0000
0.0000
0.0000
0.0000
0.0000
45.3633
86.7580
139.6200
101.9951
108.0338
79.6895
115.4822
111.4895
113.2899
103.0439
79.1164
89.7809
74.2953
111.1337
161.7856
145.8146
94.8889
169.4802
154.2334
90.5597
84.8971
92.4495
100.2005
108.8301
0.0000
0.0000
0.0000
0.0000
0.0000
0.0000
0.0000
0.0000
0.0000
0.0000
0.0000
0.0000
0.0000
0.0000
0.0000
0.0000
0.0000
0.0000
0.0000
0.0000
0.0000
0.0000
56.8829
106.9449
113.2008
97.0991
100.1002
84.0993
86.9943
113.9226
102.3436
98.1894
73.6725
104.5123
87.6913
174.3264
249.9830
126.0349
112.9978
195.3936
128.5337
106.3937
75.3846
71.9414
77.8482
83.3999
0.0000
0.0000
0.0000
0.0000
0.0000
0.0000
0.0000
0.0000
0.0000
0.0000
0.0000
0.0000
0.0000
0.0000
0.0000
0.0000
0.0000
0.0000
0.0000
0.0000
0.0000
0.0000
54.0430
70.9385
118.9074
160.3371
106.2815
73.2426
65.6106
64.3196
71.4648
106.3356
125.4685
104.0162
108.6825
150.5340
215.5444
110.7073
68.8220
88.8678
78.0270
88.7427
52.7885
54.8041
63.9627
76.1604
0.0000
0.0000
0.0000
0.0000
0.0000
0.0000
0.0000
0.0000
0.0000
0.0000
0.0000
0.0000
0.0000
0.0000
0.0000
0.0000
0.0000
0.0000
0.0000
0.0000
0.0000
0.0000
78.9799
87.9069
107.2321
75.5707
68.9058
59.9461
53.2286
39.6731
64.0647
100.8177
115.9566
129.9558
103.1507
169.6313
140.5096
117.3183
106.3768
68.4432
96.4870
96.6086
77.8287
74.6196
50.2690
79.8499
0.0000
0.0000
0.0000
0.0000
0.0000
0.0000
0.0000
0.0000
0.0000
0.0000
0.0000
0.0000
0.0000
0.0000
0.0000
0.0000
0.0000
0.0000
0.0000
0.0000
0.0000
0.0000
100.7947
105.7651
62.6710
71.6589
41.6388
38.7529
38.6765
84.5886
91.6197
111.5315
146.7519
168.9674
174.1955
147.6273
156.2671
106.9512
106.5984
98.6013
109.9983
103.5517
76.4962
73.5835
76.3057
70.7614
58.5027
0.0000
0.0000
0.0000
0.0000
0.0000
0.0000
0.0000
0.0000
0.0000
0.0000
0.0000
0.0000
0.0000
0.0000
0.0000
0.0000
0.0000
0.0000
0.0000
0.0000
0.0000
114.3067
129.0337
89.3392
81.9399
45.6538
67.7790
75.3533
58.8219
64.7657
71.0867
116.7395
195.6778
163.7867
115.4530
132.4543
142.5745
104.9578
71.7777
90.3541
127.2623
120.5734
62.4323
66.9993
63.4974
58.3065
0.0000
0.0000
0.0000
0.0000
0.0000
0.0000
0.0000
0.0000
0.0000
0.0000
0.0000
0.0000
0.0000
0.0000
0.0000
0.0000
0.0000
0.0000
0.0000
0.0000
0.0000
107.6380
118.2184
107.3682
86.5913
56.9632
41.6229
49.3942
49.3305
58.3776
83.2137
66.6895
115.0502
97.8212
136.6036
171.2527
140.9898
120.7396
80.3913
71.8369
68.6323
67.3348
54.5319
49.8692
53.9205
61.2835
96.7625
0.0000
0.0000
0.0000
0.0000
0.0000
0.0000
0.0000
0.0000
0.0000
0.0000
0.0000
0.0000
0.0000
0.0000
0.0000
0.0000
0.0000
0.0000
0.0000
0.0000
75.7361
74.0832
131.0746
89.0949
81.1951
61.3237
41.0323
46.6042
45.4741
82.9455
90.8058
115.9060
121.0976
105.8560
145.9513
142.0141
125.7640
104.1772
70.9074
33.4603
38.5042
33.0755
36.0220
67.8009
99.4771
50.2814
59.8597
0.0000
0.0000
0.0000
0.0000
0.0000
0.0000
0.0000
0.0000
0.0000
0.0000
0.0000
0.0000
0.0000
0.0000
0.0000
0.0000
0.0000
0.0000
0.0000
104.8559
77.3001
128.5186
111.7188
79.3265
42.5722
50.6940
48.5268
39.2801
52.8881
107.0169
128.1147
112.0627
91.8885
95.1749
91.8013
98.3311
67.4798
62.3135
66.9249
44.1681
36.3122
48.4030
51.2373
55.1708
45.3125
53.7886
39.6648
0.0000
0.0000
0.0000
0.0000
0.0000
0.0000
0.0000
0.0000
0.0000
0.0000
0.0000
0.0000
0.0000
0.0000
0.0000
0.0000
0.0000
0.0000
75.4844
96.9165
133.6289
108.9416
129.2898
96.9953
54.1052
48.1698
67.4965
47.7645
95.8140
96.4281
153.7130
201.7540
112.6492
75.3723
63.9719
76.9392
71.0948
54.9557
28.5859
34.5610
34.5432
42.9647
48.0724
30.7180
55.6382
36.0505
0.0000
0.0000
0.0000
0.0000
0.0000
0.0000
0.0000
0.0000
0.0000
0.0000
0.0000
0.0000
0.0000
0.0000
0.0000
0.0000
0.0000
0.0000
51.0098
71.8855
115.9999
125.9355
114.1849
106.9252
52.4205
53.5822
70.9207
83.0176
80.4990
88.6597
106.8167
148.1221
102.1970
62.4037
60.7006
60.4952
52.5824
43.9806
30.0585
29.6942
30.2978
31.8404
44.7211
49.9581
60.3451
48.9340
23.4316
0.0000
0.0000
0.0000
0.0000
0.0000
0.0000
0.0000
0.0000
0.0000
0.0000
0.0000
0.0000
0.0000
0.0000
0.0000
0.0000
0.0000
83.8034
93.7063
103.3477
92.6132
100.6563
94.3397
94.7863
84.1241
78.2449
86.4466
74.4035
105.4207
85.4276
123.7050
56.0903
44.4117
42.5897
51.3595
44.7038
29.2731
32.9605
36.9737
37.1250
32.8512
59.2854
45.9642
37.3487
39.6199
27.5543
0.0000
0.0000
0.0000
0.0000
0.0000
0.0000
0.0000
0.0000
0.0000
0.0000
0.0000
0.0000
0.0000
0.0000
0.0000
0.0000
0.0000
61.5500
110.9026
69.7600
85.3711
97.2935
101.0492
86.4353
94.8758
87.7930
88.1826
81.9772
98.2524
102.6024
139.0078
71.6912
45.6230
43.0765
42.4554
38.5364
38.1171
26.4054
39.7973
42.2523
33.6060
44.1865
61.7009
53.0918
46.2514
33.5090
28.6547
0.0000
0.0000
0.0000
0.0000
0.0000
0.0000
0.0000
0.0000
0.0000
0.0000
0.0000
0.0000
0.0000
0.0000
0.0000
0.0000
98.6393
102.6419
71.1633
69.0749
74.0618
88.0408
102.4666
72.7856
68.9503
92.8963
115.6943
110.7341
107.2598
144.9868
108.3914
46.9840
50.8125
44.4005
42.9685
36.2840
39.7749
34.4554
38.5302
26.4443
40.1853
49.3801
60.3109
47.0907
32.2985
37.5201
18.2274
0.0000
0.0000
0.0000
0.0000
0.0000
0.0000
0.0000
0.0000
0.0000
0.0000
0.0000
0.0000
0.0000
0.0000
0.0000
98.6615
71.5685
63.5412
94.6963
83.9378
81.4849
105.1079
76.7691
60.9420
71.3384
87.1386
116.3863
119.1283
143.6138
47.0527
39.3138
58.5748
54.3625
40.6435
35.9356
33.1622
34.7301
34.8718
34.8614
37.1833
30.0132
41.6838
41.8051
33.0819
21.8677
23.4658
24.7681
0.0000
0.0000
0.0000
0.0000
0.0000
0.0000
0.0000
0.0000
0.0000
0.0000
0.0000
0.0000
0.0000
0.0000
81.6921
61.1643
63.7138
84.4461
116.0967
94.3826
83.7458
59.2868
64.9096
58.0301
112.9899
147.0529
146.7045
107.7749
45.6843
33.8965
58.3489
39.0053
31.1264
45.6325
39.4757
49.7903
32.4582
35.0727
39.0825
37.6110
30.8022
25.7455
32.5559
31.6578
27.6298
20.6929
33.3100
0.0000
0.0000
0.0000
0.0000
0.0000
0.0000
0.0000
0.0000
0.0000
0.0000
0.0000
0.0000
0.0000
61.9786
67.3120
75.7284
84.0186
70.7784
86.5491
58.1960
51.9016
79.4042
67.0067
91.5505
118.6511
115.4299
91.3152
61.2868
40.4684
26.2910
29.5948
33.6333
39.5619
44.3130
49.5979
28.3760
32.7738
27.5925
32.3245
19.5555
16.7275
25.1618
20.8125
25.8570
21.0897
28.1731
0.0000
0.0000
0.0000
0.0000
0.0000
0.0000
0.0000
0.0000
0.0000
0.0000
0.0000
0.0000
0.0000
81.3895
78.4098
74.3744
63.0809
100.1883
105.5457
87.1637
51.0844
64.2874
50.6637
80.0260
88.7508
95.0559
94.1387
65.3369
47.8791
34.6486
21.0399
22.8075
35.5900
39.4706
32.8345
25.7149
26.4237
20.3202
22.5415
17.2176
16.3789
16.4843
19.8602
18.8836
18.0878
30.8117
19.3391
0.0000
0.0000
0.0000
0.0000
0.0000
0.0000
0.0000
0.0000
0.0000
0.0000
0.0000
0.0000
61.5648
83.5808
69.5149
61.3072
84.8398
62.6197
63.3516
46.5648
69.1140
73.2790
65.3987
103.5039
84.2079
82.8232
37.2206
31.9592
12.6706
11.4811
16.2980
20.2162
23.2698
31.8937
16.6866
19.4948
27.0172
22.4806
15.6515
14.2529
13.4336
15.8985
14.4221
20.9096
21.5906
20.7991
12.3346
0.0000
0.0000
0.0000
0.0000
0.0000
0.0000
0.0000
0.0000
0.0000
0.0000
0.0000
83.4204
80.3766
54.1824
53.6371
50.2980
59.6292
73.1082
66.4252
58.9958
42.9613
55.0631
76.0925
51.2729
79.4188
23.4799
27.8772
15.9488
14.0947
18.7828
9.8237
8.0736
13.8827
17.8179
13.9958
19.2929
21.8598
10.8898
17.0407
16.1514
12.8705
15.3895
15.5934
15.6877
12.7675
5.8122
11.9965
0.0000
0.0000
0.0000
0.0000
0.0000
0.0000
0.0000
0.0000
0.0000
0.0000
45.9994
60.7460
43.6214
36.2710
66.8824
60.0367
65.4755
63.4973
57.1323
72.1191
58.0643
74.4432
52.1373
58.9332
17.4523
22.3069
23.3261
16.5027
19.9830
8.0830
12.8000
14.1879
15.6105
13.7679
21.1702
15.7336
15.9176
12.0429
13.7136
12.2742
11.1927
10.5702
11.8948
7.2503
5.4576
4.9901
0.0000
0.0000
0.0000
0.0000
0.0000
0.0000
0.0000
0.0000
0.0000
0.0000
51.1399
56.9953
37.5072
45.3164
42.6200
88.4511
55.5523
58.8479
46.0049
55.9560
46.3744
54.6555
38.4562
41.4671
17.3076
21.1779
24.9528
21.3785
24.8681
11.4787
15.3321
19.3543
15.0737
14.9613
14.0486
21.4957
15.0831
12.4631
13.8201
14.2403
13.6763
11.9820
7.9776
12.1121
9.7141
8.8212
0.0000
0.0000
0.0000
0.0000
0.0000
0.0000
0.0000
0.0000
0.0000
0.0000
41.8140
39.1199
29.3992
36.6456
35.8463
58.4708
51.1313
46.9656
45.8657
36.9495
45.4664
49.0070
41.5786
68.7545
25.6352
27.2783
33.3487
32.7872
28.5824
23.4614
14.0700
16.1217
14.6439
9.1390
24.7898
26.7986
22.7446
11.4013
12.6673
10.7292
13.3527
8.9373
8.3609
12.4839
8.3803
10.0331
0.0000
0.0000
0.0000
0.0000
0.0000
0.0000
0.0000
0.0000
0.0000
0.0000
38.9902
42.3001
35.8848
30.2738
30.2141
46.2517
60.2607
50.9901
38.1910
53.1723
58.6845
56.0353
49.7626
66.7992
32.9450
49.5333
34.2993
25.6095
27.8106
21.4863
22.9042
17.6445
10.1082
12.4742
15.1419
26.7681
32.5221
14.5890
16.9111
12.4659
8.7551
8.7384
10.9107
12.1467
15.8410
14.1703
0.0000
0.0000
0.0000
0.0000
0.0000
0.0000
0.0000
0.0000
0.0000
0.0000
25.8130
27.8365
26.1153
25.4645
32.8725
52.7276
60.3700
37.5063
43.7740
49.6281
55.4375
59.6123
48.6621
58.8096
0.0000
0.0000
30.6427
26.3278
36.8464
20.2051
16.0675
13.5830
6.0130
4.9725
11.8482
21.4494
27.9628
23.5711
19.5625
22.2942
15.9859
15.1149
10.8907
17.8712
12.2366
13.6999
0.0000
0.0000
0.0000
0.0000
0.0000
0.0000
0.0000
0.0000
0.0000
0.0000
15.2003
16.5129
16.7630
18.6316
30.7473
46.0395
48.4796
30.3939
34.1785
40.7581
56.7722
42.0792
46.8184
43.0507
0.0000
0.0000
0.0000
0.0000
0.0000
0.0000
0.0000
0.0000
0.0000
0.0000
9.0974
10.9537
16.2056
22.1052
22.0558
23.1122
22.8218
15.0709
24.1202
14.6826
9.6422
10.5794
0.0000
0.0000
0.0000
0.0000
0.0000
0.0000
0.0000
0.0000
0.0000
0.0000
29.8962
22.4463
18.6595
26.2367
23.7978
33.4761
32.1634
39.9109
28.8221
26.3830
36.8118
28.0146
27.0698
29.4246
0.0000
0.0000
0.0000
0.0000
0.0000
0.0000
0.0000
0.0000
0.0000
0.0000
10.5555
8.0852
14.0137
24.6609
22.0706
20.6380
25.0784
17.0648
20.5745
34.1067
20.2918
14.8153
0.0000
0.0000
0.0000
0.0000
0.0000
0.0000
0.0000
0.0000
0.0000
0.0000
23.1457
20.0164
16.0678
30.1454
28.4420
25.3324
28.4743
28.8162
21.1112
16.8406
20.1450
16.6751
15.6874
22.3110
0.0000
0.0000
0.0000
0.0000
0.0000
0.0000
0.0000
0.0000
0.0000
0.0000
16.2329
14.2029
10.0269
21.7945
19.0919
24.6165
21.8840
15.1150
24.3157
30.2458
27.0364
19.6115
0.0000
0.0000
0.0000
0.0000
0.0000
0.0000
0.0000
0.0000
0.0000
0.0000
18.9022
13.4208
20.7733
23.5832
20.2149
25.0410
35.3561
39.2819
25.1128
18.0637
19.1467
17.9187
13.6095
13.2881
0.0000
0.0000
0.0000
0.0000
0.0000
0.0000
0.0000
0.0000
0.0000
0.0000
17.8324
19.9173
12.6516
10.3992
18.4030
16.5246
22.4581
24.8023
21.1766
30.1165
30.5877
40.6995
0.0000
0.0000
0.0000
0.0000
0.0000
0.0000
0.0000
0.0000
0.0000
0.0000
21.7421
12.8182
17.1941
16.8508
18.3536
21.2988
25.4300
33.7477
29.9442
27.7560
23.1956
11.2704
16.2220
14.3008
0.0000
0.0000
0.0000
0.0000
0.0000
0.0000
0.0000
0.0000
0.0000
0.0000
16.4880
13.8057
11.4537
19.3804
10.1515
7.8551
10.1626
20.9701
20.3333
29.8406
33.4661
40.4555
0.0000
0.0000
0.0000
0.0000
0.0000
0.0000
0.0000
0.0000
0.0000
0.0000
33.8768
18.7707
23.0871
16.4339
15.7796
21.8218
23.9691
24.4683
23.9737
40.1457
19.5666
20.5313
16.5624
12.0660
0.0000
0.0000
0.0000
0.0000
0.0000
0.0000
0.0000
0.0000
0.0000
0.0000
11.8358
11.4340
10.0661
18.4293
16.7421
9.8639
13.3788
18.3916
16.7858
21.4961
22.7626
39.3277
0.0000
0.0000
0.0000
0.0000
0.0000
0.0000
0.0000
0.0000
0.0000
0.0000
36.3962
27.5550
17.7314
18.2483
17.0760
17.2761
17.9163
20.4678
24.7869
23.6639
17.4694
19.7634
15.3929
12.6908
0.0000
0.0000
0.0000
0.0000
0.0000
0.0000
0.0000
0.0000
0.0000
0.0000
7.8288
10.3437
9.7607
18.8397
12.8242
11.2898
13.9983
10.1405
13.7839
23.0973
22.6044
36.1397
0.0000
0.0000
0.0000
0.0000
0.0000
0.0000
0.0000
0.0000
0.0000
0.0000
15.8900
18.6274
21.7324
18.3073
15.7105
13.7939
12.5261
9.3951
14.8954
17.1091
13.3655
20.0442
15.0445
9.7473
0.0000
0.0000
0.0000
0.0000
0.0000
0.0000
0.0000
0.0000
0.0000
0.0000
8.6017
7.1731
12.9667
19.7815
17.0797
16.2184
13.7757
11.6453
10.2819
16.1650
21.8775
26.1515
0.0000
0.0000
0.0000
0.0000
0.0000
0.0000
0.0000
0.0000
0.0000
0.0000
15.1483
15.8499
15.3301
19.3131
11.3166
10.1495
9.1115
9.4834
10.4753
13.5689
13.9408
12.0326
11.6971
10.4254
0.0000
0.0000
0.0000
0.0000
0.0000
0.0000
0.0000
0.0000
0.0000
0.0000
9.8545
6.9923
12.4182
15.0879
12.9404
14.5534
17.0429
17.8389
19.1300
17.8869
27.4118
29.8232
0.0000
0.0000
0.0000
0.0000
0.0000
0.0000
0.0000
0.0000
0.0000
0.0000
9.8045
13.4194
12.4867
14.5590
11.6359
6.7081
6.5863
7.2081
11.1088
11.1626
16.6325
12.5748
10.2390
11.6450
0.0000
0.0000
0.0000
0.0000
0.0000
0.0000
0.0000
0.0000
0.0000
0.0000
8.0606
9.4746
12.4127
13.3814
9.5806
12.0055
14.6206
21.6025
33.7534
24.6405
27.0720
27.2853
0.0000
0.0000
0.0000
0.0000
0.0000
0.0000
0.0000
0.0000
0.0000
0.0000
12.3463
10.4398
8.5204
9.4899
7.3915
5.4131
5.0702
8.2224
10.8346
10.3845
13.0970
9.9135
11.1408
11.3978
0.0000
0.0000
0.0000
0.0000
0.0000
0.0000
0.0000
0.0000
0.0000
0.0000
7.9832
7.0615
7.0512
6.3713
12.0217
20.4856
19.9941
32.1801
54.8897
25.4994
22.3670
20.3127
0.0000
0.0000
0.0000
0.0000
0.0000
0.0000
0.0000
0.0000
0.0000
0.0000
15.5822
12.3005
7.2054
6.9364
6.4353
7.4506
7.2890
7.9827
9.1261
7.4516
11.8379
7.7257
7.9899
9.6306
0.0000
0.0000
0.0000
0.0000
0.0000
0.0000
0.0000
0.0000
0.0000
0.0000
13.2019
10.7339
9.4513
7.8206
14.2127
16.2096
23.9632
35.9668
62.5830
33.1612
19.7609
17.0739
0.0000
0.0000
0.0000
0.0000
0.0000
0.0000
0.0000
0.0000
0.0000
0.0000
21.9703
9.5255
11.7112
8.9126
11.0996
8.6191
8.6055
5.9911
5.8653
6.6267
6.5688
3.9712
5.8889
4.0182
0.0000
0.0000
0.0000
0.0000
0.0000
0.0000
0.0000
0.0000
0.0000
0.0000
12.5059
20.0619
13.0804
16.9176
17.8243
29.7080
39.8989
40.9628
54.7264
38.4462
28.3583
22.1377
0.0000
0.0000
0.0000
0.0000
0.0000
0.0000
0.0000
0.0000
0.0000
0.0000
20.9267
13.1457
9.7037
8.6162
9.0601
8.4930
8.2222
6.2408
5.8734
6.6429
4.1513
4.6759
5.3655
4.7126
0.0000
0.0000
0.0000
0.0000
0.0000
0.0000
0.0000
0.0000
0.0000
0.0000
12.4272
21.0030
21.0617
20.4271
20.4680
33.9995
66.1642
53.2845
55.7732
41.8133
41.2702
29.7480
0.0000
0.0000
0.0000
0.0000
0.0000
0.0000
0.0000
0.0000
0.0000
0.0000
12.5708
12.0360
7.0873
6.9821
10.7168
8.2903
7.5099
7.2060
10.0886
7.8954
6.6307
4.0336
4.3309
6.6299
0.0000
0.0000
0.0000
0.0000
0.0000
0.0000
0.0000
0.0000
0.0000
0.0000
18.5213
29.7763
23.9791
26.1514
28.9219
44.7458
41.1235
57.3183
63.2504
73.2466
35.2137
22.3656
0.0000
0.0000
0.0000
0.0000
0.0000
0.0000
0.0000
0.0000
0.0000
0.0000
15.9097
14.5793
9.6930
8.8357
11.7717
11.3348
9.5873
10.0369
10.3889
8.5516
6.4482
6.0811
4.0196
7.4150
0.0000
0.0000
0.0000
0.0000
0.0000
0.0000
0.0000
0.0000
0.0000
0.0000
24.4081
28.3452
30.8088
41.5386
37.6813
51.1752
76.5672
68.2853
65.6160
39.2023
36.8268
19.8700
0.0000
0.0000
0.0000
0.0000
0.0000
0.0000
0.0000
0.0000
0.0000
0.0000
23.4107
13.0799
13.0493
12.1676
12.0483
12.8463
11.2606
9.6129
10.6580
9.1680
7.3304
6.6154
7.3047
9.6867
0.0000
0.0000
0.0000
0.0000
0.0000
0.0000
0.0000
0.0000
0.0000
0.0000
23.2631
33.1738
31.6778
45.0608
46.3216
47.9423
49.1669
66.5685
61.3218
40.2702
39.8285
45.2681
0.0000
0.0000
0.0000
0.0000
0.0000
0.0000
0.0000
0.0000
0.0000
0.0000
23.9445
11.6658
16.6717
11.4827
12.6991
15.0182
13.7624
12.2548
11.8571
9.6647
5.8634
4.2844
8.1604
12.6383
0.0000
0.0000
0.0000
0.0000
0.0000
0.0000
0.0000
0.0000
0.0000
0.0000
19.7158
27.3408
29.4007
37.8204
34.4539
43.6571
39.1632
44.8887
71.8541
70.6916
50.1637
54.9465
0.0000
0.0000
0.0000
0.0000
0.0000
0.0000
0.0000
0.0000
0.0000
0.0000
0.0000
34.7456
24.0569
23.5457
16.6508
12.8977
13.8621
11.8642
13.0338
11.2760
6.7490
5.8938
14.6475
18.2232
0.0000
0.0000
0.0000
0.0000
0.0000
0.0000
0.0000
0.0000
0.0000
0.0000
34.8811
33.5979
38.8152
23.6134
28.1634
28.3880
28.0866
48.8554
74.3583
61.6610
35.9324
78.8301
0.0000
0.0000
0.0000
0.0000
0.0000
0.0000
0.0000
0.0000
0.0000
0.0000
0.0000
25.3715
40.3694
23.2819
15.0752
18.7407
14.0627
9.7416
9.6567
9.4718
9.3315
0.0000
0.0000
32.5006
0.0000
0.0000
0.0000
0.0000
0.0000
0.0000
0.0000
0.0000
0.0000
0.0000
37.0529
31.5605
41.9997
24.1969
23.2550
22.8480
19.1090
32.8754
29.7648
44.8366
46.9349
54.2225
0.0000
0.0000
0.0000
0.0000
0.0000
0.0000
0.0000
0.0000
0.0000
0.0000
0.0000
0.0000
40.5602
38.4713
21.6871
20.8622
11.0920
15.0781
9.4552
8.9253
9.0722
0.0000
0.0000
0.0000
0.0000
0.0000
0.0000
0.0000
0.0000
0.0000
0.0000
0.0000
0.0000
0.0000
32.6949
29.0998
23.8606
26.5103
24.4043
18.6273
22.5419
31.3618
21.9385
23.9017
42.7459
41.6659
0.0000
0.0000
0.0000
0.0000
0.0000
0.0000
0.0000
0.0000
0.0000
0.0000
0.0000
0.0000
0.0000
41.1823
19.6194
15.3077
13.0369
11.3886
11.7326
17.2971
11.8899
0.0000
0.0000
0.0000
0.0000
0.0000
0.0000
0.0000
0.0000
0.0000
0.0000
0.0000
0.0000
0.0000
26.9768
37.2486
22.1965
36.4936
25.5927
25.2364
28.5425
19.7160
17.4826
18.9159
11.6134
18.6958
0.0000
0.0000
0.0000
0.0000
0.0000
0.0000
0.0000
0.0000
0.0000
0.0000
0.0000
0.0000
0.0000
0.0000
26.5016
16.9798
17.0517
15.4890
21.1604
23.0667
21.4512
0.0000
0.0000
0.0000
0.0000
0.0000
0.0000
0.0000
0.0000
0.0000
0.0000
0.0000
0.0000
0.0000
30.0130
29.4175
31.0977
29.8967
31.7605
44.6402
33.7102
26.4823
18.9426
17.7500
8.4538
9.9204
0.0000
0.0000
0.0000
0.0000
0.0000
0.0000
0.0000
0.0000
0.0000
0.0000
0.0000
0.0000
0.0000
0.0000
33.6206
22.9125
29.3031
27.3177
35.7407
33.9806
21.2120
0.0000
0.0000
0.0000
0.0000
0.0000
0.0000
0.0000
0.0000
0.0000
0.0000
0.0000
0.0000
0.0000
20.3304
13.1560
21.7215
21.5446
33.1086
37.2122
49.0532
16.6244
11.4185
11.3014
10.0689
9.8847
0.0000
0.0000
0.0000
0.0000
0.0000
0.0000
0.0000
0.0000
0.0000
0.0000
0.0000
0.0000
0.0000
0.0000
0.0000
0.0000
21.4907
26.4609
42.0928
28.8465
29.5400
0.0000
0.0000
0.0000
0.0000
0.0000
0.0000
0.0000
0.0000
0.0000
0.0000
0.0000
0.0000
0.0000
0.0000
16.2320
24.7057
15.4463
23.7904
23.2201
12.3142
9.6529
9.6629
5.9696
11.7733
13.1879
0.0000
0.0000
0.0000
0.0000
0.0000
0.0000
0.0000
0.0000
0.0000
0.0000
0.0000
0.0000
0.0000
0.0000
0.0000
0.0000
34.2624
28.7861
38.7196
33.2585
26.4755
0.0000
0.0000
0.0000
0.0000
0.0000
0.0000
0.0000
0.0000
0.0000
0.0000
0.0000
0.0000
0.0000
0.0000
0.0000
0.0000
11.5982
15.9046
9.8557
6.4625
3.9695
5.6383
5.4582
12.2087
12.0299
0.0000
0.0000
0.0000
0.0000
0.0000
0.0000
0.0000
0.0000
0.0000
0.0000
0.0000
0.0000
0.0000
0.0000
0.0000
0.0000
0.0000
41.3760
31.8841
26.3598
21.9149
0.0000
0.0000
0.0000
0.0000
0.0000
0.0000
0.0000
0.0000
0.0000
0.0000
0.0000
0.0000
0.0000
0.0000
0.0000
0.0000
0.0000
11.5141
6.9462
8.9162
4.1188
3.5546
6.7940
9.2749
9.2293
0.0000
0.0000
0.0000
0.0000
0.0000
0.0000
0.0000
0.0000
0.0000
0.0000
0.0000
0.0000
0.0000
0.0000
0.0000
0.0000
0.0000
0.0000
35.3352
32.6693
27.9955
0.0000
0.0000
0.0000
0.0000
0.0000
0.0000
0.0000
0.0000
0.0000
0.0000
0.0000
0.0000
0.0000
0.0000
0.0000
0.0000
0.0000
0.0000
7.0443
10.1238
5.7125
4.8184
6.9594
8.6318
6.6795
0.0000
0.0000
0.0000
0.0000
0.0000
0.0000
0.0000
0.0000
0.0000
0.0000
0.0000
0.0000
0.0000
0.0000
0.0000
0.0000
0.0000
0.0000
34.9334
48.4939
63.2046
0.0000
0.0000
0.0000
0.0000
0.0000
0.0000
0.0000
0.0000
0.0000
0.0000
0.0000
0.0000
0.0000
0.0000
0.0000
0.0000
0.0000
0.0000
0.0000
10.9550
6.2859
5.0439
5.2477
4.9165
7.9906
0.0000
0.0000
0.0000
0.0000
0.0000
0.0000
0.0000
0.0000
0.0000
0.0000
0.0000
0.0000
0.0000
0.0000
0.0000
0.0000
0.0000
0.0000
0.0000
58.1530
72.8565
0.0000
0.0000
0.0000
0.0000
0.0000
0.0000
0.0000
0.0000
0.0000
0.0000
0.0000
0.0000
0.0000
0.0000
0.0000
0.0000
0.0000
0.0000
0.0000
0.0000
0.0000
7.9688
6.0194
4.4838
5.8077
0.0000
0.0000
0.0000
0.0000
0.0000
0.0000
0.0000
0.0000
0.0000
0.0000
0.0000
0.0000
0.0000
0.0000
0.0000
0.0000
0.0000
0.0000
0.0000
0.0000
0.0000
0.0000
0.0000
0.0000
0.0000
0.0000
0.0000
0.0000
0.0000
0.0000
0.0000
0.0000
0.0000
0.0000
0.0000
0.0000
0.0000
0.0000
0.0000
0.0000
0.0000
0.0000
0.0000
6.2095
4.6359
6.8717
0.0000
0.0000
0.0000
0.0000
0.0000
0.0000
0.0000
0.0000
0.0000
0.0000
0.0000
0.0000
0.0000
0.0000
0.0000
0.0000
0.0000
0.0000
0.0000
0.0000
0.0000
0.0000
0.0000
0.0000
0.0000
0.0000
0.0000
0.0000
0.0000
0.0000
0.0000
0.0000
0.0000
0.0000
0.0000
0.0000
0.0000
0.0000
0.0000
0.0000
0.0000
0.0000
0.0000
6.8441
3.9677
9.0407
0.0000
0.0000
0.0000
0.0000
0.0000
0.0000
0.0000
0.0000
0.0000
0.0000
0.0000
0.0000
0.0000
0.0000
0.0000
0.0000
0.0000
0.0000
0.0000
0.0000
0.0000
0.0000
0.0000
0.0000
0.0000
0.0000
0.0000
0.0000
0.0000
0.0000
0.0000
0.0000
0.0000
0.0000
0.0000
0.0000
0.0000
0.0000
0.0000
0.0000
0.0000
0.0000
0.0000
0.0000
0.0000
0.0000
0.0000
0.0000
0.0000
0.0000
0.0000
0.0000
0.0000
0.0000
0.0000
0.0000
0.0000
0.0000
0.0000
0.0000
0.0000
0.0000
0.0000
0.0000
0.0000
0.0000
0.0000
0.0000
0.0000
0.0000
0.0000
0.0000
0.0000
0.0000
0.0000
0.0000
0.0000
0.0000
0.0000
0.0000
0.0000
0.0000
0.0000
0.0000
0.0000
0.0000
0.0000
0.0000
0.0000
0.0000
0.0000
0.0000
0.0000
0.0000
0.0000
0.0000
0.0000
0.0000
0.0000
0.0000
0.0000
0.0000
0.0000
0.0000
0.0000
0.0000
0.0000
0.0000
0.0000
0.0000
0.0000
0.0000
0.0000
0.0000
0.0000
0.0000
0.0000
0.0000
0.0000
0.0000
0.0000
0.0000
0.0000
0.0000
0.0000
0.0000
0.0000
0.0000
0.0000
0.0000
0.0000
0.0000
0.0000
0.0000
0.0000
0.0000
0.0000
0.0000
0.0000
0.0000
0.0000
0.0000
0.0000
0.0000
0.0000
0.0000
0.0000
0.0000
0.0000
0.0000
0.0000
0.0000
0.0000
0.0000
0.0000
0.0000
0.0000
0.0000
0.0000
0.0000
0.0000
0.0000
0.0000
0.0000
0.0000
0.0000
0.0000
0.0000
0.0000
0.0000
0.0000
0.0000
0.0000
0.0000
0.0000
0.0000
0.0000
0.0000
0.0000
0.0000
0.0000
0.0000
0.0000
0.0000
0.0000
0.0000
0.0000
0.0000
0.0000
0.0000
0.0000
0.0000
0.0000
0.0000
0.0000
0.0000
0.0000
0.0000
0.0000
0.0000
0.0000
0.0000
0.0000
0.0000
0.0000
0.0000
0.0000
0.0000
0.0000
0.0000
0.0000
0.0000
0.0000
0.0000
0.0000
0.0000
0.0000
0.0000
0.0000
0.0000
0.0000
0.0000
0.0000
0.0000
0.0000
0.0000
0.0000
0.0000
0.0000
0.0000
0.0000
0.0000
0.0000
0.0000
0.0000
0.0000
0.0000
0.0000
0.0000
0.0000
0.0000
0.0000
0.0000
0.0000
0.0000
0.0000
0.0000
0.0000
0.0000
0.0000
0.0000
0.0000
0.0000
0.0000
0.0000
0.0000
0.0000
0.0000
0.0000
0.0000
0.0000
0.0000
0.0000
0.0000
0.0000
0.0000
0.0000
0.0000
0.0000
0.0000
0.0000
0.0000
0.0000
0.0000
0.0000
0.0000
0.0000
0.0000
0.0000
0.0000
0.0000
0.0000
0.0000
0.0000
0.0000
0.0000
0.0000
0.0000
0.0000
0.0000
0.0000
0.0000
0.0000
0.0000
0.0000
0.0000
0.0000
0.0000
0.0000
0.0000
0.0000
0.0000
0.0000
0.0000
0.0000
0.0000
0.0000
0.0000
0.0000
0.0000
0.0000
0.0000
0.0000
0.0000
0.0000
0.0000
0.0000
0.0000
0.0000
0.0000
0.0000
0.0000
0.0000
0.0000
0.0000
0.0000
0.0000
0.0000
0.0000
0.0000
0.0000
0.0000
0.0000
0.0000
0.0000
0.0000
0.0000
0.0000
0.0000
0.0000
0.0000
0.0000
0.0000
0.0000
0.0000
0.0000
0.0000
0.0000
0.0000
0.0000
0.0000
0.0000
0.0000
0.0000
0.0000
0.0000
0.0000
0.0000
0.0000
0.0000
0.0000
0.0000
0.0000
0.0000
0.0000
0.0000
0.0000
0.0000
0.0000
0.0000
0.0000
0.0000
0.0000
0.0000
0.0000
0.0000
0.0000
0.0000
0.0000
0.0000
0.0000
0.0000
0.0000
0.0000
0.0000
0.0000
0.0000
0.0000
0.0000
0.0000
0.0000
0.0000
0.0000
0.0000
0.0000
0.0000
0.0000
0.0000
0.0000
0.0000
0.0000
0.0000
0.0000
0.0000
0.0000
0.0000
0.0000
0.0000
0.0000
0.0000
0.0000
0.0000
0.0000
0.0000
0.0000
0.0000
0.0000
0.0000
0.0000
0.0000
0.0000
0.0000
0.0000
0.0000
0.0000
0.0000
0.0000
0.0000
0.0000
0.0000
0.0000
0.0000
0.0000
0.0000
0.0000
0.0000
0.0000
0.0000
0.0000
0.0000
0.0000
0.0000
0.0000
0.0000
0.0000
0.0000
0.0000
0.0000
0.0000
0.0000
0.0000
0.0000
0.0000
0.0000
0.0000
0.0000
0.0000
0.0000
0.0000
0.0000
0.0000
0.0000
0.0000
0.0000
0.0000
0.0000
0.0000
0.0000
0.0000
0.0000
0.0000
0.0000
0.0000
0.0000
0.0000
0.0000
0.0000
0.0000
0.0000
0.0000
0.0000
0.0000
0.0000
0.0000
0.0000
0.0000
0.0000
0.0000
0.0000
0.0000
0.0000
0.0000
0.0000
0.0000
0.0000
0.0000
0.0000
0.0000
0.0000
0.0000
0.0000
0.0000
0.0000
0.0000
0.0000
0.0000
0.0000
0.0000
0.0000
0.0000
0.0000
0.0000
0.0000
0.0000
0.0000
0.0000
0.0000
0.0000
0.0000
0.0000
0.0000
0.0000
0.0000
0.0000
0.0000
0.0000
0.0000
0.0000
0.0000
0.0000
0.0000
0.0000
0.0000
0.0000
0.0000
0.0000
0.0000
0.0000
0.0000
0.0000
0.0000
0.0000
0.0000
0.0000
0.0000
0.0000
0.0000
0.0000
0.0000
0.0000
0.0000
0.0000
0.0000
0.0000
0.0000
0.0000
0.0000
0.0000
0.0000
0.0000
0.0000
0.0000
0.0000
0.0000
0.0000
0.0000
0.0000
0.0000
0.0000
0.0000
0.0000
0.0000
0.0000
0.0000
0.0000
0.0000
0.0000
0.0000
0.0000
0.0000
0.0000
0.0000
0.0000
0.0000
0.0000
0.0000
0.0000
0.0000
0.0000
0.0000
0.0000
0.0000
0.0000
0.0000
0.0000
0.0000
0.0000
0.0000
0.0000
0.0000
0.0000
0.0000
0.0000
0.0000
0.0000
0.0000
0.0000
0.0000
0.0000
0.0000
0.0000
0.0000
0.0000
0.0000
0.0000
0.0000
0.0000
0.0000
0.0000
0.0000
0.0000
0.0000
0.0000
0.0000
0.0000
0.0000
0.0000
0.0000
0.0000
0.0000
0.0000
0.0000
0.0000
0.0000
0.0000
0.0000
0.0000
0.0000
0.0000
0.0000
0.0000
0.0000
0.0000
0.0000
0.0000
0.0000
0.0000
0.0000
0.0000
0.0000
0.0000
0.0000
0.0000
0.0000
0.0000
0.0000
0.0000
0.0000
0.0000
0.0000
0.0000
0.0000
0.0000
0.0000
0.0000
0.0000
0.0000
0.0000
0.0000
0.0000
0.0000
0.0000
0.0000
0.0000
0.0000
0.0000
0.0000
0.0000
0.0000
0.0000
0.0000
0.0000
0.0000
0.0000
0.0000
0.0000
0.0000
0.0000
0.0000
0.0000
0.0000
0.0000
0.0000
0.0000
0.0000
0.0000
0.0000
0.0000
0.0000
0.0000
0.0000
0.0000
0.0000
0.0000
0.0000
0.0000
0.0000
0.0000
0.0000
0.0000
0.0000
0.0000
0.0000
0.0000
0.0000
0.0000
0.0000
0.0000
0.0000
0.0000
0.0000
0.0000
0.0000
0.0000
0.0000
0.0000
0.0000
0.0000
0.0000
0.0000
0.0000
0.0000
0.0000
0.0000
0.0000
0.0000
0.0000
0.0000
0.0000
0.0000
0.0000
0.0000
0.0000
0.0000
0.0000
0.0000
0.0000
0.0000
0.0000
0.0000
0.0000
0.0000
0.0000
0.0000
0.0000
0.0000
0.0000
0.0000
0.0000
0.0000
0.0000
0.0000
0.0000
0.0000
0.0000
0.0000
0.0000
0.0000
0.0000
0.0000
0.0000
0.0000
0.0000
0.0000
0.0000
0.0000
0.0000
0.0000
0.0000
0.0000
0.0000
0.0000
0.0000
0.0000
0.0000
0.0000
0.0000
0.0000
0.0000
0.0000
0.0000
0.0000
0.0000
0.0000
0.0000
0.0000
0.0000
0.0000
0.0000
0.0000
0.0000
0.0000
0.0000
0.0000
0.0000
0.0000
0.0000
0.0000
0.0000
0.0000
0.0000
0.0000
0.0000
0.0000
0.0000
0.0000
0.0000
0.0000
0.0000
0.0000
0.0000
0.0000
0.0000
0.0000
0.0000
0.0000
0.0000
0.0000
0.0000
0.0000
0.0000
0.0000
0.0000
0.0000
0.0000
0.0000
0.0000
0.0000
0.0000
0.0000
0.0000
0.0000
0.0000
0.0000
0.0000
0.0000
0.0000
0.0000
0.0000
0.0000
0.0000
0.0000
0.0000
0.0000
0.0000
0.0000
0.0000
0.0000
0.0000
0.0000
0.0000
0.0000
0.0000
0.0000
0.0000
0.0000
0.0000
0.0000
0.0000
0.0000
0.0000
0.0000
0.0000
0.0000
0.0000
0.0000
0.0000
0.0000
0.0000
0.0000
0.0000
0.0000
0.0000
0.0000
0.0000
0.0000
0.0000
0.0000
0.0000
0.0000
0.0000
0.0000
0.0000
0.0000
0.0000
0.0000
0.0000
0.0000
0.0000
0.0000
0.0000
0.0000
0.0000
0.0000
0.0000
0.0000
0.0000
0.0000
0.0000
0.0000
0.0000
0.0000
0.0000
0.0000
0.0000
0.0000
0.0000
0.0000
0.0000
0.0000
0.0000
0.0000
0.0000
0.0000
0.0000
0.0000
0.0000
0.0000
0.0000
0.0000
2120.6763
2953.1443
3177.2053
4566.6841
4693.2803
4914.7690
4564.0752
3170.6121
3501.9155
2581.1450
2239.3291
2309.1980
4151.6177
4914.7690
3746.1077
1734.5665
1294.3967
513.0184
545.8417
513.5562
429.9253
668.4770
1093.8553
1228.8467
0.0000
0.0000
0.0000
0.0000
0.0000
0.0000
0.0000
0.0000
0.0000
0.0000
0.0000
0.0000
0.0000
0.0000
0.0000
0.0000
0.0000
0.0000
0.0000
0.0000
0.0000
0.0000
1667.8857
2785.0051
3296.3325
3782.6345
4793.0723
4914.7690
3105.0608
2723.5098
1982.3754
1966.4579
1773.8936
2387.6091
3838.3247
3788.2964
2886.9094
1777.3145
740.6199
712.8025
451.9704
460.8755
422.7168
468.1539
776.7664
1007.6403
0.0000
0.0000
0.0000
0.0000
0.0000
0.0000
0.0000
0.0000
0.0000
0.0000
0.0000
0.0000
0.0000
0.0000
0.0000
0.0000
0.0000
0.0000
0.0000
0.0000
0.0000
0.0000
1280.9119
2376.6362
3598.9446
3023.4709
4875.2393
3662.5210
2770.0950
1856.0385
1595.2437
1939.4872
2179.6040
2970.6309
3777.4736
4914.7690
3287.4114
1832.4814
805.4130
644.5925
673.5648
608.7553
582.2741
667.2310
430.9291
467.0059
0.0000
0.0000
0.0000
0.0000
0.0000
0.0000
0.0000
0.0000
0.0000
0.0000
0.0000
0.0000
0.0000
0.0000
0.0000
0.0000
0.0000
0.0000
0.0000
0.0000
0.0000
0.0000
1594.9491
1666.4423
3496.3030
3483.1541
4174.7021
3268.3557
2967.9282
1708.5276
1682.8398
1774.8284
2184.4531
2662.6482
3210.4988
2934.9536
2336.7278
1439.6198
958.1715
737.5705
788.2065
702.6608
771.3280
778.1052
512.0788
538.0403
0.0000
0.0000
0.0000
0.0000
0.0000
0.0000
0.0000
0.0000
0.0000
0.0000
0.0000
0.0000
0.0000
0.0000
0.0000
0.0000
0.0000
0.0000
0.0000
0.0000
0.0000
0.0000
1427.4042
2528.3787
2028.4562
1681.5585
1712.3322
2002.1478
1768.0698
2297.2068
2285.2703
1650.2352
1866.1437
1698.3190
1619.1189
1761.5507
1875.4261
1183.0319
683.4191
629.1082
572.1539
963.2425
804.8375
867.4737
967.9984
803.1064
0.0000
0.0000
0.0000
0.0000
0.0000
0.0000
0.0000
0.0000
0.0000
0.0000
0.0000
0.0000
0.0000
0.0000
0.0000
0.0000
0.0000
0.0000
0.0000
0.0000
0.0000
0.0000
1841.8055
2203.2290
1465.4414
1495.6176
954.7891
1004.5143
1243.6569
1226.0458
1175.9572
1387.6372
1223.8118
1033.0935
1621.2043
1419.5507
1289.8793
831.9297
601.4485
741.2480
531.2772
606.6985
653.2767
725.9870
931.5208
743.1809
0.0000
0.0000
0.0000
0.0000
0.0000
0.0000
0.0000
0.0000
0.0000
0.0000
0.0000
0.0000
0.0000
0.0000
0.0000
0.0000
0.0000
0.0000
0.0000
0.0000
0.0000
0.0000
1702.1930
1118.9521
767.2206
855.9285
1284.9752
818.2408
1087.0282
1057.2097
996.4274
1122.9435
1114.4028
1104.5505
982.2518
1070.6545
928.5056
913.3265
1011.2125
867.8995
753.6952
554.5025
494.7020
513.6580
651.9459
1216.5247
0.0000
0.0000
0.0000
0.0000
0.0000
0.0000
0.0000
0.0000
0.0000
0.0000
0.0000
0.0000
0.0000
0.0000
0.0000
0.0000
0.0000
0.0000
0.0000
0.0000
0.0000
0.0000
1143.3774
908.8948
907.1346
886.4236
862.4910
920.3659
1201.6000
1029.8434
755.0926
753.1295
896.0587
1050.9996
1183.9832
962.3204
682.8521
813.6094
761.0107
590.0942
1007.1393
657.7673
846.6061
651.1573
956.6266
859.5939
0.0000
0.0000
0.0000
0.0000
0.0000
0.0000
0.0000
0.0000
0.0000
0.0000
0.0000
0.0000
0.0000
0.0000
0.0000
0.0000
0.0000
0.0000
0.0000
0.0000
0.0000
0.0000
1145.4325
981.4793
787.9514
1007.3422
750.4789
700.4536
1185.2992
1355.1584
723.0165
1113.6018
957.0699
1056.0500
1114.1693
779.6620
558.6089
486.0050
517.5312
684.0764
950.5048
792.6115
890.5242
893.3949
747.2260
859.1636
0.0000
0.0000
0.0000
0.0000
0.0000
0.0000
0.0000
0.0000
0.0000
0.0000
0.0000
0.0000
0.0000
0.0000
0.0000
0.0000
0.0000
0.0000
0.0000
0.0000
0.0000
0.0000
861.0602
963.7191
945.0956
1066.6923
905.6060
911.6005
1595.6082
814.4441
1174.7097
1451.9943
1171.5878
997.1801
1193.1575
882.0892
627.6387
423.4729
499.2723
696.7980
592.1052
729.7191
1132.2493
907.1693
952.9860
843.5035
0.0000
0.0000
0.0000
0.0000
0.0000
0.0000
0.0000
0.0000
0.0000
0.0000
0.0000
0.0000
0.0000
0.0000
0.0000
0.0000
0.0000
0.0000
0.0000
0.0000
0.0000
0.0000
784.1211
896.5953
852.7127
611.6080
934.8810
1209.1511
1327.9557
1120.9648
1618.9769
2167.9050
1223.9750
1025.8159
767.9493
724.6725
589.1513
568.4269
488.6545
457.0665
654.9754
1153.7028
615.5180
757.9740
717.8026
1326.3669
0.0000
0.0000
0.0000
0.0000
0.0000
0.0000
0.0000
0.0000
0.0000
0.0000
0.0000
0.0000
0.0000
0.0000
0.0000
0.0000
0.0000
0.0000
0.0000
0.0000
0.0000
0.0000
1451.5024
1431.7603
887.4154
710.5986
706.1502
1006.0118
1004.5930
1564.6609
1337.2566
1379.4541
1173.4270
863.0089
871.0858
736.6699
534.0128
629.5092
444.9861
790.2489
741.3556
761.7203
594.3567
532.8262
1023.8783
1105.5808
0.0000
0.0000
0.0000
0.0000
0.0000
0.0000
0.0000
0.0000
0.0000
0.0000
0.0000
0.0000
0.0000
0.0000
0.0000
0.0000
0.0000
0.0000
0.0000
0.0000
0.0000
0.0000
1899.1556
1409.2742
826.5371
906.7994
946.2689
1500.3820
1003.3878
1366.7435
1531.4073
792.4690
911.4169
703.3611
1347.4930
650.8744
732.4693
755.8423
664.4977
664.9542
772.8640
714.4453
892.0323
908.9991
1112.7028
1129.1118
0.0000
0.0000
0.0000
0.0000
0.0000
0.0000
0.0000
0.0000
0.0000
0.0000
0.0000
0.0000
0.0000
0.0000
0.0000
0.0000
0.0000
0.0000
0.0000
0.0000
0.0000
0.0000
1565.5200
1360.0355
1221.8477
907.3920
773.5930
1009.7474
1026.2372
1392.8875
1638.5548
1244.0260
1232.8929
1151.1044
1007.7108
895.6266
608.5233
671.9669
655.7023
814.5563
635.4861
744.6186
1064.7836
882.5280
1230.4738
1073.5869
0.0000
0.0000
0.0000
0.0000
0.0000
0.0000
0.0000
0.0000
0.0000
0.0000
0.0000
0.0000
0.0000
0.0000
0.0000
0.0000
0.0000
0.0000
0.0000
0.0000
0.0000
0.0000
1413.7654
1226.2131
1095.9943
1194.0548
925.5339
1106.5941
747.6967
1052.9542
1701.1189
1597.7286
1575.0708
1520.3878
881.1077
834.0415
699.2846
658.7189
742.1788
743.4539
881.5589
965.4660
1013.9189
942.5106
930.7330
1051.1072
0.0000
0.0000
0.0000
0.0000
0.0000
0.0000
0.0000
0.0000
0.0000
0.0000
0.0000
0.0000
0.0000
0.0000
0.0000
0.0000
0.0000
0.0000
0.0000
0.0000
0.0000
0.0000
1115.8647
1201.6334
1121.9453
1692.9250
1710.4167
1329.6901
1155.8329
1415.1896
1144.4426
1877.0065
1335.4169
1116.2067
840.2394
496.9125
602.2249
577.8455
782.8256
752.6283
783.2992
794.9546
735.2400
596.8506
1006.4126
818.7500
0.0000
0.0000
0.0000
0.0000
0.0000
0.0000
0.0000
0.0000
0.0000
0.0000
0.0000
0.0000
0.0000
0.0000
0.0000
0.0000
0.0000
0.0000
0.0000
0.0000
0.0000
0.0000
1541.0187
1283.2469
1816.7777
1463.0537
1484.9475
1171.3252
1382.6245
1396.6385
1636.6523
1492.9666
1107.1064
1004.8171
657.1571
569.0322
636.1492
635.2791
762.2233
816.2212
782.5031
896.8943
693.8128
756.3372
878.2346
671.8513
0.0000
0.0000
0.0000
0.0000
0.0000
0.0000
0.0000
0.0000
0.0000
0.0000
0.0000
0.0000
0.0000
0.0000
0.0000
0.0000
0.0000
0.0000
0.0000
0.0000
0.0000
0.0000
3043.7700
2004.6952
1551.4871
2479.0251
2280.9438
1034.7100
1342.7095
1569.0468
1325.2085
930.9594
1118.4825
830.4655
712.8860
614.3659
779.2164
781.0892
1054.7634
810.1431
919.2755
782.6513
704.5126
1017.8239
1249.4769
707.2153
0.0000
0.0000
0.0000
0.0000
0.0000
0.0000
0.0000
0.0000
0.0000
0.0000
0.0000
0.0000
0.0000
0.0000
0.0000
0.0000
0.0000
0.0000
0.0000
0.0000
0.0000
0.0000
2100.5559
2156.9814
1822.8650
2288.1318
2262.7998
1628.1447
1647.7533
1471.6543
1264.7809
1367.5935
736.1378
491.8849
737.3561
430.7042
683.6454
605.9432
971.5734
1405.2205
964.4773
919.3588
1154.4420
963.2744
860.4795
1209.2836
0.0000
0.0000
0.0000
0.0000
0.0000
0.0000
0.0000
0.0000
0.0000
0.0000
0.0000
0.0000
0.0000
0.0000
0.0000
0.0000
0.0000
0.0000
0.0000
0.0000
0.0000
0.0000
2286.2693
1888.5734
1723.6873
2430.2322
2707.2463
2238.0183
1733.9283
1838.7542
1563.4865
1605.2402
734.2896
410.2865
398.4128
476.3141
556.6942
669.0637
872.7571
1551.3230
1155.1000
1475.3885
991.8160
686.2979
1003.2903
1045.3042
0.0000
0.0000
0.0000
0.0000
0.0000
0.0000
0.0000
0.0000
0.0000
0.0000
0.0000
0.0000
0.0000
0.0000
0.0000
0.0000
0.0000
0.0000
0.0000
0.0000
0.0000
0.0000
3875.4570
2537.6052
2339.8992
4575.2388
3688.2759
2397.5774
1778.1512
1370.8167
1185.4004
1060.4352
719.9595
627.3875
581.4746
463.1678
587.2963
738.9149
1187.3027
1146.9789
1165.3365
1151.6871
1116.7679
720.9941
1051.3909
1017.4768
0.0000
0.0000
0.0000
0.0000
0.0000
0.0000
0.0000
0.0000
0.0000
0.0000
0.0000
0.0000
0.0000
0.0000
0.0000
0.0000
0.0000
0.0000
0.0000
0.0000
0.0000
0.0000
4237.4170
4060.5884
3362.1506
4914.7690
4078.9819
2187.6909
1778.5751
1032.3656
1229.2540
995.7092
936.9110
786.6701
675.3107
488.3846
496.9273
615.5828
869.2286
1429.0022
1408.0015
1477.5211
1139.5436
1004.9013
1378.0929
1271.5098
0.0000
0.0000
0.0000
0.0000
0.0000
0.0000
0.0000
0.0000
0.0000
0.0000
0.0000
0.0000
0.0000
0.0000
0.0000
0.0000
0.0000
0.0000
0.0000
0.0000
0.0000
0.0000
3697.0566
3495.6892
4548.0308
4914.7690
3903.5063
2969.4446
2112.7683
1433.2050
1257.1290
1181.7069
1077.9396
759.4659
770.8286
573.6583
392.5638
387.1394
585.5889
866.0842
1041.1993
1577.8820
1388.7599
1241.4171
1472.7483
1072.4694
0.0000
0.0000
0.0000
0.0000
0.0000
0.0000
0.0000
0.0000
0.0000
0.0000
0.0000
0.0000
0.0000
0.0000
0.0000
0.0000
0.0000
0.0000
0.0000
0.0000
0.0000
0.0000
4463.9644
4815.9468
4914.7690
4914.7690
4914.7690
3444.5320
2042.3778
1569.8549
1216.8209
1025.0437
1066.2231
798.3872
507.5245
699.9817
554.7867
632.0458
1096.0371
878.1205
698.8223
1112.8199
1129.8663
1403.2332
1679.3094
1083.2102
0.0000
0.0000
0.0000
0.0000
0.0000
0.0000
0.0000
0.0000
0.0000
0.0000
0.0000
0.0000
0.0000
0.0000
0.0000
0.0000
0.0000
0.0000
0.0000
0.0000
0.0000
0.0000
3777.2092
3929.1453
4914.7690
4105.5674
3286.9712
3405.5911
2271.9639
1319.4784
1075.7670
919.1251
845.2145
754.1361
563.5325
520.0556
655.6855
767.1890
609.7916
712.7880
684.9302
896.1465
1066.9338
1170.6456
1144.5624
1161.6937
0.0000
0.0000
0.0000
0.0000
0.0000
0.0000
0.0000
0.0000
0.0000
0.0000
0.0000
0.0000
0.0000
0.0000
0.0000
0.0000
0.0000
0.0000
0.0000
0.0000
0.0000
0.0000
2883.8728
3581.9231
4449.2056
3034.0068
3408.9441
2966.8306
2161.7119
1617.8351
1423.3188
770.0828
568.8814
651.5683
485.2625
551.6728
561.1637
489.4537
506.7700
533.8462
593.9247
692.2488
718.2187
980.5274
961.6406
880.3752
0.0000
0.0000
0.0000
0.0000
0.0000
0.0000
0.0000
0.0000
0.0000
0.0000
0.0000
0.0000
0.0000
0.0000
0.0000
0.0000
0.0000
0.0000
0.0000
0.0000
0.0000
0.0000
3034.9458
3774.9060
2973.6067
2594.9014
3373.2896
3030.0774
2289.0295
1984.9248
1605.4443
989.2966
681.3333
638.2851
530.7280
525.8622
620.6592
521.9675
679.0522
688.9891
602.7482
684.4915
567.0008
882.1557
1255.7996
776.3697
0.0000
0.0000
0.0000
0.0000
0.0000
0.0000
0.0000
0.0000
0.0000
0.0000
0.0000
0.0000
0.0000
0.0000
0.0000
0.0000
0.0000
0.0000
0.0000
0.0000
0.0000
0.0000
3222.3081
3387.1631
3636.9119
4914.7690
4238.3740
3353.2119
2736.9607
2394.5618
1507.7297
1013.5894
847.3569
670.4989
544.6848
532.9963
441.6827
730.8170
710.3695
690.7995
981.4476
647.2027
661.5706
863.0814
1322.3419
658.2413
0.0000
0.0000
0.0000
0.0000
0.0000
0.0000
0.0000
0.0000
0.0000
0.0000
0.0000
0.0000
0.0000
0.0000
0.0000
0.0000
0.0000
0.0000
0.0000
0.0000
0.0000
0.0000
3481.7383
3943.9778
4914.7690
4914.7690
3718.1357
2501.3020
1765.0225
2295.9756
1475.5081
1126.0192
1012.5885
684.6280
627.2893
697.0946
564.4999
460.0374
1135.3386
1024.8315
811.5291
826.1722
663.2251
1033.6436
1499.7708
1034.9406
0.0000
0.0000
0.0000
0.0000
0.0000
0.0000
0.0000
0.0000
0.0000
0.0000
0.0000
0.0000
0.0000
0.0000
0.0000
0.0000
0.0000
0.0000
0.0000
0.0000
0.0000
0.0000
3833.0483
4315.3149
4727.9517
4912.2412
4438.2319
2777.6758
2069.1094
1897.5332
1597.2778
1134.9060
717.5754
661.4113
986.8430
1045.8561
711.6609
787.2648
870.6160
1065.3500
890.2650
915.3369
938.1255
1232.3011
879.4230
1512.4434
0.0000
0.0000
0.0000
0.0000
0.0000
0.0000
0.0000
0.0000
0.0000
0.0000
0.0000
0.0000
0.0000
0.0000
0.0000
0.0000
0.0000
0.0000
0.0000
0.0000
0.0000
0.0000
2138.8450
3037.0867
3130.7986
3799.1245
4914.7690
2661.4399
2068.5154
1928.9982
1281.7737
1258.1947
698.8699
645.5001
1088.0272
1743.8104
1760.1656
1576.3851
946.1566
1075.1606
915.5979
934.7588
927.3440
1360.8575
1115.5428
900.0960
0.0000
0.0000
0.0000
0.0000
0.0000
0.0000
0.0000
0.0000
0.0000
0.0000
0.0000
0.0000
0.0000
0.0000
0.0000
0.0000
0.0000
0.0000
0.0000
0.0000
0.0000
0.0000
1851.2147
2152.7275
2677.2654
2804.0742
2965.7227
2767.2429
2326.8982
1616.9009
1344.3152
1332.9756
925.2349
987.1702
934.1459
983.8458
1222.8777
1477.6143
1053.8748
1134.1155
932.9324
1110.8229
1286.0020
1133.5873
811.9199
1105.2181
0.0000
0.0000
0.0000
0.0000
0.0000
0.0000
0.0000
0.0000
0.0000
0.0000
0.0000
0.0000
0.0000
0.0000
0.0000
0.0000
0.0000
0.0000
0.0000
0.0000
0.0000
0.0000
2199.2932
1702.7148
1798.2175
1952.2288
2345.5681
2630.3833
1748.3861
1568.7065
1188.6846
864.9737
1050.4686
878.1273
765.4997
824.3151
1022.8044
768.6171
907.0109
1296.5958
1276.8712
1217.1239
1038.3281
1127.0651
901.4477
1126.1305
0.0000
0.0000
0.0000
0.0000
0.0000
0.0000
0.0000
0.0000
0.0000
0.0000
0.0000
0.0000
0.0000
0.0000
0.0000
0.0000
0.0000
0.0000
0.0000
0.0000
0.0000
0.0000
2878.4019
1750.2123
2240.0654
2172.5378
2380.0967
2527.5537
1592.4978
1249.0988
1356.6750
1105.0490
1206.3744
1051.6202
654.3107
756.3690
530.9156
501.7209
622.7611
1078.4009
910.2645
870.1341
825.5228
544.5311
489.0683
711.7870
0.0000
0.0000
0.0000
0.0000
0.0000
0.0000
0.0000
0.0000
0.0000
0.0000
0.0000
0.0000
0.0000
0.0000
0.0000
0.0000
0.0000
0.0000
0.0000
0.0000
0.0000
0.0000
1418.2073
1667.9316
2421.5032
2218.2747
2779.3052
1872.8833
1546.3875
1411.0944
1337.6191
1079.9683
689.4078
960.2181
863.4652
867.2650
818.2144
657.1021
711.4843
826.1891
1175.8894
892.2363
578.5695
505.2076
602.2812
494.4171
0.0000
0.0000
0.0000
0.0000
0.0000
0.0000
0.0000
0.0000
0.0000
0.0000
0.0000
0.0000
0.0000
0.0000
0.0000
0.0000
0.0000
0.0000
0.0000
0.0000
0.0000
0.0000
706.8853
1176.4620
1864.7087
1588.8988
2007.4957
1556.1162
2076.8982
1694.2054
1539.8845
1206.6448
868.2496
865.2172
715.7032
857.0297
1012.0400
948.2534
583.1446
976.5312
909.9503
537.9917
540.1382
615.9499
652.1014
730.1967
0.0000
0.0000
0.0000
0.0000
0.0000
0.0000
0.0000
0.0000
0.0000
0.0000
0.0000
0.0000
0.0000
0.0000
0.0000
0.0000
0.0000
0.0000
0.0000
0.0000
0.0000
0.0000
723.4519
1377.2075
1374.1699
1449.6879
1780.8062
1681.9828
1753.2133
1949.7012
1698.3499
1346.0891
933.8488
1148.9919
864.6441
1444.8827
1710.7987
788.0646
659.7104
1067.5162
669.7546
596.5948
466.0268
442.5518
475.8133
486.9004
0.0000
0.0000
0.0000
0.0000
0.0000
0.0000
0.0000
0.0000
0.0000
0.0000
0.0000
0.0000
0.0000
0.0000
0.0000
0.0000
0.0000
0.0000
0.0000
0.0000
0.0000
0.0000
759.0569
864.6186
1352.9919
2130.8992
1781.7618
1405.6063
1406.9332
1342.9928
1414.6927
1784.4720
1832.0300
1336.8220
1181.2791
1427.5264
1960.0554
819.5930
453.8494
490.3944
434.0298
497.9648
314.1048
326.5083
377.7099
445.0523
0.0000
0.0000
0.0000
0.0000
0.0000
0.0000
0.0000
0.0000
0.0000
0.0000
0.0000
0.0000
0.0000
0.0000
0.0000
0.0000
0.0000
0.0000
0.0000
0.0000
0.0000
0.0000
969.1210
1139.3503
1304.6040
1112.1923
1265.1481
1263.4958
1205.0215
997.3837
1471.6793
2115.2273
2132.7246
1921.6266
1178.6897
1708.4034
1303.0007
937.7712
773.5983
421.7449
518.1088
549.4903
469.2946
505.6301
377.7829
557.5794
0.0000
0.0000
0.0000
0.0000
0.0000
0.0000
0.0000
0.0000
0.0000
0.0000
0.0000
0.0000
0.0000
0.0000
0.0000
0.0000
0.0000
0.0000
0.0000
0.0000
0.0000
0.0000
1277.1667
1289.9448
831.2874
1046.7195
710.6119
853.8438
1058.1261
2149.2019
2392.4944
2506.6028
2790.9944
2527.0408
2027.7559
1555.2087
1566.0850
888.3920
792.2341
641.8289
675.7564
629.8505
527.4129
553.9122
594.6684
534.0163
455.1552
0.0000
0.0000
0.0000
0.0000
0.0000
0.0000
0.0000
0.0000
0.0000
0.0000
0.0000
0.0000
0.0000
0.0000
0.0000
0.0000
0.0000
0.0000
0.0000
0.0000
0.0000
1257.1521
1547.8682
1182.8867
1187.9968
763.6096
1454.2745
1904.7042
1600.4854
1676.8833
1694.9381
2232.8401
3063.4939
2020.1582
1205.5913
1421.3726
1304.6775
843.5096
530.5775
641.3896
974.4370
927.2670
509.1776
577.1458
580.5243
581.4858
0.0000
0.0000
0.0000
0.0000
0.0000
0.0000
0.0000
0.0000
0.0000
0.0000
0.0000
0.0000
0.0000
0.0000
0.0000
0.0000
0.0000
0.0000
0.0000
0.0000
0.0000
1128.2845
1304.3607
1234.8156
1127.8123
837.8647
819.6922
1143.0454
1362.8239
1552.6750
1848.7335
1352.5426
1837.2554
1192.0206
1483.6353
2107.1323
1494.0250
1121.3733
686.1843
639.8539
595.7211
594.4509
537.0118
510.2988
596.6456
690.1255
1025.4786
0.0000
0.0000
0.0000
0.0000
0.0000
0.0000
0.0000
0.0000
0.0000
0.0000
0.0000
0.0000
0.0000
0.0000
0.0000
0.0000
0.0000
0.0000
0.0000
0.0000
645.8680
677.2936
1256.1788
970.8121
1025.7518
1021.9329
783.6469
943.9124
1075.6152
1822.2688
1771.8879
1580.4467
1433.2635
1257.7581
2005.8107
1724.2489
1309.8918
994.3173
666.9725
312.9730
372.9991
341.6934
411.1558
856.1116
1290.3402
660.3898
840.7637
0.0000
0.0000
0.0000
0.0000
0.0000
0.0000
0.0000
0.0000
0.0000
0.0000
0.0000
0.0000
0.0000
0.0000
0.0000
0.0000
0.0000
0.0000
0.0000
791.3015
633.0604
994.8439
940.8928
852.0546
649.8212
844.5637
966.8454
769.5096
1151.8966
1926.0928
1880.3220
1567.8363
1227.4312
1410.4552
1147.3206
1090.3394
697.1132
606.8958
703.7519
499.7121
456.6376
652.9548
774.4576
847.8718
683.2050
828.7278
778.2890
0.0000
0.0000
0.0000
0.0000
0.0000
0.0000
0.0000
0.0000
0.0000
0.0000
0.0000
0.0000
0.0000
0.0000
0.0000
0.0000
0.0000
0.0000
492.7101
631.5460
902.5124
860.1660
1224.0294
1144.0167
827.0071
798.7420
1166.2089
897.6971
1556.1906
1450.4803
2129.4106
2807.5483
1871.6880
1084.5364
807.2740
910.3124
784.1466
680.8356
376.1925
494.9322
553.8249
753.3368
834.6271
523.6609
964.8135
739.6749
0.0000
0.0000
0.0000
0.0000
0.0000
0.0000
0.0000
0.0000
0.0000
0.0000
0.0000
0.0000
0.0000
0.0000
0.0000
0.0000
0.0000
0.0000
329.4576
444.1619
736.1948
937.3536
973.9670
1113.8492
650.1189
722.5383
983.7327
1298.4049
1110.4240
1130.5482
1603.7614
2023.4208
1564.6587
931.1740
841.8723
802.1490
646.7930
621.0676
438.4918
472.7457
549.5089
608.2648
823.5413
884.9549
1106.5391
1080.7880
568.7882
0.0000
0.0000
0.0000
0.0000
0.0000
0.0000
0.0000
0.0000
0.0000
0.0000
0.0000
0.0000
0.0000
0.0000
0.0000
0.0000
0.0000
536.3652
525.2245
672.3690
708.2407
823.0286
825.1118
819.7618
852.6388
840.3782
1128.1006
1060.1655
1384.2924
1255.5430
1582.9204
1002.1234
707.3363
667.8190
724.7167
552.6845
377.0114
490.1234
624.6221
741.0928
715.2900
1172.9468
914.3173
800.9177
985.3727
816.7769
0.0000
0.0000
0.0000
0.0000
0.0000
0.0000
0.0000
0.0000
0.0000
0.0000
0.0000
0.0000
0.0000
0.0000
0.0000
0.0000
0.0000
428.9039
684.9705
465.4062
659.8232
750.2108
815.9459
693.6119
836.4162
865.1525
1036.4644
1015.1380
1289.2234
1376.0905
1793.0449
1125.6993
868.0477
792.4910
736.1516
635.7460
614.3622
424.2798
723.9942
905.6874
801.0281
959.5398
1279.4216
1238.2207
1323.9250
1105.5013
1015.0454
0.0000
0.0000
0.0000
0.0000
0.0000
0.0000
0.0000
0.0000
0.0000
0.0000
0.0000
0.0000
0.0000
0.0000
0.0000
0.0000
636.9026
669.8545
507.1439
551.5581
626.0233
729.1324
836.0706
674.1758
707.9504
1110.1544
1379.9034
1419.5892
1485.4576
1950.2144
1618.1885
1140.5258
1066.3077
850.9202
821.6855
713.9315
766.8971
747.7245
921.9333
758.2819
1216.9790
1232.9707
1662.7755
1468.0934
998.5353
1420.4365
820.2455
0.0000
0.0000
0.0000
0.0000
0.0000
0.0000
0.0000
0.0000
0.0000
0.0000
0.0000
0.0000
0.0000
0.0000
0.0000
672.9319
507.5677
474.8519
820.0333
762.8930
749.8199
951.3898
708.4592
718.8226
948.0524
1148.2465
1562.5273
1672.0341
2188.9375
1400.4979
1087.1210
1362.7834
1222.8391
927.4572
848.5300
775.9361
819.8256
1059.3438
1200.8488
1262.1595
1132.1584
1456.9652
1556.6373
1346.1337
1116.6720
1220.8356
1269.6244
0.0000
0.0000
0.0000
0.0000
0.0000
0.0000
0.0000
0.0000
0.0000
0.0000
0.0000
0.0000
0.0000
0.0000
635.9773
517.2568
576.9596
858.7541
1158.0062
997.8840
871.8717
672.7605
912.4800
943.0008
1733.9038
2234.3237
2579.7659
2002.2201
1286.4342
919.9767
1572.7661
1017.5035
911.4438
1350.2007
1297.0974
1621.4581
1208.6125
1284.2805
1347.8477
1583.1305
1297.0656
1088.2856
1356.6028
1499.6128
1574.1665
1356.1674
1725.6708
0.0000
0.0000
0.0000
0.0000
0.0000
0.0000
0.0000
0.0000
0.0000
0.0000
0.0000
0.0000
0.0000
650.1276
699.6532
905.4623
1050.6569
825.9319
1082.9418
724.9478
765.2501
1395.3103
1224.6061
1607.6755
2048.9795
2219.8162
1955.6851
1717.1433
1048.7238
923.2607
982.8403
1067.3323
1320.0690
1637.7458
1907.1177
1386.4121
1195.6310
1034.7826
1394.5240
912.0422
745.0640
1140.6616
1089.4641
1528.1478
1402.6740
1705.0297
0.0000
0.0000
0.0000
0.0000
0.0000
0.0000
0.0000
0.0000
0.0000
0.0000
0.0000
0.0000
0.0000
943.4043
924.6165
1046.1338
968.8990
1541.4746
1480.8639
1278.3861
833.8871
1270.4583
1213.1610
1640.4996
1854.1176
2062.5974
2071.7346
1931.4446
1367.3412
1136.1135
799.4884
829.7462
1329.9073
1571.7286
1251.2184
989.4240
944.4679
697.7590
858.1998
663.3055
662.8676
745.2895
963.6653
945.1943
1165.6804
1883.1423
1202.7236
0.0000
0.0000
0.0000
0.0000
0.0000
0.0000
0.0000
0.0000
0.0000
0.0000
0.0000
0.0000
943.0891
1258.5560
1163.0625
1101.7836
1595.4998
1142.1825
1280.8695
1046.4092
1665.0688
1915.7598
1657.9091
2253.7688
1631.4623
1657.3759
1263.9668
917.0225
477.2952
402.4443
577.9893
687.2262
829.4053
1233.1639
607.5101
652.2590
929.0355
686.0868
525.2557
518.2641
591.4398
754.9514
738.7124
1165.9294
1418.6765
1221.4512
613.5975
0.0000
0.0000
0.0000
0.0000
0.0000
0.0000
0.0000
0.0000
0.0000
0.0000
0.0000
1697.5225
1614.7123
1096.6945
1203.7875
1208.6075
1293.1582
2088.4807
1797.7673
1824.5511
1200.2593
1444.1646
1634.1649
946.6402
1409.7352
799.3362
683.2014
493.6825
483.2075
620.8284
446.2743
353.4014
482.9641
535.0647
422.8240
521.5150
531.2727
287.0934
529.5948
617.8702
533.6672
653.8660
828.6176
998.1863
826.9788
322.9827
368.8187
0.0000
0.0000
0.0000
0.0000
0.0000
0.0000
0.0000
0.0000
0.0000
0.0000
1105.4434
1419.9698
1091.3580
974.2076
1976.1206
1875.9598
2397.1519
2494.3916
2119.2490
1880.2263
1562.5613
1611.3545
932.1088
1032.0763
603.7496
608.7806
648.5991
540.0239
667.9218
337.2263
401.5872
377.2067
396.4456
347.6995
456.7892
316.0746
376.2654
339.8558
459.4740
462.4684
463.1712
495.9682
684.1854
462.1310
297.8575
216.1128
0.0000
0.0000
0.0000
0.0000
0.0000
0.0000
0.0000
0.0000
0.0000
0.0000
1343.7727
1391.4657
1078.3481
1424.6796
1465.4648
3603.1179
2608.5515
2479.4077
2004.0093
1853.2321
1322.5447
1200.5280
670.4675
669.1144
550.1559
545.6178
706.6957
641.4290
700.9517
407.5840
406.2654
490.2579
335.6854
354.8257
294.6205
408.1394
336.8376
321.3040
390.3621
461.1963
532.4237
539.7249
392.3267
646.7427
437.3075
380.7494
0.0000
0.0000
0.0000
0.0000
0.0000
0.0000
0.0000
0.0000
0.0000
0.0000
1209.0299
1125.0487
947.9911
1361.9623
1559.7028
2621.3894
2585.3196
2365.2488
1961.8948
1223.8507
1257.5531
993.7308
691.8857
1047.7526
635.5333
666.0673
845.1747
877.3355
619.5002
491.4677
277.6374
306.0715
269.0307
208.9844
405.4115
455.6461
449.5246
267.5110
325.5869
314.9649
483.1656
366.0522
360.5956
571.1697
369.8719
446.4333
0.0000
0.0000
0.0000
0.0000
0.0000
0.0000
0.0000
0.0000
0.0000
0.0000
1413.4124
1468.3008
1287.1798
1213.4880
1487.8820
2277.3274
3188.0996
2542.4324
1676.4821
1791.3062
1397.9457
1108.7715
856.8196
988.8760
956.6688
1194.0953
743.6482
558.9761
501.6433
314.5092
285.3166
258.0267
178.9293
232.2385
240.9672
412.4882
555.7510
326.8924
393.0307
342.6188
270.7308
295.6819
368.3056
475.7662
612.1380
489.2520
0.0000
0.0000
0.0000
0.0000
0.0000
0.0000
0.0000
0.0000
0.0000
0.0000
1225.2217
1279.5680
1107.0472
1140.7817
1681.4451
2673.7148
3122.8911
1728.3347
1803.8909
1705.6125
1239.5103
1226.9044
889.1407
962.1000
0.0000
0.0000
588.5401
422.5072
446.0643
223.2926
177.2564
160.7865
99.0518
91.3466
181.1420
330.2283
426.6758
433.7385
423.1601
554.9816
444.5824
473.6310
339.0097
590.7889
411.9216
518.9933
0.0000
0.0000
0.0000
0.0000
0.0000
0.0000
0.0000
0.0000
0.0000
0.0000
1118.9670
981.3867
837.2333
986.8878
1765.8204
2679.2515
2377.1873
1407.8182
1530.2307
1444.9645
1358.8538
922.8633
908.2038
732.0495
0.0000
0.0000
0.0000
0.0000
0.0000
0.0000
0.0000
0.0000
0.0000
0.0000
132.3139
164.4048
236.5628
362.6956
418.0573
531.5289
623.4693
477.7662
738.9883
435.7880
306.7181
389.3478
0.0000
0.0000
0.0000
0.0000
0.0000
0.0000
0.0000
0.0000
0.0000
0.0000
2485.6655
1816.7205
1350.3615
1695.6118
1562.4991
2204.8850
1779.1034
2021.3717
1229.5903
947.6450
937.0717
682.1857
557.2073
529.9060
0.0000
0.0000
0.0000
0.0000
0.0000
0.0000
0.0000
0.0000
0.0000
0.0000
104.8467
98.6996
191.5677
346.1668
363.6516
451.0145
655.7293
476.2423
636.1921
941.7512
588.3745
528.6451
0.0000
0.0000
0.0000
0.0000
0.0000
0.0000
0.0000
0.0000
0.0000
0.0000
2414.6316
2120.6770
1498.2552
2516.9280
2182.8008
1731.3096
1612.1534
1471.7368
928.9512
628.2052
511.5204
420.9331
338.1948
447.7063
0.0000
0.0000
0.0000
0.0000
0.0000
0.0000
0.0000
0.0000
0.0000
0.0000
140.5525
139.3107
140.5390
303.6558
315.1888
496.3449
492.4067
375.0494
628.9710
689.2968
718.6536
693.1978
0.0000
0.0000
0.0000
0.0000
0.0000
0.0000
0.0000
0.0000
0.0000
0.0000
2357.4929
1572.6415
2269.4390
2120.1917
1579.4049
1627.3778
2023.7069
2010.3912
1135.1036
697.8727
553.4249
473.5385
341.9855
277.5999
0.0000
0.0000
0.0000
0.0000
0.0000
0.0000
0.0000
0.0000
0.0000
0.0000
157.1409
190.6156
162.7307
168.6527
295.1416
309.5357
478.1609
535.4489
449.0339
634.5929
803.7385
1250.6237
0.0000
0.0000
0.0000
0.0000
0.0000
0.0000
0.0000
0.0000
0.0000
0.0000
2606.3157
1690.8085
2070.6650
1591.4028
1566.5771
1514.3406
1521.3669
1751.3994
1409.9388
1120.1962
744.6319
360.4284
420.9632
344.6919
0.0000
0.0000
0.0000
0.0000
0.0000
0.0000
0.0000
0.0000
0.0000
0.0000
144.9185
138.5287
151.6596
259.7915
167.3792
160.5637
228.8086
438.4874
483.3845
649.1566
921.2723
1072.0900
0.0000
0.0000
0.0000
0.0000
0.0000
0.0000
0.0000
0.0000
0.0000
0.0000
3820.1528
2505.4175
2798.4875
1569.5283
1503.4910
1799.9391
1773.9521
1465.8217
1369.4758
1965.3903
801.1786
759.5146
472.3207
282.0210
0.0000
0.0000
0.0000
0.0000
0.0000
0.0000
0.0000
0.0000
0.0000
0.0000
111.2035
115.3417
132.4874
237.6851
224.7513
157.6796
222.5133
321.5557
329.9123
450.8086
634.4125
1002.0209
0.0000
0.0000
0.0000
0.0000
0.0000
0.0000
0.0000
0.0000
0.0000
0.0000
3733.9910
3438.6980
2218.7002
2031.3387
1835.5385
1631.8973
1470.5455
1476.3608
1729.2939
1382.7942
814.9006
774.9821
500.8563
327.3482
0.0000
0.0000
0.0000
0.0000
0.0000
0.0000
0.0000
0.0000
0.0000
0.0000
83.7040
112.3036
112.2440
202.5627
169.6574
170.4922
228.5206
212.9330
278.7341
442.1053
651.7154
795.1944
0.0000
0.0000
0.0000
0.0000
0.0000
0.0000
0.0000
0.0000
0.0000
0.0000
1736.7854
2119.9299
2430.2976
2127.3267
1968.5876
1632.3768
1205.5435
838.7540
1206.8831
1245.5444
744.9835
928.4823
535.9070
274.6964
0.0000
0.0000
0.0000
0.0000
0.0000
0.0000
0.0000
0.0000
0.0000
0.0000
101.0033
77.2399
128.4905
215.1143
212.3804
220.7488
229.6876
253.2825
230.3937
390.3807
640.9821
671.0223
0.0000
0.0000
0.0000
0.0000
0.0000
0.0000
0.0000
0.0000
0.0000
0.0000
1608.8604
1868.3314
1694.1451
2375.8735
1463.1154
1263.1722
959.3469
913.9510
930.3340
1200.3424
936.3511
682.2515
486.2917
346.5841
0.0000
0.0000
0.0000
0.0000
0.0000
0.0000
0.0000
0.0000
0.0000
0.0000
137.1625
79.5839
130.6954
161.5143
164.0216
191.9382
312.4526
432.0164
354.3433
434.7576
811.7358
858.7581
0.0000
0.0000
0.0000
0.0000
0.0000
0.0000
0.0000
0.0000
0.0000
0.0000
1096.6990
1554.9189
1552.0400
1735.9868
1604.0725
880.5778
773.8120
767.3063
1120.9622
1087.6123
1248.3262
819.0584
514.4368
482.3930
0.0000
0.0000
0.0000
0.0000
0.0000
0.0000
0.0000
0.0000
0.0000
0.0000
123.1456
121.4097
136.3210
138.3873
122.9722
168.9759
263.8574
471.0183
724.0842
579.4583
694.3436
801.6790
0.0000
0.0000
0.0000
0.0000
0.0000
0.0000
0.0000
0.0000
0.0000
0.0000
1382.8521
1241.0396
1035.8804
1227.7000
1040.7786
754.8099
685.5644
975.2212
1157.9974
1068.1998
1102.6711
783.1649
719.2029
546.0496
0.0000
0.0000
0.0000
0.0000
0.0000
0.0000
0.0000
0.0000
0.0000
0.0000
118.3997
88.3459
89.7903
75.0649
138.0103
282.3420
389.3711
637.3674
985.3864
606.8030
461.1003
460.8880
0.0000
0.0000
0.0000
0.0000
0.0000
0.0000
0.0000
0.0000
0.0000
0.0000
1571.0735
1422.6033
924.5809
809.1966
838.9360
972.1044
924.6646
910.7138
1013.6811
739.2797
1110.2500
743.6614
648.5404
588.3130
0.0000
0.0000
0.0000
0.0000
0.0000
0.0000
0.0000
0.0000
0.0000
0.0000
179.9650
132.8551
102.3601
88.7789
162.5408
218.5433
395.6365
580.5176
1107.9062
667.7718
500.4690
441.7699
0.0000
0.0000
0.0000
0.0000
0.0000
0.0000
0.0000
0.0000
0.0000
0.0000
1957.8278
989.8555
1225.5724
1074.2155
1391.2794
1142.4794
1050.2626
674.8766
598.6390
629.9396
649.7697
433.1345
633.5048
314.4377
0.0000
0.0000
0.0000
0.0000
0.0000
0.0000
0.0000
0.0000
0.0000
0.0000
166.5080
229.6766
172.1826
186.2419
205.8412
367.5022
541.7880
519.7161
793.7217
737.6956
559.1481
562.9825
0.0000
0.0000
0.0000
0.0000
0.0000
0.0000
0.0000
0.0000
0.0000
0.0000
1910.0927
1199.4324
1077.2947
997.5768
1070.9268
1041.4711
1041.6283
732.4455
657.9006
713.0291
445.8145
535.2890
536.6405
372.6124
0.0000
0.0000
0.0000
0.0000
0.0000
0.0000
0.0000
0.0000
0.0000
0.0000
156.4550
222.7778
205.2868
200.8483
204.8496
341.2639
658.0350
517.8492
641.0389
588.4855
659.8886
618.0790
0.0000
0.0000
0.0000
0.0000
0.0000
0.0000
0.0000
0.0000
0.0000
0.0000
1317.0715
1068.0128
729.2097
726.7996
1208.0504
1003.2463
885.7795
911.8160
1185.9280
855.9516
700.3931
428.3160
386.3192
475.2932
0.0000
0.0000
0.0000
0.0000
0.0000
0.0000
0.0000
0.0000
0.0000
0.0000
204.1112
278.5211
186.4786
219.7368
231.8109
380.7412
358.9373
504.7326
644.0499
816.4478
529.4788
439.9867
0.0000
0.0000
0.0000
0.0000
0.0000
0.0000
0.0000
0.0000
0.0000
0.0000
1347.2079
1169.3417
848.7130
899.0356
1203.6165
1276.2961
1140.6180
1111.2389
1180.1447
898.6725
606.1525
560.0331
337.7378
547.3750
0.0000
0.0000
0.0000
0.0000
0.0000
0.0000
0.0000
0.0000
0.0000
0.0000
239.1949
243.1282
259.1259
305.1178
272.7464
334.3926
556.7811
572.4202
679.0446
418.1688
541.0954
340.4280
0.0000
0.0000
0.0000
0.0000
0.0000
0.0000
0.0000
0.0000
0.0000
0.0000
1768.7274
1128.7317
1151.2794
1211.8770
1130.2909
1324.3455
1279.5988
1064.0027
1195.3019
922.5164
606.0829
538.4695
524.4540
670.6687
0.0000
0.0000
0.0000
0.0000
0.0000
0.0000
0.0000
0.0000
0.0000
0.0000
226.6200
285.5167
257.8442
329.5312
304.1678
340.0985
356.1919
503.7167
489.1631
350.9727
454.6788
603.8472
0.0000
0.0000
0.0000
0.0000
0.0000
0.0000
0.0000
0.0000
0.0000
0.0000
1840.3896
1129.3859
1536.2286
1141.6451
1200.3990
1424.7871
1458.1222
1351.6797
1240.9031
934.3530
444.6541
375.4463
624.4213
765.8834
0.0000
0.0000
0.0000
0.0000
0.0000
0.0000
0.0000
0.0000
0.0000
0.0000
209.0812
240.6562
258.6660
263.2189
223.6439
278.5485
275.3275
303.5378
464.0856
535.4418
518.2914
774.5884
0.0000
0.0000
0.0000
0.0000
0.0000
0.0000
0.0000
0.0000
0.0000
0.0000
0.0000
2669.3137
2084.7688
2083.3352
1463.6740
1040.2494
1255.7739
1174.4167
1264.4089
1027.3278
571.5156
471.4640
851.6186
773.7161
0.0000
0.0000
0.0000
0.0000
0.0000
0.0000
0.0000
0.0000
0.0000
0.0000
291.6385
263.1918
272.6632
155.5892
169.7991
188.4017
190.7113
298.1086
517.1994
497.8830
391.1938
865.9849
0.0000
0.0000
0.0000
0.0000
0.0000
0.0000
0.0000
0.0000
0.0000
0.0000
0.0000
1762.9935
2909.9114
1764.9238
998.3220
1483.4578
1204.1783
795.2210
948.4724
754.5867
765.5649
0.0000
0.0000
929.1777
0.0000
0.0000
0.0000
0.0000
0.0000
0.0000
0.0000
0.0000
0.0000
0.0000
329.9256
257.1127
291.8169
151.2988
145.6802
148.0323
132.6595
229.2414
267.9344
421.6351
507.7698
599.4062
0.0000
0.0000
0.0000
0.0000
0.0000
0.0000
0.0000
0.0000
0.0000
0.0000
0.0000
0.0000
2435.0676
2035.2288
1360.5553
1348.1548
789.6730
1118.5813
683.1495
613.4189
595.1601
0.0000
0.0000
0.0000
0.0000
0.0000
0.0000
0.0000
0.0000
0.0000
0.0000
0.0000
0.0000
0.0000
304.8206
283.1576
179.2275
162.0416
165.7343
131.6889
159.0900
211.4748
203.2693
260.6733
425.8175
474.4909
0.0000
0.0000
0.0000
0.0000
0.0000
0.0000
0.0000
0.0000
0.0000
0.0000
0.0000
0.0000
0.0000
1701.9064
998.7166
847.8746
799.1844
705.4131
734.4127
930.6816
573.2493
0.0000
0.0000
0.0000
0.0000
0.0000
0.0000
0.0000
0.0000
0.0000
0.0000
0.0000
0.0000
0.0000
251.7733
286.8603
177.2201
283.6835
179.8895
178.4718
191.7508
146.6165
153.1200
189.2892
146.9038
214.6237
0.0000
0.0000
0.0000
0.0000
0.0000
0.0000
0.0000
0.0000
0.0000
0.0000
0.0000
0.0000
0.0000
0.0000
1012.9164
726.9424
746.0943
738.6448
1113.3156
1064.0063
858.3059
0.0000
0.0000
0.0000
0.0000
0.0000
0.0000
0.0000
0.0000
0.0000
0.0000
0.0000
0.0000
0.0000
309.6035
247.4587
269.0389
264.5526
219.8338
261.6221
186.9000
177.7651
159.6600
171.8385
107.7511
131.4400
0.0000
0.0000
0.0000
0.0000
0.0000
0.0000
0.0000
0.0000
0.0000
0.0000
0.0000
0.0000
0.0000
0.0000
982.6016
737.4890
971.7350
927.0482
1276.7087
1156.0629
696.9007
0.0000
0.0000
0.0000
0.0000
0.0000
0.0000
0.0000
0.0000
0.0000
0.0000
0.0000
0.0000
0.0000
268.5745
141.2454
222.7104
196.8254
239.3408
215.6806
212.3858
119.0003
102.6923
121.7648
133.1643
138.2912
0.0000
0.0000
0.0000
0.0000
0.0000
0.0000
0.0000
0.0000
0.0000
0.0000
0.0000
0.0000
0.0000
0.0000
0.0000
0.0000
662.6038
756.5836
1132.2592
824.0983
802.4326
0.0000
0.0000
0.0000
0.0000
0.0000
0.0000
0.0000
0.0000
0.0000
0.0000
0.0000
0.0000
0.0000
0.0000
193.9222
243.9167
146.0785
188.8984
170.1094
103.9613
99.1244
100.4831
70.0583
154.2793
174.1553
0.0000
0.0000
0.0000
0.0000
0.0000
0.0000
0.0000
0.0000
0.0000
0.0000
0.0000
0.0000
0.0000
0.0000
0.0000
0.0000
845.5368
762.3531
870.8708
758.9763
558.8163
0.0000
0.0000
0.0000
0.0000
0.0000
0.0000
0.0000
0.0000
0.0000
0.0000
0.0000
0.0000
0.0000
0.0000
0.0000
0.0000
114.8925
138.6257
93.7467
81.0917
84.3465
73.3286
65.5411
143.0710
129.7642
0.0000
0.0000
0.0000
0.0000
0.0000
0.0000
0.0000
0.0000
0.0000
0.0000
0.0000
0.0000
0.0000
0.0000
0.0000
0.0000
0.0000
1028.4077
629.0805
511.6235
460.6171
0.0000
0.0000
0.0000
0.0000
0.0000
0.0000
0.0000
0.0000
0.0000
0.0000
0.0000
0.0000
0.0000
0.0000
0.0000
0.0000
0.0000
124.7696
80.6859
116.5473
62.8817
50.2975
84.0908
104.1645
94.5356
0.0000
0.0000
0.0000
0.0000
0.0000
0.0000
0.0000
0.0000
0.0000
0.0000
0.0000
0.0000
0.0000
0.0000
0.0000
0.0000
0.0000
0.0000
743.6650
549.3372
477.9215
0.0000
0.0000
0.0000
0.0000
0.0000
0.0000
0.0000
0.0000
0.0000
0.0000
0.0000
0.0000
0.0000
0.0000
0.0000
0.0000
0.0000
0.0000
82.0422
128.2369
76.7967
63.7457
86.0737
96.7618
70.8333
0.0000
0.0000
0.0000
0.0000
0.0000
0.0000
0.0000
0.0000
0.0000
0.0000
0.0000
0.0000
0.0000
0.0000
0.0000
0.0000
0.0000
0.0000
702.8860
734.2510
735.5332
0.0000
0.0000
0.0000
0.0000
0.0000
0.0000
0.0000
0.0000
0.0000
0.0000
0.0000
0.0000
0.0000
0.0000
0.0000
0.0000
0.0000
0.0000
0.0000
130.9045
74.3989
61.6064
61.5194
58.9549
86.4632
0.0000
0.0000
0.0000
0.0000
0.0000
0.0000
0.0000
0.0000
0.0000
0.0000
0.0000
0.0000
0.0000
0.0000
0.0000
0.0000
0.0000
0.0000
0.0000
828.3958
709.3121
0.0000
0.0000
0.0000
0.0000
0.0000
0.0000
0.0000
0.0000
0.0000
0.0000
0.0000
0.0000
0.0000
0.0000
0.0000
0.0000
0.0000
0.0000
0.0000
0.0000
0.0000
93.1641
69.1899
55.9402
64.4906
0.0000
0.0000
0.0000
0.0000
0.0000
0.0000
0.0000
0.0000
0.0000
0.0000
0.0000
0.0000
0.0000
0.0000
0.0000
0.0000
0.0000
0.0000
0.0000
0.0000
0.0000
0.0000
0.0000
0.0000
0.0000
0.0000
0.0000
0.0000
0.0000
0.0000
0.0000
0.0000
0.0000
0.0000
0.0000
0.0000
0.0000
0.0000
0.0000
0.0000
0.0000
0.0000
0.0000
66.0972
57.2290
77.6953
0.0000
0.0000
0.0000
0.0000
0.0000
0.0000
0.0000
0.0000
0.0000
0.0000
0.0000
0.0000
0.0000
0.0000
0.0000
0.0000
0.0000
0.0000
0.0000
0.0000
0.0000
0.0000
0.0000
0.0000
0.0000
0.0000
0.0000
0.0000
0.0000
0.0000
0.0000
0.0000
0.0000
0.0000
0.0000
0.0000
0.0000
0.0000
0.0000
0.0000
0.0000
0.0000
0.0000
78.2314
45.8313
89.1821
0.0000
0.0000
0.0000
0.0000
0.0000
0.0000
0.0000
0.0000
0.0000
0.0000
0.0000
0.0000
0.0000
0.0000
0.0000
0.0000
0.0000
0.0000
0.0000
0.0000
0.0000
0.0000
0.0000
0.0000
0.0000
0.0000
0.0000
0.0000
0.0000
0.0000
0.0000
0.0000
0.0000
0.0000
0.0000
0.0000
0.0000
0.0000
0.0000
0.0000
0.0000
0.0000
0.0000
0.0000
0.0000
0.0000
0.0000
0.0000
0.0000
0.0000
0.0000
0.0000
0.0000
0.0000
0.0000
0.0000
0.0000
0.0000
0.0000
0.0000
0.0000
0.0000
0.0000
0.0000
0.0000
0.0000
0.0000
0.0000
0.0000
0.0000
0.0000
0.0000
0.0000
0.0000
0.0000
0.0000
0.0000
0.0000
0.0000
0.0000
0.0000
0.0000
0.0000
0.0000
0.0000
0.0000
0.0000
0.0000
0.0000
0.0000
0.0000
0.0000
0.0000
0.0000
0.0000
0.0000
0.0000
0.0000
0.0000
0.0000
0.0000
0.0000
0.0000
0.0000
0.0000
0.0000
0.0000
0.0000
0.0000
0.0000
0.0000
0.0000
0.0000
0.0000
0.0000
0.0000
0.0000
0.0000
0.0000
0.0000
0.0000
0.0000
0.0000
0.0000
0.0000
0.0000
0.0000
0.0000
0.0000
0.0000
0.0000
0.0000
0.0000
0.0000
0.0000
0.0000
0.0000
0.0000
0.0000
0.0000
0.0000
0.0000
0.0000
0.0000
0.0000
0.0000
0.0000
0.0000
0.0000
0.0000
0.0000
0.0000
0.0000
0.0000
0.0000
0.0000
0.0000
0.0000
0.0000
0.0000
0.0000
0.0000
0.0000
0.0000
0.0000
0.0000
0.0000
0.0000
0.0000
0.0000
0.0000
0.0000
0.0000
0.0000
0.0000
0.0000
0.0000
0.0000
0.0000
0.0000
0.0000
0.0000
0.0000
0.0000
0.0000
0.0000
0.0000
0.0000
0.0000
0.0000
0.0000
0.0000
0.0000
0.0000
0.0000
0.0000
0.0000
0.0000
0.0000
0.0000
0.0000
0.0000
0.0000
0.0000
0.0000
0.0000
0.0000
0.0000
0.0000
0.0000
0.0000
0.0000
0.0000
0.0000
0.0000
0.0000
0.0000
0.0000
0.0000
0.0000
0.0000
0.0000
0.0000
0.0000
0.0000
0.0000
0.0000
0.0000
0.0000
0.0000
0.0000
0.0000
0.0000
0.0000
0.0000
0.0000
0.0000
0.0000
0.0000
0.0000
0.0000
0.0000
0.0000
0.0000
0.0000
0.0000
0.0000
0.0000
0.0000
0.0000
0.0000
0.0000
0.0000
0.0000
0.0000
0.0000
0.0000
0.0000
0.0000
0.0000
0.0000
0.0000
0.0000
0.0000
0.0000
0.0000
0.0000
0.0000
0.0000
0.0000
0.0000
0.0000
0.0000
0.0000
0.0000
0.0000
0.0000
0.0000
0.0000
0.0000
0.0000
0.0000
0.0000
0.0000
0.0000
0.0000
0.0000
0.0000
0.0000
0.0000
0.0000
0.0000
0.0000
0.0000
0.0000
0.0000
0.0000
0.0000
0.0000
0.0000
0.0000
0.0000
0.0000
0.0000
0.0000
0.0000
0.0000
0.0000
0.0000
0.0000
0.0000
0.0000
0.0000
0.0000
0.0000
0.0000
0.0000
0.0000
0.0000
0.0000
0.0000
0.0000
0.0000
0.0000
0.0000
0.0000
0.0000
0.0000
0.0000
0.0000
0.0000
0.0000
0.0000
0.0000
0.0000
0.0000
0.0000
0.0000
0.0000
0.0000
0.0000
0.0000
0.0000
0.0000
0.0000
0.0000
0.0000
0.0000
0.0000
0.0000
0.0000
0.0000
0.0000
0.0000
0.0000
0.0000
0.0000
0.0000
0.0000
0.0000
0.0000
0.0000
0.0000
0.0000
0.0000
0.0000
0.0000
0.0000
0.0000
0.0000
0.0000
0.0000
0.0000
0.0000
0.0000
0.0000
0.0000
0.0000
0.0000
0.0000
0.0000
0.0000
0.0000
0.0000
0.0000
0.0000
0.0000
0.0000
0.0000
0.0000
0.0000
0.0000
0.0000
0.0000
0.0000
0.0000
0.0000
0.0000
0.0000
0.0000
0.0000
0.0000
0.0000
0.0000
0.0000
0.0000
0.0000
0.0000
0.0000
0.0000
0.0000
0.0000
0.0000
0.0000
0.0000
0.0000
0.0000
0.0000
0.0000
0.0000
0.0000
0.0000
0.0000
0.0000
0.0000
0.0000
0.0000
0.0000
0.0000
0.0000
0.0000
0.0000
0.0000
0.0000
0.0000
0.0000
0.0000
0.0000
0.0000
0.0000
0.0000
0.0000
0.0000
0.0000
0.0000
0.0000
0.0000
0.0000
0.0000
0.0000
0.0000
0.0000
0.0000
0.0000
0.0000
0.0000
0.0000
0.0000
0.0000
0.0000
0.0000
0.0000
0.0000
0.0000
0.0000
0.0000
0.0000
0.0000
0.0000
0.0000
0.0000
0.0000
0.0000
0.0000
0.0000
0.0000
0.0000
0.0000
0.0000
0.0000
0.0000
0.0000
0.0000
0.0000
0.0000
0.0000
0.0000
0.0000
0.0000
0.0000
0.0000
0.0000
0.0000
0.0000
0.0000
0.0000
0.0000
0.0000
0.0000
0.0000
0.0000
0.0000
0.0000
0.0000
0.0000
0.0000
0.0000
0.0000
0.0000
0.0000
0.0000
0.0000
0.0000
0.0000
0.0000
0.0000
0.0000
0.0000
0.0000
0.0000
0.0000
0.0000
0.0000
0.0000
0.0000
0.0000
0.0000
0.0000
0.0000
0.0000
0.0000
0.0000
0.0000
0.0000
0.0000
0.0000
0.0000
0.0000
0.0000
0.0000
0.0000
0.0000
0.0000
0.0000
0.0000
0.0000
0.0000
0.0000
0.0000
0.0000
0.0000
0.0000
0.0000
0.0000
0.0000
0.0000
0.0000
0.0000
0.0000
0.0000
0.0000
0.0000
0.0000
0.0000
0.0000
0.0000
0.0000
0.0000
0.0000
0.0000
0.0000
0.0000
0.0000
0.0000
0.0000
0.0000
0.0000
0.0000
0.0000
0.0000
0.0000
0.0000
0.0000
0.0000
0.0000
0.0000
0.0000
0.0000
0.0000
0.0000
0.0000
0.0000
0.0000
0.0000
0.0000
0.0000
0.0000
0.0000
0.0000
0.0000
0.0000
0.0000
0.0000
0.0000
0.0000
0.0000
0.0000
0.0000
0.0000
0.0000
0.0000
0.0000
0.0000
0.0000
0.0000
0.0000
0.0000
0.0000
0.0000
0.0000
0.0000
0.0000
0.0000
0.0000
0.0000
0.0000
0.0000
0.0000
0.0000
0.0000
0.0000
0.0000
0.0000
0.0000
0.0000
0.0000
0.0000
0.0000
0.0000
0.0000
0.0000
0.0000
0.0000
0.0000
0.0000
0.0000
0.0000
0.0000
0.0000
0.0000
0.0000
0.0000
0.0000
0.0000
0.0000
0.0000
0.0000
0.0000
0.0000
0.0000
0.0000
0.0000
0.0000
0.0000
0.0000
0.0000
0.0000
0.0000
0.0000
0.0000
0.0000
0.0000
0.0000
0.0000
0.0000
0.0000
0.0000
0.0000
0.0000
0.0000
0.0000
0.0000
0.0000
0.0000
0.0000
0.0000
0.0000
0.0000
0.0000
0.0000
0.0000
0.0000
0.0000
0.0000
0.0000
0.0000
0.0000
0.0000
0.0000
0.0000
0.0000
0.0000
0.0000
0.0000
0.0000
0.0000
0.0000
0.0000
0.0000
0.0000
0.0000
0.0000
0.0000
0.0000
0.0000
0.0000
0.0000
0.0000
0.0000
0.0000
0.0000
0.0000
0.0000
0.0000
0.0000
0.0000
0.0000
0.0000
0.0000
0.0000
0.0000
0.0000
0.0000
0.0000
0.0000
0.0000
0.0000
0.0000
0.0000
0.0000
0.0000
0.0000
0.0000
0.0000
0.0000
0.0000
0.0000
0.0000
0.0000
0.0000
0.0000
0.0000
0.0000
0.0000
0.0000
0.0000
0.0000
0.0000
0.0000
0.0000
0.0000
0.0000
0.0000
0.0000
0.0000
0.0000
0.0000
0.0000
0.0000
0.0000
0.0000
0.0000
0.0000
0.0000
0.0000
0.0000
0.0000
0.0000
0.0000
0.0000
0.0000
0.0000
0.0000
0.0000
0.0000
0.0000
0.0000
0.0000
0.0000
0.0000
0.0000
0.0000
0.0000
0.0000
0.0000
0.0000
0.0000
0.0000
0.0000
0.0000
0.0000
0.0000
0.0000
0.0000
0.0000
0.0000
0.0000
0.0000
0.0000
0.0000
0.0000
0.0000
0.0000
0.0000
0.0000
0.0000
0.0000
0.0000
0.0000
0.0000
0.0000
0.0000
0.0000
0.0000
0.0000
0.0000
0.0000
0.0000
0.0000
0.0000
0.0000
0.0000
0.0000
0.0000
0.0000
0.0000
0.0000
0.0000
0.0000
0.0000
0.0000
0.0000
0.0000
0.0000
0.0000
0.0000
0.0000
0.0000
0.0000
0.0000
0.0000
0.0000
0.0000
0.0000
0.0000
0.0000
0.0000
0.0000
0.0000
0.0000
0.0000
0.0000
0.0000
0.0000
0.0000
0.0000
0.0000
0.0000
0.0000
0.0000
0.0000
0.0000
0.0000
0.0000
0.0000
0.0000
0.0000
0.0000
0.0000
0.0000
0.0000
0.0000
0.0000
0.0000
0.0000
0.0000
0.0000
0.0000
0.0000
0.0000
0.0000
0.0000
0.0000
0.0000
0.0000
0.0000
0.0000
0.0000
0.0000
0.0000
0.0000
0.0000
0.0000
0.0000
0.0000
0.0000
0.0000
0.0000
0.0000
0.0000
0.0000
0.0000
0.0000
0.0000
0.0000
0.0000
0.0000
0.0000
0.0000
0.0000
0.0000
0.0000
0.0000
0.0000
0.0000
0.0000
0.0000
0.0000
0.0000
0.0000
127.1227
162.2259
168.1056
236.5448
246.1846
316.4160
279.1330
209.3500
273.3540
263.0366
264.5333
349.3486
752.8657
1431.6119
939.5762
556.6021
464.5477
211.6746
228.8740
232.9056
174.1433
242.1104
350.5527
386.7494
0.0000
0.0000
0.0000
0.0000
0.0000
0.0000
0.0000
0.0000
0.0000
0.0000
0.0000
0.0000
0.0000
0.0000
0.0000
0.0000
0.0000
0.0000
0.0000
0.0000
0.0000
0.0000
124.5056
193.5529
210.7061
234.9580
280.2229
384.0544
209.4946
204.1346
195.8224
233.1012
277.2634
428.8398
820.9890
974.0464
938.4248
646.1533
351.1595
331.6266
226.9122
224.4870
181.1135
184.7832
287.1209
352.0347
0.0000
0.0000
0.0000
0.0000
0.0000
0.0000
0.0000
0.0000
0.0000
0.0000
0.0000
0.0000
0.0000
0.0000
0.0000
0.0000
0.0000
0.0000
0.0000
0.0000
0.0000
0.0000
116.0963
197.3123
266.4749
200.6649
332.4574
301.4111
237.7350
171.8795
188.9849
262.1565
349.3661
584.7646
883.5908
1538.4685
1249.1077
880.2431
444.5548
369.7181
334.3169
330.9855
294.1078
295.7481
179.9899
174.1148
0.0000
0.0000
0.0000
0.0000
0.0000
0.0000
0.0000
0.0000
0.0000
0.0000
0.0000
0.0000
0.0000
0.0000
0.0000
0.0000
0.0000
0.0000
0.0000
0.0000
0.0000
0.0000
171.2276
159.0789
289.7364
295.7149
354.1737
326.5735
324.8091
203.4865
235.8412
291.5649
440.3155
610.9952
922.6965
977.9553
1090.6350
805.8454
592.6143
476.1919
470.8733
421.7914
400.6246
372.7997
244.5532
227.0048
0.0000
0.0000
0.0000
0.0000
0.0000
0.0000
0.0000
0.0000
0.0000
0.0000
0.0000
0.0000
0.0000
0.0000
0.0000
0.0000
0.0000
0.0000
0.0000
0.0000
0.0000
0.0000
180.3944
267.5197
200.5409
182.3273
203.5465
249.1073
247.2941
357.6137
402.9045
332.3561
439.2881
471.3863
546.7659
756.0936
971.5667
717.1669
442.5866
357.2648
391.7412
590.1918
398.2634
466.8155
511.8067
390.7078
0.0000
0.0000
0.0000
0.0000
0.0000
0.0000
0.0000
0.0000
0.0000
0.0000
0.0000
0.0000
0.0000
0.0000
0.0000
0.0000
0.0000
0.0000
0.0000
0.0000
0.0000
0.0000
323.2206
311.0692
194.5717
203.7870
150.0746
148.3395
192.9266
227.3851
260.2997
374.1523
383.7628
388.0798
747.4350
706.8782
756.3339
500.9422
393.1760
489.7039
391.2148
430.1056
422.1587
453.3186
527.6302
377.1237
0.0000
0.0000
0.0000
0.0000
0.0000
0.0000
0.0000
0.0000
0.0000
0.0000
0.0000
0.0000
0.0000
0.0000
0.0000
0.0000
0.0000
0.0000
0.0000
0.0000
0.0000
0.0000
375.7340
224.9171
143.3686
168.1532
273.4023
162.7042
222.8327
240.1696
278.5048
381.0346
431.6229
524.3505
609.3021
696.3010
642.4594
582.4031
591.9206
608.9965
515.9697
404.8039
339.8483
335.2940
358.5150
655.0504
0.0000
0.0000
0.0000
0.0000
0.0000
0.0000
0.0000
0.0000
0.0000
0.0000
0.0000
0.0000
0.0000
0.0000
0.0000
0.0000
0.0000
0.0000
0.0000
0.0000
0.0000
0.0000
339.1326
257.0579
225.0597
225.6245
224.1523
230.5165
283.4165
285.3119
254.4594
321.8179
439.9038
664.6467
932.1069
828.4836
629.1346
680.8052
594.2163
408.0152
609.9153
396.5129
515.1529
388.4003
522.1828
446.0078
0.0000
0.0000
0.0000
0.0000
0.0000
0.0000
0.0000
0.0000
0.0000
0.0000
0.0000
0.0000
0.0000
0.0000
0.0000
0.0000
0.0000
0.0000
0.0000
0.0000
0.0000
0.0000
452.7780
343.8875
290.4091
340.7339
246.0712
203.8743
349.6895
430.2253
294.1952
557.3732
612.4911
811.6597
935.3419
627.0760
579.8541
484.6033
479.9199
416.0974
501.3361
449.4022
545.5651
515.5054
373.8635
369.0694
0.0000
0.0000
0.0000
0.0000
0.0000
0.0000
0.0000
0.0000
0.0000
0.0000
0.0000
0.0000
0.0000
0.0000
0.0000
0.0000
0.0000
0.0000
0.0000
0.0000
0.0000
0.0000
435.6796
405.3820
409.4229
439.5999
358.3167
321.4845
553.2410
309.5577
572.7395
866.6718
908.9399
913.5888
1175.3678
957.0704
693.7335
539.8218
551.8708
559.2511
356.9856
403.8530
664.8912
482.3438
445.6562
357.0986
0.0000
0.0000
0.0000
0.0000
0.0000
0.0000
0.0000
0.0000
0.0000
0.0000
0.0000
0.0000
0.0000
0.0000
0.0000
0.0000
0.0000
0.0000
0.0000
0.0000
0.0000
0.0000
499.8200
522.6969
437.9037
304.7513
431.9445
522.0067
616.5042
493.3141
897.1157
1517.4648
1069.5056
975.7143
928.1357
1063.5315
984.7942
913.0589
712.4755
522.3832
558.3735
807.0861
425.9095
456.4759
384.4996
675.1484
0.0000
0.0000
0.0000
0.0000
0.0000
0.0000
0.0000
0.0000
0.0000
0.0000
0.0000
0.0000
0.0000
0.0000
0.0000
0.0000
0.0000
0.0000
0.0000
0.0000
0.0000
0.0000
1019.3025
1042.6779
572.0192
418.3649
387.7753
539.5720
571.1427
872.4735
928.4091
1170.0106
1109.0317
1016.2086
1152.2810
1225.0480
1037.1885
1270.5845
739.0222
1098.1121
893.1180
769.5826
527.1738
364.0790
612.4753
697.4854
0.0000
0.0000
0.0000
0.0000
0.0000
0.0000
0.0000
0.0000
0.0000
0.0000
0.0000
0.0000
0.0000
0.0000
0.0000
0.0000
0.0000
0.0000
0.0000
0.0000
0.0000
0.0000
1535.3278
1114.1619
613.4284
634.8521
634.1567
1004.7300
756.2424
1056.3385
1368.4335
824.9916
1073.9449
924.9103
1791.7463
1073.1342
1319.4692
1558.5288
1252.4561
1110.9172
1160.7705
903.9698
909.0983
744.6715
853.5143
826.0729
0.0000
0.0000
0.0000
0.0000
0.0000
0.0000
0.0000
0.0000
0.0000
0.0000
0.0000
0.0000
0.0000
0.0000
0.0000
0.0000
0.0000
0.0000
0.0000
0.0000
0.0000
0.0000
1309.4525
1201.0168
1068.1244
747.6445
624.9950
965.5931
1117.2147
1562.3685
1952.2880
1629.3726
1753.1119
1576.1263
1324.2722
1591.0646
1334.4532
1234.1956
1521.5811
1760.2708
1159.3611
1148.1853
1285.8728
976.5561
1186.3533
1013.1488
0.0000
0.0000
0.0000
0.0000
0.0000
0.0000
0.0000
0.0000
0.0000
0.0000
0.0000
0.0000
0.0000
0.0000
0.0000
0.0000
0.0000
0.0000
0.0000
0.0000
0.0000
0.0000
1461.3809
1311.2806
1202.6973
1185.3553
834.3602
1300.1427
1085.1161
1657.7678
2600.7244
2542.2205
2428.7153
2136.6257
1289.7045
1576.0166
1719.6042
1659.8809
1773.5909
1873.8074
1712.1001
1804.8412
1639.7312
1242.7097
1147.5083
1118.7854
0.0000
0.0000
0.0000
0.0000
0.0000
0.0000
0.0000
0.0000
0.0000
0.0000
0.0000
0.0000
0.0000
0.0000
0.0000
0.0000
0.0000
0.0000
0.0000
0.0000
0.0000
0.0000
1099.3843
1318.8906
1265.1823
1990.8282
2157.8323
2009.3376
2096.4199
2724.6726
2190.5518
3364.3672
2280.0881
1839.1835
1114.0526
1041.5398
1595.1301
1535.4889
2253.2766
1982.7872
2175.7153
1916.8954
1487.0420
988.8461
1239.0242
1014.4940
0.0000
0.0000
0.0000
0.0000
0.0000
0.0000
0.0000
0.0000
0.0000
0.0000
0.0000
0.0000
0.0000
0.0000
0.0000
0.0000
0.0000
0.0000
0.0000
0.0000
0.0000
0.0000
1602.8757
1437.5328
2186.6709
1944.7543
2289.7173
2044.4781
2709.6863
2852.5801
3493.9990
2894.3784
1981.3860
1704.6609
1144.8785
1144.8290
1574.2183
1568.9210
2044.0692
2352.5103
2392.3865
2016.6650
1405.3907
1352.4352
1291.6771
891.8188
0.0000
0.0000
0.0000
0.0000
0.0000
0.0000
0.0000
0.0000
0.0000
0.0000
0.0000
0.0000
0.0000
0.0000
0.0000
0.0000
0.0000
0.0000
0.0000
0.0000
0.0000
0.0000
3246.0903
2278.3044
1846.5505
3374.3284
3744.1638
1732.2146
2331.5469
3501.3093
2998.9978
1931.1348
2274.3975
1401.7745
1361.4666
1127.1731
1916.2864
1921.8083
2231.0984
2124.6899
2237.8816
1797.4745
1197.5872
1605.8727
1847.6923
917.2308
0.0000
0.0000
0.0000
0.0000
0.0000
0.0000
0.0000
0.0000
0.0000
0.0000
0.0000
0.0000
0.0000
0.0000
0.0000
0.0000
0.0000
0.0000
0.0000
0.0000
0.0000
0.0000
2386.0933
2609.2683
2630.5044
3602.2676
3941.2449
3126.0591
3479.2493
3515.4629
3032.0576
2992.5811
1728.6191
1066.5458
1439.1381
889.4191
1276.6899
1163.8943
1853.2249
2352.4143
2175.4272
1910.2467
1998.2445
1463.3608
1246.6093
1486.2590
0.0000
0.0000
0.0000
0.0000
0.0000
0.0000
0.0000
0.0000
0.0000
0.0000
0.0000
0.0000
0.0000
0.0000
0.0000
0.0000
0.0000
0.0000
0.0000
0.0000
0.0000
0.0000
2954.6448
2764.0520
2780.6052
4133.3887
4914.7690
4690.1333
3601.0630
3679.8208
3349.2107
3986.2017
1891.9413
954.7003
891.8820
925.1537
692.1988
861.0916
1096.9468
1923.2855
2023.6501
2990.9883
1909.4458
1194.0688
1351.5452
1284.8538
0.0000
0.0000
0.0000
0.0000
0.0000
0.0000
0.0000
0.0000
0.0000
0.0000
0.0000
0.0000
0.0000
0.0000
0.0000
0.0000
0.0000
0.0000
0.0000
0.0000
0.0000
0.0000
4534.3618
3744.9404
3497.1985
4914.7690
4914.7690
4914.7690
3749.7026
2594.2593
1806.7035
2224.9988
1822.7758
1596.8267
1299.5558
855.6326
768.1361
858.7581
780.6009
1276.0492
1652.5055
2285.3601
2199.8228
1122.5212
1370.1881
1123.6754
0.0000
0.0000
0.0000
0.0000
0.0000
0.0000
0.0000
0.0000
0.0000
0.0000
0.0000
0.0000
0.0000
0.0000
0.0000
0.0000
0.0000
0.0000
0.0000
0.0000
0.0000
0.0000
4606.1333
4914.7690
4449.9277
4914.7690
4914.7690
4155.8203
2980.1311
1810.0320
2064.8628
1932.9718
1979.5618
1740.1953
1402.2437
918.5925
737.6288
763.9781
796.5792
1648.7531
1783.8214
2339.8020
2001.2185
1407.8325
1205.0459
1200.1730
0.0000
0.0000
0.0000
0.0000
0.0000
0.0000
0.0000
0.0000
0.0000
0.0000
0.0000
0.0000
0.0000
0.0000
0.0000
0.0000
0.0000
0.0000
0.0000
0.0000
0.0000
0.0000
3272.6797
3433.3228
4914.7690
4914.7690
4914.7690
4569.0991
2819.2290
2126.3306
1862.3364
1937.3412
1897.3201
1516.8207
1523.7141
920.9885
629.6403
541.6929
734.3046
1158.2651
1394.1298
2246.8872
1775.7377
1468.5239
1424.3101
1001.6625
0.0000
0.0000
0.0000
0.0000
0.0000
0.0000
0.0000
0.0000
0.0000
0.0000
0.0000
0.0000
0.0000
0.0000
0.0000
0.0000
0.0000
0.0000
0.0000
0.0000
0.0000
0.0000
2989.3982
3706.0400
4914.7690
4914.7690
4914.7690
4443.3062
2530.0598
2097.7844
1686.1169
1506.6290
1630.0164
1455.7161
900.3369
1246.4146
839.0903
955.4715
1444.5632
1119.9781
893.7301
1389.2974
1299.0909
1532.8560
1718.0546
985.4343
0.0000
0.0000
0.0000
0.0000
0.0000
0.0000
0.0000
0.0000
0.0000
0.0000
0.0000
0.0000
0.0000
0.0000
0.0000
0.0000
0.0000
0.0000
0.0000
0.0000
0.0000
0.0000
1986.6021
2178.4651
4468.7490
3349.2292
3055.5352
3172.0669
2220.3252
1426.4872
1298.3810
1238.7389
1347.3523
1309.3315
996.5737
924.9432
1017.3766
1087.4408
760.1102
857.5791
823.9833
1048.4871
1153.4968
1284.4893
1152.5309
1075.7090
0.0000
0.0000
0.0000
0.0000
0.0000
0.0000
0.0000
0.0000
0.0000
0.0000
0.0000
0.0000
0.0000
0.0000
0.0000
0.0000
0.0000
0.0000
0.0000
0.0000
0.0000
0.0000
1288.9923
1723.5166
2531.1565
2006.9948
2535.7498
2321.9021
1764.4784
1483.1376
1415.3737
902.4398
808.5636
1047.4545
860.3772
954.8827
860.0966
645.9308
578.5101
587.0023
675.3146
771.4666
788.9997
1037.3732
887.4903
764.2773
0.0000
0.0000
0.0000
0.0000
0.0000
0.0000
0.0000
0.0000
0.0000
0.0000
0.0000
0.0000
0.0000
0.0000
0.0000
0.0000
0.0000
0.0000
0.0000
0.0000
0.0000
0.0000
1118.2341
1566.5988
1361.4937
1292.7527
1947.0249
1703.0844
1294.3766
1421.1279
1383.4171
1033.7640
775.5939
906.6547
838.3976
784.5405
826.6538
609.5762
672.4516
670.0308
592.9748
690.0662
542.2068
750.7007
981.7742
554.0148
0.0000
0.0000
0.0000
0.0000
0.0000
0.0000
0.0000
0.0000
0.0000
0.0000
0.0000
0.0000
0.0000
0.0000
0.0000
0.0000
0.0000
0.0000
0.0000
0.0000
0.0000
0.0000
866.3657
1061.7701
1299.8081
2191.2815
1983.3119
1599.0247
1281.1564
1383.6183
1069.8257
841.9105
883.5503
814.5999
683.9478
620.7520
503.4504
724.9696
638.0986
581.4894
820.7059
530.7683
534.0061
613.1110
807.4301
400.9686
0.0000
0.0000
0.0000
0.0000
0.0000
0.0000
0.0000
0.0000
0.0000
0.0000
0.0000
0.0000
0.0000
0.0000
0.0000
0.0000
0.0000
0.0000
0.0000
0.0000
0.0000
0.0000
664.1921
914.3863
1363.7189
1543.9539
1314.8358
983.2903
729.9398
1095.1708
819.6789
793.5610
851.1248
639.2990
602.1058
666.9633
533.6476
382.8856
866.6757
696.2604
525.7489
522.1846
420.3480
588.1240
816.6661
503.3000
0.0000
0.0000
0.0000
0.0000
0.0000
0.0000
0.0000
0.0000
0.0000
0.0000
0.0000
0.0000
0.0000
0.0000
0.0000
0.0000
0.0000
0.0000
0.0000
0.0000
0.0000
0.0000
548.7482
784.0920
922.3575
1154.5189
1277.2834
910.9180
719.7058
754.2983
758.6947
658.8706
533.9567
530.4634
749.4840
695.3259
407.7236
434.2075
468.3871
576.8202
487.0439
496.3464
502.3130
598.4230
391.1611
570.6766
0.0000
0.0000
0.0000
0.0000
0.0000
0.0000
0.0000
0.0000
0.0000
0.0000
0.0000
0.0000
0.0000
0.0000
0.0000
0.0000
0.0000
0.0000
0.0000
0.0000
0.0000
0.0000
248.9748
440.4152
488.8767
711.9352
1126.2257
649.1499
572.5176
642.2274
480.5891
600.6360
468.6251
439.1753
665.4875
891.1652
707.2772
446.6944
342.7002
462.2918
407.7469
436.2912
406.0254
558.5892
425.7919
326.7870
0.0000
0.0000
0.0000
0.0000
0.0000
0.0000
0.0000
0.0000
0.0000
0.0000
0.0000
0.0000
0.0000
0.0000
0.0000
0.0000
0.0000
0.0000
0.0000
0.0000
0.0000
0.0000
192.7518
258.1662
365.8326
417.7977
532.6923
530.5360
520.7202
447.9654
466.9759
560.5265
485.2980
496.8577
450.0447
370.8963
407.5658
440.1115
323.1927
392.2104
358.1297
434.7436
510.9181
426.4389
296.8738
408.8538
0.0000
0.0000
0.0000
0.0000
0.0000
0.0000
0.0000
0.0000
0.0000
0.0000
0.0000
0.0000
0.0000
0.0000
0.0000
0.0000
0.0000
0.0000
0.0000
0.0000
0.0000
0.0000
211.6401
210.2236
246.8611
284.1814
388.9992
449.3081
346.6965
360.5784
350.9592
313.4992
436.5462
365.3286
301.7615
296.8611
305.5115
209.3382
253.3840
391.3659
416.1938
438.4272
387.7011
411.1884
313.2797
406.3781
0.0000
0.0000
0.0000
0.0000
0.0000
0.0000
0.0000
0.0000
0.0000
0.0000
0.0000
0.0000
0.0000
0.0000
0.0000
0.0000
0.0000
0.0000
0.0000
0.0000
0.0000
0.0000
282.9321
243.2086
306.5513
301.3565
353.9607
420.0858
287.1596
241.5007
306.0526
307.0602
377.2749
312.3292
209.6728
228.4010
146.0148
126.1157
165.2584
312.3484
301.7924
336.2166
362.6802
217.9981
180.4383
248.7919
0.0000
0.0000
0.0000
0.0000
0.0000
0.0000
0.0000
0.0000
0.0000
0.0000
0.0000
0.0000
0.0000
0.0000
0.0000
0.0000
0.0000
0.0000
0.0000
0.0000
0.0000
0.0000
143.9208
192.5777
297.6741
287.4016
387.5130
278.6742
248.2098
242.0078
261.8609
248.9271
166.9921
240.6244
216.9619
218.5211
199.2852
159.0551
186.0613
245.8644
390.8990
339.4125
233.2301
200.8583
218.2764
172.1835
0.0000
0.0000
0.0000
0.0000
0.0000
0.0000
0.0000
0.0000
0.0000
0.0000
0.0000
0.0000
0.0000
0.0000
0.0000
0.0000
0.0000
0.0000
0.0000
0.0000
0.0000
0.0000
73.6341
129.5186
216.9999
183.3015
229.2624
188.4767
264.0703
249.6221
255.0457
224.9770
178.2631
184.7225
151.8155
191.9417
222.6467
225.9724
154.4462
286.5341
315.6323
196.8277
195.6503
225.6837
223.6033
239.4049
0.0000
0.0000
0.0000
0.0000
0.0000
0.0000
0.0000
0.0000
0.0000
0.0000
0.0000
0.0000
0.0000
0.0000
0.0000
0.0000
0.0000
0.0000
0.0000
0.0000
0.0000
0.0000
73.9870
149.3953
154.4704
163.5574
171.7330
170.5161
189.5180
233.0794
222.8837
199.8983
156.2333
203.5595
161.4179
287.1927
323.7582
168.8416
164.4661
311.0270
217.5466
203.4225
151.1950
144.6191
155.2807
156.7843
0.0000
0.0000
0.0000
0.0000
0.0000
0.0000
0.0000
0.0000
0.0000
0.0000
0.0000
0.0000
0.0000
0.0000
0.0000
0.0000
0.0000
0.0000
0.0000
0.0000
0.0000
0.0000
72.1070
89.9432
141.3098
216.3575
167.9156
127.3989
124.7665
125.8838
149.8370
216.6069
249.1314
192.6852
181.4110
244.4726
346.7985
171.2243
110.0580
137.0485
129.8415
157.6835
97.7048
100.9722
107.3275
127.6567
0.0000
0.0000
0.0000
0.0000
0.0000
0.0000
0.0000
0.0000
0.0000
0.0000
0.0000
0.0000
0.0000
0.0000
0.0000
0.0000
0.0000
0.0000
0.0000
0.0000
0.0000
0.0000
91.3532
107.4515
122.6844
100.5240
110.1001
98.8697
94.0424
76.9480
129.9877
224.1188
248.3409
253.4193
176.1953
286.4832
228.8733
197.7646
193.6288
114.1435
153.6928
169.4424
142.1390
143.6972
92.7848
133.6546
0.0000
0.0000
0.0000
0.0000
0.0000
0.0000
0.0000
0.0000
0.0000
0.0000
0.0000
0.0000
0.0000
0.0000
0.0000
0.0000
0.0000
0.0000
0.0000
0.0000
0.0000
0.0000
108.2981
110.8214
71.4865
89.6727
61.3864
61.1593
71.1031
153.2040
185.9406
231.2363
317.4555
345.4817
344.6488
278.7961
322.2546
206.7498
205.5931
178.2102
199.8460
189.5704
147.6249
133.6859
130.2537
119.3461
102.3340
0.0000
0.0000
0.0000
0.0000
0.0000
0.0000
0.0000
0.0000
0.0000
0.0000
0.0000
0.0000
0.0000
0.0000
0.0000
0.0000
0.0000
0.0000
0.0000
0.0000
0.0000
109.2495
128.9188
93.6209
97.2829
58.3536
99.5423
107.4409
100.0442
123.1490
150.9837
255.0241
416.0162
351.3037
249.1109
331.7484
319.3767
229.1713
151.0586
179.9110
258.3261
234.7192
115.7142
119.3856
110.3088
103.9764
0.0000
0.0000
0.0000
0.0000
0.0000
0.0000
0.0000
0.0000
0.0000
0.0000
0.0000
0.0000
0.0000
0.0000
0.0000
0.0000
0.0000
0.0000
0.0000
0.0000
0.0000
90.9927
104.9430
96.1661
87.6280
59.3853
56.9220
72.4562
85.8890
108.2614
174.4758
157.0519
300.0678
265.1992
383.7482
530.1708
392.3998
330.2028
201.4046
157.7405
151.3466
145.2589
109.0678
94.5075
96.1374
127.2334
223.1060
0.0000
0.0000
0.0000
0.0000
0.0000
0.0000
0.0000
0.0000
0.0000
0.0000
0.0000
0.0000
0.0000
0.0000
0.0000
0.0000
0.0000
0.0000
0.0000
0.0000
52.1145
53.9244
102.8637
77.6135
79.2518
74.2799
56.0020
72.3545
79.0490
164.8433
209.8980
316.6377
417.8085
356.1478
536.0488
493.3209
415.2036
307.9088
190.4849
84.9344
97.7044
73.9448
73.4597
138.9407
229.5563
137.2919
154.1720
0.0000
0.0000
0.0000
0.0000
0.0000
0.0000
0.0000
0.0000
0.0000
0.0000
0.0000
0.0000
0.0000
0.0000
0.0000
0.0000
0.0000
0.0000
0.0000
61.9069
48.2750
85.7227
82.2937
71.9993
50.5949
65.3670
71.7917
65.0762
104.8659
239.1698
339.0776
365.0352
329.1674
415.4713
354.9735
360.5964
230.8137
170.5644
204.8778
130.8527
104.7056
125.5219
117.8395
149.7982
131.2287
154.3574
152.6845
0.0000
0.0000
0.0000
0.0000
0.0000
0.0000
0.0000
0.0000
0.0000
0.0000
0.0000
0.0000
0.0000
0.0000
0.0000
0.0000
0.0000
0.0000
38.8365
53.0669
78.4501
72.8379
107.5765
93.3076
63.4313
61.3296
97.8273
84.0548
203.2076
248.8941
467.6674
725.7766
517.8194
327.2280
240.2209
298.3739
258.4117
202.7988
105.6517
118.7029
116.5415
146.5747
165.6182
100.7385
174.7785
135.0391
0.0000
0.0000
0.0000
0.0000
0.0000
0.0000
0.0000
0.0000
0.0000
0.0000
0.0000
0.0000
0.0000
0.0000
0.0000
0.0000
0.0000
0.0000
26.0048
35.7583
61.3233
78.8367
79.7888
88.1877
49.1391
58.5023
83.1410
125.2401
139.4184
198.1384
318.6860
487.8122
414.2397
276.4350
261.9891
272.7265
222.2446
200.8696
129.0156
121.3164
131.7955
139.7021
175.3595
173.2692
167.4763
183.0075
101.3547
0.0000
0.0000
0.0000
0.0000
0.0000
0.0000
0.0000
0.0000
0.0000
0.0000
0.0000
0.0000
0.0000
0.0000
0.0000
0.0000
0.0000
40.5647
42.6176
55.1404
57.4662
67.2243
67.0762
67.4043
72.1478
77.2204
108.3228
128.9896
219.1192
240.2085
362.6565
262.5930
209.3315
207.4617
249.2892
184.6817
111.2776
134.7109
172.5979
201.1366
198.6916
290.5001
191.7915
143.3961
181.6207
141.5617
0.0000
0.0000
0.0000
0.0000
0.0000
0.0000
0.0000
0.0000
0.0000
0.0000
0.0000
0.0000
0.0000
0.0000
0.0000
0.0000
0.0000
30.5843
56.4109
38.9865
54.6137
61.6071
66.9364
61.5531
75.0752
82.6872
103.1161
117.0103
185.4981
249.7751
411.7713
285.1435
262.7716
247.9706
243.7424
198.5363
190.0113
110.5305
181.7572
239.9753
235.6731
246.2864
249.7834
233.8504
239.8500
198.9331
176.5965
0.0000
0.0000
0.0000
0.0000
0.0000
0.0000
0.0000
0.0000
0.0000
0.0000
0.0000
0.0000
0.0000
0.0000
0.0000
0.0000
56.7532
62.0164
45.7742
47.4153
53.2990
61.7437
75.9820
63.9274
67.2234
106.3381
147.9409
183.7592
253.1990
435.8063
375.4101
329.4419
330.8759
293.1053
278.1562
226.3113
217.1382
194.9739
225.1911
196.9234
304.5062
251.8362
302.1877
249.4861
167.5592
234.7057
127.2992
0.0000
0.0000
0.0000
0.0000
0.0000
0.0000
0.0000
0.0000
0.0000
0.0000
0.0000
0.0000
0.0000
0.0000
0.0000
71.5590
54.4552
46.3872
73.1772
64.9241
62.0415
83.2097
60.2883
63.7658
86.1561
109.0275
181.3708
260.8734
429.2486
343.2975
281.4960
385.5771
375.7793
300.7144
236.6812
220.4608
200.0977
241.8079
289.3400
281.5318
229.5340
245.7079
265.6048
241.4332
180.7491
169.1404
168.9955
0.0000
0.0000
0.0000
0.0000
0.0000
0.0000
0.0000
0.0000
0.0000
0.0000
0.0000
0.0000
0.0000
0.0000
76.9975
59.3057
56.7352
75.5293
90.6083
74.8398
69.0288
48.6549
72.1156
75.7384
155.6271
246.3441
374.8559
350.4124
266.1373
222.5233
407.1881
277.4267
262.2442
358.7446
328.8838
377.4174
248.5327
264.2634
267.4500
290.8380
211.9300
182.1697
236.3122
237.0439
221.1742
165.3646
201.6771
0.0000
0.0000
0.0000
0.0000
0.0000
0.0000
0.0000
0.0000
0.0000
0.0000
0.0000
0.0000
0.0000
88.5332
86.7396
94.8981
90.5548
61.8599
72.0279
45.5770
48.1732
95.6593
106.1039
152.1051
232.9245
308.3441
336.3421
335.9153
236.0584
226.6421
252.3177
280.6293
321.8480
394.8524
439.6988
284.4815
230.7464
194.4118
235.2565
146.4249
124.1202
195.1286
183.8997
235.4447
190.2930
215.7249
0.0000
0.0000
0.0000
0.0000
0.0000
0.0000
0.0000
0.0000
0.0000
0.0000
0.0000
0.0000
0.0000
146.2119
137.3804
118.9640
84.1891
109.8365
90.8546
76.9095
53.1017
81.8287
94.0602
160.7234
225.0922
308.8166
391.4782
388.0493
288.4128
246.3571
189.5892
194.0107
297.2697
360.3491
286.6330
220.0660
196.7218
131.8516
150.6088
117.9450
122.3837
135.0983
171.3728
153.6804
172.5257
260.8958
150.1530
0.0000
0.0000
0.0000
0.0000
0.0000
0.0000
0.0000
0.0000
0.0000
0.0000
0.0000
0.0000
190.4519
222.0384
155.3837
107.3128
124.9639
78.2112
80.1726
68.0465
114.3828
157.9405
173.1428
320.0002
307.7902
333.2273
274.6189
194.3576
108.5542
88.2441
133.1886
150.9855
172.2202
288.0526
148.1071
147.4887
206.0504
139.3030
102.2277
100.1522
113.3540
146.6186
133.1386
185.3735
185.4238
154.0617
86.5197
0.0000
0.0000
0.0000
0.0000
0.0000
0.0000
0.0000
0.0000
0.0000
0.0000
0.0000
366.0878
298.6537
153.1675
128.6827
99.2598
98.8266
133.2310
130.4105
135.2824
110.2561
169.2745
260.3061
196.8606
331.8408
194.0115
156.6707
116.8620
120.6603
165.1419
112.8545
82.6571
130.3532
139.5966
103.1249
125.5729
116.6240
58.5675
110.2845
120.6427
105.8290
129.9044
123.8115
117.9872
98.2784
41.1532
47.2330
0.0000
0.0000
0.0000
0.0000
0.0000
0.0000
0.0000
0.0000
0.0000
0.0000
221.8858
266.0435
167.5344
112.3053
176.8341
144.2590
164.1828
173.9884
169.9235
188.1554
213.1397
277.8582
214.9086
280.8893
174.7854
153.3003
165.5892
150.7422
199.2820
100.7102
102.7852
114.9387
120.1742
105.0108
130.3585
79.4947
83.0994
68.3984
93.1485
87.1143
80.9914
73.1782
84.0918
54.8098
40.9937
28.9365
0.0000
0.0000
0.0000
0.0000
0.0000
0.0000
0.0000
0.0000
0.0000
0.0000
356.7415
300.2850
170.3420
179.9341
148.2514
283.6555
186.3812
211.0109
180.2755
217.9509
203.1202
240.6051
179.0572
195.7643
168.2654
156.0601
196.9192
183.1622
217.7803
135.8967
124.2710
165.4376
115.2641
119.6886
96.0893
112.5588
80.6786
69.7469
79.4377
91.1992
100.4380
86.1029
59.7730
94.9855
71.8167
60.0503
0.0000
0.0000
0.0000
0.0000
0.0000
0.0000
0.0000
0.0000
0.0000
0.0000
328.4313
246.6642
162.5093
197.1357
174.8779
236.2707
219.3155
221.4940
218.9066
173.8678
232.5904
224.1837
196.0106
302.7660
192.0348
204.9129
261.8705
253.6036
186.5862
156.0525
91.3527
99.8468
97.9919
77.1503
147.9306
133.9935
117.0428
61.9724
71.9778
71.4545
98.5475
67.4530
67.0486
98.9581
64.3678
83.1775
0.0000
0.0000
0.0000
0.0000
0.0000
0.0000
0.0000
0.0000
0.0000
0.0000
403.0517
379.7195
264.4041
197.5977
198.8761
249.8399
333.9295
290.7009
209.4328
273.9489
293.2575
261.0958
240.8850
296.0453
294.3841
367.6138
238.8042
172.5037
166.7135
107.9684
109.1850
96.0838
65.6255
81.8645
88.6865
134.1016
168.5467
87.0698
99.7307
82.0489
62.4475
65.1138
81.3250
96.3205
124.6944
108.6824
0.0000
0.0000
0.0000
0.0000
0.0000
0.0000
0.0000
0.0000
0.0000
0.0000
352.2956
308.4840
221.2239
198.5960
262.2159
368.8866
393.3949
236.3968
274.0667
290.4367
256.8869
287.4371
239.0139
280.0269
0.0000
0.0000
183.6132
137.6457
151.4981
82.9477
66.7703
59.7596
34.4724
29.9564
64.4187
111.5880
138.9378
136.0479
121.4244
146.4401
104.2081
102.6827
74.4586
120.8270
89.2241
119.2670
0.0000
0.0000
0.0000
0.0000
0.0000
0.0000
0.0000
0.0000
0.0000
0.0000
272.6397
205.8004
151.8026
166.5754
284.0675
390.1095
371.6791
223.6688
259.4984
271.4209
285.4149
203.3663
221.4507
184.8303
0.0000
0.0000
0.0000
0.0000
0.0000
0.0000
0.0000
0.0000
0.0000
0.0000
45.6666
57.7014
81.7367
117.9179
133.3509
161.4226
160.4043
108.0370
163.5865
93.1285
68.1745
96.1504
0.0000
0.0000
0.0000
0.0000
0.0000
0.0000
0.0000
0.0000
0.0000
0.0000
498.1609
324.0975
220.5005
260.8268
231.6914
308.2227
273.8664
307.4906
233.1606
180.6301
186.5125
140.4105
118.6867
120.3777
0.0000
0.0000
0.0000
0.0000
0.0000
0.0000
0.0000
0.0000
0.0000
0.0000
35.5751
32.9118
70.7484
133.5019
129.1194
146.1911
179.1514
128.9719
152.1080
208.6768
130.6157
126.7431
0.0000
0.0000
0.0000
0.0000
0.0000
0.0000
0.0000
0.0000
0.0000
0.0000
435.0260
334.8089
213.7118
339.4464
291.0256
239.6749
225.0299
207.3810
157.8048
119.8825
92.4819
79.8506
69.4230
97.3252
0.0000
0.0000
0.0000
0.0000
0.0000
0.0000
0.0000
0.0000
0.0000
0.0000
48.3204
46.6061
52.0167
117.7018
112.9441
174.1099
153.9810
108.9852
167.0025
166.0420
172.5032
167.0144
0.0000
0.0000
0.0000
0.0000
0.0000
0.0000
0.0000
0.0000
0.0000
0.0000
394.0108
237.5687
323.5783
283.4864
203.9082
228.3250
260.2070
270.4582
170.9546
111.2797
91.1255
83.2768
65.6079
57.6254
0.0000
0.0000
0.0000
0.0000
0.0000
0.0000
0.0000
0.0000
0.0000
0.0000
53.1873
66.1466
62.1715
66.2487
107.7319
111.8494
170.9216
183.0000
142.1489
182.7534
205.1284
292.3369
0.0000
0.0000
0.0000
0.0000
0.0000
0.0000
0.0000
0.0000
0.0000
0.0000
421.8783
222.4469
258.6333
208.6926
206.4881
193.4839
194.8574
239.1846
200.9554
160.7116
109.5460
59.1189
73.4061
67.3688
0.0000
0.0000
0.0000
0.0000
0.0000
0.0000
0.0000
0.0000
0.0000
0.0000
51.7547
52.1261
61.7192
106.7759
65.5150
64.2411
92.2262
167.1314
179.9733
201.8858
253.4430
251.9511
0.0000
0.0000
0.0000
0.0000
0.0000
0.0000
0.0000
0.0000
0.0000
0.0000
612.5696
348.6426
371.0438
219.1970
181.6970
203.6299
211.0792
193.6012
196.9606
261.4449
111.2023
105.1713
72.4650
52.9692
0.0000
0.0000
0.0000
0.0000
0.0000
0.0000
0.0000
0.0000
0.0000
0.0000
41.6435
46.2218
58.8586
105.4048
99.4892
72.0618
101.8370
123.3443
126.3969
155.9181
190.3658
279.2166
0.0000
0.0000
0.0000
0.0000
0.0000
0.0000
0.0000
0.0000
0.0000
0.0000
570.0237
482.9156
288.3253
238.5697
200.5007
178.0736
155.1864
165.2546
189.4558
154.3947
102.0535
98.2452
69.1040
53.1193
0.0000
0.0000
0.0000
0.0000
0.0000
0.0000
0.0000
0.0000
0.0000
0.0000
33.5109
47.4166
50.1852
97.3630
86.2989
82.7530
107.6012
90.2001
108.5578
155.9002
217.4645
224.7988
0.0000
0.0000
0.0000
0.0000
0.0000
0.0000
0.0000
0.0000
0.0000
0.0000
287.1039
300.6767
341.9068
258.6238
205.6662
168.5566
125.1914
87.4505
124.5110
122.4801
82.6748
107.6066
73.8558
41.8863
0.0000
0.0000
0.0000
0.0000
0.0000
0.0000
0.0000
0.0000
0.0000
0.0000
37.4155
34.2428
65.5557
118.0656
119.8541
119.6684
112.5444
97.1949
86.2044
135.3295
201.0241
202.3407
0.0000
0.0000
0.0000
0.0000
0.0000
0.0000
0.0000
0.0000
0.0000
0.0000
255.1671
269.3087
225.9635
296.4824
164.0447
141.4051
105.3555
100.8547
100.8739
120.8613
94.7413
79.9761
72.1606
49.7837
0.0000
0.0000
0.0000
0.0000
0.0000
0.0000
0.0000
0.0000
0.0000
0.0000
50.5283
35.0482
67.3922
91.3510
99.6668
100.8502
140.2565
169.0209
119.5851
150.4899
260.4398
275.3273
0.0000
0.0000
0.0000
0.0000
0.0000
0.0000
0.0000
0.0000
0.0000
0.0000
175.1061
236.0438
215.1721
235.8444
185.1118
97.3342
89.0531
82.9563
116.3694
111.2276
142.2084
92.1565
62.0607
64.7390
0.0000
0.0000
0.0000
0.0000
0.0000
0.0000
0.0000
0.0000
0.0000
0.0000
46.1896
53.5073
68.7147
77.5976
69.9143
80.4336
113.4012
175.1883
237.7205
206.8383
249.0889
285.4074
0.0000
0.0000
0.0000
0.0000
0.0000
0.0000
0.0000
0.0000
0.0000
0.0000
229.1573
194.8057
153.2725
176.7620
137.3701
89.4631
78.0270
103.3134
122.6264
110.5192
125.4970
86.6900
85.5284
71.2809
0.0000
0.0000
0.0000
0.0000
0.0000
0.0000
0.0000
0.0000
0.0000
0.0000
45.4941
38.7748
43.9118
41.2287
76.0946
139.0234
179.2739
257.3819
362.0301
224.0181
190.3844
181.6455
0.0000
0.0000
0.0000
0.0000
0.0000
0.0000
0.0000
0.0000
0.0000
0.0000
263.6171
227.2520
149.2161
131.4225
123.4677
125.4403
110.8865
104.6314
107.5933
80.4014
123.6635
89.3700
84.6879
80.5243
0.0000
0.0000
0.0000
0.0000
0.0000
0.0000
0.0000
0.0000
0.0000
0.0000
69.2983
52.4348
44.9126
41.0054
78.9774
98.3594
162.9492
235.3126
413.9910
244.7769
190.7701
180.5893
0.0000
0.0000
0.0000
0.0000
0.0000
0.0000
0.0000
0.0000
0.0000
0.0000
330.5184
177.3631
226.0770
193.8822
222.4274
157.5913
130.4200
77.3946
68.1277
78.3006
77.9391
55.1056
79.1555
44.9661
0.0000
0.0000
0.0000
0.0000
0.0000
0.0000
0.0000
0.0000
0.0000
0.0000
58.5621
84.3709
64.3564
74.6763
81.4949
146.3672
200.3396
196.9093
317.0162
284.9583
218.0087
242.3923
0.0000
0.0000
0.0000
0.0000
0.0000
0.0000
0.0000
0.0000
0.0000
0.0000
356.7231
241.8814
223.9973
200.6662
186.8210
154.4213
131.1798
83.3809
71.4560
79.2664
51.6375
59.1245
65.0411
49.2244
0.0000
0.0000
0.0000
0.0000
0.0000
0.0000
0.0000
0.0000
0.0000
0.0000
57.0622
73.9647
70.0053
74.7395
80.5805
125.9790
257.0136
173.4076
245.1160
232.9277
261.6876
256.3411
0.0000
0.0000
0.0000
0.0000
0.0000
0.0000
0.0000
0.0000
0.0000
0.0000
287.3353
243.9680
162.5788
164.1246
220.8338
157.6865
117.2768
107.8312
133.4698
101.8216
79.7447
47.8601
50.0691
64.9651
0.0000
0.0000
0.0000
0.0000
0.0000
0.0000
0.0000
0.0000
0.0000
0.0000
73.3509
91.5654
66.5754
79.8578
85.3780
130.7501
124.6700
160.3925
208.1012
295.7126
222.3289
187.9294
0.0000
0.0000
0.0000
0.0000
0.0000
0.0000
0.0000
0.0000
0.0000
0.0000
320.2937
271.7264
216.8905
192.4067
230.8336
203.2949
161.5942
144.8490
138.4098
111.8446
77.7068
67.6728
43.6433
79.0911
0.0000
0.0000
0.0000
0.0000
0.0000
0.0000
0.0000
0.0000
0.0000
0.0000
83.5277
77.3199
92.2896
105.4597
88.3606
107.2215
176.7666
180.8769
236.1384
163.0817
232.4526
156.8219
0.0000
0.0000
0.0000
0.0000
0.0000
0.0000
0.0000
0.0000
0.0000
0.0000
425.0201
301.3851
292.3735
264.5754
199.5187
210.2870
186.3872
139.8258
145.5577
118.6251
90.6081
77.6943
75.1363
101.2503
0.0000
0.0000
0.0000
0.0000
0.0000
0.0000
0.0000
0.0000
0.0000
0.0000
76.5779
93.1215
86.6999
104.0351
97.9223
111.6758
118.6896
168.9724
179.6950
139.5903
202.5842
288.7883
0.0000
0.0000
0.0000
0.0000
0.0000
0.0000
0.0000
0.0000
0.0000
0.0000
471.5171
277.5512
340.0972
217.8207
206.0400
216.5123
209.8713
179.0189
158.4594
125.4912
79.7265
60.6458
103.2430
124.2373
0.0000
0.0000
0.0000
0.0000
0.0000
0.0000
0.0000
0.0000
0.0000
0.0000
68.2914
83.2866
96.0267
89.6581
78.6410
89.8666
87.1274
106.2563
198.2807
226.6796
251.3787
412.1743
0.0000
0.0000
0.0000
0.0000
0.0000
0.0000
0.0000
0.0000
0.0000
0.0000
0.0000
554.2686
389.1776
337.4362
236.4619
155.9444
177.3544
158.3600
164.7171
143.8335
93.5634
83.6449
142.1799
126.4988
0.0000
0.0000
0.0000
0.0000
0.0000
0.0000
0.0000
0.0000
0.0000
0.0000
77.3948
80.1723
85.0454
51.7594
55.9177
65.2101
70.3105
111.3440
208.2382
219.9875
200.6401
507.6399
0.0000
0.0000
0.0000
0.0000
0.0000
0.0000
0.0000
0.0000
0.0000
0.0000
0.0000
355.0900
498.9343
267.0522
151.4714
200.0339
152.8824
104.3767
129.0304
111.5008
116.4626
0.0000
0.0000
149.2256
0.0000
0.0000
0.0000
0.0000
0.0000
0.0000
0.0000
0.0000
0.0000
0.0000
82.3140
70.3704
88.2728
47.3147
47.8832
53.7670
50.5612
95.1010
116.7157
206.4176
291.3865
386.5140
0.0000
0.0000
0.0000
0.0000
0.0000
0.0000
0.0000
0.0000
0.0000
0.0000
0.0000
0.0000
377.0788
282.6170
187.0986
182.8997
96.5294
130.9931
86.9134
85.7204
83.8069
0.0000
0.0000
0.0000
0.0000
0.0000
0.0000
0.0000
0.0000
0.0000
0.0000
0.0000
0.0000
0.0000
76.3657
70.7679
53.0645
55.9643
56.4163
48.9009
66.4831
103.3933
96.3337
140.4142
290.4110
336.8203
0.0000
0.0000
0.0000
0.0000
0.0000
0.0000
0.0000
0.0000
0.0000
0.0000
0.0000
0.0000
0.0000
213.3119
136.6581
107.1665
90.2062
73.7681
82.4618
122.0145
75.5466
0.0000
0.0000
0.0000
0.0000
0.0000
0.0000
0.0000
0.0000
0.0000
0.0000
0.0000
0.0000
0.0000
58.0889
72.5899
50.4309
93.6099
67.8870
70.1889
87.5481
77.1348
84.5692
121.9793
104.1718
159.0955
0.0000
0.0000
0.0000
0.0000
0.0000
0.0000
0.0000
0.0000
0.0000
0.0000
0.0000
0.0000
0.0000
0.0000
138.4665
98.6461
92.2887
84.1898
134.3144
141.7852
124.5557
0.0000
0.0000
0.0000
0.0000
0.0000
0.0000
0.0000
0.0000
0.0000
0.0000
0.0000
0.0000
0.0000
73.5130
67.8903
77.4441
84.1418
83.9802
116.1640
96.9766
106.7582
103.1798
125.0984
78.8357
104.2249
0.0000
0.0000
0.0000
0.0000
0.0000
0.0000
0.0000
0.0000
0.0000
0.0000
0.0000
0.0000
0.0000
0.0000
141.8534
105.8565
134.5394
113.5821
171.2570
182.2340
117.2784
0.0000
0.0000
0.0000
0.0000
0.0000
0.0000
0.0000
0.0000
0.0000
0.0000
0.0000
0.0000
0.0000
58.2289
38.7168
67.7224
66.8954
100.0255
112.7558
138.6736
84.9986
81.5865
103.1257
108.6777
113.0049
0.0000
0.0000
0.0000
0.0000
0.0000
0.0000
0.0000
0.0000
0.0000
0.0000
0.0000
0.0000
0.0000
0.0000
0.0000
0.0000
98.2745
118.6207
185.1932
151.8915
132.1829
0.0000
0.0000
0.0000
0.0000
0.0000
0.0000
0.0000
0.0000
0.0000
0.0000
0.0000
0.0000
0.0000
0.0000
50.3867
76.1401
51.9398
88.9827
102.2917
76.6971
86.8041
97.7254
70.1462
152.3094
168.4580
0.0000
0.0000
0.0000
0.0000
0.0000
0.0000
0.0000
0.0000
0.0000
0.0000
0.0000
0.0000
0.0000
0.0000
0.0000
0.0000
120.3063
123.5073
144.5421
124.1670
87.3230
0.0000
0.0000
0.0000
0.0000
0.0000
0.0000
0.0000
0.0000
0.0000
0.0000
0.0000
0.0000
0.0000
0.0000
0.0000
0.0000
44.6445
72.7637
64.6212
69.1974
86.6070
82.5610
77.3982
167.6073
140.7596
0.0000
0.0000
0.0000
0.0000
0.0000
0.0000
0.0000
0.0000
0.0000
0.0000
0.0000
0.0000
0.0000
0.0000
0.0000
0.0000
0.0000
173.3893
107.8407
91.5137
87.2441
0.0000
0.0000
0.0000
0.0000
0.0000
0.0000
0.0000
0.0000
0.0000
0.0000
0.0000
0.0000
0.0000
0.0000
0.0000
0.0000
0.0000
68.5626
62.9209
118.4642
76.1542
65.8876
110.8954
139.3623
109.7367
0.0000
0.0000
0.0000
0.0000
0.0000
0.0000
0.0000
0.0000
0.0000
0.0000
0.0000
0.0000
0.0000
0.0000
0.0000
0.0000
0.0000
0.0000
137.6816
107.3960
103.8978
0.0000
0.0000
0.0000
0.0000
0.0000
0.0000
0.0000
0.0000
0.0000
0.0000
0.0000
0.0000
0.0000
0.0000
0.0000
0.0000
0.0000
0.0000
65.6541
134.7178
92.4423
88.6445
124.9846
127.8593
99.8549
0.0000
0.0000
0.0000
0.0000
0.0000
0.0000
0.0000
0.0000
0.0000
0.0000
0.0000
0.0000
0.0000
0.0000
0.0000
0.0000
0.0000
0.0000
153.6951
165.9821
184.2809
0.0000
0.0000
0.0000
0.0000
0.0000
0.0000
0.0000
0.0000
0.0000
0.0000
0.0000
0.0000
0.0000
0.0000
0.0000
0.0000
0.0000
0.0000
0.0000
134.7103
89.6075
79.8835
86.9922
75.2640
139.6438
0.0000
0.0000
0.0000
0.0000
0.0000
0.0000
0.0000
0.0000
0.0000
0.0000
0.0000
0.0000
0.0000
0.0000
0.0000
0.0000
0.0000
0.0000
0.0000
223.0562
235.1607
0.0000
0.0000
0.0000
0.0000
0.0000
0.0000
0.0000
0.0000
0.0000
0.0000
0.0000
0.0000
0.0000
0.0000
0.0000
0.0000
0.0000
0.0000
0.0000
0.0000
0.0000
129.9427
108.7449
89.1505
116.5051
0.0000
0.0000
0.0000
0.0000
0.0000
0.0000
0.0000
0.0000
0.0000
0.0000
0.0000
0.0000
0.0000
0.0000
0.0000
0.0000
0.0000
0.0000
0.0000
0.0000
0.0000
0.0000
0.0000
0.0000
0.0000
0.0000
0.0000
0.0000
0.0000
0.0000
0.0000
0.0000
0.0000
0.0000
0.0000
0.0000
0.0000
0.0000
0.0000
0.0000
0.0000
0.0000
0.0000
108.8051
110.0173
160.6193
0.0000
0.0000
0.0000
0.0000
0.0000
0.0000
0.0000
0.0000
0.0000
0.0000
0.0000
0.0000
0.0000
0.0000
0.0000
0.0000
0.0000
0.0000
0.0000
0.0000
0.0000
0.0000
0.0000
0.0000
0.0000
0.0000
0.0000
0.0000
0.0000
0.0000
0.0000
0.0000
0.0000
0.0000
0.0000
0.0000
0.0000
0.0000
0.0000
0.0000
0.0000
0.0000
0.0000
139.2860
94.9784
201.9846
0.0000
0.0000
0.0000
0.0000
0.0000
0.0000
0.0000
0.0000
0.0000
0.0000
0.0000
0.0000
0.0000
0.0000
0.0000
0.0000
0.0000
0.0000
0.0000
0.0000
0.0000
0.0000
0.0000
0.0000
0.0000
0.0000
0.0000
0.0000
0.0000
0.0000
0.0000
0.0000
0.0000
0.0000
0.0000
0.0000
0.0000
0.0000
0.0000
0.0000
0.0000
0.0000
0.0000
0.0000
0.0000
0.0000
0.0000
0.0000
0.0000
0.0000
0.0000
0.0000
0.0000
0.0000
0.0000
0.0000
0.0000
0.0000
0.0000
0.0000
0.0000
0.0000
0.0000
0.0000
0.0000
0.0000
0.0000
0.0000
0.0000
0.0000
0.0000
0.0000
0.0000
0.0000
0.0000
0.0000
0.0000
0.0000
0.0000
0.0000
0.0000
0.0000
0.0000
0.0000
0.0000
0.0000
0.0000
0.0000
0.0000
0.0000
0.0000
0.0000
0.0000
0.0000
0.0000
0.0000
0.0000
0.0000
0.0000
0.0000
0.0000
0.0000
0.0000
0.0000
0.0000
0.0000
0.0000
0.0000
0.0000
0.0000
0.0000
0.0000
0.0000
0.0000
0.0000
0.0000
0.0000
0.0000
0.0000
0.0000
0.0000
0.0000
0.0000
0.0000
0.0000
0.0000
0.0000
0.0000
0.0000
0.0000
0.0000
0.0000
0.0000
0.0000
0.0000
0.0000
0.0000
0.0000
0.0000
0.0000
0.0000
0.0000
0.0000
0.0000
0.0000
0.0000
0.0000
0.0000
0.0000
0.0000
0.0000
0.0000
0.0000
0.0000
0.0000
0.0000
0.0000
0.0000
0.0000
0.0000
0.0000
0.0000
0.0000
0.0000
0.0000
0.0000
0.0000
0.0000
0.0000
0.0000
0.0000
0.0000
0.0000
0.0000
0.0000
0.0000
0.0000
0.0000
0.0000
0.0000
0.0000
0.0000
0.0000
0.0000
0.0000
0.0000
0.0000
0.0000
0.0000
0.0000
0.0000
0.0000
0.0000
0.0000
0.0000
0.0000
0.0000
0.0000
0.0000
0.0000
0.0000
0.0000
0.0000
0.0000
0.0000
0.0000
0.0000
0.0000
0.0000
0.0000
0.0000
0.0000
0.0000
0.0000
0.0000
0.0000
0.0000
0.0000
0.0000
0.0000
0.0000
0.0000
0.0000
0.0000
0.0000
0.0000
0.0000
0.0000
0.0000
0.0000
0.0000
0.0000
0.0000
0.0000
0.0000
0.0000
0.0000
0.0000
0.0000
0.0000
0.0000
0.0000
0.0000
0.0000
0.0000
0.0000
0.0000
0.0000
0.0000
0.0000
0.0000
0.0000
0.0000
0.0000
0.0000
0.0000
0.0000
0.0000
0.0000
0.0000
0.0000
0.0000
0.0000
0.0000
0.0000
0.0000
0.0000
0.0000
0.0000
0.0000
0.0000
0.0000
0.0000
0.0000
0.0000
0.0000
0.0000
0.0000
0.0000
0.0000
0.0000
0.0000
0.0000
0.0000
0.0000
0.0000
0.0000
0.0000
0.0000
0.0000
0.0000
0.0000
0.0000
0.0000
0.0000
0.0000
0.0000
0.0000
0.0000
0.0000
0.0000
0.0000
0.0000
0.0000
0.0000
0.0000
0.0000
0.0000
0.0000
0.0000
0.0000
0.0000
0.0000
0.0000
0.0000
0.0000
0.0000
0.0000
0.0000
0.0000
0.0000
0.0000
0.0000
0.0000
0.0000
0.0000
0.0000
0.0000
0.0000
0.0000
0.0000
0.0000
0.0000
0.0000
0.0000
0.0000
0.0000
0.0000
0.0000
0.0000
0.0000
0.0000
0.0000
0.0000
0.0000
0.0000
0.0000
0.0000
0.0000
0.0000
0.0000
0.0000
0.0000
0.0000
0.0000
0.0000
0.0000
0.0000
0.0000
0.0000
0.0000
0.0000
0.0000
0.0000
0.0000
0.0000
0.0000
0.0000
0.0000
0.0000
0.0000
0.0000
0.0000
0.0000
0.0000
0.0000
0.0000
0.0000
0.0000
0.0000
0.0000
0.0000
0.0000
0.0000
0.0000
0.0000
0.0000
0.0000
0.0000
0.0000
0.0000
0.0000
0.0000
0.0000
0.0000
0.0000
0.0000
0.0000
0.0000
0.0000
0.0000
0.0000
0.0000
0.0000
0.0000
0.0000
0.0000
0.0000
0.0000
0.0000
0.0000
0.0000
0.0000
0.0000
0.0000
0.0000
0.0000
0.0000
0.0000
0.0000
0.0000
0.0000
0.0000
0.0000
0.0000
0.0000
0.0000
0.0000
0.0000
0.0000
0.0000
0.0000
0.0000
0.0000
0.0000
0.0000
0.0000
0.0000
0.0000
0.0000
0.0000
0.0000
0.0000
0.0000
0.0000
0.0000
0.0000
0.0000
0.0000
0.0000
0.0000
0.0000
0.0000
0.0000
0.0000
0.0000
0.0000
0.0000
0.0000
0.0000
0.0000
0.0000
0.0000
0.0000
0.0000
0.0000
0.0000
0.0000
0.0000
0.0000
0.0000
0.0000
0.0000
0.0000
0.0000
0.0000
0.0000
0.0000
0.0000
0.0000
0.0000
0.0000
0.0000
0.0000
0.0000
0.0000
0.0000
0.0000
0.0000
0.0000
0.0000
0.0000
0.0000
0.0000
0.0000
0.0000
0.0000
0.0000
0.0000
0.0000
0.0000
0.0000
0.0000
0.0000
0.0000
0.0000
0.0000
0.0000
0.0000
0.0000
0.0000
0.0000
0.0000
0.0000
0.0000
0.0000
0.0000
0.0000
0.0000
0.0000
0.0000
0.0000
0.0000
0.0000
0.0000
0.0000
0.0000
0.0000
0.0000
0.0000
0.0000
0.0000
0.0000
0.0000
0.0000
0.0000
0.0000
0.0000
0.0000
0.0000
0.0000
0.0000
0.0000
0.0000
0.0000
0.0000
0.0000
0.0000
0.0000
0.0000
0.0000
0.0000
0.0000
0.0000
0.0000
0.0000
0.0000
0.0000
0.0000
0.0000
0.0000
0.0000
0.0000
0.0000
0.0000
0.0000
0.0000
0.0000
0.0000
0.0000
0.0000
0.0000
0.0000
0.0000
0.0000
0.0000
0.0000
0.0000
0.0000
0.0000
0.0000
0.0000
0.0000
0.0000
0.0000
0.0000
0.0000
0.0000
0.0000
0.0000
0.0000
0.0000
0.0000
0.0000
0.0000
0.0000
0.0000
0.0000
0.0000
0.0000
0.0000
0.0000
0.0000
0.0000
0.0000
0.0000
0.0000
0.0000
0.0000
0.0000
0.0000
0.0000
0.0000
0.0000
0.0000
0.0000
0.0000
0.0000
0.0000
0.0000
0.0000
0.0000
0.0000
0.0000
0.0000
0.0000
0.0000
0.0000
0.0000
0.0000
0.0000
0.0000
0.0000
0.0000
0.0000
0.0000
0.0000
0.0000
0.0000
0.0000
0.0000
0.0000
0.0000
0.0000
0.0000
0.0000
0.0000
0.0000
0.0000
0.0000
0.0000
0.0000
0.0000
0.0000
0.0000
0.0000
0.0000
0.0000
0.0000
0.0000
0.0000
0.0000
0.0000
0.0000
0.0000
0.0000
0.0000
0.0000
0.0000
0.0000
0.0000
0.0000
0.0000
0.0000
0.0000
0.0000
0.0000
0.0000
0.0000
0.0000
0.0000
0.0000
0.0000
0.0000
0.0000
0.0000
0.0000
0.0000
0.0000
0.0000
0.0000
0.0000
0.0000
0.0000
0.0000
0.0000
0.0000
0.0000
0.0000
0.0000
0.0000
0.0000
0.0000
0.0000
0.0000
0.0000
0.0000
0.0000
0.0000
0.0000
0.0000
0.0000
0.0000
0.0000
0.0000
0.0000
0.0000
0.0000
0.0000
0.0000
0.0000
0.0000
0.0000
0.0000
0.0000
0.0000
0.0000
0.0000
0.0000
0.0000
0.0000
0.0000
0.0000
0.0000
0.0000
0.0000
0.0000
0.0000
0.0000
0.0000
0.0000
0.0000
0.0000
0.0000
0.0000
0.0000
0.0000
0.0000
0.0000
0.0000
0.0000
0.0000
0.0000
0.0000
0.0000
0.0000
0.0000
0.0000
0.0000
0.0000
0.0000
0.0000
0.0000
0.0000
0.0000
0.0000
0.0000
0.0000
0.0000
0.0000
0.0000
0.0000
0.0000
0.0000
0.0000
0.0000
0.0000
0.0000
0.0000
0.0000
0.0000
0.0000
0.0000
0.0000
0.0000
0.0000
0.0000
0.0000
0.0000
0.0000
0.0000
0.0000
0.0000
0.0000
0.0000
0.0000
0.0000
0.0000
0.0000
0.0000
0.0000
0.0000
0.0000
0.0000
0.0000
0.0000
0.0000
0.0000
0.0000
0.0000
0.0000
0.0000
0.0000
0.0000
0.0000
0.0000
0.0000
0.0000
0.0000
0.0000
0.0000
0.0000
0.0000
0.0000
0.0000
0.0000
0.0000
0.0000
0.0000
0.0000
0.0000
0.0000
0.0000
0.0000
0.0000
0.0000
0.0000
0.0000
0.0000
0.0000
0.0000
0.0000
0.0000
0.0000
0.0000
0.0000
0.0000
0.0000
0.0000
0.0000
0.0000
0.0000
0.0000
0.0000
0.0000
0.0000
0.0000
0.0000
0.0000
0.0000
0.0000
0.0000
0.0000
0.0000
0.0000
0.0000
0.0000
0.0000
0.0000
0.0000
0.0000
0.0000
0.0000
0.0000
0.0000
0.0000
0.0000
0.0000
0.0000
0.0000
0.0000
0.0000
0.0000
0.0000
0.0000
0.0000
0.0000
0.0000
0.0000
0.0000
0.0000
0.0000
0.0000
0.0000
0.0000
0.0000
0.0000
0.0000
0.0000
0.0000
0.0000
0.0000
0.0000
0.0000
0.0000
0.0000
0.0000
0.0000
0.0000
0.0000
0.0000
0.0000
0.0000
0.0000
0.0000
0.0000
0.0000
0.0000
0.0000
0.0000
0.0000
0.0000
0.0000
0.0000
0.0000
0.0000
0.0000
0.0000
0.0000
0.0000
277.5261
277.1750
310.6550
500.5232
592.1740
796.2677
722.8893
707.8256
954.9101
714.7015
630.8123
640.0809
1064.8835
1928.7847
1231.8370
603.3618
487.1226
219.8838
176.9259
168.9437
148.2465
175.9041
204.2495
101.1268
0.0000
0.0000
0.0000
0.0000
0.0000
0.0000
0.0000
0.0000
0.0000
0.0000
0.0000
0.0000
0.0000
0.0000
0.0000
0.0000
0.0000
0.0000
0.0000
0.0000
0.0000
0.0000
210.9379
287.8998
336.0941
405.1343
564.4990
867.0375
583.4995
586.5546
554.3503
617.9309
755.3919
974.7590
1512.3893
1542.4543
1226.9579
838.1569
494.8302
378.4722
216.2119
231.9937
192.2015
167.5627
161.2978
191.0222
0.0000
0.0000
0.0000
0.0000
0.0000
0.0000
0.0000
0.0000
0.0000
0.0000
0.0000
0.0000
0.0000
0.0000
0.0000
0.0000
0.0000
0.0000
0.0000
0.0000
0.0000
0.0000
191.2367
275.6648
351.7719
309.7605
567.6492
548.5823
506.3914
406.2086
403.8087
635.4362
846.7040
1055.4882
1527.1813
1979.3932
1307.9930
811.0931
448.5210
303.6006
265.0152
280.4680
242.2453
285.5230
98.9291
148.6171
0.0000
0.0000
0.0000
0.0000
0.0000
0.0000
0.0000
0.0000
0.0000
0.0000
0.0000
0.0000
0.0000
0.0000
0.0000
0.0000
0.0000
0.0000
0.0000
0.0000
0.0000
0.0000
277.5406
203.0382
356.0078
395.9282
540.7450
513.9213
658.0873
452.2006
551.8114
647.0212
808.8599
814.0884
1162.0085
958.2914
893.0223
620.5071
503.4431
328.0617
324.8402
244.0865
258.1263
267.4673
115.0163
156.5025
0.0000
0.0000
0.0000
0.0000
0.0000
0.0000
0.0000
0.0000
0.0000
0.0000
0.0000
0.0000
0.0000
0.0000
0.0000
0.0000
0.0000
0.0000
0.0000
0.0000
0.0000
0.0000
257.0156
359.5020
232.1017
215.0904
245.0695
367.1661
413.8320
661.6909
729.6711
533.2791
626.7728
610.8633
606.2822
672.5016
707.7280
546.3860
346.0895
269.9536
228.7973
359.0924
260.0427
287.3562
218.5627
169.5780
0.0000
0.0000
0.0000
0.0000
0.0000
0.0000
0.0000
0.0000
0.0000
0.0000
0.0000
0.0000
0.0000
0.0000
0.0000
0.0000
0.0000
0.0000
0.0000
0.0000
0.0000
0.0000
333.4293
362.5126
197.6194
202.9412
150.6538
199.4702
333.1243
349.5836
357.8642
342.6035
356.9961
391.5467
691.8581
529.4130
530.4023
352.0329
224.2388
307.5263
231.7537
261.4458
233.4977
257.7379
228.0079
136.8187
0.0000
0.0000
0.0000
0.0000
0.0000
0.0000
0.0000
0.0000
0.0000
0.0000
0.0000
0.0000
0.0000
0.0000
0.0000
0.0000
0.0000
0.0000
0.0000
0.0000
0.0000
0.0000
358.5718
235.1234
125.3506
127.7828
188.6993
162.5864
288.9840
309.3374
285.0895
323.9362
335.4814
392.7589
392.5659
357.9009
337.6108
299.0949
284.5591
294.0507
283.5894
203.6913
176.3581
166.4589
157.8354
284.3156
0.0000
0.0000
0.0000
0.0000
0.0000
0.0000
0.0000
0.0000
0.0000
0.0000
0.0000
0.0000
0.0000
0.0000
0.0000
0.0000
0.0000
0.0000
0.0000
0.0000
0.0000
0.0000
278.0423
203.9695
157.4647
140.2831
147.6779
176.9946
281.0409
265.2783
201.4404
228.0088
271.7325
353.2643
396.5977
298.0696
223.5032
249.9169
204.1727
157.5770
262.9479
181.1596
256.1581
202.3158
261.8084
241.6934
0.0000
0.0000
0.0000
0.0000
0.0000
0.0000
0.0000
0.0000
0.0000
0.0000
0.0000
0.0000
0.0000
0.0000
0.0000
0.0000
0.0000
0.0000
0.0000
0.0000
0.0000
0.0000
332.1371
215.2662
142.4139
178.1104
145.3727
138.6754
258.0281
330.1483
183.9519
306.7691
272.6469
312.4742
311.2051
177.3569
152.3454
128.9406
127.0119
138.8910
168.7390
187.4215
254.4045
277.5829
215.2662
234.4996
0.0000
0.0000
0.0000
0.0000
0.0000
0.0000
0.0000
0.0000
0.0000
0.0000
0.0000
0.0000
0.0000
0.0000
0.0000
0.0000
0.0000
0.0000
0.0000
0.0000
0.0000
0.0000
245.3972
200.1287
179.1531
212.7509
182.6655
180.9995
320.1128
172.0052
237.9821
329.6863
257.9702
251.6641
305.4802
221.5989
163.1607
108.2725
118.6476
145.0378
115.4238
174.5738
314.3846
246.6532
262.3828
216.2699
0.0000
0.0000
0.0000
0.0000
0.0000
0.0000
0.0000
0.0000
0.0000
0.0000
0.0000
0.0000
0.0000
0.0000
0.0000
0.0000
0.0000
0.0000
0.0000
0.0000
0.0000
0.0000
218.3890
184.0127
148.8730
115.6921
181.9835
235.8127
254.0249
204.7360
292.0919
444.3082
251.5640
212.9336
169.3921
171.4235
145.2195
131.9642
106.4827
95.0972
140.7055
318.3626
187.3236
217.5923
197.1491
344.1754
0.0000
0.0000
0.0000
0.0000
0.0000
0.0000
0.0000
0.0000
0.0000
0.0000
0.0000
0.0000
0.0000
0.0000
0.0000
0.0000
0.0000
0.0000
0.0000
0.0000
0.0000
0.0000
387.2120
270.1620
156.3764
138.6986
139.0651
210.0737
175.9501
319.3099
280.0334
298.4297
262.1133
183.8325
213.0861
179.7144
132.0352
145.4671
88.8461
142.1664
160.4894
220.9833
205.4459
196.6672
302.1169
395.4921
0.0000
0.0000
0.0000
0.0000
0.0000
0.0000
0.0000
0.0000
0.0000
0.0000
0.0000
0.0000
0.0000
0.0000
0.0000
0.0000
0.0000
0.0000
0.0000
0.0000
0.0000
0.0000
386.1935
360.2198
165.7751
209.7194
201.5941
332.1769
200.0863
255.0358
300.4812
175.1174
203.6822
154.2886
285.7879
149.2830
169.9872
174.4569
139.8951
140.7194
193.3213
222.0798
318.5559
395.3945
432.4953
455.7645
0.0000
0.0000
0.0000
0.0000
0.0000
0.0000
0.0000
0.0000
0.0000
0.0000
0.0000
0.0000
0.0000
0.0000
0.0000
0.0000
0.0000
0.0000
0.0000
0.0000
0.0000
0.0000
318.9500
423.2627
314.9290
206.3800
184.6830
263.4214
235.8363
252.4417
316.0534
239.2271
246.3059
253.6530
212.6833
218.3860
157.1689
162.1784
161.7997
199.4052
178.1023
246.5862
421.6344
438.5240
628.4169
455.5952
0.0000
0.0000
0.0000
0.0000
0.0000
0.0000
0.0000
0.0000
0.0000
0.0000
0.0000
0.0000
0.0000
0.0000
0.0000
0.0000
0.0000
0.0000
0.0000
0.0000
0.0000
0.0000
361.3030
450.3643
375.7084
288.5008
218.1982
298.5252
201.6788
256.3420
381.7358
361.7658
354.8234
360.0623
216.6570
221.8591
202.0146
177.2583
201.0044
210.1346
276.0464
362.4030
462.9285
475.4380
508.6846
502.0726
0.0000
0.0000
0.0000
0.0000
0.0000
0.0000
0.0000
0.0000
0.0000
0.0000
0.0000
0.0000
0.0000
0.0000
0.0000
0.0000
0.0000
0.0000
0.0000
0.0000
0.0000
0.0000
305.7569
401.4009
382.4741
386.3353
415.1182
367.4030
355.0231
380.2494
280.1458
439.3093
312.2978
271.5899
221.4548
145.8079
179.0529
161.5001
245.0636
250.3681
302.6746
356.9418
411.5911
337.0075
564.3591
509.9281
0.0000
0.0000
0.0000
0.0000
0.0000
0.0000
0.0000
0.0000
0.0000
0.0000
0.0000
0.0000
0.0000
0.0000
0.0000
0.0000
0.0000
0.0000
0.0000
0.0000
0.0000
0.0000
454.0458
470.6776
609.6116
344.7371
356.8489
344.7678
411.9848
428.0780
418.1066
380.6319
274.3736
255.4077
186.9354
170.1131
194.2422
193.1353
242.8459
308.9760
358.9908
428.5432
402.5321
457.9660
513.6548
444.3737
0.0000
0.0000
0.0000
0.0000
0.0000
0.0000
0.0000
0.0000
0.0000
0.0000
0.0000
0.0000
0.0000
0.0000
0.0000
0.0000
0.0000
0.0000
0.0000
0.0000
0.0000
0.0000
910.8831
652.6417
535.0007
609.9566
583.0953
291.1910
402.9116
509.6953
385.4777
263.5156
296.5343
225.9673
223.9825
195.3832
268.8498
280.7857
331.9624
299.3123
390.8622
438.0964
390.1384
626.2202
805.6488
519.0677
0.0000
0.0000
0.0000
0.0000
0.0000
0.0000
0.0000
0.0000
0.0000
0.0000
0.0000
0.0000
0.0000
0.0000
0.0000
0.0000
0.0000
0.0000
0.0000
0.0000
0.0000
0.0000
659.6113
630.6416
590.2540
590.1457
611.2537
479.4649
497.9013
530.2444
406.5263
419.3141
239.3021
167.5427
257.7460
162.4658
223.1230
214.6237
316.9925
443.8504
428.4718
516.7688
778.9548
687.0334
603.1134
945.3555
0.0000
0.0000
0.0000
0.0000
0.0000
0.0000
0.0000
0.0000
0.0000
0.0000
0.0000
0.0000
0.0000
0.0000
0.0000
0.0000
0.0000
0.0000
0.0000
0.0000
0.0000
0.0000
634.2623
507.1889
471.3792
600.1454
747.4733
681.0290
567.4347
680.6378
577.8358
617.5283
321.6850
173.6249
192.9592
227.1409
173.2827
220.5233
245.8783
456.2454
491.6489
912.0387
761.0056
574.3996
717.7415
780.9418
0.0000
0.0000
0.0000
0.0000
0.0000
0.0000
0.0000
0.0000
0.0000
0.0000
0.0000
0.0000
0.0000
0.0000
0.0000
0.0000
0.0000
0.0000
0.0000
0.0000
0.0000
0.0000
879.1561
562.7387
508.3763
1061.4595
947.7035
707.0577
612.7036
516.7833
419.8588
471.2282
398.3465
347.2382
342.9344
271.3979
247.5831
278.5469
263.3517
354.3686
504.0583
808.3899
918.2808
576.9977
762.0609
679.5160
0.0000
0.0000
0.0000
0.0000
0.0000
0.0000
0.0000
0.0000
0.0000
0.0000
0.0000
0.0000
0.0000
0.0000
0.0000
0.0000
0.0000
0.0000
0.0000
0.0000
0.0000
0.0000
830.4335
772.8907
685.4493
1164.3986
987.5516
638.8555
607.5082
397.6722
500.9131
528.1115
579.0142
508.9484
427.2887
350.2174
287.8742
312.9326
277.3614
565.6933
748.0491
1049.7281
969.3266
814.2335
857.6672
881.4927
0.0000
0.0000
0.0000
0.0000
0.0000
0.0000
0.0000
0.0000
0.0000
0.0000
0.0000
0.0000
0.0000
0.0000
0.0000
0.0000
0.0000
0.0000
0.0000
0.0000
0.0000
0.0000
668.5497
646.8399
877.0483
1188.2676
923.9893
836.6335
696.0311
586.5626
544.7554
587.8345
605.4062
495.1503
559.7194
409.7607
315.1474
254.7789
316.9358
509.0365
659.0193
1156.4221
1004.7392
1072.2310
1238.7422
895.5444
0.0000
0.0000
0.0000
0.0000
0.0000
0.0000
0.0000
0.0000
0.0000
0.0000
0.0000
0.0000
0.0000
0.0000
0.0000
0.0000
0.0000
0.0000
0.0000
0.0000
0.0000
0.0000
662.4471
952.5967
1267.8483
1228.2415
1309.1562
1000.9736
676.0552
627.9664
564.8480
579.4009
607.5831
555.1078
388.0809
650.3509
499.7200
596.4907
859.1782
676.5781
568.5567
850.0981
898.6970
1313.2773
1740.6370
910.8980
0.0000
0.0000
0.0000
0.0000
0.0000
0.0000
0.0000
0.0000
0.0000
0.0000
0.0000
0.0000
0.0000
0.0000
0.0000
0.0000
0.0000
0.0000
0.0000
0.0000
0.0000
0.0000
589.5017
769.8047
1259.6552
901.4097
808.5986
864.6747
668.8043
490.5508
497.7632
525.0935
586.4366
603.9581
544.7087
582.7271
725.8333
837.8040
612.9750
681.5167
642.4714
764.1089
883.4457
1204.9576
1146.2312
896.5430
0.0000
0.0000
0.0000
0.0000
0.0000
0.0000
0.0000
0.0000
0.0000
0.0000
0.0000
0.0000
0.0000
0.0000
0.0000
0.0000
0.0000
0.0000
0.0000
0.0000
0.0000
0.0000
417.1837
616.7733
878.0688
661.5502
782.1185
727.9357
588.7653
555.6879
660.4731
473.0621
451.8035
569.3109
548.5311
676.1953
717.7999
579.0020
547.8297
565.0958
588.9619
665.5681
712.6837
1037.9855
846.0829
569.4120
0.0000
0.0000
0.0000
0.0000
0.0000
0.0000
0.0000
0.0000
0.0000
0.0000
0.0000
0.0000
0.0000
0.0000
0.0000
0.0000
0.0000
0.0000
0.0000
0.0000
0.0000
0.0000
375.1143
574.7391
520.5950
482.7787
652.2718
634.6012
554.6019
651.4647
685.7224
553.7580
503.0383
586.3799
588.6569
628.0260
783.2090
652.5682
687.4110
703.8153
622.2812
721.6455
541.1769
721.4907
895.2374
402.4230
0.0000
0.0000
0.0000
0.0000
0.0000
0.0000
0.0000
0.0000
0.0000
0.0000
0.0000
0.0000
0.0000
0.0000
0.0000
0.0000
0.0000
0.0000
0.0000
0.0000
0.0000
0.0000
355.5772
463.0818
566.7452
976.1530
778.2744
639.3649
603.8636
719.3774
566.6171
545.5830
634.4268
605.4370
533.2308
551.5854
506.0178
780.8957
724.1025
654.6509
890.8842
603.7450
559.7745
593.1481
680.0092
284.6165
0.0000
0.0000
0.0000
0.0000
0.0000
0.0000
0.0000
0.0000
0.0000
0.0000
0.0000
0.0000
0.0000
0.0000
0.0000
0.0000
0.0000
0.0000
0.0000
0.0000
0.0000
0.0000
307.1686
494.8190
732.3460
849.3254
680.2531
425.8684
380.7487
644.7864
515.3026
539.2902
629.3792
466.7145
499.1431
623.0931
591.6855
411.5841
990.3024
818.8864
586.2704
599.8777
479.8157
599.6324
725.2772
379.3396
0.0000
0.0000
0.0000
0.0000
0.0000
0.0000
0.0000
0.0000
0.0000
0.0000
0.0000
0.0000
0.0000
0.0000
0.0000
0.0000
0.0000
0.0000
0.0000
0.0000
0.0000
0.0000
315.1129
449.6648
546.8639
709.4109
757.3254
483.4719
412.5882
455.8789
569.2891
473.9811
380.7281
406.2396
652.0845
652.7778
383.8399
404.3604
462.9966
586.1023
529.1622
585.7839
619.2817
745.2198
402.1832
515.7943
0.0000
0.0000
0.0000
0.0000
0.0000
0.0000
0.0000
0.0000
0.0000
0.0000
0.0000
0.0000
0.0000
0.0000
0.0000
0.0000
0.0000
0.0000
0.0000
0.0000
0.0000
0.0000
190.9311
292.5001
318.7746
470.3321
764.3487
434.7576
356.8702
396.8054
402.6796
462.4348
328.0375
336.5961
558.1158
739.7589
575.9484
329.3967
307.1918
442.6960
419.8830
518.0710
505.2589
704.9894
491.0517
270.3363
0.0000
0.0000
0.0000
0.0000
0.0000
0.0000
0.0000
0.0000
0.0000
0.0000
0.0000
0.0000
0.0000
0.0000
0.0000
0.0000
0.0000
0.0000
0.0000
0.0000
0.0000
0.0000
156.7500
206.1463
284.8479
304.5578
453.3191
448.4352
325.0308
278.4838
315.6539
415.4105
377.0020
430.2834
407.5501
330.0909
347.4190
386.9490
303.8727
374.4630
369.1899
503.7212
605.1819
544.0207
369.8997
298.2142
0.0000
0.0000
0.0000
0.0000
0.0000
0.0000
0.0000
0.0000
0.0000
0.0000
0.0000
0.0000
0.0000
0.0000
0.0000
0.0000
0.0000
0.0000
0.0000
0.0000
0.0000
0.0000
231.8247
206.2920
205.3616
196.3316
292.9785
379.8151
274.7446
269.9964
239.2467
228.3050
368.5118
344.1791
301.3261
283.5998
327.9524
234.3566
277.8218
414.5213
466.0069
499.2312
473.8746
508.7174
389.5524
289.5763
0.0000
0.0000
0.0000
0.0000
0.0000
0.0000
0.0000
0.0000
0.0000
0.0000
0.0000
0.0000
0.0000
0.0000
0.0000
0.0000
0.0000
0.0000
0.0000
0.0000
0.0000
0.0000
318.2095
232.5109
269.9871
243.9772
310.4631
328.9251
228.6640
187.2241
266.4623
278.8716
399.0910
353.2909
244.9826
271.0750
197.3255
176.4581
210.3154
382.7514
342.5642
371.0395
468.3018
274.9594
232.4193
191.1701
0.0000
0.0000
0.0000
0.0000
0.0000
0.0000
0.0000
0.0000
0.0000
0.0000
0.0000
0.0000
0.0000
0.0000
0.0000
0.0000
0.0000
0.0000
0.0000
0.0000
0.0000
0.0000
169.5046
213.9656
291.5248
260.8757
379.8451
268.9251
217.4500
217.4536
235.2673
241.9513
200.3523
302.6220
308.0710
301.6915
341.3667
245.0671
281.6731
326.3253
493.1411
380.4253
288.1783
244.3827
258.3161
126.7311
0.0000
0.0000
0.0000
0.0000
0.0000
0.0000
0.0000
0.0000
0.0000
0.0000
0.0000
0.0000
0.0000
0.0000
0.0000
0.0000
0.0000
0.0000
0.0000
0.0000
0.0000
0.0000
97.5615
182.0913
219.7477
186.3935
261.2403
212.8458
295.2689
244.8581
261.4490
261.1206
242.0836
291.0069
236.2765
289.6324
470.7102
368.3768
248.7546
436.4239
399.7613
232.0382
249.3989
270.0945
255.7997
160.5575
0.0000
0.0000
0.0000
0.0000
0.0000
0.0000
0.0000
0.0000
0.0000
0.0000
0.0000
0.0000
0.0000
0.0000
0.0000
0.0000
0.0000
0.0000
0.0000
0.0000
0.0000
0.0000
93.9974
210.7739
171.5805
170.6064
235.0055
226.9843
229.7343
294.3368
303.3302
280.4742
253.3535
370.1224
310.8062
529.9996
778.2352
342.9113
303.0264
492.0900
313.1913
264.3843
193.0698
166.9285
163.6970
113.0775
0.0000
0.0000
0.0000
0.0000
0.0000
0.0000
0.0000
0.0000
0.0000
0.0000
0.0000
0.0000
0.0000
0.0000
0.0000
0.0000
0.0000
0.0000
0.0000
0.0000
0.0000
0.0000
128.0205
132.6552
167.9775
235.8665
221.8269
184.2495
189.3918
185.6823
241.1237
355.8732
475.0261
439.8015
428.2868
507.5320
901.6429
346.6337
189.3566
212.2972
188.8111
250.5363
124.5219
106.0631
118.3258
88.9150
0.0000
0.0000
0.0000
0.0000
0.0000
0.0000
0.0000
0.0000
0.0000
0.0000
0.0000
0.0000
0.0000
0.0000
0.0000
0.0000
0.0000
0.0000
0.0000
0.0000
0.0000
0.0000
146.3831
137.6277
155.9596
104.8404
126.7406
135.3961
130.0066
113.3113
208.6984
376.3026
536.1057
619.0078
454.1796
663.5360
645.3465
399.4717
293.2460
153.6847
206.9648
238.7615
174.9151
151.6530
95.1758
89.4978
0.0000
0.0000
0.0000
0.0000
0.0000
0.0000
0.0000
0.0000
0.0000
0.0000
0.0000
0.0000
0.0000
0.0000
0.0000
0.0000
0.0000
0.0000
0.0000
0.0000
0.0000
0.0000
153.7878
145.0665
91.3897
88.9138
58.8269
66.7999
86.9600
195.9966
273.3669
427.7598
684.6484
861.8925
889.9106
692.4074
789.9059
345.4541
262.2821
196.6085
206.4798
202.5195
174.8648
136.7697
124.6564
78.6318
53.5310
0.0000
0.0000
0.0000
0.0000
0.0000
0.0000
0.0000
0.0000
0.0000
0.0000
0.0000
0.0000
0.0000
0.0000
0.0000
0.0000
0.0000
0.0000
0.0000
0.0000
0.0000
146.7055
170.0041
106.5716
84.8105
49.4815
89.5220
109.0923
123.2241
184.8358
302.4967
633.8834
1316.6404
1094.1947
595.2549
752.3470
524.0488
278.2838
147.8502
156.3008
207.0585
236.1487
107.4069
95.2687
71.8873
49.4158
0.0000
0.0000
0.0000
0.0000
0.0000
0.0000
0.0000
0.0000
0.0000
0.0000
0.0000
0.0000
0.0000
0.0000
0.0000
0.0000
0.0000
0.0000
0.0000
0.0000
0.0000
125.3484
134.9748
104.0587
78.1634
53.5293
50.3344
75.1226
107.5678
169.2322
350.4472
447.4896
1009.8884
821.7379
864.0858
1080.3293
589.7067
363.6517
174.1761
138.0896
125.1798
122.1725
83.6886
63.9214
54.7472
61.7179
79.1368
0.0000
0.0000
0.0000
0.0000
0.0000
0.0000
0.0000
0.0000
0.0000
0.0000
0.0000
0.0000
0.0000
0.0000
0.0000
0.0000
0.0000
0.0000
0.0000
0.0000
69.8444
73.4294
113.9426
78.4136
76.9045
66.0745
59.9961
101.1511
132.3461
376.0441
602.6013
923.4078
1316.0304
856.8199
992.5505
625.2569
378.3076
244.4304
137.6793
63.7015
68.3161
48.4495
46.4594
80.3410
107.5778
56.4922
41.9071
0.0000
0.0000
0.0000
0.0000
0.0000
0.0000
0.0000
0.0000
0.0000
0.0000
0.0000
0.0000
0.0000
0.0000
0.0000
0.0000
0.0000
0.0000
0.0000
84.2605
68.1994
100.7532
91.0196
76.2408
52.0210
79.5137
107.7939
108.0696
227.1097
631.9206
922.8622
910.4967
625.1777
627.0715
388.1053
279.5748
156.6979
124.0643
131.7232
88.9492
62.6903
71.0015
64.8350
69.2283
62.5725
63.6822
33.9463
0.0000
0.0000
0.0000
0.0000
0.0000
0.0000
0.0000
0.0000
0.0000
0.0000
0.0000
0.0000
0.0000
0.0000
0.0000
0.0000
0.0000
0.0000
58.9050
73.9795
100.4936
88.9765
126.6953
115.6426
87.1902
97.0938
167.3716
164.0247
398.1419
498.9598
788.4501
929.9992
648.7534
286.3254
176.6924
194.2697
149.0202
125.1242
72.4220
73.8511
57.3699
72.4885
74.0134
47.0545
86.1752
45.1257
0.0000
0.0000
0.0000
0.0000
0.0000
0.0000
0.0000
0.0000
0.0000
0.0000
0.0000
0.0000
0.0000
0.0000
0.0000
0.0000
0.0000
0.0000
39.9006
52.3116
83.4054
103.4028
103.9227
132.0020
79.2828
96.4433
144.1464
212.0969
226.8551
283.0864
394.9396
462.3509
456.5863
199.6169
156.9936
152.1713
109.7438
107.4968
83.1900
75.8222
63.1473
62.0207
79.0534
79.0797
99.2835
86.6929
25.6615
0.0000
0.0000
0.0000
0.0000
0.0000
0.0000
0.0000
0.0000
0.0000
0.0000
0.0000
0.0000
0.0000
0.0000
0.0000
0.0000
0.0000
59.8813
61.3935
74.9289
74.7088
91.7657
107.6143
116.1008
116.0012
117.2279
158.1433
173.3419
262.2805
256.0292
254.2619
248.1148
130.3392
103.1181
117.5180
85.5380
56.7471
89.6205
111.0114
109.2804
74.7338
106.1521
77.8501
70.5706
70.4459
48.5713
0.0000
0.0000
0.0000
0.0000
0.0000
0.0000
0.0000
0.0000
0.0000
0.0000
0.0000
0.0000
0.0000
0.0000
0.0000
0.0000
0.0000
40.5449
71.9491
48.1526
65.3033
76.6909
101.2739
84.8339
95.1517
103.6774
122.3984
130.2452
189.2557
214.7457
233.0305
205.2738
153.2070
95.2787
84.2011
100.8375
80.6057
67.5011
112.4617
132.8129
98.2720
97.2169
115.9304
112.8845
108.5149
71.6950
42.2661
0.0000
0.0000
0.0000
0.0000
0.0000
0.0000
0.0000
0.0000
0.0000
0.0000
0.0000
0.0000
0.0000
0.0000
0.0000
0.0000
58.0356
59.1250
45.0059
47.6421
56.1481
78.5389
97.3738
69.8273
71.3898
110.3409
133.9701
146.1405
179.8181
182.5588
177.7178
171.3399
104.8272
76.5204
92.5509
74.8274
91.9112
85.6639
122.9728
113.9621
147.0556
103.6928
142.5540
147.6670
96.9268
123.1273
40.0605
0.0000
0.0000
0.0000
0.0000
0.0000
0.0000
0.0000
0.0000
0.0000
0.0000
0.0000
0.0000
0.0000
0.0000
0.0000
58.9509
37.4565
36.1816
60.6311
59.2721
63.9490
90.1476
62.3393
57.1145
81.0843
85.3128
118.3981
161.4635
150.3585
168.9959
118.3185
128.1562
103.8869
92.0356
98.4538
61.9062
87.9705
119.7988
169.8972
142.1135
102.3983
122.8518
147.8753
133.9643
130.9148
92.2076
49.2593
0.0000
0.0000
0.0000
0.0000
0.0000
0.0000
0.0000
0.0000
0.0000
0.0000
0.0000
0.0000
0.0000
0.0000
46.0400
32.8759
40.0969
52.8900
69.5030
66.2757
63.4961
45.8775
62.7571
57.0049
98.8130
134.1541
184.2001
111.0303
127.0086
98.5424
135.8146
98.5636
86.4302
156.3319
105.1361
162.8039
138.5101
140.5789
134.6323
160.5312
110.9401
101.0732
131.3358
147.4927
138.1633
70.8876
55.3768
0.0000
0.0000
0.0000
0.0000
0.0000
0.0000
0.0000
0.0000
0.0000
0.0000
0.0000
0.0000
0.0000
45.8447
41.1978
58.0499
61.5265
42.8986
56.9531
40.0372
44.6405
68.1518
68.7513
79.8730
104.6126
139.4049
88.6053
117.5943
84.1174
74.5405
97.7737
87.0686
124.7194
117.5610
166.5828
151.6044
117.9970
100.2136
156.7208
96.7349
74.4382
121.3018
102.5192
141.1408
95.7039
73.2184
0.0000
0.0000
0.0000
0.0000
0.0000
0.0000
0.0000
0.0000
0.0000
0.0000
0.0000
0.0000
0.0000
79.1028
59.3736
67.1840
52.2314
67.9970
63.1177
58.9644
40.2630
47.6714
45.1599
65.0866
82.0849
118.2851
93.1906
88.7032
73.4054
75.0605
64.5202
64.2214
103.5517
100.4009
100.7923
80.2417
96.2443
88.7275
108.6118
86.9771
70.0464
89.2143
112.9131
101.4523
95.4101
94.2067
44.7467
0.0000
0.0000
0.0000
0.0000
0.0000
0.0000
0.0000
0.0000
0.0000
0.0000
0.0000
0.0000
87.0247
91.6205
75.8577
57.8373
66.3222
45.4332
48.4063
37.9865
52.0919
56.8633
54.0477
94.6329
93.9988
79.4214
88.6371
49.2272
27.0250
25.8690
38.6076
52.8838
52.5846
98.8980
55.8180
63.4134
109.6832
87.6447
75.2037
69.8324
80.1924
101.9759
85.5645
116.6216
97.6066
66.5418
38.7550
0.0000
0.0000
0.0000
0.0000
0.0000
0.0000
0.0000
0.0000
0.0000
0.0000
0.0000
156.4477
120.5961
61.1859
60.3712
45.8960
46.9245
67.0169
61.0229
51.2582
31.6640
47.0384
73.2518
57.0021
69.2495
91.8618
51.1764
33.5087
24.1100
40.2466
29.9290
28.8748
36.6459
40.3167
37.5240
62.1690
70.3943
49.4234
89.2132
99.1036
76.6236
92.6637
90.0307
84.7669
58.3036
21.4414
16.1010
0.0000
0.0000
0.0000
0.0000
0.0000
0.0000
0.0000
0.0000
0.0000
0.0000
84.2967
97.9899
62.7639
45.7901
71.8314
56.1744
67.4949
68.6996
54.7904
48.7610
51.4543
73.5412
62.7177
57.4793
73.6837
46.8680
52.2404
35.3276
43.1071
23.4877
39.6741
25.9452
33.4943
33.0845
53.0832
41.5813
67.6861
68.7845
79.2783
79.7577
79.7377
80.2953
99.8636
58.2237
23.6877
15.4737
0.0000
0.0000
0.0000
0.0000
0.0000
0.0000
0.0000
0.0000
0.0000
0.0000
119.4304
95.4960
57.0326
62.1298
62.0933
96.0712
64.3359
72.4541
51.9007
51.5911
40.0901
54.1240
48.1040
41.9929
77.2582
55.2178
51.3564
41.9821
42.4542
29.3376
21.7926
29.0522
32.1432
44.0175
41.6236
56.9620
62.5541
67.9607
86.0174
108.1225
120.7920
117.6934
69.7119
93.4187
50.6763
35.9946
0.0000
0.0000
0.0000
0.0000
0.0000
0.0000
0.0000
0.0000
0.0000
0.0000
87.7157
73.5168
50.0245
61.0101
62.0907
72.4043
69.9251
68.9567
60.6397
49.3589
43.0420
44.4591
39.9934
56.4192
64.9296
61.9899
62.5178
50.5302
32.1458
32.5102
16.0791
24.0712
27.0968
29.0491
40.0123
65.2027
85.7282
62.0270
87.0480
88.0868
127.8772
86.2409
74.5934
96.9832
47.1578
51.2292
0.0000
0.0000
0.0000
0.0000
0.0000
0.0000
0.0000
0.0000
0.0000
0.0000
96.0209
110.6814
75.3777
59.4394
65.7639
74.8802
98.1958
80.9006
56.2275
78.4842
64.0936
50.0267
43.8278
43.9255
87.7371
88.1737
44.8027
35.2467
26.0051
17.0872
21.6859
25.3281
23.3941
38.8873
25.0577
75.7510
134.8330
84.2731
101.6620
90.2125
69.8269
70.5301
81.3223
82.7150
79.9935
60.0932
0.0000
0.0000
0.0000
0.0000
0.0000
0.0000
0.0000
0.0000
0.0000
0.0000
76.6768
85.8851
63.6529
57.2890
78.1710
104.1278
111.0467
65.8704
72.7915
78.0775
56.3239
57.1458
41.1487
34.0381
0.0000
0.0000
31.9747
23.2296
22.0160
14.5483
18.7707
17.4050
16.3283
21.4963
20.5575
75.8915
100.6835
101.2184
91.3472
134.0807
105.8769
108.4513
70.9935
91.1125
49.0179
59.9621
0.0000
0.0000
0.0000
0.0000
0.0000
0.0000
0.0000
0.0000
0.0000
0.0000
55.9542
55.6556
41.0747
43.8867
75.1343
115.1464
104.7838
63.4624
65.5896
70.1978
59.7800
45.6755
44.7716
26.6871
0.0000
0.0000
0.0000
0.0000
0.0000
0.0000
0.0000
0.0000
0.0000
0.0000
17.9306
38.7377
55.0242
78.0336
81.1761
114.2545
124.4373
93.9240
123.8240
54.2435
42.7770
41.0201
0.0000
0.0000
0.0000
0.0000
0.0000
0.0000
0.0000
0.0000
0.0000
0.0000
96.6508
78.5141
56.4880
65.9739
60.8268
85.3860
74.3701
85.6697
58.7683
48.6853
44.3423
34.5401
24.0201
16.8825
0.0000
0.0000
0.0000
0.0000
0.0000
0.0000
0.0000
0.0000
0.0000
0.0000
12.8048
19.3299
41.6933
70.6913
70.0461
92.9526
123.4785
83.7376
92.6365
105.9998
53.2423
45.8107
0.0000
0.0000
0.0000
0.0000
0.0000
0.0000
0.0000
0.0000
0.0000
0.0000
77.6861
71.9638
52.7306
82.7848
74.5964
62.7571
57.6389
53.5764
37.3544
28.7486
21.3328
18.5413
13.4585
13.9035
0.0000
0.0000
0.0000
0.0000
0.0000
0.0000
0.0000
0.0000
0.0000
0.0000
18.7506
24.2742
29.0316
54.5636
55.2874
97.2915
89.3651
63.2274
90.3573
72.9180
61.5787
52.4817
0.0000
0.0000
0.0000
0.0000
0.0000
0.0000
0.0000
0.0000
0.0000
0.0000
59.5704
48.5566
75.5196
65.8338
48.7859
55.5484
69.5541
66.2698
40.6112
26.1272
19.8034
18.5131
13.5394
8.4791
0.0000
0.0000
0.0000
0.0000
0.0000
0.0000
0.0000
0.0000
0.0000
0.0000
17.1719
30.8113
31.7703
29.5214
53.4784
57.8120
80.8520
83.0531
62.5699
75.4105
77.6456
99.2419
0.0000
0.0000
0.0000
0.0000
0.0000
0.0000
0.0000
0.0000
0.0000
0.0000
52.3343
42.2956
57.4799
45.6975
45.8611
45.9365
51.0940
56.5087
47.8877
37.9261
24.3684
13.9747
14.6794
9.8942
0.0000
0.0000
0.0000
0.0000
0.0000
0.0000
0.0000
0.0000
0.0000
0.0000
18.9493
23.7535
32.3737
44.3811
27.3551
28.7325
42.9302
68.7684
68.5788
73.2885
85.6284
80.0087
0.0000
0.0000
0.0000
0.0000
0.0000
0.0000
0.0000
0.0000
0.0000
0.0000
52.4465
52.7793
69.9613
43.1191
37.0003
47.3154
49.1093
42.6268
40.9688
59.0385
23.6003
24.0491
14.6509
8.2735
0.0000
0.0000
0.0000
0.0000
0.0000
0.0000
0.0000
0.0000
0.0000
0.0000
17.7294
21.8553
29.3495
38.4058
35.3920
29.2210
40.4082
51.1104
49.1914
48.9568
60.4146
73.8913
0.0000
0.0000
0.0000
0.0000
0.0000
0.0000
0.0000
0.0000
0.0000
0.0000
41.7150
70.1408
48.8432
41.7198
37.2061
36.9904
32.8424
33.6981
41.4326
34.7054
20.1833
22.5311
14.4981
9.4158
0.0000
0.0000
0.0000
0.0000
0.0000
0.0000
0.0000
0.0000
0.0000
0.0000
14.0580
22.7736
24.0539
28.5912
25.0230
31.3543
36.5646
31.1024
35.4371
48.1919
59.9825
53.7534
0.0000
0.0000
0.0000
0.0000
0.0000
0.0000
0.0000
0.0000
0.0000
0.0000
20.8687
36.9828
51.3718
42.0904
32.9908
28.6541
23.3036
16.6394
22.1103
23.5600
17.1098
22.5210
14.1782
7.8093
0.0000
0.0000
0.0000
0.0000
0.0000
0.0000
0.0000
0.0000
0.0000
0.0000
17.2456
14.6076
26.9340
28.5375
28.7471
39.6843
35.8433
34.5792
29.7490
47.4767
48.9467
50.2763
0.0000
0.0000
0.0000
0.0000
0.0000
0.0000
0.0000
0.0000
0.0000
0.0000
14.7770
28.9193
33.9749
42.1483
22.4571
21.4597
17.6622
16.2692
14.6143
22.8230
16.8376
15.0273
13.1850
9.6093
0.0000
0.0000
0.0000
0.0000
0.0000
0.0000
0.0000
0.0000
0.0000
0.0000
26.3642
15.9202
26.4510
22.1116
21.0592
27.0568
43.4254
47.3410
31.8095
45.2368
53.5733
66.7859
0.0000
0.0000
0.0000
0.0000
0.0000
0.0000
0.0000
0.0000
0.0000
0.0000
10.6792
24.4554
33.0487
33.4582
23.0892
12.5933
13.3682
11.5624
15.1569
19.7495
25.6831
16.0916
11.0733
11.0606
0.0000
0.0000
0.0000
0.0000
0.0000
0.0000
0.0000
0.0000
0.0000
0.0000
23.8756
22.9389
22.8429
20.0992
16.7683
24.4733
34.5864
50.6856
73.7651
50.9025
48.3570
71.2658
0.0000
0.0000
0.0000
0.0000
0.0000
0.0000
0.0000
0.0000
0.0000
0.0000
17.0119
18.5438
20.1143
22.0863
15.0300
10.2374
10.2521
13.3958
16.6132
17.8599
20.0322
14.5888
12.8912
10.1823
0.0000
0.0000
0.0000
0.0000
0.0000
0.0000
0.0000
0.0000
0.0000
0.0000
24.8329
17.7695
15.9106
10.4036
17.7306
38.4193
43.3370
51.5145
81.9409
48.7613
39.5305
38.9685
0.0000
0.0000
0.0000
0.0000
0.0000
0.0000
0.0000
0.0000
0.0000
0.0000
18.1622
19.7003
17.1323
15.7415
13.1174
13.7986
13.3336
13.6417
15.2363
12.7071
19.4379
12.7128
11.1342
10.2314
0.0000
0.0000
0.0000
0.0000
0.0000
0.0000
0.0000
0.0000
0.0000
0.0000
33.2540
25.6264
14.4055
10.7165
22.6831
30.6783
38.7078
36.9267
72.9235
49.1279
34.8482
38.5495
0.0000
0.0000
0.0000
0.0000
0.0000
0.0000
0.0000
0.0000
0.0000
0.0000
20.2455
13.5623
19.5922
20.2447
23.2412
16.2531
16.4721
10.5078
10.6451
12.4348
11.2441
7.4521
8.9739
5.5816
0.0000
0.0000
0.0000
0.0000
0.0000
0.0000
0.0000
0.0000
0.0000
0.0000
30.1965
32.0020
19.9823
23.7479
25.7067
41.6080
44.8430
34.1918
64.0029
60.5920
41.8476
70.5294
0.0000
0.0000
0.0000
0.0000
0.0000
0.0000
0.0000
0.0000
0.0000
0.0000
20.6690
15.1128
19.2008
20.6354
19.5387
18.1358
16.4514
12.9469
11.6523
12.8385
7.6812
7.6543
8.0249
6.5163
0.0000
0.0000
0.0000
0.0000
0.0000
0.0000
0.0000
0.0000
0.0000
0.0000
25.3067
24.4005
22.8275
24.1356
25.4317
32.3767
52.9731
31.7785
48.4933
50.2417
63.2966
77.9589
0.0000
0.0000
0.0000
0.0000
0.0000
0.0000
0.0000
0.0000
0.0000
0.0000
15.9955
16.4446
14.9367
15.7969
24.2111
18.6680
17.1453
16.3783
21.2150
16.0949
12.1401
6.1971
6.0205
8.1539
0.0000
0.0000
0.0000
0.0000
0.0000
0.0000
0.0000
0.0000
0.0000
0.0000
21.7957
27.2092
19.9141
26.4843
26.5739
38.3504
28.9721
34.6034
50.1386
79.3268
65.9247
55.5879
0.0000
0.0000
0.0000
0.0000
0.0000
0.0000
0.0000
0.0000
0.0000
0.0000
13.5851
16.2543
16.9230
22.2942
26.4097
25.4208
21.7347
21.8007
21.5332
17.4880
11.8285
8.1465
4.8238
8.9888
0.0000
0.0000
0.0000
0.0000
0.0000
0.0000
0.0000
0.0000
0.0000
0.0000
25.5517
26.9033
32.7672
37.2530
35.5287
33.9228
54.0583
51.0427
71.2067
54.1836
74.4827
43.0852
0.0000
0.0000
0.0000
0.0000
0.0000
0.0000
0.0000
0.0000
0.0000
0.0000
17.5068
15.7304
21.7069
29.5294
27.1258
27.1366
24.8488
18.5240
21.1636
19.1780
14.7320
8.9970
8.3931
11.1793
0.0000
0.0000
0.0000
0.0000
0.0000
0.0000
0.0000
0.0000
0.0000
0.0000
30.2812
34.7726
26.1141
38.2544
40.6362
43.9521
44.4335
59.4935
68.5391
50.2202
63.5843
74.7057
0.0000
0.0000
0.0000
0.0000
0.0000
0.0000
0.0000
0.0000
0.0000
0.0000
19.0911
14.2027
23.1343
21.9075
25.6455
27.4322
26.7744
21.4248
22.1066
18.8270
15.1557
6.3516
9.9543
13.4526
0.0000
0.0000
0.0000
0.0000
0.0000
0.0000
0.0000
0.0000
0.0000
0.0000
27.6321
25.2462
27.0003
31.6885
33.4338
40.5762
41.8999
51.8741
100.8112
103.6528
87.7402
101.5762
0.0000
0.0000
0.0000
0.0000
0.0000
0.0000
0.0000
0.0000
0.0000
0.0000
0.0000
26.6544
23.0128
33.5494
29.0041
20.7485
22.9577
17.4016
22.3150
18.1922
13.6654
9.4646
13.2905
12.8978
0.0000
0.0000
0.0000
0.0000
0.0000
0.0000
0.0000
0.0000
0.0000
0.0000
28.9275
25.2269
26.5526
20.7523
30.7423
35.9477
36.5674
61.3021
119.7172
111.4046
77.3839
145.6437
0.0000
0.0000
0.0000
0.0000
0.0000
0.0000
0.0000
0.0000
0.0000
0.0000
0.0000
19.3584
23.7191
21.4832
19.0013
25.5304
19.3171
12.0789
15.2192
12.2582
14.2994
0.0000
0.0000
10.5097
0.0000
0.0000
0.0000
0.0000
0.0000
0.0000
0.0000
0.0000
0.0000
0.0000
20.5662
20.7903
28.9063
18.5653
27.9396
32.9347
31.7002
59.0383
73.6826
118.6956
125.6577
131.9904
0.0000
0.0000
0.0000
0.0000
0.0000
0.0000
0.0000
0.0000
0.0000
0.0000
0.0000
0.0000
19.8924
16.5371
20.1862
23.0651
12.8540
15.5486
10.8548
8.5948
9.8267
0.0000
0.0000
0.0000
0.0000
0.0000
0.0000
0.0000
0.0000
0.0000
0.0000
0.0000
0.0000
0.0000
18.5458
23.5484
18.0410
25.9136
33.9791
32.0196
47.5387
71.5006
70.4573
95.2896
148.6399
122.7697
0.0000
0.0000
0.0000
0.0000
0.0000
0.0000
0.0000
0.0000
0.0000
0.0000
0.0000
0.0000
0.0000
11.2172
13.6235
12.9695
11.5351
9.1965
10.7811
14.1620
9.1257
0.0000
0.0000
0.0000
0.0000
0.0000
0.0000
0.0000
0.0000
0.0000
0.0000
0.0000
0.0000
0.0000
17.4372
28.2504
20.6638
45.7727
40.4091
47.9142
67.1040
63.4195
67.1450
85.0387
55.9790
64.9647
0.0000
0.0000
0.0000
0.0000
0.0000
0.0000
0.0000
0.0000
0.0000
0.0000
0.0000
0.0000
0.0000
0.0000
13.7667
12.3207
13.5188
11.0947
20.8162
16.3945
16.9097
0.0000
0.0000
0.0000
0.0000
0.0000
0.0000
0.0000
0.0000
0.0000
0.0000
0.0000
0.0000
0.0000
24.5089
28.6357
35.0505
41.5409
50.6351
74.4019
67.6842
90.0041
93.9676
85.4875
47.4719
50.6249
0.0000
0.0000
0.0000
0.0000
0.0000
0.0000
0.0000
0.0000
0.0000
0.0000
0.0000
0.0000
0.0000
0.0000
10.1861
16.2042
20.9947
18.7195
27.1119
26.2137
17.9452
0.0000
0.0000
0.0000
0.0000
0.0000
0.0000
0.0000
0.0000
0.0000
0.0000
0.0000
0.0000
0.0000
25.7759
14.8114
30.5167
37.5753
60.9542
74.0011
96.3120
75.9344
76.4514
74.6505
72.9204
65.5435
0.0000
0.0000
0.0000
0.0000
0.0000
0.0000
0.0000
0.0000
0.0000
0.0000
0.0000
0.0000
0.0000
0.0000
0.0000
0.0000
18.6307
19.3577
32.0286
22.9728
21.6263
0.0000
0.0000
0.0000
0.0000
0.0000
0.0000
0.0000
0.0000
0.0000
0.0000
0.0000
0.0000
0.0000
0.0000
17.4726
32.0605
28.1365
52.6985
69.0292
57.9203
76.5454
92.0025
57.7496
99.0348
82.7555
0.0000
0.0000
0.0000
0.0000
0.0000
0.0000
0.0000
0.0000
0.0000
0.0000
0.0000
0.0000
0.0000
0.0000
0.0000
0.0000
19.6001
20.1803
22.1094
17.7509
12.2754
0.0000
0.0000
0.0000
0.0000
0.0000
0.0000
0.0000
0.0000
0.0000
0.0000
0.0000
0.0000
0.0000
0.0000
0.0000
0.0000
21.8954
43.2947
43.4112
48.1729
86.8296
102.1535
66.7555
100.8826
59.2052
0.0000
0.0000
0.0000
0.0000
0.0000
0.0000
0.0000
0.0000
0.0000
0.0000
0.0000
0.0000
0.0000
0.0000
0.0000
0.0000
0.0000
26.9951
13.8493
11.4020
11.8355
0.0000
0.0000
0.0000
0.0000
0.0000
0.0000
0.0000
0.0000
0.0000
0.0000
0.0000
0.0000
0.0000
0.0000
0.0000
0.0000
0.0000
36.0777
40.3454
86.8559
68.8701
64.5610
100.7688
98.3699
46.0744
0.0000
0.0000
0.0000
0.0000
0.0000
0.0000
0.0000
0.0000
0.0000
0.0000
0.0000
0.0000
0.0000
0.0000
0.0000
0.0000
0.0000
0.0000
20.7280
11.1823
13.5865
0.0000
0.0000
0.0000
0.0000
0.0000
0.0000
0.0000
0.0000
0.0000
0.0000
0.0000
0.0000
0.0000
0.0000
0.0000
0.0000
0.0000
0.0000
35.7302
93.7337
66.9750
70.8877
91.7721
68.1114
36.9341
0.0000
0.0000
0.0000
0.0000
0.0000
0.0000
0.0000
0.0000
0.0000
0.0000
0.0000
0.0000
0.0000
0.0000
0.0000
0.0000
0.0000
0.0000
27.3268
17.1952
17.3439
0.0000
0.0000
0.0000
0.0000
0.0000
0.0000
0.0000
0.0000
0.0000
0.0000
0.0000
0.0000
0.0000
0.0000
0.0000
0.0000
0.0000
0.0000
0.0000
62.2833
51.8729
46.2424
65.1703
41.9604
56.8195
0.0000
0.0000
0.0000
0.0000
0.0000
0.0000
0.0000
0.0000
0.0000
0.0000
0.0000
0.0000
0.0000
0.0000
0.0000
0.0000
0.0000
0.0000
0.0000
23.4606
20.7188
0.0000
0.0000
0.0000
0.0000
0.0000
0.0000
0.0000
0.0000
0.0000
0.0000
0.0000
0.0000
0.0000
0.0000
0.0000
0.0000
0.0000
0.0000
0.0000
0.0000
0.0000
54.5535
71.4215
46.3996
40.8922
0.0000
0.0000
0.0000
0.0000
0.0000
0.0000
0.0000
0.0000
0.0000
0.0000
0.0000
0.0000
0.0000
0.0000
0.0000
0.0000
0.0000
0.0000
0.0000
0.0000
0.0000
0.0000
0.0000
0.0000
0.0000
0.0000
0.0000
0.0000
0.0000
0.0000
0.0000
0.0000
0.0000
0.0000
0.0000
0.0000
0.0000
0.0000
0.0000
0.0000
0.0000
0.0000
0.0000
52.9667
58.6553
54.9690
0.0000
0.0000
0.0000
0.0000
0.0000
0.0000
0.0000
0.0000
0.0000
0.0000
0.0000
0.0000
0.0000
0.0000
0.0000
0.0000
0.0000
0.0000
0.0000
0.0000
0.0000
0.0000
0.0000
0.0000
0.0000
0.0000
0.0000
0.0000
0.0000
0.0000
0.0000
0.0000
0.0000
0.0000
0.0000
0.0000
0.0000
0.0000
0.0000
0.0000
0.0000
0.0000
0.0000
66.2972
43.0770
77.9282
0.0000
0.0000
0.0000
0.0000
0.0000
0.0000
0.0000
0.0000
0.0000
0.0000
0.0000
0.0000
0.0000
0.0000
0.0000
0.0000
0.0000
0.0000
0.0000
0.0000
0.0000
0.0000
0.0000
0.0000
0.0000
0.0000
0.0000
0.0000
0.0000
0.0000
0.0000
0.0000
0.0000
0.0000
0.0000
0.0000
0.0000
0.0000
0.0000
0.0000
0.0000
0.0000
0.0000
0.0000
0.0000
0.0000
0.0000
0.0000
0.0000
0.0000
0.0000
0.0000
0.0000
0.0000
0.0000
0.0000
0.0000
0.0000
0.0000
0.0000
0.0000
0.0000
0.0000
0.0000
0.0000
0.0000
0.0000
0.0000
0.0000
0.0000
0.0000
0.0000
0.0000
0.0000
0.0000
0.0000
0.0000
0.0000
0.0000
0.0000
0.0000
0.0000
0.0000
0.0000
0.0000
0.0000
0.0000
0.0000
0.0000
0.0000
0.0000
0.0000
0.0000
0.0000
0.0000
0.0000
0.0000
0.0000
0.0000
0.0000
0.0000
0.0000
0.0000
0.0000
0.0000
0.0000
0.0000
0.0000
0.0000
0.0000
0.0000
0.0000
0.0000
0.0000
0.0000
0.0000
0.0000
0.0000
0.0000
0.0000
0.0000
0.0000
0.0000
0.0000
0.0000
0.0000
0.0000
0.0000
0.0000
0.0000
0.0000
0.0000
0.0000
0.0000
0.0000
0.0000
0.0000
0.0000
0.0000
0.0000
0.0000
0.0000
0.0000
0.0000
0.0000
0.0000
0.0000
0.0000
0.0000
0.0000
0.0000
0.0000
0.0000
0.0000
0.0000
0.0000
0.0000
0.0000
0.0000
0.0000
0.0000
0.0000
0.0000
0.0000
0.0000
0.0000
0.0000
0.0000
0.0000
0.0000
0.0000
0.0000
0.0000
0.0000
0.0000
0.0000
0.0000
0.0000
0.0000
0.0000
0.0000
0.0000
0.0000
0.0000
0.0000
0.0000
0.0000
0.0000
0.0000
0.0000
0.0000
0.0000
0.0000
0.0000
0.0000
0.0000
0.0000
0.0000
0.0000
0.0000
0.0000
0.0000
0.0000
0.0000
0.0000
0.0000
0.0000
0.0000
0.0000
0.0000
0.0000
0.0000
0.0000
0.0000
0.0000
0.0000
0.0000
0.0000
0.0000
0.0000
0.0000
0.0000
0.0000
0.0000
0.0000
0.0000
0.0000
0.0000
0.0000
0.0000
0.0000
0.0000
0.0000
0.0000
0.0000
0.0000
0.0000
0.0000
0.0000
0.0000
0.0000
0.0000
0.0000
0.0000
0.0000
0.0000
0.0000
0.0000
0.0000
0.0000
0.0000
0.0000
0.0000
0.0000
0.0000
0.0000
0.0000
0.0000
0.0000
0.0000
0.0000
0.0000
0.0000
0.0000
0.0000
0.0000
0.0000
0.0000
0.0000
0.0000
0.0000
0.0000
0.0000
0.0000
0.0000
0.0000
0.0000
0.0000
0.0000
0.0000
0.0000
0.0000
0.0000
0.0000
0.0000
0.0000
0.0000
0.0000
0.0000
0.0000
0.0000
0.0000
0.0000
0.0000
0.0000
0.0000
0.0000
0.0000
0.0000
0.0000
0.0000
0.0000
0.0000
0.0000
0.0000
0.0000
0.0000
0.0000
0.0000
0.0000
0.0000
0.0000
0.0000
0.0000
0.0000
0.0000
0.0000
0.0000
0.0000
0.0000
0.0000
0.0000
0.0000
0.0000
0.0000
0.0000
0.0000
0.0000
0.0000
0.0000
0.0000
0.0000
0.0000
0.0000
0.0000
0.0000
0.0000
0.0000
0.0000
0.0000
0.0000
0.0000
0.0000
0.0000
0.0000
0.0000
0.0000
0.0000
0.0000
0.0000
0.0000
0.0000
0.0000
0.0000
0.0000
0.0000
0.0000
0.0000
0.0000
0.0000
0.0000
0.0000
0.0000
0.0000
0.0000
0.0000
0.0000
0.0000
0.0000
0.0000
0.0000
0.0000
0.0000
0.0000
0.0000
0.0000
0.0000
0.0000
0.0000
0.0000
0.0000
0.0000
0.0000
0.0000
0.0000
0.0000
0.0000
0.0000
0.0000
0.0000
0.0000
0.0000
0.0000
0.0000
0.0000
0.0000
0.0000
0.0000
0.0000
0.0000
0.0000
0.0000
0.0000
0.0000
0.0000
0.0000
0.0000
0.0000
0.0000
0.0000
0.0000
0.0000
0.0000
0.0000
0.0000
0.0000
0.0000
0.0000
0.0000
0.0000
0.0000
0.0000
0.0000
0.0000
0.0000
0.0000
0.0000
0.0000
0.0000
0.0000
0.0000
0.0000
0.0000
0.0000
0.0000
0.0000
0.0000
0.0000
0.0000
0.0000
0.0000
0.0000
0.0000
0.0000
0.0000
0.0000
0.0000
0.0000
0.0000
0.0000
0.0000
0.0000
0.0000
0.0000
0.0000
0.0000
0.0000
0.0000
0.0000
0.0000
0.0000
0.0000
0.0000
0.0000
0.0000
0.0000
0.0000
0.0000
0.0000
0.0000
0.0000
0.0000
0.0000
0.0000
0.0000
0.0000
0.0000
0.0000
0.0000
0.0000
0.0000
0.0000
0.0000
0.0000
0.0000
0.0000
0.0000
0.0000
0.0000
0.0000
0.0000
0.0000
0.0000
0.0000
0.0000
0.0000
0.0000
0.0000
0.0000
0.0000
0.0000
0.0000
0.0000
0.0000
0.0000
0.0000
0.0000
0.0000
0.0000
0.0000
0.0000
0.0000
0.0000
0.0000
0.0000
0.0000
0.0000
0.0000
0.0000
0.0000
0.0000
0.0000
0.0000
0.0000
0.0000
0.0000
0.0000
0.0000
0.0000
0.0000
0.0000
0.0000
0.0000
0.0000
0.0000
0.0000
0.0000
0.0000
0.0000
0.0000
0.0000
0.0000
0.0000
0.0000
0.0000
0.0000
0.0000
0.0000
0.0000
0.0000
0.0000
0.0000
0.0000
0.0000
0.0000
0.0000
0.0000
0.0000
0.0000
0.0000
0.0000
0.0000
0.0000
0.0000
0.0000
0.0000
0.0000
0.0000
0.0000
0.0000
0.0000
0.0000
0.0000
0.0000
0.0000
0.0000
0.0000
0.0000
0.0000
0.0000
0.0000
0.0000
0.0000
0.0000
0.0000
0.0000
0.0000
0.0000
0.0000
0.0000
0.0000
0.0000
0.0000
0.0000
0.0000
0.0000
0.0000
0.0000
0.0000
0.0000
0.0000
0.0000
0.0000
0.0000
0.0000
0.0000
0.0000
0.0000
0.0000
0.0000
0.0000
0.0000
0.0000
0.0000
0.0000
0.0000
0.0000
0.0000
0.0000
0.0000
0.0000
0.0000
0.0000
0.0000
0.0000
0.0000
0.0000
0.0000
0.0000
0.0000
0.0000
0.0000
0.0000
0.0000
0.0000
0.0000
0.0000
0.0000
0.0000
0.0000
0.0000
0.0000
0.0000
0.0000
0.0000
0.0000
0.0000
0.0000
0.0000
0.0000
0.0000
0.0000
0.0000
0.0000
0.0000
0.0000
0.0000
0.0000
0.0000
0.0000
0.0000
0.0000
0.0000
0.0000
0.0000
0.0000
0.0000
0.0000
0.0000
0.0000
0.0000
0.0000
0.0000
0.0000
0.0000
0.0000
0.0000
0.0000
0.0000
0.0000
0.0000
0.0000
0.0000
0.0000
0.0000
0.0000
0.0000
0.0000
0.0000
0.0000
0.0000
0.0000
0.0000
0.0000
0.0000
0.0000
0.0000
0.0000
0.0000
0.0000
0.0000
0.0000
0.0000
0.0000
0.0000
0.0000
0.0000
0.0000
0.0000
0.0000
0.0000
0.0000
0.0000
0.0000
0.0000
0.0000
0.0000
0.0000
0.0000
0.0000
0.0000
0.0000
0.0000
0.0000
0.0000
0.0000
0.0000
0.0000
0.0000
0.0000
0.0000
0.0000
0.0000
0.0000
0.0000
0.0000
0.0000
0.0000
0.0000
0.0000
0.0000
0.0000
0.0000
0.0000
0.0000
0.0000
0.0000
0.0000
0.0000
0.0000
0.0000
0.0000
0.0000
0.0000
0.0000
0.0000
0.0000
0.0000
0.0000
0.0000
0.0000
0.0000
0.0000
0.0000
0.0000
0.0000
0.0000
0.0000
0.0000
0.0000
0.0000
0.0000
0.0000
0.0000
0.0000
0.0000
0.0000
0.0000
0.0000
0.0000
0.0000
0.0000
0.0000
0.0000
0.0000
0.0000
0.0000
0.0000
0.0000
0.0000
0.0000
0.0000
0.0000
0.0000
0.0000
0.0000
0.0000
0.0000
0.0000
0.0000
0.0000
0.0000
0.0000
0.0000
0.0000
0.0000
0.0000
0.0000
0.0000
0.0000
0.0000
0.0000
0.0000
0.0000
0.0000
0.0000
0.0000
0.0000
0.0000
0.0000
0.0000
0.0000
0.0000
0.0000
0.0000
0.0000
0.0000
0.0000
0.0000
0.0000
0.0000
0.0000
0.0000
0.0000
0.0000
0.0000
0.0000
0.0000
0.0000
0.0000
0.0000
0.0000
0.0000
0.0000
0.0000
0.0000
0.0000
0.0000
0.0000
0.0000
0.0000
0.0000
0.0000
0.0000
0.0000
0.0000
0.0000
0.0000
0.0000
0.0000
0.0000
0.0000
0.0000
0.0000
0.0000
0.0000
0.0000
0.0000
0.0000
0.0000
0.0000
0.0000
0.0000
0.0000
0.0000
0.0000
0.0000
0.0000
0.0000
0.0000
0.0000
0.0000
0.0000
0.0000
0.0000
0.0000
0.0000
0.0000
0.0000
0.0000
0.0000
0.0000
0.0000
0.0000
0.0000
0.0000
0.0000
0.0000
0.0000
0.0000
0.0000
0.0000
0.0000
0.0000
0.0000
0.0000
0.0000
0.0000
0.0000
0.0000
0.0000
0.0000
0.0000
0.0000
0.0000
0.0000
0.0000
0.0000
0.0000
0.0000
0.0000
0.0000
0.0000
0.0000
0.0000
0.0000
0.0000
0.0000
0.0000
0.0000
1358.2355
1690.6824
1679.7301
2393.2437
2523.9309
3560.8267
3337.9070
2601.5059
3482.6724
3194.1404
3389.1729
3932.8994
4914.7690
4914.7690
4914.7690
3612.9900
2545.9243
962.2690
841.8082
823.1713
541.5132
703.4341
949.5995
929.3882
0.0000
0.0000
0.0000
0.0000
0.0000
0.0000
0.0000
0.0000
0.0000
0.0000
0.0000
0.0000
0.0000
0.0000
0.0000
0.0000
0.0000
0.0000
0.0000
0.0000
0.0000
0.0000
1299.3173
1784.7828
2124.7036
2606.0496
2981.4634
3849.4243
2283.7319
2196.3618
2152.8149
2517.8726
2891.5378
3894.2769
4914.7690
4914.7690
4914.7690
3446.3735
1380.8087
1181.2996
666.2172
543.5903
360.4572
354.8260
535.7471
527.0023
0.0000
0.0000
0.0000
0.0000
0.0000
0.0000
0.0000
0.0000
0.0000
0.0000
0.0000
0.0000
0.0000
0.0000
0.0000
0.0000
0.0000
0.0000
0.0000
0.0000
0.0000
0.0000
1088.7328
1783.6288
2728.2085
2274.1946
3584.0571
2673.7400
1995.6454
1441.6091
1569.0624
2078.2727
2720.5664
4109.2900
4914.7690
4914.7690
4914.7690
3266.6445
1267.3193
932.2470
761.1550
567.7820
448.9579
433.2491
261.0753
202.9381
0.0000
0.0000
0.0000
0.0000
0.0000
0.0000
0.0000
0.0000
0.0000
0.0000
0.0000
0.0000
0.0000
0.0000
0.0000
0.0000
0.0000
0.0000
0.0000
0.0000
0.0000
0.0000
1469.2181
1324.2898
2932.8914
2850.0740
3391.3884
2615.1082
2400.0312
1497.7228
1636.1716
1914.2916
2729.9021
3528.7390
4838.9624
4551.1953
4267.4004
2670.7808
1454.7629
996.7769
957.2814
718.7772
588.7563
429.8633
290.9993
257.4549
0.0000
0.0000
0.0000
0.0000
0.0000
0.0000
0.0000
0.0000
0.0000
0.0000
0.0000
0.0000
0.0000
0.0000
0.0000
0.0000
0.0000
0.0000
0.0000
0.0000
0.0000
0.0000
1438.2782
2059.6665
1854.9604
1569.5060
1579.0551
1763.5151
1530.5648
2197.5913
2244.4187
1786.3528
2114.4209
2081.3027
2236.2996
2721.1553
3011.4756
2104.2561
1072.5559
841.8036
760.5905
985.1756
580.9297
462.1993
581.7473
500.3459
0.0000
0.0000
0.0000
0.0000
0.0000
0.0000
0.0000
0.0000
0.0000
0.0000
0.0000
0.0000
0.0000
0.0000
0.0000
0.0000
0.0000
0.0000
0.0000
0.0000
0.0000
0.0000
2277.3267
2080.3745
1386.4871
1534.6060
1102.3848
970.0438
1142.6230
1060.7614
1024.1035
1408.7319
1308.7412
1118.0085
2072.7529
1985.0957
1845.1541
1286.1458
957.7681
1088.4546
717.3066
652.8145
522.9122
443.1888
533.2323
388.6590
0.0000
0.0000
0.0000
0.0000
0.0000
0.0000
0.0000
0.0000
0.0000
0.0000
0.0000
0.0000
0.0000
0.0000
0.0000
0.0000
0.0000
0.0000
0.0000
0.0000
0.0000
0.0000
2090.5437
1143.7239
769.8033
944.8412
1511.7997
850.6420
1078.7251
931.2584
851.8207
896.7906
999.6607
1077.1294
1219.1914
1434.1791
1249.2513
1327.9575
1410.8438
1145.3411
933.3289
600.3306
405.8672
318.1369
369.5097
574.2899
0.0000
0.0000
0.0000
0.0000
0.0000
0.0000
0.0000
0.0000
0.0000
0.0000
0.0000
0.0000
0.0000
0.0000
0.0000
0.0000
0.0000
0.0000
0.0000
0.0000
0.0000
0.0000
1521.6361
1106.3628
1041.7411
1038.4325
1000.6838
1026.1978
1163.2649
950.3254
575.7194
598.9683
701.7728
977.7367
1396.2209
1294.4858
1012.3549
1228.2078
1118.2570
743.5905
1104.4794
616.7994
695.8088
393.9982
422.9369
313.9449
0.0000
0.0000
0.0000
0.0000
0.0000
0.0000
0.0000
0.0000
0.0000
0.0000
0.0000
0.0000
0.0000
0.0000
0.0000
0.0000
0.0000
0.0000
0.0000
0.0000
0.0000
0.0000
1455.6855
1082.5341
1032.9850
1129.2473
750.9343
658.2040
1022.8270
1131.1617
513.7446
839.2952
776.5079
929.7371
1189.2716
904.4584
777.3605
685.6293
717.2393
778.3403
957.7639
718.4521
728.9401
504.0331
319.6800
268.0090
0.0000
0.0000
0.0000
0.0000
0.0000
0.0000
0.0000
0.0000
0.0000
0.0000
0.0000
0.0000
0.0000
0.0000
0.0000
0.0000
0.0000
0.0000
0.0000
0.0000
0.0000
0.0000
1330.0212
1173.7848
1244.2943
1260.4788
868.4384
760.5847
1248.5356
551.9861
867.3293
1094.6501
984.7791
875.9617
1148.8278
968.3078
745.0273
573.5950
672.6617
789.7629
577.8099
595.8498
774.4230
450.0093
344.9329
263.3334
0.0000
0.0000
0.0000
0.0000
0.0000
0.0000
0.0000
0.0000
0.0000
0.0000
0.0000
0.0000
0.0000
0.0000
0.0000
0.0000
0.0000
0.0000
0.0000
0.0000
0.0000
0.0000
1113.6191
1368.4915
1202.0157
712.0703
917.4808
907.7900
935.9671
615.6982
1016.7282
1687.4746
1063.1810
925.6414
717.0250
836.7323
790.4994
802.8198
686.0324
563.5374
616.1398
893.7549
408.1463
416.5891
288.9949
511.4193
0.0000
0.0000
0.0000
0.0000
0.0000
0.0000
0.0000
0.0000
0.0000
0.0000
0.0000
0.0000
0.0000
0.0000
0.0000
0.0000
0.0000
0.0000
0.0000
0.0000
0.0000
0.0000
1792.7539
1930.5544
1100.0793
759.8564
646.6870
672.0020
620.0842
829.4235
767.0538
1123.4301
1104.3748
797.1049
846.0124
889.8303
747.9506
976.6285
593.5662
895.8752
714.2715
641.5127
465.3084
285.7860
462.0016
569.0060
0.0000
0.0000
0.0000
0.0000
0.0000
0.0000
0.0000
0.0000
0.0000
0.0000
0.0000
0.0000
0.0000
0.0000
0.0000
0.0000
0.0000
0.0000
0.0000
0.0000
0.0000
0.0000
2177.8872
1438.2428
882.9444
936.3403
842.1403
1076.1049
728.1052
716.5581
966.4728
652.5654
798.1631
592.0785
1249.0114
767.0513
1008.8931
1125.7073
879.4702
745.7833
742.5513
537.6824
624.2437
467.4870
626.1882
653.0797
0.0000
0.0000
0.0000
0.0000
0.0000
0.0000
0.0000
0.0000
0.0000
0.0000
0.0000
0.0000
0.0000
0.0000
0.0000
0.0000
0.0000
0.0000
0.0000
0.0000
0.0000
0.0000
1810.0822
1313.1702
1296.1035
962.2031
800.5596
907.7708
747.8405
935.7531
1133.9778
832.4124
948.5980
985.2590
1046.3549
1102.9641
873.6169
847.8641
861.1707
946.1571
596.4394
595.7214
827.4617
554.6895
796.4916
814.0290
0.0000
0.0000
0.0000
0.0000
0.0000
0.0000
0.0000
0.0000
0.0000
0.0000
0.0000
0.0000
0.0000
0.0000
0.0000
0.0000
0.0000
0.0000
0.0000
0.0000
0.0000
0.0000
1777.3740
1156.4866
1127.0789
1217.9825
950.5576
1044.1910
669.4890
888.5649
1339.4928
1033.1833
1194.6963
1344.3683
895.6221
1049.5786
928.8080
830.7839
873.0731
820.3615
841.2599
828.7707
827.1285
761.6523
818.4662
944.2094
0.0000
0.0000
0.0000
0.0000
0.0000
0.0000
0.0000
0.0000
0.0000
0.0000
0.0000
0.0000
0.0000
0.0000
0.0000
0.0000
0.0000
0.0000
0.0000
0.0000
0.0000
0.0000
1260.1298
1088.7662
1032.8210
1706.1805
1696.6166
1261.5555
1109.4576
1291.4124
967.5271
1287.3372
903.3954
991.2036
955.0795
607.6326
760.7043
705.3934
912.1589
810.1113
805.2906
771.3391
656.1276
520.1418
916.1378
696.2751
0.0000
0.0000
0.0000
0.0000
0.0000
0.0000
0.0000
0.0000
0.0000
0.0000
0.0000
0.0000
0.0000
0.0000
0.0000
0.0000
0.0000
0.0000
0.0000
0.0000
0.0000
0.0000
1745.4823
1048.0826
1385.6792
1101.1097
1293.4163
1022.4324
1269.3820
1218.6681
1303.5637
1186.2253
872.3787
842.6337
700.5861
672.7606
795.6926
758.8578
818.8282
841.9905
788.9637
933.3157
682.0015
714.1396
824.5536
564.8157
0.0000
0.0000
0.0000
0.0000
0.0000
0.0000
0.0000
0.0000
0.0000
0.0000
0.0000
0.0000
0.0000
0.0000
0.0000
0.0000
0.0000
0.0000
0.0000
0.0000
0.0000
0.0000
2767.4729
1403.7805
1100.9985
1769.6166
1704.1556
831.3459
1170.6326
1325.3074
1163.7812
846.1850
962.8911
737.0858
703.2506
709.5355
983.0235
932.3743
1146.9382
887.7722
1009.0268
775.4349
694.2258
951.8569
1160.5330
595.8066
0.0000
0.0000
0.0000
0.0000
0.0000
0.0000
0.0000
0.0000
0.0000
0.0000
0.0000
0.0000
0.0000
0.0000
0.0000
0.0000
0.0000
0.0000
0.0000
0.0000
0.0000
0.0000
1583.5688
1394.5164
1145.7483
1467.5706
1515.9412
1216.7397
1356.1816
1411.6033
1216.3002
1193.2336
681.6860
490.7208
742.9824
483.0841
798.2498
692.1128
1061.2250
1572.9857
1111.7032
1005.0220
1153.4045
944.3616
769.0081
979.5641
0.0000
0.0000
0.0000
0.0000
0.0000
0.0000
0.0000
0.0000
0.0000
0.0000
0.0000
0.0000
0.0000
0.0000
0.0000
0.0000
0.0000
0.0000
0.0000
0.0000
0.0000
0.0000
1271.5889
982.9182
918.2640
1453.5802
1671.8574
1554.0125
1336.8258
1739.3629
1578.7131
1759.7126
729.3749
439.5916
456.4271
565.0496
620.7341
737.9865
932.8906
1682.3135
1425.6591
1814.8774
1048.4366
721.6266
980.9916
877.8936
0.0000
0.0000
0.0000
0.0000
0.0000
0.0000
0.0000
0.0000
0.0000
0.0000
0.0000
0.0000
0.0000
0.0000
0.0000
0.0000
0.0000
0.0000
0.0000
0.0000
0.0000
0.0000
1691.6475
994.7599
969.7722
2276.7808
2057.8972
1427.4448
1267.9675
1186.0112
1077.2318
1106.3074
793.0902
711.2023
649.5644
561.4342
696.1748
901.0809
1101.9233
1381.0798
1553.7715
1531.7631
1292.7823
811.4222
1079.6228
959.0903
0.0000
0.0000
0.0000
0.0000
0.0000
0.0000
0.0000
0.0000
0.0000
0.0000
0.0000
0.0000
0.0000
0.0000
0.0000
0.0000
0.0000
0.0000
0.0000
0.0000
0.0000
0.0000
1419.5514
1178.1045
1184.0179
2292.9250
1991.4379
1238.7949
1209.4850
823.0073
1061.6403
984.8712
994.3342
913.9691
792.8029
657.9988
749.6782
863.0275
1066.3992
1967.2925
2049.3691
2131.0027
1506.0660
1235.8093
1530.6349
1302.1556
0.0000
0.0000
0.0000
0.0000
0.0000
0.0000
0.0000
0.0000
0.0000
0.0000
0.0000
0.0000
0.0000
0.0000
0.0000
0.0000
0.0000
0.0000
0.0000
0.0000
0.0000
0.0000
1089.2332
891.7195
1407.7764
1999.0873
1745.5525
1565.9694
1373.5765
1039.6451
970.4042
1054.0623
1126.1991
861.2632
967.2276
729.9996
673.1535
689.9167
983.7720
1461.2108
1686.9832
2388.3503
1736.6003
1493.1263
1644.1552
1196.7606
0.0000
0.0000
0.0000
0.0000
0.0000
0.0000
0.0000
0.0000
0.0000
0.0000
0.0000
0.0000
0.0000
0.0000
0.0000
0.0000
0.0000
0.0000
0.0000
0.0000
0.0000
0.0000
1151.9896
1250.7314
1926.9962
1932.1051
2202.1321
1792.8831
1307.3925
1105.6689
887.3259
829.7049
1041.0283
940.1671
685.5640
1127.7213
925.3966
1223.8763
2040.8754
1647.1899
1298.7911
1907.5380
1491.6044
1713.4266
1808.7405
1257.0753
0.0000
0.0000
0.0000
0.0000
0.0000
0.0000
0.0000
0.0000
0.0000
0.0000
0.0000
0.0000
0.0000
0.0000
0.0000
0.0000
0.0000
0.0000
0.0000
0.0000
0.0000
0.0000
965.7810
1114.4684
1823.0494
1276.7015
1292.0514
1635.1060
1340.0011
949.4174
800.0403
736.4442
862.7141
948.5485
847.9049
999.4518
1168.4127
1417.7235
1152.4388
1390.8264
1359.0826
1612.8652
1474.7024
1512.8604
1306.5396
1508.7677
0.0000
0.0000
0.0000
0.0000
0.0000
0.0000
0.0000
0.0000
0.0000
0.0000
0.0000
0.0000
0.0000
0.0000
0.0000
0.0000
0.0000
0.0000
0.0000
0.0000
0.0000
0.0000
791.8815
997.5301
1315.0356
945.7440
1329.0219
1362.9153
1270.5211
1104.9105
1131.6429
641.2227
610.4497
901.2466
812.1679
1136.2217
1112.2788
896.9512
933.7294
1054.0837
1165.1584
1096.8522
981.3473
1217.0045
1058.5398
1048.5482
0.0000
0.0000
0.0000
0.0000
0.0000
0.0000
0.0000
0.0000
0.0000
0.0000
0.0000
0.0000
0.0000
0.0000
0.0000
0.0000
0.0000
0.0000
0.0000
0.0000
0.0000
0.0000
880.5776
1056.2668
821.0078
793.1546
1300.7418
1462.3773
1504.5906
1277.1259
1198.4207
856.1326
692.8019
903.1241
987.8776
1155.9001
1345.5128
1033.6125
1289.7548
1343.8625
1147.8887
1031.0538
712.3453
912.6703
1171.4814
745.4957
0.0000
0.0000
0.0000
0.0000
0.0000
0.0000
0.0000
0.0000
0.0000
0.0000
0.0000
0.0000
0.0000
0.0000
0.0000
0.0000
0.0000
0.0000
0.0000
0.0000
0.0000
0.0000
814.2784
841.4988
952.7750
1633.7238
1612.7242
1646.5981
1660.6036
1498.6484
1110.4142
858.9191
950.3827
967.3455
1025.7594
1131.8427
1008.9793
1519.8466
1479.6675
1351.2911
1704.9526
883.6013
732.5740
790.9189
1128.8827
553.7541
0.0000
0.0000
0.0000
0.0000
0.0000
0.0000
0.0000
0.0000
0.0000
0.0000
0.0000
0.0000
0.0000
0.0000
0.0000
0.0000
0.0000
0.0000
0.0000
0.0000
0.0000
0.0000
802.0037
896.9844
1109.4758
1327.7288
1457.1180
1135.2491
972.1980
1280.8892
957.4108
970.9368
1106.2611
947.4459
1088.7527
1414.3812
1338.8442
969.4311
2243.0525
1815.3871
1147.7155
941.6537
609.5658
800.4769
1121.0449
733.0847
0.0000
0.0000
0.0000
0.0000
0.0000
0.0000
0.0000
0.0000
0.0000
0.0000
0.0000
0.0000
0.0000
0.0000
0.0000
0.0000
0.0000
0.0000
0.0000
0.0000
0.0000
0.0000
852.4057
919.1939
956.8112
1090.8365
1437.0664
993.4855
882.9170
896.0603
940.3687
918.5413
844.4902
953.2629
1660.8623
1737.4832
1029.3810
1393.9957
1533.1725
1651.2430
1135.3138
909.9018
762.6832
772.1729
470.3191
819.7577
0.0000
0.0000
0.0000
0.0000
0.0000
0.0000
0.0000
0.0000
0.0000
0.0000
0.0000
0.0000
0.0000
0.0000
0.0000
0.0000
0.0000
0.0000
0.0000
0.0000
0.0000
0.0000
423.8793
628.3421
647.5178
913.6576
1312.6313
781.2001
664.3005
724.9225
679.1463
925.6807
744.5282
807.9432
1598.6562
2623.5503
2523.9927
2239.1047
1406.8726
1385.5221
872.3403
751.9473
562.9369
621.2957
414.3448
409.1830
0.0000
0.0000
0.0000
0.0000
0.0000
0.0000
0.0000
0.0000
0.0000
0.0000
0.0000
0.0000
0.0000
0.0000
0.0000
0.0000
0.0000
0.0000
0.0000
0.0000
0.0000
0.0000
385.7519
402.8995
590.0502
646.2496
866.8348
703.7892
604.7541
587.1630
640.8630
861.0727
825.9557
1000.0078
1136.2708
1173.4417
1520.7822
1888.7847
1251.6746
1138.0601
757.2104
689.2371
610.8625
423.2458
250.4835
400.2513
0.0000
0.0000
0.0000
0.0000
0.0000
0.0000
0.0000
0.0000
0.0000
0.0000
0.0000
0.0000
0.0000
0.0000
0.0000
0.0000
0.0000
0.0000
0.0000
0.0000
0.0000
0.0000
458.0135
412.6617
450.9532
485.6599
552.8564
658.3715
432.9030
504.8525
485.0095
468.2417
725.7626
797.2612
755.8414
847.7811
1027.4615
750.0601
887.3776
1041.9456
790.6237
589.7552
394.6498
343.4295
234.2587
346.1752
0.0000
0.0000
0.0000
0.0000
0.0000
0.0000
0.0000
0.0000
0.0000
0.0000
0.0000
0.0000
0.0000
0.0000
0.0000
0.0000
0.0000
0.0000
0.0000
0.0000
0.0000
0.0000
763.7507
549.1325
630.1532
580.3922
615.4492
623.6370
363.6740
346.0235
504.5710
504.8023
673.3770
701.3941
517.3472
594.1302
418.3879
359.2133
420.5779
639.1597
457.6557
362.0878
251.5160
151.4211
116.8857
200.6929
0.0000
0.0000
0.0000
0.0000
0.0000
0.0000
0.0000
0.0000
0.0000
0.0000
0.0000
0.0000
0.0000
0.0000
0.0000
0.0000
0.0000
0.0000
0.0000
0.0000
0.0000
0.0000
487.6315
529.7941
873.2591
690.4965
845.1594
491.1027
382.1624
372.6162
456.1092
468.4600
337.4343
556.2880
502.5044
472.4692
428.3221
333.4643
375.3841
401.9033
477.4234
324.6160
160.3159
124.0470
125.9098
125.6914
0.0000
0.0000
0.0000
0.0000
0.0000
0.0000
0.0000
0.0000
0.0000
0.0000
0.0000
0.0000
0.0000
0.0000
0.0000
0.0000
0.0000
0.0000
0.0000
0.0000
0.0000
0.0000
297.6071
439.0507
708.5242
535.6316
573.2117
398.6073
469.3948
437.0208
487.4846
481.5524
379.5755
416.9884
308.8269
397.0526
381.0792
365.1352
258.6674
386.2114
345.2585
174.5658
135.0558
132.5857
119.9862
166.8461
0.0000
0.0000
0.0000
0.0000
0.0000
0.0000
0.0000
0.0000
0.0000
0.0000
0.0000
0.0000
0.0000
0.0000
0.0000
0.0000
0.0000
0.0000
0.0000
0.0000
0.0000
0.0000
372.4428
591.4649
587.1865
530.0159
499.4033
426.9513
408.0455
488.9709
532.9309
465.2047
360.3147
432.0626
310.2265
496.4203
429.3451
237.2394
225.7757
349.4590
212.9184
166.8461
97.0343
86.5823
81.5386
100.8406
0.0000
0.0000
0.0000
0.0000
0.0000
0.0000
0.0000
0.0000
0.0000
0.0000
0.0000
0.0000
0.0000
0.0000
0.0000
0.0000
0.0000
0.0000
0.0000
0.0000
0.0000
0.0000
399.5016
420.8807
563.3908
795.2513
560.0635
390.2275
298.2164
287.6442
322.6501
480.8618
540.9901
362.9240
299.3912
346.9957
344.9209
183.1221
115.4688
125.8517
108.4440
110.4432
61.5230
60.9192
64.1582
93.3647
0.0000
0.0000
0.0000
0.0000
0.0000
0.0000
0.0000
0.0000
0.0000
0.0000
0.0000
0.0000
0.0000
0.0000
0.0000
0.0000
0.0000
0.0000
0.0000
0.0000
0.0000
0.0000
591.4091
564.4960
539.9169
413.3108
397.2198
312.5004
272.8966
189.2146
284.0129
429.4918
421.6569
361.6941
221.6887
300.7669
168.4728
143.5532
147.1388
82.6724
107.5904
109.5814
88.1592
91.5030
60.2825
112.6790
0.0000
0.0000
0.0000
0.0000
0.0000
0.0000
0.0000
0.0000
0.0000
0.0000
0.0000
0.0000
0.0000
0.0000
0.0000
0.0000
0.0000
0.0000
0.0000
0.0000
0.0000
0.0000
806.4767
652.9686
343.8242
402.5078
260.1550
221.3293
232.3140
397.3989
395.7560
415.5700
439.2346
392.2421
340.7520
219.8053
169.1967
107.0656
113.9856
95.1078
121.5143
120.4081
85.9973
87.8160
96.1210
107.2470
111.7265
0.0000
0.0000
0.0000
0.0000
0.0000
0.0000
0.0000
0.0000
0.0000
0.0000
0.0000
0.0000
0.0000
0.0000
0.0000
0.0000
0.0000
0.0000
0.0000
0.0000
0.0000
939.2161
867.3777
520.5738
441.7810
235.1877
381.1319
414.9019
273.7339
253.8845
241.7128
274.8578
346.3722
232.1713
150.1137
140.1900
127.7865
93.5078
69.2644
93.3117
158.1162
135.6618
85.1569
106.2896
115.6368
110.7018
0.0000
0.0000
0.0000
0.0000
0.0000
0.0000
0.0000
0.0000
0.0000
0.0000
0.0000
0.0000
0.0000
0.0000
0.0000
0.0000
0.0000
0.0000
0.0000
0.0000
0.0000
850.3656
754.4068
625.9393
448.9326
253.0809
205.3458
231.7934
219.2800
200.6242
218.4496
129.6385
163.3246
107.3802
144.8005
166.5839
122.0604
105.4702
74.6333
75.6008
82.8637
89.3357
84.7438
92.3410
106.9706
128.4649
202.4751
0.0000
0.0000
0.0000
0.0000
0.0000
0.0000
0.0000
0.0000
0.0000
0.0000
0.0000
0.0000
0.0000
0.0000
0.0000
0.0000
0.0000
0.0000
0.0000
0.0000
509.5421
444.7501
718.8888
458.9585
343.8663
252.8576
171.7805
173.8595
120.9350
165.5609
131.8786
112.9419
87.1932
86.7945
130.4714
127.8460
122.8427
115.0778
78.5638
42.2494
58.7504
55.0531
65.9394
127.9076
191.4471
86.6416
108.4937
0.0000
0.0000
0.0000
0.0000
0.0000
0.0000
0.0000
0.0000
0.0000
0.0000
0.0000
0.0000
0.0000
0.0000
0.0000
0.0000
0.0000
0.0000
0.0000
618.1585
432.6720
649.5028
494.5827
317.9376
184.0246
195.8035
136.1159
83.5679
89.2648
123.3299
111.4619
87.6898
77.2924
91.5210
91.3292
102.4390
74.2230
68.9243
91.4006
71.1918
64.2223
92.4565
93.8367
103.6244
78.7386
79.7296
81.2523
0.0000
0.0000
0.0000
0.0000
0.0000
0.0000
0.0000
0.0000
0.0000
0.0000
0.0000
0.0000
0.0000
0.0000
0.0000
0.0000
0.0000
0.0000
409.1848
485.5531
607.4882
454.0070
501.2863
347.5226
177.6540
116.6345
119.5177
69.5196
113.7419
89.0552
134.7576
193.2317
126.6601
90.0512
79.7098
101.3162
106.1628
85.5991
52.6327
68.7976
67.3918
92.4479
93.3730
54.5897
91.4218
58.0536
0.0000
0.0000
0.0000
0.0000
0.0000
0.0000
0.0000
0.0000
0.0000
0.0000
0.0000
0.0000
0.0000
0.0000
0.0000
0.0000
0.0000
0.0000
272.8433
324.4817
483.2436
510.8160
408.4691
364.6823
154.4661
128.7273
112.3819
110.4618
80.6891
86.5214
101.0461
153.6343
121.3418
83.3063
92.5697
92.4501
94.7481
89.5936
61.2643
62.3741
61.8700
73.9035
90.9764
84.8710
91.2116
79.0873
42.7037
0.0000
0.0000
0.0000
0.0000
0.0000
0.0000
0.0000
0.0000
0.0000
0.0000
0.0000
0.0000
0.0000
0.0000
0.0000
0.0000
0.0000
445.4922
403.3856
427.2825
376.2949
356.2966
301.1014
252.8080
198.7814
127.3975
114.4074
80.3339
94.4941
84.9823
135.0526
74.8487
66.1612
77.1678
88.5392
78.5971
50.9031
64.2161
74.3768
76.7756
80.9193
146.8857
92.7135
65.6116
62.9747
52.8884
0.0000
0.0000
0.0000
0.0000
0.0000
0.0000
0.0000
0.0000
0.0000
0.0000
0.0000
0.0000
0.0000
0.0000
0.0000
0.0000
0.0000
325.3949
488.7053
297.6167
348.3472
335.5447
323.0706
257.1213
216.4631
160.4222
133.1957
101.0895
100.0700
99.1182
161.6117
81.3055
74.2666
83.8880
84.5355
71.4843
84.7448
56.5635
84.0751
96.5260
104.4295
131.9613
131.0342
112.8244
88.8167
57.6494
60.3432
0.0000
0.0000
0.0000
0.0000
0.0000
0.0000
0.0000
0.0000
0.0000
0.0000
0.0000
0.0000
0.0000
0.0000
0.0000
0.0000
541.6584
500.5677
336.8569
319.0722
315.3836
340.3698
350.1294
210.3528
161.6436
169.0976
166.1469
132.4821
126.9539
225.3649
117.9849
88.8900
97.4027
94.7829
81.4072
89.6376
95.8572
87.2686
90.8555
88.4618
143.6652
114.8195
143.7122
92.1223
53.6093
69.3094
38.2946
0.0000
0.0000
0.0000
0.0000
0.0000
0.0000
0.0000
0.0000
0.0000
0.0000
0.0000
0.0000
0.0000
0.0000
0.0000
599.7239
419.5682
328.9507
551.6865
451.7968
395.2791
439.5009
250.8015
181.8413
188.9673
167.3938
179.3722
204.1885
279.8560
123.1238
85.7773
111.7071
110.4807
82.1665
69.0017
84.9362
89.6088
96.9206
130.1226
147.4096
107.7726
103.4059
85.0474
65.4849
41.5778
37.6810
48.4825
0.0000
0.0000
0.0000
0.0000
0.0000
0.0000
0.0000
0.0000
0.0000
0.0000
0.0000
0.0000
0.0000
0.0000
678.7679
502.5749
458.6801
653.2235
708.0034
582.2101
427.5036
270.8242
270.6596
199.1389
290.9327
307.8317
308.2904
228.0505
104.0189
86.7219
136.6077
84.2101
68.4214
106.8940
137.3565
180.9894
111.9970
122.3483
142.4546
139.9098
83.4433
53.3098
56.6656
58.1142
45.7166
37.6416
55.6689
0.0000
0.0000
0.0000
0.0000
0.0000
0.0000
0.0000
0.0000
0.0000
0.0000
0.0000
0.0000
0.0000
784.5892
776.6280
872.7781
870.2617
589.4969
691.0739
400.4155
339.3771
467.8812
312.3602
319.1431
331.0826
283.4598
245.4344
132.5120
90.0748
82.1573
81.4241
76.7248
96.1865
185.2352
204.6841
128.3706
111.5277
113.0377
109.1973
55.7080
39.1026
43.2478
35.5817
44.3252
35.1797
56.3216
0.0000
0.0000
0.0000
0.0000
0.0000
0.0000
0.0000
0.0000
0.0000
0.0000
0.0000
0.0000
0.0000
1157.6650
1140.2056
1053.4431
793.9915
1206.7454
1008.8885
737.9380
374.1506
454.9809
322.1707
344.9471
322.2148
280.6671
315.4335
204.8898
116.1494
104.0487
64.8793
64.7589
117.1236
178.5927
144.8544
98.7807
99.6123
74.8980
65.0352
44.8587
37.5640
27.6270
30.5248
29.8836
31.8071
59.7326
38.5448
0.0000
0.0000
0.0000
0.0000
0.0000
0.0000
0.0000
0.0000
0.0000
0.0000
0.0000
0.0000
1271.1368
1434.3624
1167.9364
908.0903
1179.8455
677.3859
692.0189
473.0728
607.0201
483.7932
357.5171
465.8563
292.3776
283.3221
177.5528
110.3896
53.5067
37.6728
59.3550
88.7734
88.9604
134.8584
62.2929
77.1386
101.9037
60.5957
36.3257
28.9264
23.8577
24.7026
22.6845
31.7123
36.7530
41.3235
25.6665
0.0000
0.0000
0.0000
0.0000
0.0000
0.0000
0.0000
0.0000
0.0000
0.0000
0.0000
1944.5811
1537.3281
897.7747
878.9646
743.2034
630.5015
965.7774
746.6274
595.1154
295.3201
304.0647
344.5959
183.0460
305.2002
134.0394
104.0278
59.6673
56.2021
75.6962
62.5877
37.7463
57.4183
53.4601
53.0354
66.2122
52.4668
20.0836
31.4626
28.6578
19.7251
24.3796
23.7450
27.4368
26.2644
12.8501
16.1286
0.0000
0.0000
0.0000
0.0000
0.0000
0.0000
0.0000
0.0000
0.0000
0.0000
949.9419
1163.0117
890.9734
683.3871
1069.9238
815.3933
947.5057
856.4013
576.7889
483.5977
323.2222
325.6308
195.0482
261.2537
110.6522
95.6706
93.6034
63.6670
79.8804
45.8452
46.1411
43.5446
41.7181
46.0958
67.7713
36.9966
28.8971
21.3577
24.7625
18.6741
16.3100
16.0883
18.8272
13.1938
13.5454
11.2124
0.0000
0.0000
0.0000
0.0000
0.0000
0.0000
0.0000
0.0000
0.0000
0.0000
1311.6761
1108.4830
782.3720
910.1735
606.3693
1318.4386
855.1697
703.6404
475.3295
436.2250
263.1758
230.9670
140.9598
153.1498
95.2195
94.0251
109.0136
87.7564
83.0040
50.0997
58.8447
66.4504
40.4829
44.8764
41.3987
48.3984
27.7036
23.3234
22.4106
21.1739
21.1424
16.8754
11.8466
21.5979
21.9967
22.4270
0.0000
0.0000
0.0000
0.0000
0.0000
0.0000
0.0000
0.0000
0.0000
0.0000
1070.3944
737.3663
548.1395
747.8894
572.9077
778.9025
684.8718
534.3022
418.5167
251.6728
250.6229
212.3054
144.7321
230.1363
98.4608
115.1518
133.3914
126.6744
74.8558
59.0432
40.0440
41.3989
35.4978
26.7496
71.5941
59.6256
45.6175
21.8791
20.9311
17.2443
19.2169
12.1394
12.3888
20.2868
18.6945
30.2998
0.0000
0.0000
0.0000
0.0000
0.0000
0.0000
0.0000
0.0000
0.0000
0.0000
1033.2386
893.5778
699.3563
540.9777
464.0974
572.1149
693.5336
505.9934
295.1919
303.7746
274.2088
207.5415
178.0768
218.1135
148.6794
197.5497
119.4607
74.4835
67.1995
41.7806
37.3731
35.0588
22.7250
25.2136
47.0310
53.7631
65.5763
29.9324
27.8994
20.0310
12.7102
11.6873
15.4132
17.7964
32.8869
43.4606
0.0000
0.0000
0.0000
0.0000
0.0000
0.0000
0.0000
0.0000
0.0000
0.0000
716.6367
605.4953
457.8346
442.7047
499.5982
662.3710
639.6739
326.4782
298.8303
256.8004
241.2660
192.8336
161.1420
203.5488
0.0000
0.0000
95.0596
60.5547
61.1628
29.9311
22.8988
19.5116
12.5463
11.9035
36.2638
44.0028
49.9466
46.2914
33.3256
36.2220
23.0389
19.0369
13.1244
21.0962
18.7189
31.0057
0.0000
0.0000
0.0000
0.0000
0.0000
0.0000
0.0000
0.0000
0.0000
0.0000
493.5022
372.9350
277.3257
301.7696
447.8292
555.3114
490.9808
265.2086
243.5146
212.3597
226.2904
125.1217
133.6635
127.3783
0.0000
0.0000
0.0000
0.0000
0.0000
0.0000
0.0000
0.0000
0.0000
0.0000
26.4505
23.3731
27.9130
38.6492
41.3422
40.1469
33.2025
19.3591
26.9708
15.2275
14.3039
21.7524
0.0000
0.0000
0.0000
0.0000
0.0000
0.0000
0.0000
0.0000
0.0000
0.0000
840.6866
553.5737
390.1218
461.3314
384.6452
460.0079
326.0463
341.4005
218.3862
146.1108
145.3957
88.4145
78.7255
92.1903
0.0000
0.0000
0.0000
0.0000
0.0000
0.0000
0.0000
0.0000
0.0000
0.0000
18.0145
13.7564
25.1675
43.5242
37.8572
33.3298
36.2525
24.9011
24.7663
36.7423
27.7810
26.4887
0.0000
0.0000
0.0000
0.0000
0.0000
0.0000
0.0000
0.0000
0.0000
0.0000
719.2886
582.0922
382.2963
604.4416
511.2046
371.3701
312.1335
235.7574
149.0540
95.2521
77.9077
51.6370
48.4790
78.3999
0.0000
0.0000
0.0000
0.0000
0.0000
0.0000
0.0000
0.0000
0.0000
0.0000
19.9604
17.2804
16.1231
36.7219
32.0755
35.3867
28.3748
18.6745
29.9137
42.2153
36.5774
36.7873
0.0000
0.0000
0.0000
0.0000
0.0000
0.0000
0.0000
0.0000
0.0000
0.0000
641.9173
380.4694
527.9043
469.3345
342.2063
329.6872
344.5039
314.2702
171.1834
106.9965
85.7101
59.1550
44.4447
50.5756
0.0000
0.0000
0.0000
0.0000
0.0000
0.0000
0.0000
0.0000
0.0000
0.0000
26.7106
23.6830
17.9162
20.2085
27.0157
22.8604
27.9087
29.3276
25.0801
34.9785
43.4033
70.0955
0.0000
0.0000
0.0000
0.0000
0.0000
0.0000
0.0000
0.0000
0.0000
0.0000
631.0408
343.2080
418.4404
328.3928
315.9276
285.2943
253.3585
281.6826
214.8411
176.7192
116.8270
47.2128
56.2173
63.8883
0.0000
0.0000
0.0000
0.0000
0.0000
0.0000
0.0000
0.0000
0.0000
0.0000
22.7646
19.0513
18.9241
33.4802
17.8505
13.1911
15.0388
27.8613
30.1866
38.8745
51.6313
61.6120
0.0000
0.0000
0.0000
0.0000
0.0000
0.0000
0.0000
0.0000
0.0000
0.0000
877.4169
470.8137
518.1335
292.2671
268.1607
309.0087
269.8343
227.5789
206.3306
300.4236
125.0604
112.7343
65.9192
52.4742
0.0000
0.0000
0.0000
0.0000
0.0000
0.0000
0.0000
0.0000
0.0000
0.0000
17.5526
18.6406
21.8680
37.2788
25.4901
15.9886
17.8453
26.8936
21.4965
22.3394
33.6977
63.9137
0.0000
0.0000
0.0000
0.0000
0.0000
0.0000
0.0000
0.0000
0.0000
0.0000
828.3374
608.8508
350.7801
316.0813
288.4532
255.5720
215.2707
220.2284
252.0607
207.7202
131.2956
118.8738
74.9965
51.2490
0.0000
0.0000
0.0000
0.0000
0.0000
0.0000
0.0000
0.0000
0.0000
0.0000
14.2419
18.3059
17.3346
31.5210
21.9442
19.7659
20.9483
16.0785
16.1414
20.9773
31.8963
39.1127
0.0000
0.0000
0.0000
0.0000
0.0000
0.0000
0.0000
0.0000
0.0000
0.0000
396.5687
390.9477
387.3758
303.3789
268.3998
234.5892
166.7897
101.4020
170.1860
177.7068
109.2233
139.0220
90.0221
46.2055
0.0000
0.0000
0.0000
0.0000
0.0000
0.0000
0.0000
0.0000
0.0000
0.0000
20.7271
14.5584
21.5745
38.7719
32.2422
25.3128
21.9499
19.0019
13.2973
18.4057
31.4573
32.6359
0.0000
0.0000
0.0000
0.0000
0.0000
0.0000
0.0000
0.0000
0.0000
0.0000
350.2981
322.9845
268.3682
354.4650
206.8556
176.2991
124.0202
120.0557
135.6115
163.9641
141.6896
111.2088
79.4779
55.8191
0.0000
0.0000
0.0000
0.0000
0.0000
0.0000
0.0000
0.0000
0.0000
0.0000
28.5099
16.3490
23.0632
32.7660
28.5698
22.0694
32.8029
33.9574
21.3140
23.2136
38.3269
40.4113
0.0000
0.0000
0.0000
0.0000
0.0000
0.0000
0.0000
0.0000
0.0000
0.0000
207.7942
265.2077
244.2762
309.4482
240.9210
118.2931
101.2472
98.9539
152.4353
142.9067
179.2855
123.7560
76.6403
69.9623
0.0000
0.0000
0.0000
0.0000
0.0000
0.0000
0.0000
0.0000
0.0000
0.0000
31.4781
25.3560
25.0066
30.6649
25.4756
20.5029
31.7859
37.3996
41.3722
35.1614
44.4903
44.6258
0.0000
0.0000
0.0000
0.0000
0.0000
0.0000
0.0000
0.0000
0.0000
0.0000
250.1409
209.5374
175.2168
229.3971
174.9294
112.7911
93.0455
126.4938
150.0229
146.3200
168.5547
111.8367
98.9442
67.9319
0.0000
0.0000
0.0000
0.0000
0.0000
0.0000
0.0000
0.0000
0.0000
0.0000
27.5524
18.6880
17.5247
17.7796
28.9157
35.0341
47.7651
57.0278
70.1745
42.4868
37.7852
33.4009
0.0000
0.0000
0.0000
0.0000
0.0000
0.0000
0.0000
0.0000
0.0000
0.0000
286.6340
234.2287
148.1104
159.3029
145.1158
154.5162
133.9039
123.9610
135.8666
108.1603
164.9507
102.5842
83.5344
73.3195
0.0000
0.0000
0.0000
0.0000
0.0000
0.0000
0.0000
0.0000
0.0000
0.0000
47.0746
32.6723
23.6969
22.4534
28.3329
30.9258
48.3439
71.2970
96.6443
51.4300
45.0460
42.2088
0.0000
0.0000
0.0000
0.0000
0.0000
0.0000
0.0000
0.0000
0.0000
0.0000
311.4816
173.6809
220.8869
195.2236
224.7489
178.0574
159.8831
99.5543
88.3397
98.0033
98.9883
58.9490
72.7868
38.6995
0.0000
0.0000
0.0000
0.0000
0.0000
0.0000
0.0000
0.0000
0.0000
0.0000
47.7271
67.4409
40.8989
43.1085
37.1879
58.2640
69.4871
73.1584
88.4042
78.0836
64.0182
59.9077
0.0000
0.0000
0.0000
0.0000
0.0000
0.0000
0.0000
0.0000
0.0000
0.0000
318.0992
185.4698
156.5650
181.2531
174.9763
171.2513
164.3499
109.4832
101.7389
111.6079
71.4245
66.4105
65.8782
45.3348
0.0000
0.0000
0.0000
0.0000
0.0000
0.0000
0.0000
0.0000
0.0000
0.0000
51.4141
72.6954
49.3907
42.8443
40.2898
70.4577
123.4889
81.8914
88.3261
68.9711
79.8867
66.4080
0.0000
0.0000
0.0000
0.0000
0.0000
0.0000
0.0000
0.0000
0.0000
0.0000
226.1288
165.4815
111.2100
129.1203
200.0262
171.9911
157.5092
153.1029
201.3220
149.2638
123.4614
57.0958
54.0569
64.6579
0.0000
0.0000
0.0000
0.0000
0.0000
0.0000
0.0000
0.0000
0.0000
0.0000
81.9367
99.3055
57.7698
53.8701
51.3495
81.9857
91.5696
95.7639
76.2182
82.8831
67.2996
59.1566
0.0000
0.0000
0.0000
0.0000
0.0000
0.0000
0.0000
0.0000
0.0000
0.0000
251.7919
200.7249
134.0661
144.6880
225.3239
225.9039
217.5767
220.4012
220.0269
190.5260
141.0349
95.2572
55.7961
87.2413
0.0000
0.0000
0.0000
0.0000
0.0000
0.0000
0.0000
0.0000
0.0000
0.0000
127.1847
108.2347
86.7209
82.1284
61.8728
75.0250
102.5595
107.0637
116.9240
59.8667
76.1540
60.7757
0.0000
0.0000
0.0000
0.0000
0.0000
0.0000
0.0000
0.0000
0.0000
0.0000
301.2442
180.0078
166.8127
188.8694
241.5091
247.8080
262.2982
226.9501
245.9074
229.2299
165.5289
124.9062
110.8546
125.0066
0.0000
0.0000
0.0000
0.0000
0.0000
0.0000
0.0000
0.0000
0.0000
0.0000
110.3823
141.0822
114.6214
104.4565
91.4738
80.5577
66.3854
100.6612
98.0196
61.7347
74.6050
122.2613
0.0000
0.0000
0.0000
0.0000
0.0000
0.0000
0.0000
0.0000
0.0000
0.0000
273.6863
182.8382
210.6902
152.8499
226.3139
253.1685
279.1612
295.5497
274.3482
239.9075
136.0536
99.5166
151.3720
150.1734
0.0000
0.0000
0.0000
0.0000
0.0000
0.0000
0.0000
0.0000
0.0000
0.0000
90.7824
126.0556
116.4963
117.1645
72.1175
67.7308
47.2596
54.4112
110.1160
100.6238
106.9189
202.4763
0.0000
0.0000
0.0000
0.0000
0.0000
0.0000
0.0000
0.0000
0.0000
0.0000
0.0000
448.5637
270.5805
273.6468
272.9956
201.2378
243.2798
259.5790
282.1874
231.4003
149.7959
122.5050
171.4324
145.2583
0.0000
0.0000
0.0000
0.0000
0.0000
0.0000
0.0000
0.0000
0.0000
0.0000
96.4282
120.5302
118.6871
60.1435
52.6755
48.0202
45.5700
67.3422
115.7532
112.2245
95.8622
289.4925
0.0000
0.0000
0.0000
0.0000
0.0000
0.0000
0.0000
0.0000
0.0000
0.0000
0.0000
314.9128
474.9072
291.9215
227.3200
289.1799
220.2870
168.9151
203.6732
168.8819
182.4435
0.0000
0.0000
153.2509
0.0000
0.0000
0.0000
0.0000
0.0000
0.0000
0.0000
0.0000
0.0000
0.0000
115.0973
114.4542
117.2361
48.1148
40.3921
43.9161
39.0233
60.5854
62.0808
96.1884
153.8165
256.6713
0.0000
0.0000
0.0000
0.0000
0.0000
0.0000
0.0000
0.0000
0.0000
0.0000
0.0000
0.0000
462.1070
421.1083
323.1161
294.4608
153.5549
222.7304
144.2451
140.7427
141.3900
0.0000
0.0000
0.0000
0.0000
0.0000
0.0000
0.0000
0.0000
0.0000
0.0000
0.0000
0.0000
0.0000
125.9377
113.9669
67.5615
53.7299
48.5316
43.3566
51.6238
74.9378
60.4882
73.4533
157.3689
246.4934
0.0000
0.0000
0.0000
0.0000
0.0000
0.0000
0.0000
0.0000
0.0000
0.0000
0.0000
0.0000
0.0000
382.7787
238.2443
168.0038
157.8080
137.0938
150.8488
217.0404
135.3898
0.0000
0.0000
0.0000
0.0000
0.0000
0.0000
0.0000
0.0000
0.0000
0.0000
0.0000
0.0000
0.0000
110.7469
120.9181
80.2393
101.6907
63.2954
57.2565
66.1229
56.2936
59.7516
75.7178
63.9635
144.0159
0.0000
0.0000
0.0000
0.0000
0.0000
0.0000
0.0000
0.0000
0.0000
0.0000
0.0000
0.0000
0.0000
0.0000
284.3865
165.1087
163.4816
164.6714
273.4483
287.7353
245.4027
0.0000
0.0000
0.0000
0.0000
0.0000
0.0000
0.0000
0.0000
0.0000
0.0000
0.0000
0.0000
0.0000
149.4661
123.2105
127.3910
107.8376
87.6551
99.6269
75.6016
86.1997
88.4030
109.3957
80.4335
133.1501
0.0000
0.0000
0.0000
0.0000
0.0000
0.0000
0.0000
0.0000
0.0000
0.0000
0.0000
0.0000
0.0000
0.0000
344.6007
201.9439
282.9869
244.2847
386.8633
421.1589
253.8630
0.0000
0.0000
0.0000
0.0000
0.0000
0.0000
0.0000
0.0000
0.0000
0.0000
0.0000
0.0000
0.0000
124.5487
86.2919
124.6874
101.4916
122.6354
113.5928
117.4553
88.1998
103.0164
141.5510
166.5881
201.4035
0.0000
0.0000
0.0000
0.0000
0.0000
0.0000
0.0000
0.0000
0.0000
0.0000
0.0000
0.0000
0.0000
0.0000
0.0000
0.0000
257.0054
286.8242
482.9156
396.3300
347.7431
0.0000
0.0000
0.0000
0.0000
0.0000
0.0000
0.0000
0.0000
0.0000
0.0000
0.0000
0.0000
0.0000
0.0000
163.9513
181.5733
102.5782
137.3174
135.8096
99.4998
134.1111
192.1705
159.8211
368.2569
414.9225
0.0000
0.0000
0.0000
0.0000
0.0000
0.0000
0.0000
0.0000
0.0000
0.0000
0.0000
0.0000
0.0000
0.0000
0.0000
0.0000
394.8123
353.7585
408.8603
369.4755
252.6474
0.0000
0.0000
0.0000
0.0000
0.0000
0.0000
0.0000
0.0000
0.0000
0.0000
0.0000
0.0000
0.0000
0.0000
0.0000
0.0000
116.8372
157.1005
125.2573
123.5887
199.0690
218.5272
181.4174
480.3905
442.3925
0.0000
0.0000
0.0000
0.0000
0.0000
0.0000
0.0000
0.0000
0.0000
0.0000
0.0000
0.0000
0.0000
0.0000
0.0000
0.0000
0.0000
666.9615
389.1651
312.2047
271.0141
0.0000
0.0000
0.0000
0.0000
0.0000
0.0000
0.0000
0.0000
0.0000
0.0000
0.0000
0.0000
0.0000
0.0000
0.0000
0.0000
0.0000
202.4573
161.4298
328.4467
227.5953
204.3998
328.9250
398.5107
368.4810
0.0000
0.0000
0.0000
0.0000
0.0000
0.0000
0.0000
0.0000
0.0000
0.0000
0.0000
0.0000
0.0000
0.0000
0.0000
0.0000
0.0000
0.0000
590.5587
407.6820
311.2227
0.0000
0.0000
0.0000
0.0000
0.0000
0.0000
0.0000
0.0000
0.0000
0.0000
0.0000
0.0000
0.0000
0.0000
0.0000
0.0000
0.0000
0.0000
241.9463
443.2397
299.5775
295.9503
428.4030
466.5086
390.0753
0.0000
0.0000
0.0000
0.0000
0.0000
0.0000
0.0000
0.0000
0.0000
0.0000
0.0000
0.0000
0.0000
0.0000
0.0000
0.0000
0.0000
0.0000
594.7245
601.1263
518.0612
0.0000
0.0000
0.0000
0.0000
0.0000
0.0000
0.0000
0.0000
0.0000
0.0000
0.0000
0.0000
0.0000
0.0000
0.0000
0.0000
0.0000
0.0000
0.0000
502.8275
325.2628
241.0138
253.2065
239.6046
525.4786
0.0000
0.0000
0.0000
0.0000
0.0000
0.0000
0.0000
0.0000
0.0000
0.0000
0.0000
0.0000
0.0000
0.0000
0.0000
0.0000
0.0000
0.0000
0.0000
681.4401
639.0678
0.0000
0.0000
0.0000
0.0000
0.0000
0.0000
0.0000
0.0000
0.0000
0.0000
0.0000
0.0000
0.0000
0.0000
0.0000
0.0000
0.0000
0.0000
0.0000
0.0000
0.0000
442.0078
265.7106
222.5399
423.7115
0.0000
0.0000
0.0000
0.0000
0.0000
0.0000
0.0000
0.0000
0.0000
0.0000
0.0000
0.0000
0.0000
0.0000
0.0000
0.0000
0.0000
0.0000
0.0000
0.0000
0.0000
0.0000
0.0000
0.0000
0.0000
0.0000
0.0000
0.0000
0.0000
0.0000
0.0000
0.0000
0.0000
0.0000
0.0000
0.0000
0.0000
0.0000
0.0000
0.0000
0.0000
0.0000
0.0000
289.9171
238.9023
496.1574
0.0000
0.0000
0.0000
0.0000
0.0000
0.0000
0.0000
0.0000
0.0000
0.0000
0.0000
0.0000
0.0000
0.0000
0.0000
0.0000
0.0000
0.0000
0.0000
0.0000
0.0000
0.0000
0.0000
0.0000
0.0000
0.0000
0.0000
0.0000
0.0000
0.0000
0.0000
0.0000
0.0000
0.0000
0.0000
0.0000
0.0000
0.0000
0.0000
0.0000
0.0000
0.0000
0.0000
326.1103
221.3691
506.0360
0.0000
0.0000
0.0000
0.0000
0.0000
0.0000
0.0000
0.0000
0.0000
0.0000
0.0000
0.0000
0.0000
0.0000
0.0000
0.0000
0.0000
0.0000
0.0000
0.0000
0.0000
0.0000
0.0000
0.0000
0.0000
0.0000
0.0000
0.0000
0.0000
0.0000
0.0000
0.0000
0.0000
0.0000
0.0000
0.0000
0.0000
0.0000
0.0000
0.0000
0.0000
0.0000
0.0000
0.0000
0.0000
0.0000
0.0000
0.0000
0.0000
0.0000
0.0000
0.0000
0.0000
0.0000
0.0000
0.0000
0.0000
0.0000
0.0000
0.0000
0.0000
0.0000
0.0000
0.0000
0.0000
0.0000
0.0000
0.0000
0.0000
0.0000
0.0000
0.0000
0.0000
0.0000
0.0000
0.0000
0.0000
0.0000
0.0000
0.0000
0.0000
0.0000
0.0000
0.0000
0.0000
0.0000
0.0000
0.0000
0.0000
0.0000
0.0000
0.0000
0.0000
0.0000
0.0000
0.0000
0.0000
0.0000
0.0000
0.0000
0.0000
0.0000
0.0000
0.0000
0.0000
0.0000
0.0000
0.0000
0.0000
0.0000
0.0000
0.0000
0.0000
0.0000
0.0000
0.0000
0.0000
0.0000
0.0000
0.0000
0.0000
0.0000
0.0000
0.0000
0.0000
0.0000
0.0000
0.0000
0.0000
0.0000
0.0000
0.0000
0.0000
0.0000
0.0000
0.0000
0.0000
0.0000
0.0000
0.0000
0.0000
0.0000
0.0000
0.0000
0.0000
0.0000
0.0000
0.0000
0.0000
0.0000
0.0000
0.0000
0.0000
0.0000
0.0000
0.0000
0.0000
0.0000
0.0000
0.0000
0.0000
0.0000
0.0000
0.0000
0.0000
0.0000
0.0000
0.0000
0.0000
0.0000
0.0000
0.0000
0.0000
0.0000
0.0000
0.0000
0.0000
0.0000
0.0000
0.0000
0.0000
0.0000
0.0000
0.0000
0.0000
0.0000
0.0000
0.0000
0.0000
0.0000
0.0000
0.0000
0.0000
0.0000
0.0000
0.0000
0.0000
0.0000
0.0000
0.0000
0.0000
0.0000
0.0000
0.0000
0.0000
0.0000
0.0000
0.0000
0.0000
0.0000
0.0000
0.0000
0.0000
0.0000
0.0000
0.0000
0.0000
0.0000
0.0000
0.0000
0.0000
0.0000
0.0000
0.0000
0.0000
0.0000
0.0000
0.0000
0.0000
0.0000
0.0000
0.0000
0.0000
0.0000
0.0000
0.0000
0.0000
0.0000
0.0000
0.0000
0.0000
0.0000
0.0000
0.0000
0.0000
0.0000
0.0000
0.0000
0.0000
0.0000
0.0000
0.0000
0.0000
0.0000
0.0000
0.0000
0.0000
0.0000
0.0000
0.0000
0.0000
0.0000
0.0000
0.0000
0.0000
0.0000
0.0000
0.0000
0.0000
0.0000
0.0000
0.0000
0.0000
0.0000
0.0000
0.0000
0.0000
0.0000
0.0000
0.0000
0.0000
0.0000
0.0000
0.0000
0.0000
0.0000
0.0000
0.0000
0.0000
0.0000
0.0000
0.0000
0.0000
0.0000
0.0000
0.0000
0.0000
0.0000
0.0000
0.0000
0.0000
0.0000
0.0000
0.0000
0.0000
0.0000
0.0000
0.0000
0.0000
0.0000
0.0000
0.0000
0.0000
0.0000
0.0000
0.0000
0.0000
0.0000
0.0000
0.0000
0.0000
0.0000
0.0000
0.0000
0.0000
0.0000
0.0000
0.0000
0.0000
0.0000
0.0000
0.0000
0.0000
0.0000
0.0000
0.0000
0.0000
0.0000
0.0000
0.0000
0.0000
0.0000
0.0000
0.0000
0.0000
0.0000
0.0000
0.0000
0.0000
0.0000
0.0000
0.0000
0.0000
0.0000
0.0000
0.0000
0.0000
0.0000
0.0000
0.0000
0.0000
0.0000
0.0000
0.0000
0.0000
0.0000
0.0000
0.0000
0.0000
0.0000
0.0000
0.0000
0.0000
0.0000
0.0000
0.0000
0.0000
0.0000
0.0000
0.0000
0.0000
0.0000
0.0000
0.0000
0.0000
0.0000
0.0000
0.0000
0.0000
0.0000
0.0000
0.0000
0.0000
0.0000
0.0000
0.0000
0.0000
0.0000
0.0000
0.0000
0.0000
0.0000
0.0000
0.0000
0.0000
0.0000
0.0000
0.0000
0.0000
0.0000
0.0000
0.0000
0.0000
0.0000
0.0000
0.0000
0.0000
0.0000
0.0000
0.0000
0.0000
0.0000
0.0000
0.0000
0.0000
0.0000
0.0000
0.0000
0.0000
0.0000
0.0000
0.0000
0.0000
0.0000
0.0000
0.0000
0.0000
0.0000
0.0000
0.0000
0.0000
0.0000
0.0000
0.0000
0.0000
0.0000
0.0000
0.0000
0.0000
0.0000
0.0000
0.0000
0.0000
0.0000
0.0000
0.0000
0.0000
0.0000
0.0000
0.0000
0.0000
0.0000
0.0000
0.0000
0.0000
0.0000
0.0000
0.0000
0.0000
0.0000
0.0000
0.0000
0.0000
0.0000
0.0000
0.0000
0.0000
0.0000
0.0000
0.0000
0.0000
0.0000
0.0000
0.0000
0.0000
0.0000
0.0000
0.0000
0.0000
0.0000
0.0000
0.0000
0.0000
0.0000
0.0000
0.0000
0.0000
0.0000
0.0000
0.0000
0.0000
0.0000
0.0000
0.0000
0.0000
0.0000
0.0000
0.0000
0.0000
0.0000
0.0000
0.0000
0.0000
0.0000
0.0000
0.0000
0.0000
0.0000
0.0000
0.0000
0.0000
0.0000
0.0000
0.0000
0.0000
0.0000
0.0000
0.0000
0.0000
0.0000
0.0000
0.0000
0.0000
0.0000
0.0000
0.0000
0.0000
0.0000
0.0000
0.0000
0.0000
0.0000
0.0000
0.0000
0.0000
0.0000
0.0000
0.0000
0.0000
0.0000
0.0000
0.0000
0.0000
0.0000
0.0000
0.0000
0.0000
0.0000
0.0000
0.0000
0.0000
0.0000
0.0000
0.0000
0.0000
0.0000
0.0000
0.0000
0.0000
0.0000
0.0000
0.0000
0.0000
0.0000
0.0000
0.0000
0.0000
0.0000
0.0000
0.0000
0.0000
0.0000
0.0000
0.0000
0.0000
0.0000
0.0000
0.0000
0.0000
0.0000
0.0000
0.0000
0.0000
0.0000
0.0000
0.0000
0.0000
0.0000
0.0000
0.0000
0.0000
0.0000
0.0000
0.0000
0.0000
0.0000
0.0000
0.0000
0.0000
0.0000
0.0000
0.0000
0.0000
0.0000
0.0000
0.0000
0.0000
0.0000
0.0000
0.0000
0.0000
0.0000
0.0000
0.0000
0.0000
0.0000
0.0000
0.0000
0.0000
0.0000
0.0000
0.0000
0.0000
0.0000
0.0000
0.0000
0.0000
0.0000
0.0000
0.0000
0.0000
0.0000
0.0000
0.0000
0.0000
0.0000
0.0000
0.0000
0.0000
0.0000
0.0000
0.0000
0.0000
0.0000
0.0000
0.0000
0.0000
0.0000
0.0000
0.0000
0.0000
0.0000
0.0000
0.0000
0.0000
0.0000
0.0000
0.0000
0.0000
0.0000
0.0000
0.0000
0.0000
0.0000
0.0000
0.0000
0.0000
0.0000
0.0000
0.0000
0.0000
0.0000
0.0000
0.0000
0.0000
0.0000
0.0000
0.0000
0.0000
0.0000
0.0000
0.0000
0.0000
0.0000
0.0000
0.0000
0.0000
0.0000
0.0000
0.0000
0.0000
0.0000
0.0000
0.0000
0.0000
0.0000
0.0000
0.0000
0.0000
0.0000
0.0000
0.0000
0.0000
0.0000
0.0000
0.0000
0.0000
0.0000
0.0000
0.0000
0.0000
0.0000
0.0000
0.0000
0.0000
0.0000
0.0000
0.0000
0.0000
0.0000
0.0000
0.0000
0.0000
0.0000
0.0000
0.0000
0.0000
0.0000
0.0000
0.0000
0.0000
0.0000
0.0000
0.0000
0.0000
0.0000
0.0000
0.0000
0.0000
0.0000
0.0000
0.0000
0.0000
0.0000
0.0000
0.0000
0.0000
0.0000
0.0000
0.0000
0.0000
0.0000
0.0000
0.0000
0.0000
0.0000
0.0000
0.0000
0.0000
0.0000
0.0000
0.0000
0.0000
0.0000
0.0000
0.0000
0.0000
0.0000
0.0000
0.0000
0.0000
0.0000
0.0000
0.0000
0.0000
0.0000
0.0000
0.0000
0.0000
0.0000
0.0000
0.0000
0.0000
0.0000
0.0000
0.0000
0.0000
0.0000
0.0000
0.0000
0.0000
0.0000
0.0000
0.0000
0.0000
0.0000
0.0000
0.0000
0.0000
0.0000
0.0000
0.0000
0.0000
0.0000
0.0000
0.0000
0.0000
0.0000
0.0000
0.0000
0.0000
0.0000
0.0000
0.0000
0.0000
0.0000
0.0000
0.0000
0.0000
0.0000
0.0000
0.0000
0.0000
0.0000
0.0000
0.0000
0.0000
0.0000
0.0000
0.0000
0.0000
0.0000
0.0000
0.0000
0.0000
0.0000
0.0000
0.0000
0.0000
0.0000
0.0000
0.0000
0.0000
0.0000
0.0000
0.0000
0.0000
0.0000
0.0000
0.0000
0.0000
0.0000
0.0000
0.0000
0.0000
0.0000
0.0000
0.0000
0.0000
0.0000
0.0000
0.0000
0.0000
0.0000
0.0000
0.0000
0.0000
0.0000
0.0000
0.0000
0.0000
0.0000
0.0000
0.0000
0.0000
0.0000
0.0000
0.0000
0.0000
0.0000
0.0000
0.0000
0.0000
0.0000
0.0000
0.0000
0.0000
0.0000
0.0000
0.0000
0.0000
0.0000
0.0000
0.0000
0.0000
0.0000
0.0000
0.0000
0.0000
0.0000
0.0000
0.0000
0.0000
0.0000
0.0000
0.0000
0.0000
0.0000
0.0000
0.0000
0.0000
0.0000
0.0000
0.0000
0.0000
0.0000
0.0000
0.0000
0.0000
0.0000
9.2464
8.7174
7.8805
10.1608
9.9850
11.9993
9.2315
6.6240
7.6123
6.8527
6.6058
8.8878
17.9363
39.5317
24.8507
13.9316
12.6342
5.4581
4.8075
4.1858
3.5160
4.6988
5.9037
3.6813
0.0000
0.0000
0.0000
0.0000
0.0000
0.0000
0.0000
0.0000
0.0000
0.0000
0.0000
0.0000
0.0000
0.0000
0.0000
0.0000
0.0000
0.0000
0.0000
0.0000
0.0000
0.0000
7.5441
9.7025
9.3357
9.2235
10.3310
12.7631
5.8636
4.8539
4.3682
5.0229
6.1790
11.5582
22.3158
27.2578
27.5804
21.6670
13.2973
12.5372
7.1753
7.3838
6.4663
6.2525
6.5456
5.5678
0.0000
0.0000
0.0000
0.0000
0.0000
0.0000
0.0000
0.0000
0.0000
0.0000
0.0000
0.0000
0.0000
0.0000
0.0000
0.0000
0.0000
0.0000
0.0000
0.0000
0.0000
0.0000
6.0859
8.6538
9.5119
6.8740
10.2895
9.0312
6.0575
3.5999
3.6909
4.8689
7.0586
13.7999
22.3528
40.6222
32.9002
25.7512
16.1074
13.1389
13.3840
13.8035
12.6751
12.6937
4.6447
4.3677
0.0000
0.0000
0.0000
0.0000
0.0000
0.0000
0.0000
0.0000
0.0000
0.0000
0.0000
0.0000
0.0000
0.0000
0.0000
0.0000
0.0000
0.0000
0.0000
0.0000
0.0000
0.0000
7.3887
5.7576
8.9239
8.6774
9.4110
8.2699
7.0536
3.9098
4.1615
5.3550
8.4370
12.7701
19.7208
21.2216
24.2954
20.7404
21.2362
18.5847
20.9588
18.7628
18.9490
17.3393
6.3640
4.4589
0.0000
0.0000
0.0000
0.0000
0.0000
0.0000
0.0000
0.0000
0.0000
0.0000
0.0000
0.0000
0.0000
0.0000
0.0000
0.0000
0.0000
0.0000
0.0000
0.0000
0.0000
0.0000
6.0506
9.2050
5.8215
4.5669
4.5440
5.2344
5.2603
6.9197
7.1786
5.5539
7.3990
9.1641
10.5892
15.3554
20.5793
19.3000
16.1501
15.5190
17.4302
28.3314
22.4643
21.3568
13.1413
6.3033
0.0000
0.0000
0.0000
0.0000
0.0000
0.0000
0.0000
0.0000
0.0000
0.0000
0.0000
0.0000
0.0000
0.0000
0.0000
0.0000
0.0000
0.0000
0.0000
0.0000
0.0000
0.0000
7.8731
9.3432
5.1495
4.8568
3.0231
2.9969
3.8816
4.0732
4.2690
6.3120
5.8062
5.7138
11.7293
14.9587
18.4486
15.6607
14.6416
21.8724
19.5730
21.8714
22.0102
21.5228
14.1071
6.2007
0.0000
0.0000
0.0000
0.0000
0.0000
0.0000
0.0000
0.0000
0.0000
0.0000
0.0000
0.0000
0.0000
0.0000
0.0000
0.0000
0.0000
0.0000
0.0000
0.0000
0.0000
0.0000
7.8457
5.1818
3.0998
3.2623
5.5143
3.1587
4.3320
4.3469
4.5631
5.2777
5.6087
6.7944
8.3228
12.1113
15.0496
18.1115
24.8395
28.0236
26.4504
19.9756
16.0359
13.3800
11.6977
15.2498
0.0000
0.0000
0.0000
0.0000
0.0000
0.0000
0.0000
0.0000
0.0000
0.0000
0.0000
0.0000
0.0000
0.0000
0.0000
0.0000
0.0000
0.0000
0.0000
0.0000
0.0000
0.0000
5.9581
4.8495
4.0797
3.8859
3.9287
4.1146
5.3397
5.2827
3.8527
4.0319
5.0824
7.3292
11.5077
12.3510
11.3900
18.0920
20.4256
17.9170
30.2207
19.8481
23.4484
14.4141
17.1548
10.9555
0.0000
0.0000
0.0000
0.0000
0.0000
0.0000
0.0000
0.0000
0.0000
0.0000
0.0000
0.0000
0.0000
0.0000
0.0000
0.0000
0.0000
0.0000
0.0000
0.0000
0.0000
0.0000
7.4029
5.9709
4.1691
5.1764
4.0748
3.4272
5.7790
6.9782
4.1019
6.5394
6.1862
8.6545
11.9065
10.6005
10.3823
11.3462
14.5380
19.2012
26.2810
22.3412
26.4149
20.8465
12.3693
10.2458
0.0000
0.0000
0.0000
0.0000
0.0000
0.0000
0.0000
0.0000
0.0000
0.0000
0.0000
0.0000
0.0000
0.0000
0.0000
0.0000
0.0000
0.0000
0.0000
0.0000
0.0000
0.0000
5.6516
6.0690
5.2635
6.0298
5.2144
4.7918
7.7177
4.6159
7.1482
10.0038
9.5539
10.1685
14.9171
13.7137
12.9176
11.9363
15.6672
21.9297
17.7163
20.5343
28.2205
17.9705
14.8129
9.9242
0.0000
0.0000
0.0000
0.0000
0.0000
0.0000
0.0000
0.0000
0.0000
0.0000
0.0000
0.0000
0.0000
0.0000
0.0000
0.0000
0.0000
0.0000
0.0000
0.0000
0.0000
0.0000
5.4832
5.5566
4.6859
3.7457
5.9263
7.3885
8.0450
6.1709
10.5742
17.1057
12.7183
12.5048
10.9349
13.1992
15.7205
19.2633
19.2090
17.9698
22.9755
37.7655
17.8200
16.8395
12.5634
17.1622
0.0000
0.0000
0.0000
0.0000
0.0000
0.0000
0.0000
0.0000
0.0000
0.0000
0.0000
0.0000
0.0000
0.0000
0.0000
0.0000
0.0000
0.0000
0.0000
0.0000
0.0000
0.0000
10.1497
9.3983
5.5099
4.7410
4.8036
6.8449
6.1711
10.2191
10.6421
14.2388
14.9608
13.2193
15.8974
17.5751
18.7634
27.6697
21.8450
40.7179
33.0739
31.2807
21.2273
13.1089
19.2408
18.7521
0.0000
0.0000
0.0000
0.0000
0.0000
0.0000
0.0000
0.0000
0.0000
0.0000
0.0000
0.0000
0.0000
0.0000
0.0000
0.0000
0.0000
0.0000
0.0000
0.0000
0.0000
0.0000
11.1021
11.6524
5.9296
5.8651
6.2857
9.8075
7.0809
9.8129
14.0739
9.5255
12.4425
11.8160
27.3421
19.1718
30.7084
40.5167
39.7272
40.3457
43.7076
35.1115
34.4925
27.1507
24.4806
21.7337
0.0000
0.0000
0.0000
0.0000
0.0000
0.0000
0.0000
0.0000
0.0000
0.0000
0.0000
0.0000
0.0000
0.0000
0.0000
0.0000
0.0000
0.0000
0.0000
0.0000
0.0000
0.0000
9.4196
12.1390
8.6972
5.6565
5.3326
7.6753
7.6874
11.0591
16.3417
16.6239
19.7060
23.7816
25.0953
33.7583
33.6241
38.3032
46.1561
55.0840
38.9231
39.2014
45.2422
33.2351
32.5439
22.6897
0.0000
0.0000
0.0000
0.0000
0.0000
0.0000
0.0000
0.0000
0.0000
0.0000
0.0000
0.0000
0.0000
0.0000
0.0000
0.0000
0.0000
0.0000
0.0000
0.0000
0.0000
0.0000
10.5417
11.6961
9.7976
8.2654
6.8170
8.3333
6.4353
9.9975
18.8806
23.0912
28.8310
38.6591
27.6394
36.5796
44.2876
44.8866
51.0603
53.5955
51.7754
54.1791
49.2522
38.5080
29.9725
24.5161
0.0000
0.0000
0.0000
0.0000
0.0000
0.0000
0.0000
0.0000
0.0000
0.0000
0.0000
0.0000
0.0000
0.0000
0.0000
0.0000
0.0000
0.0000
0.0000
0.0000
0.0000
0.0000
8.7782
11.0303
10.2823
12.1579
13.0068
12.5412
11.8712
16.2374
14.5414
30.1062
27.6802
31.6366
30.0438
26.3246
40.7541
37.5960
56.5288
51.6937
52.9988
43.8824
34.3660
23.6485
31.0852
22.0199
0.0000
0.0000
0.0000
0.0000
0.0000
0.0000
0.0000
0.0000
0.0000
0.0000
0.0000
0.0000
0.0000
0.0000
0.0000
0.0000
0.0000
0.0000
0.0000
0.0000
0.0000
0.0000
13.1798
14.3606
18.9607
13.5983
13.3475
11.5908
15.0977
17.6803
22.2250
26.6329
27.1066
31.0313
25.7858
26.7364
35.9902
38.2989
46.8779
53.9272
45.8091
39.9837
28.4065
27.8236
25.8759
18.3105
0.0000
0.0000
0.0000
0.0000
0.0000
0.0000
0.0000
0.0000
0.0000
0.0000
0.0000
0.0000
0.0000
0.0000
0.0000
0.0000
0.0000
0.0000
0.0000
0.0000
0.0000
0.0000
29.6388
23.3084
18.4907
27.1821
23.8696
10.8357
14.7818
19.9321
20.3232
18.3947
30.2322
27.6119
30.6118
28.8191
40.7334
43.6477
55.8591
41.1459
41.1652
32.8701
26.2712
30.6466
32.6678
17.6592
0.0000
0.0000
0.0000
0.0000
0.0000
0.0000
0.0000
0.0000
0.0000
0.0000
0.0000
0.0000
0.0000
0.0000
0.0000
0.0000
0.0000
0.0000
0.0000
0.0000
0.0000
0.0000
23.2964
23.5484
23.9223
25.3753
24.8082
17.7200
17.9577
19.3552
19.9720
28.4623
22.2498
19.2969
34.7624
22.9606
33.7995
34.7513
50.5349
55.1736
37.1740
32.8522
37.6704
26.7448
19.8635
27.4790
0.0000
0.0000
0.0000
0.0000
0.0000
0.0000
0.0000
0.0000
0.0000
0.0000
0.0000
0.0000
0.0000
0.0000
0.0000
0.0000
0.0000
0.0000
0.0000
0.0000
0.0000
0.0000
24.7158
21.0070
20.4175
26.6268
32.7284
27.5983
22.2429
29.0847
28.5097
39.2109
29.0590
19.3923
21.8911
28.3953
26.0760
34.7671
41.4990
56.2435
39.2301
46.5733
27.5316
17.3813
22.1939
19.8063
0.0000
0.0000
0.0000
0.0000
0.0000
0.0000
0.0000
0.0000
0.0000
0.0000
0.0000
0.0000
0.0000
0.0000
0.0000
0.0000
0.0000
0.0000
0.0000
0.0000
0.0000
0.0000
38.6590
26.6407
23.6130
48.6130
43.2350
32.2155
29.2108
25.1036
26.8500
30.6521
29.9114
33.6748
37.5997
31.5308
35.1548
42.6094
48.4336
44.7307
42.4282
36.0766
29.4340
17.0760
21.4829
17.6211
0.0000
0.0000
0.0000
0.0000
0.0000
0.0000
0.0000
0.0000
0.0000
0.0000
0.0000
0.0000
0.0000
0.0000
0.0000
0.0000
0.0000
0.0000
0.0000
0.0000
0.0000
0.0000
50.7948
43.4897
33.9060
54.9644
50.3732
36.4269
37.4064
23.6150
31.5814
31.9900
40.8401
44.5581
49.8222
40.8411
37.6692
45.5554
43.9614
64.9640
57.1920
46.8798
27.6475
23.6778
31.9220
24.0858
0.0000
0.0000
0.0000
0.0000
0.0000
0.0000
0.0000
0.0000
0.0000
0.0000
0.0000
0.0000
0.0000
0.0000
0.0000
0.0000
0.0000
0.0000
0.0000
0.0000
0.0000
0.0000
54.8920
45.1432
57.6074
79.7018
70.7561
67.8813
64.6388
45.1298
43.1486
40.5309
50.3931
45.0174
66.5732
51.1056
37.6912
32.0865
40.1530
47.8756
47.6336
51.5071
38.0450
32.8246
40.0994
24.9244
0.0000
0.0000
0.0000
0.0000
0.0000
0.0000
0.0000
0.0000
0.0000
0.0000
0.0000
0.0000
0.0000
0.0000
0.0000
0.0000
0.0000
0.0000
0.0000
0.0000
0.0000
0.0000
76.6918
95.8879
118.6430
109.7664
132.4454
111.7986
79.9322
61.0180
49.2272
45.5519
60.1176
55.0347
44.9080
76.1130
58.5555
61.9761
84.8550
55.4061
34.8800
43.9934
40.7080
46.2272
57.8446
30.4562
0.0000
0.0000
0.0000
0.0000
0.0000
0.0000
0.0000
0.0000
0.0000
0.0000
0.0000
0.0000
0.0000
0.0000
0.0000
0.0000
0.0000
0.0000
0.0000
0.0000
0.0000
0.0000
99.9160
130.9837
168.7305
119.9198
116.1963
161.5568
117.5594
72.2204
58.7196
57.7696
59.5049
66.6557
58.4605
65.0500
78.1106
89.1875
57.2809
56.1260
41.6769
48.9770
56.6703
53.2739
50.1455
40.2326
0.0000
0.0000
0.0000
0.0000
0.0000
0.0000
0.0000
0.0000
0.0000
0.0000
0.0000
0.0000
0.0000
0.0000
0.0000
0.0000
0.0000
0.0000
0.0000
0.0000
0.0000
0.0000
113.8417
159.8772
189.5713
131.4028
164.1078
167.3651
141.1115
105.9606
103.2090
61.3799
55.3995
70.9350
64.7365
82.5805
85.4303
66.1126
54.8526
48.3400
44.8604
51.3696
47.1546
58.7423
52.6770
37.1054
0.0000
0.0000
0.0000
0.0000
0.0000
0.0000
0.0000
0.0000
0.0000
0.0000
0.0000
0.0000
0.0000
0.0000
0.0000
0.0000
0.0000
0.0000
0.0000
0.0000
0.0000
0.0000
160.4056
240.8195
181.3309
157.3946
204.7900
215.4375
221.7879
178.0498
139.5014
91.0132
77.8222
84.7266
84.1105
88.1289
100.7208
79.1719
86.1836
71.4595
53.5676
58.0284
46.0140
66.1162
80.5681
34.2504
0.0000
0.0000
0.0000
0.0000
0.0000
0.0000
0.0000
0.0000
0.0000
0.0000
0.0000
0.0000
0.0000
0.0000
0.0000
0.0000
0.0000
0.0000
0.0000
0.0000
0.0000
0.0000
204.7408
278.4347
280.3926
441.9960
322.5223
267.0632
263.9654
241.8266
151.2164
103.7484
104.0970
92.2948
80.6849
79.2982
72.8031
116.2346
105.9088
85.1139
107.4251
60.3056
59.6676
72.4330
84.9853
31.5426
0.0000
0.0000
0.0000
0.0000
0.0000
0.0000
0.0000
0.0000
0.0000
0.0000
0.0000
0.0000
0.0000
0.0000
0.0000
0.0000
0.0000
0.0000
0.0000
0.0000
0.0000
0.0000
278.8736
360.3433
456.8496
458.1755
323.3338
206.7214
162.4833
230.0342
160.6812
124.7374
125.2113
86.6766
83.0306
99.1393
96.4982
79.2504
178.3907
138.0235
97.1080
87.3370
65.0320
90.4974
105.1291
44.5597
0.0000
0.0000
0.0000
0.0000
0.0000
0.0000
0.0000
0.0000
0.0000
0.0000
0.0000
0.0000
0.0000
0.0000
0.0000
0.0000
0.0000
0.0000
0.0000
0.0000
0.0000
0.0000
302.0955
421.8407
398.0104
455.5524
367.1961
222.8353
173.0771
166.2080
165.1810
120.2479
86.8688
84.4773
128.8769
131.6478
73.0943
135.3611
148.0394
161.9547
115.1938
104.1299
98.5300
117.1579
58.4579
62.9593
0.0000
0.0000
0.0000
0.0000
0.0000
0.0000
0.0000
0.0000
0.0000
0.0000
0.0000
0.0000
0.0000
0.0000
0.0000
0.0000
0.0000
0.0000
0.0000
0.0000
0.0000
0.0000
186.9802
270.2162
246.4457
288.6032
421.0776
216.6360
168.8728
154.1463
124.9229
134.2706
83.4433
82.0706
139.6541
212.1823
256.3798
393.2015
173.0040
167.7972
126.4187
116.5970
99.2270
124.9135
67.2223
30.9378
0.0000
0.0000
0.0000
0.0000
0.0000
0.0000
0.0000
0.0000
0.0000
0.0000
0.0000
0.0000
0.0000
0.0000
0.0000
0.0000
0.0000
0.0000
0.0000
0.0000
0.0000
0.0000
170.8234
200.1883
205.3976
187.1131
245.4507
233.9503
174.0537
119.1674
111.6681
124.6728
96.8038
107.0026
106.3163
106.4230
162.3916
249.4232
165.1079
166.0205
125.4365
128.0706
131.1501
89.7151
46.4795
34.2448
0.0000
0.0000
0.0000
0.0000
0.0000
0.0000
0.0000
0.0000
0.0000
0.0000
0.0000
0.0000
0.0000
0.0000
0.0000
0.0000
0.0000
0.0000
0.0000
0.0000
0.0000
0.0000
236.3673
185.0387
155.6573
137.6130
168.9578
190.2089
129.7407
116.5216
84.4953
70.8387
91.8036
79.9158
72.9192
76.0808
103.6693
83.8129
100.1628
137.6577
133.1692
115.9368
81.1082
69.0848
41.9982
24.7844
0.0000
0.0000
0.0000
0.0000
0.0000
0.0000
0.0000
0.0000
0.0000
0.0000
0.0000
0.0000
0.0000
0.0000
0.0000
0.0000
0.0000
0.0000
0.0000
0.0000
0.0000
0.0000
353.4566
238.4298
230.3023
195.8536
184.6459
176.4774
105.8380
77.5104
87.9076
79.1671
92.4684
75.0740
46.9669
51.6748
35.6572
33.4977
43.9913
80.2803
65.9040
60.6165
59.1505
24.3157
15.2550
11.6617
0.0000
0.0000
0.0000
0.0000
0.0000
0.0000
0.0000
0.0000
0.0000
0.0000
0.0000
0.0000
0.0000
0.0000
0.0000
0.0000
0.0000
0.0000
0.0000
0.0000
0.0000
0.0000
210.7566
284.2146
285.5743
208.3027
226.2345
129.0464
101.0234
78.3136
72.3358
58.3143
43.4562
55.4491
44.6084
43.3071
37.1945
28.4215
31.8869
38.7054
54.1101
37.3378
20.8557
14.0799
12.8517
5.8570
0.0000
0.0000
0.0000
0.0000
0.0000
0.0000
0.0000
0.0000
0.0000
0.0000
0.0000
0.0000
0.0000
0.0000
0.0000
0.0000
0.0000
0.0000
0.0000
0.0000
0.0000
0.0000
134.2908
236.6301
247.3329
147.7667
155.5845
106.4062
126.9195
95.6954
75.7269
56.8499
43.4754
39.8711
29.8169
25.4428
30.7133
26.5038
16.0068
27.7670
23.6452
12.8645
10.9343
10.2317
8.6739
6.0117
0.0000
0.0000
0.0000
0.0000
0.0000
0.0000
0.0000
0.0000
0.0000
0.0000
0.0000
0.0000
0.0000
0.0000
0.0000
0.0000
0.0000
0.0000
0.0000
0.0000
0.0000
0.0000
133.4519
309.9754
208.3518
154.2261
134.9622
113.6928
98.7325
100.7870
82.2413
54.9584
36.9491
38.4727
22.5284
30.6373
35.5861
13.8329
10.6620
18.6326
11.4658
8.1569
5.6838
4.2214
4.1004
2.8042
0.0000
0.0000
0.0000
0.0000
0.0000
0.0000
0.0000
0.0000
0.0000
0.0000
0.0000
0.0000
0.0000
0.0000
0.0000
0.0000
0.0000
0.0000
0.0000
0.0000
0.0000
0.0000
179.9741
191.5297
209.6143
208.8288
136.5406
83.2517
69.7415
58.2028
57.5623
57.6933
50.8861
30.1817
20.3607
20.3104
30.9399
9.0266
4.3554
4.7768
4.0942
4.8724
2.2090
1.8934
2.0065
1.6246
0.0000
0.0000
0.0000
0.0000
0.0000
0.0000
0.0000
0.0000
0.0000
0.0000
0.0000
0.0000
0.0000
0.0000
0.0000
0.0000
0.0000
0.0000
0.0000
0.0000
0.0000
0.0000
213.9481
223.6419
191.8867
107.8874
89.1233
71.4604
55.4949
36.1531
43.0071
56.1904
44.8240
32.9334
16.6919
17.9356
12.6746
6.7388
4.6232
2.4965
2.9335
2.9241
2.0845
1.7898
1.1304
1.2523
0.0000
0.0000
0.0000
0.0000
0.0000
0.0000
0.0000
0.0000
0.0000
0.0000
0.0000
0.0000
0.0000
0.0000
0.0000
0.0000
0.0000
0.0000
0.0000
0.0000
0.0000
0.0000
288.3803
255.8009
118.5719
98.5049
54.1998
47.9605
45.9448
68.4960
58.7436
49.2559
44.8445
33.2392
23.7518
12.0193
10.5589
4.6939
3.3089
2.3863
2.2288
1.8108
1.3769
1.1571
1.0645
0.8199
0.6531
0.0000
0.0000
0.0000
0.0000
0.0000
0.0000
0.0000
0.0000
0.0000
0.0000
0.0000
0.0000
0.0000
0.0000
0.0000
0.0000
0.0000
0.0000
0.0000
0.0000
0.0000
305.5192
318.1484
166.3696
117.9763
53.3479
80.2052
69.8623
43.9789
33.9829
26.7777
26.4352
27.5038
15.1472
6.5572
7.2535
4.9352
2.6692
1.4343
1.4793
1.6801
1.4650
0.6291
0.5787
0.5057
0.5367
0.0000
0.0000
0.0000
0.0000
0.0000
0.0000
0.0000
0.0000
0.0000
0.0000
0.0000
0.0000
0.0000
0.0000
0.0000
0.0000
0.0000
0.0000
0.0000
0.0000
0.0000
334.2198
348.8953
205.2977
123.8076
63.8192
45.6045
43.7280
34.0292
26.8626
24.0408
12.4769
13.0214
6.5557
6.0600
7.3512
4.2284
2.7767
1.4286
1.1949
0.8876
0.7034
0.4788
0.3164
0.2622
0.4675
0.9090
0.0000
0.0000
0.0000
0.0000
0.0000
0.0000
0.0000
0.0000
0.0000
0.0000
0.0000
0.0000
0.0000
0.0000
0.0000
0.0000
0.0000
0.0000
0.0000
0.0000
250.5211
228.7457
273.7197
136.9682
94.6343
59.4760
31.1950
25.7286
16.9125
19.8657
13.4132
9.6871
5.8868
4.2643
5.3093
3.9133
2.8124
1.9128
1.1073
0.4357
0.3991
0.2703
0.2626
0.4916
0.8329
0.6002
0.7279
0.0000
0.0000
0.0000
0.0000
0.0000
0.0000
0.0000
0.0000
0.0000
0.0000
0.0000
0.0000
0.0000
0.0000
0.0000
0.0000
0.0000
0.0000
0.0000
395.4347
273.8227
298.8211
184.3639
98.0086
41.7307
37.1174
25.0018
12.7235
11.3158
13.8877
10.2780
6.1410
3.7010
3.8482
2.8484
2.3268
1.3440
1.0265
1.0361
0.6606
0.4505
0.5304
0.5933
0.6823
0.6502
0.9426
0.7440
0.0000
0.0000
0.0000
0.0000
0.0000
0.0000
0.0000
0.0000
0.0000
0.0000
0.0000
0.0000
0.0000
0.0000
0.0000
0.0000
0.0000
0.0000
318.4663
368.8108
363.4334
198.6520
169.0447
87.1812
34.7830
21.1080
17.5177
8.3810
11.3096
7.6034
8.9597
8.2905
5.2179
2.5897
1.9869
1.9941
1.4290
1.1752
0.6109
0.6886
0.6735
0.7873
0.8843
0.6257
1.4067
1.0568
0.0000
0.0000
0.0000
0.0000
0.0000
0.0000
0.0000
0.0000
0.0000
0.0000
0.0000
0.0000
0.0000
0.0000
0.0000
0.0000
0.0000
0.0000
247.9195
315.1840
337.5522
258.2742
150.9088
96.2633
29.5380
19.5472
15.3314
12.3961
8.2249
7.0521
6.5263
5.9005
5.5382
2.5089
2.2322
2.0574
1.3146
1.3128
1.0034
1.0367
1.0635
1.0454
1.2652
1.5256
2.1293
2.2570
0.9508
0.0000
0.0000
0.0000
0.0000
0.0000
0.0000
0.0000
0.0000
0.0000
0.0000
0.0000
0.0000
0.0000
0.0000
0.0000
0.0000
0.0000
350.2977
342.8734
287.9442
186.7168
128.9877
77.7974
45.1550
28.6112
16.6428
11.5199
7.8138
7.6848
5.5444
4.4734
3.4666
2.0500
1.8439
2.0949
1.4420
1.0213
1.6787
2.3062
2.4245
2.0341
2.4898
2.1270
2.1820
2.7196
2.3412
0.0000
0.0000
0.0000
0.0000
0.0000
0.0000
0.0000
0.0000
0.0000
0.0000
0.0000
0.0000
0.0000
0.0000
0.0000
0.0000
0.0000
198.6226
330.2474
156.8689
147.8555
108.1843
76.0956
39.8956
29.1615
19.3586
12.8492
8.1606
7.0593
5.7188
5.1495
4.2399
3.4501
2.5520
2.5792
2.5403
2.1848
2.0287
3.5792
4.4681
3.4703
3.4808
4.3159
5.0138
5.0959
4.2307
3.2882
0.0000
0.0000
0.0000
0.0000
0.0000
0.0000
0.0000
0.0000
0.0000
0.0000
0.0000
0.0000
0.0000
0.0000
0.0000
0.0000
270.0038
240.5785
132.4271
99.6945
79.4593
62.8741
51.7401
27.3226
18.5540
14.8721
12.0301
9.7036
8.4861
7.7025
6.2851
5.4813
4.0787
3.3221
3.5347
3.3692
3.9021
4.3038
6.1270
4.9895
7.7893
6.6553
8.9254
7.6570
6.1190
9.8468
4.3096
0.0000
0.0000
0.0000
0.0000
0.0000
0.0000
0.0000
0.0000
0.0000
0.0000
0.0000
0.0000
0.0000
0.0000
0.0000
273.5343
151.1819
98.8061
123.9297
82.5736
59.1603
59.9201
28.0890
18.7840
15.6367
11.9540
11.5247
12.9513
10.0240
9.1737
7.1322
7.0632
5.5811
5.0244
5.9132
4.1971
5.7655
8.7124
12.2948
11.9003
9.8098
11.5133
13.4493
13.9888
14.9754
13.2193
9.4967
0.0000
0.0000
0.0000
0.0000
0.0000
0.0000
0.0000
0.0000
0.0000
0.0000
0.0000
0.0000
0.0000
0.0000
202.2633
130.4956
108.9900
118.3436
109.6844
69.7349
48.6822
25.8451
25.6179
17.4159
19.1903
17.3627
19.3327
10.9918
9.2981
7.3576
10.6097
7.8711
7.1885
12.7936
10.4205
14.2899
13.1534
16.8045
18.2884
21.7648
17.1141
16.3066
22.2976
25.3963
28.2057
16.6140
17.7631
0.0000
0.0000
0.0000
0.0000
0.0000
0.0000
0.0000
0.0000
0.0000
0.0000
0.0000
0.0000
0.0000
190.2492
164.1090
169.6375
139.7156
71.7327
66.4688
33.3247
27.7106
35.4331
25.4618
21.3732
19.1469
21.0757
12.6916
13.8285
9.6053
8.2415
10.5549
12.6909
16.3486
19.7528
24.5106
26.3633
23.6957
18.6605
27.7308
20.2187
17.1007
30.9399
30.2508
46.6135
38.8549
28.9889
0.0000
0.0000
0.0000
0.0000
0.0000
0.0000
0.0000
0.0000
0.0000
0.0000
0.0000
0.0000
0.0000
266.0752
202.5231
177.5721
118.8805
123.9321
80.4228
55.9815
28.9188
30.8288
24.2493
24.7563
22.8371
22.9840
18.2497
17.9783
12.8639
12.2387
12.0766
13.4409
20.8747
25.1495
25.6995
27.3916
29.1452
21.1005
26.6472
23.6332
23.6515
33.1026
42.2239
42.8812
48.7386
58.9762
34.3626
0.0000
0.0000
0.0000
0.0000
0.0000
0.0000
0.0000
0.0000
0.0000
0.0000
0.0000
0.0000
257.9326
281.7002
196.5185
131.2167
120.6488
64.8930
57.1355
38.9514
45.8714
44.2680
31.2893
37.0949
27.7070
20.9124
19.9571
12.8314
7.4450
8.1003
12.8643
14.6851
19.6632
45.7680
29.6323
29.7532
43.8511
33.9923
27.4928
28.7610
35.6245
51.3515
50.2767
81.8273
88.7670
63.6895
38.1735
0.0000
0.0000
0.0000
0.0000
0.0000
0.0000
0.0000
0.0000
0.0000
0.0000
0.0000
442.9124
355.7886
164.2040
134.2988
92.5024
78.9752
101.5899
79.5554
62.6572
33.4900
37.0063
38.0312
22.0408
23.8664
24.5039
16.2341
12.6867
13.9585
23.6631
16.8740
16.3793
24.9249
31.6555
22.5684
33.7055
33.7219
23.9306
44.5887
50.2284
53.4949
71.0414
80.8904
83.3663
72.8028
29.3646
27.6884
0.0000
0.0000
0.0000
0.0000
0.0000
0.0000
0.0000
0.0000
0.0000
0.0000
264.9626
294.9382
171.3795
118.6039
170.2330
123.2399
128.9168
123.6469
95.6060
65.8503
57.7615
53.8321
33.9399
27.3344
28.7533
20.2797
24.6463
24.7531
38.0019
22.6535
26.4346
24.9086
30.6381
30.3157
41.0631
31.1406
44.4927
37.1071
51.3059
63.2631
69.6107
76.2264
104.3750
72.7398
39.1121
28.4367
0.0000
0.0000
0.0000
0.0000
0.0000
0.0000
0.0000
0.0000
0.0000
0.0000
375.5609
310.9876
177.1091
186.8539
185.8888
289.0417
168.9731
175.3748
133.8661
100.0703
71.5154
65.4100
40.8196
29.9215
37.2964
27.6279
37.6850
37.6106
51.7527
38.3085
26.9665
37.0641
35.8096
45.9175
39.5695
52.8260
50.8977
48.6901
66.8785
98.8084
118.3025
124.8981
91.9292
140.5106
88.1293
73.3699
0.0000
0.0000
0.0000
0.0000
0.0000
0.0000
0.0000
0.0000
0.0000
0.0000
309.4148
274.7487
181.6257
204.1202
217.4599
271.2604
220.9278
219.8478
186.6823
112.5064
104.7888
75.6377
52.8497
58.1516
49.1712
45.4180
59.8983
63.8814
47.9384
42.8534
23.9736
27.2955
33.3467
34.0254
54.4318
74.3839
86.1180
58.6796
81.9450
95.8217
150.7735
110.0605
112.5947
167.8940
93.7410
120.5112
0.0000
0.0000
0.0000
0.0000
0.0000
0.0000
0.0000
0.0000
0.0000
0.0000
408.3044
403.5270
300.1057
229.0823
258.9181
310.8765
384.4081
336.4912
219.1144
226.1598
170.7949
123.4266
82.7122
69.1950
97.8423
93.4706
58.1332
53.1088
44.9257
33.7053
38.9155
34.5034
28.2981
50.2985
36.4618
102.1225
169.5182
103.0071
135.0091
130.0269
105.8861
116.9600
148.2586
189.4539
195.1810
158.1333
0.0000
0.0000
0.0000
0.0000
0.0000
0.0000
0.0000
0.0000
0.0000
0.0000
371.3919
398.1335
306.1537
269.7794
362.8057
538.3580
588.5158
339.5845
346.7853
288.3698
161.9290
188.3197
116.7701
84.7728
0.0000
0.0000
59.3768
46.5375
52.2066
31.2731
28.0614
23.5903
16.8736
22.0176
34.9211
112.1234
183.3938
191.4782
175.5273
270.7188
207.6939
233.0630
174.2217
282.3852
162.0333
200.7347
0.0000
0.0000
0.0000
0.0000
0.0000
0.0000
0.0000
0.0000
0.0000
0.0000
326.8866
340.7458
287.5423
281.4699
453.9401
703.0447
675.5057
397.8170
408.2827
345.9421
226.7705
179.3950
162.7262
93.8143
0.0000
0.0000
0.0000
0.0000
0.0000
0.0000
0.0000
0.0000
0.0000
0.0000
33.7097
77.6011
129.8447
197.8239
215.0585
330.0189
366.5265
301.2083
476.6326
247.0905
157.9754
178.9245
0.0000
0.0000
0.0000
0.0000
0.0000
0.0000
0.0000
0.0000
0.0000
0.0000
647.5461
590.1655
459.7974
536.1745
488.1837
727.2906
668.2407
742.1753
457.3370
299.4263
214.8884
164.8106
131.2770
88.6081
0.0000
0.0000
0.0000
0.0000
0.0000
0.0000
0.0000
0.0000
0.0000
0.0000
37.8151
47.6543
118.9474
226.8708
248.1981
358.2342
527.5396
398.3624
502.5659
607.0862
304.9424
259.4055
0.0000
0.0000
0.0000
0.0000
0.0000
0.0000
0.0000
0.0000
0.0000
0.0000
564.8956
598.1776
502.9889
859.1485
788.8289
717.9376
689.8831
639.7247
392.9638
235.6326
146.1970
133.7620
109.3931
99.7604
0.0000
0.0000
0.0000
0.0000
0.0000
0.0000
0.0000
0.0000
0.0000
0.0000
65.0100
84.8061
95.3823
211.5862
231.4483
495.3677
508.9887
411.8163
618.1235
536.9878
456.1225
385.5247
0.0000
0.0000
0.0000
0.0000
0.0000
0.0000
0.0000
0.0000
0.0000
0.0000
474.6099
446.0222
765.8950
812.4392
644.4987
755.1128
997.4793
937.2021
514.9761
288.1147
195.4663
196.5765
132.8866
74.2820
0.0000
0.0000
0.0000
0.0000
0.0000
0.0000
0.0000
0.0000
0.0000
0.0000
68.6714
124.5614
125.7321
135.6790
258.9072
309.4189
566.2663
676.9329
539.9653
619.3364
591.1956
839.6926
0.0000
0.0000
0.0000
0.0000
0.0000
0.0000
0.0000
0.0000
0.0000
0.0000
437.7485
428.0414
641.2935
622.4522
709.3954
767.9562
832.3145
922.6451
688.0975
499.8758
315.9851
172.2196
192.4613
105.0872
0.0000
0.0000
0.0000
0.0000
0.0000
0.0000
0.0000
0.0000
0.0000
0.0000
86.7367
113.5497
148.2443
246.1901
177.0611
205.3467
329.1008
632.6485
625.1354
672.2813
753.4475
732.1949
0.0000
0.0000
0.0000
0.0000
0.0000
0.0000
0.0000
0.0000
0.0000
0.0000
492.3824
596.4751
833.8805
557.2335
604.8462
878.3928
861.2585
733.6286
600.2880
887.7116
353.0305
363.2042
217.6367
96.2181
0.0000
0.0000
0.0000
0.0000
0.0000
0.0000
0.0000
0.0000
0.0000
0.0000
97.5043
118.8197
162.9778
269.7935
310.8671
256.3222
403.4538
477.9093
498.5757
522.9492
593.5596
695.8925
0.0000
0.0000
0.0000
0.0000
0.0000
0.0000
0.0000
0.0000
0.0000
0.0000
429.9639
757.1141
617.5982
640.4565
638.2518
739.3370
732.1901
704.6217
838.1860
642.7036
351.4329
377.9608
234.6939
121.5818
0.0000
0.0000
0.0000
0.0000
0.0000
0.0000
0.0000
0.0000
0.0000
0.0000
89.9393
155.4168
171.6737
291.4812
279.7899
338.8396
455.2231
382.4895
443.3697
568.8531
684.8342
487.1154
0.0000
0.0000
0.0000
0.0000
0.0000
0.0000
0.0000
0.0000
0.0000
0.0000
211.7568
394.6509
633.4877
613.9923
607.6204
666.3965
559.0876
412.8730
565.4188
525.7946
330.4245
443.6555
263.3035
123.0838
0.0000
0.0000
0.0000
0.0000
0.0000
0.0000
0.0000
0.0000
0.0000
0.0000
118.3728
114.5749
236.5135
347.5568
385.6204
487.2584
483.7348
419.8409
340.0294
440.7566
494.3200
402.8463
0.0000
0.0000
0.0000
0.0000
0.0000
0.0000
0.0000
0.0000
0.0000
0.0000
156.0311
315.5064
400.2757
584.7246
407.8311
444.7246
363.6165
352.6164
381.1814
527.0462
373.2882
313.4938
233.1148
155.3160
0.0000
0.0000
0.0000
0.0000
0.0000
0.0000
0.0000
0.0000
0.0000
0.0000
195.5765
140.7384
284.2923
272.5441
307.9197
415.6441
597.4686
640.3099
443.9261
455.3498
543.1982
481.9642
0.0000
0.0000
0.0000
0.0000
0.0000
0.0000
0.0000
0.0000
0.0000
0.0000
107.7110
246.6172
350.3755
422.2111
381.1372
245.6989
248.2220
249.1324
393.5814
436.6416
484.3752
309.8301
211.8078
200.1395
0.0000
0.0000
0.0000
0.0000
0.0000
0.0000
0.0000
0.0000
0.0000
0.0000
184.1637
203.8789
286.2963
256.5847
222.0268
329.3877
475.0782
643.9118
793.4351
555.0468
436.7363
454.8015
0.0000
0.0000
0.0000
0.0000
0.0000
0.0000
0.0000
0.0000
0.0000
0.0000
172.5881
198.3083
214.0790
279.9123
241.0137
188.5735
199.1049
272.3551
361.2388
356.0505
356.7184
243.9365
236.9948
186.7119
0.0000
0.0000
0.0000
0.0000
0.0000
0.0000
0.0000
0.0000
0.0000
0.0000
185.6396
150.9780
182.6085
140.3035
255.4774
543.2782
609.5746
764.5504
1037.1986
532.0777
346.7275
266.0142
0.0000
0.0000
0.0000
0.0000
0.0000
0.0000
0.0000
0.0000
0.0000
0.0000
204.7953
223.3862
191.1998
207.3306
194.5602
232.9161
244.2476
256.8924
289.1546
221.9102
307.5036
199.3221
178.3191
175.2103
0.0000
0.0000
0.0000
0.0000
0.0000
0.0000
0.0000
0.0000
0.0000
0.0000
289.8683
214.8246
160.7712
143.7406
318.3082
409.7258
536.7480
555.5640
996.4927
482.3224
259.6883
265.0166
0.0000
0.0000
0.0000
0.0000
0.0000
0.0000
0.0000
0.0000
0.0000
0.0000
255.7960
166.8923
229.9422
262.2992
326.2665
249.9053
257.8838
178.5669
173.9175
185.8190
165.2436
107.4551
147.3311
87.3460
0.0000
0.0000
0.0000
0.0000
0.0000
0.0000
0.0000
0.0000
0.0000
0.0000
274.5128
321.9906
235.8149
289.8447
368.6710
547.9185
671.6500
557.3768
789.2789
539.2028
289.1945
364.3877
0.0000
0.0000
0.0000
0.0000
0.0000
0.0000
0.0000
0.0000
0.0000
0.0000
295.4932
207.1106
241.7609
253.0338
253.5114
238.2023
234.1639
180.5131
169.1964
178.5231
107.7015
119.6981
129.1392
101.9963
0.0000
0.0000
0.0000
0.0000
0.0000
0.0000
0.0000
0.0000
0.0000
0.0000
261.6981
287.2329
273.8897
302.0006
381.5279
482.6968
821.0071
480.6997
606.8992
482.2268
390.2708
376.5190
0.0000
0.0000
0.0000
0.0000
0.0000
0.0000
0.0000
0.0000
0.0000
0.0000
258.1516
254.6302
202.4562
212.1359
310.6125
229.8279
191.4869
205.9554
290.0249
224.9445
180.9929
98.5068
98.2359
126.0309
0.0000
0.0000
0.0000
0.0000
0.0000
0.0000
0.0000
0.0000
0.0000
0.0000
285.1081
338.2467
235.3936
345.0628
400.0499
526.0405
373.5967
447.8388
633.9099
793.5472
405.3249
269.0400
0.0000
0.0000
0.0000
0.0000
0.0000
0.0000
0.0000
0.0000
0.0000
0.0000
269.6575
263.3666
268.2473
272.6120
331.0322
303.5179
255.4113
273.7797
284.5994
255.8622
179.1024
129.4459
76.7610
134.3405
0.0000
0.0000
0.0000
0.0000
0.0000
0.0000
0.0000
0.0000
0.0000
0.0000
314.3558
283.4957
389.9541
483.6354
424.8434
409.0005
774.6957
713.8497
827.1602
526.0042
479.0846
238.1938
0.0000
0.0000
0.0000
0.0000
0.0000
0.0000
0.0000
0.0000
0.0000
0.0000
397.9987
315.9062
383.1989
391.9081
306.6963
321.5933
298.1492
240.1420
296.2464
280.5736
223.2001
136.8186
122.4715
152.7719
0.0000
0.0000
0.0000
0.0000
0.0000
0.0000
0.0000
0.0000
0.0000
0.0000
319.4308
349.1128
321.9644
455.8296
458.1732
625.9666
636.5447
778.6965
754.7850
570.0238
522.7801
442.2419
0.0000
0.0000
0.0000
0.0000
0.0000
0.0000
0.0000
0.0000
0.0000
0.0000
537.4586
312.7548
452.1886
338.7367
317.8427
357.1664
358.0616
293.4073
337.0667
287.9955
209.6844
91.8266
131.6107
159.8350
0.0000
0.0000
0.0000
0.0000
0.0000
0.0000
0.0000
0.0000
0.0000
0.0000
332.2209
309.4180
338.9106
427.6394
454.0607
565.5446
607.4820
809.9927
1371.1040
1258.6301
759.1277
656.2440
0.0000
0.0000
0.0000
0.0000
0.0000
0.0000
0.0000
0.0000
0.0000
0.0000
0.0000
564.3720
480.1619
533.3795
380.0004
281.3575
316.2907
254.7287
335.7944
297.4337
201.7935
122.4622
181.9753
159.3245
0.0000
0.0000
0.0000
0.0000
0.0000
0.0000
0.0000
0.0000
0.0000
0.0000
374.8053
312.6376
379.6360
292.1367
383.3180
465.2307
500.9866
817.8478
1436.3843
1179.0969
744.1114
989.1808
0.0000
0.0000
0.0000
0.0000
0.0000
0.0000
0.0000
0.0000
0.0000
0.0000
0.0000
367.3478
548.2977
376.7583
255.2204
346.2047
272.6913
173.3252
229.6604
200.0099
223.4904
0.0000
0.0000
169.8875
0.0000
0.0000
0.0000
0.0000
0.0000
0.0000
0.0000
0.0000
0.0000
0.0000
355.0869
315.9376
453.3869
310.3417
362.9834
409.7663
397.3280
662.6190
873.1282
1251.8123
1408.2761
938.0684
0.0000
0.0000
0.0000
0.0000
0.0000
0.0000
0.0000
0.0000
0.0000
0.0000
0.0000
0.0000
426.6838
316.4273
319.2410
356.7216
186.9769
235.0139
166.3458
158.1391
160.5467
0.0000
0.0000
0.0000
0.0000
0.0000
0.0000
0.0000
0.0000
0.0000
0.0000
0.0000
0.0000
0.0000
358.3921
311.3798
282.4582
395.3855
459.6571
418.0766
545.2554
733.5463
733.7562
955.4785
1528.7664
944.4498
0.0000
0.0000
0.0000
0.0000
0.0000
0.0000
0.0000
0.0000
0.0000
0.0000
0.0000
0.0000
0.0000
243.0951
249.7054
224.0072
190.6399
141.5453
175.7685
248.8398
154.2691
0.0000
0.0000
0.0000
0.0000
0.0000
0.0000
0.0000
0.0000
0.0000
0.0000
0.0000
0.0000
0.0000
258.2637
330.6029
264.9919
626.9694
506.2286
602.4304
712.8690
549.3878
607.1139
819.9985
558.0916
443.4801
0.0000
0.0000
0.0000
0.0000
0.0000
0.0000
0.0000
0.0000
0.0000
0.0000
0.0000
0.0000
0.0000
0.0000
256.6091
228.3403
211.3312
174.0632
310.7961
272.5909
248.3006
0.0000
0.0000
0.0000
0.0000
0.0000
0.0000
0.0000
0.0000
0.0000
0.0000
0.0000
0.0000
0.0000
351.5432
336.8564
424.0069
576.1975
630.9813
881.9205
686.5217
717.2309
739.0242
745.7134
423.0757
345.6653
0.0000
0.0000
0.0000
0.0000
0.0000
0.0000
0.0000
0.0000
0.0000
0.0000
0.0000
0.0000
0.0000
0.0000
224.9683
283.1828
324.8363
260.9693
384.0427
381.5890
240.2471
0.0000
0.0000
0.0000
0.0000
0.0000
0.0000
0.0000
0.0000
0.0000
0.0000
0.0000
0.0000
0.0000
340.6377
200.1536
417.0705
472.6227
771.7021
770.7755
822.1490
582.5612
578.2661
646.6105
606.4094
443.9848
0.0000
0.0000
0.0000
0.0000
0.0000
0.0000
0.0000
0.0000
0.0000
0.0000
0.0000
0.0000
0.0000
0.0000
0.0000
0.0000
256.0676
257.9260
426.7383
349.4844
320.2991
0.0000
0.0000
0.0000
0.0000
0.0000
0.0000
0.0000
0.0000
0.0000
0.0000
0.0000
0.0000
0.0000
0.0000
308.7429
537.6219
449.4620
728.1639
754.1104
529.5369
631.9166
727.8909
484.0350
818.4229
570.9435
0.0000
0.0000
0.0000
0.0000
0.0000
0.0000
0.0000
0.0000
0.0000
0.0000
0.0000
0.0000
0.0000
0.0000
0.0000
0.0000
291.1788
301.6927
367.5540
295.5337
225.0484
0.0000
0.0000
0.0000
0.0000
0.0000
0.0000
0.0000
0.0000
0.0000
0.0000
0.0000
0.0000
0.0000
0.0000
0.0000
0.0000
390.6229
614.1674
499.3437
499.5838
776.4821
911.8992
647.3792
969.8184
487.8065
0.0000
0.0000
0.0000
0.0000
0.0000
0.0000
0.0000
0.0000
0.0000
0.0000
0.0000
0.0000
0.0000
0.0000
0.0000
0.0000
0.0000
429.1939
273.3502
223.8213
220.6787
0.0000
0.0000
0.0000
0.0000
0.0000
0.0000
0.0000
0.0000
0.0000
0.0000
0.0000
0.0000
0.0000
0.0000
0.0000
0.0000
0.0000
565.1801
538.0935
965.8339
734.4172
649.3577
942.3152
895.2502
460.6869
0.0000
0.0000
0.0000
0.0000
0.0000
0.0000
0.0000
0.0000
0.0000
0.0000
0.0000
0.0000
0.0000
0.0000
0.0000
0.0000
0.0000
0.0000
385.2207
255.6230
283.8088
0.0000
0.0000
0.0000
0.0000
0.0000
0.0000
0.0000
0.0000
0.0000
0.0000
0.0000
0.0000
0.0000
0.0000
0.0000
0.0000
0.0000
0.0000
470.7268
1097.2936
848.1841
825.8370
970.1841
741.2979
359.4560
0.0000
0.0000
0.0000
0.0000
0.0000
0.0000
0.0000
0.0000
0.0000
0.0000
0.0000
0.0000
0.0000
0.0000
0.0000
0.0000
0.0000
0.0000
489.6584
366.3004
383.1887
0.0000
0.0000
0.0000
0.0000
0.0000
0.0000
0.0000
0.0000
0.0000
0.0000
0.0000
0.0000
0.0000
0.0000
0.0000
0.0000
0.0000
0.0000
0.0000
811.8218
670.3061
653.9325
718.7482
491.5291
467.1401
0.0000
0.0000
0.0000
0.0000
0.0000
0.0000
0.0000
0.0000
0.0000
0.0000
0.0000
0.0000
0.0000
0.0000
0.0000
0.0000
0.0000
0.0000
0.0000
466.3552
414.8584
0.0000
0.0000
0.0000
0.0000
0.0000
0.0000
0.0000
0.0000
0.0000
0.0000
0.0000
0.0000
0.0000
0.0000
0.0000
0.0000
0.0000
0.0000
0.0000
0.0000
0.0000
740.0978
686.0733
503.1642
353.3402
0.0000
0.0000
0.0000
0.0000
0.0000
0.0000
0.0000
0.0000
0.0000
0.0000
0.0000
0.0000
0.0000
0.0000
0.0000
0.0000
0.0000
0.0000
0.0000
0.0000
0.0000
0.0000
0.0000
0.0000
0.0000
0.0000
0.0000
0.0000
0.0000
0.0000
0.0000
0.0000
0.0000
0.0000
0.0000
0.0000
0.0000
0.0000
0.0000
0.0000
0.0000
0.0000
0.0000
593.1131
574.3115
521.1630
0.0000
0.0000
0.0000
0.0000
0.0000
0.0000
0.0000
0.0000
0.0000
0.0000
0.0000
0.0000
0.0000
0.0000
0.0000
0.0000
0.0000
0.0000
0.0000
0.0000
0.0000
0.0000
0.0000
0.0000
0.0000
0.0000
0.0000
0.0000
0.0000
0.0000
0.0000
0.0000
0.0000
0.0000
0.0000
0.0000
0.0000
0.0000
0.0000
0.0000
0.0000
0.0000
0.0000
702.6032
410.5782
666.7846
0.0000
0.0000
0.0000
0.0000
0.0000
0.0000
0.0000
0.0000
0.0000
0.0000
0.0000
0.0000
0.0000
0.0000
0.0000
0.0000
0.0000
0.0000
0.0000
0.0000
0.0000
0.0000
0.0000
0.0000
0.0000
0.0000
0.0000
0.0000
0.0000
0.0000
0.0000
0.0000
0.0000
0.0000
0.0000
0.0000
0.0000
0.0000
0.0000
0.0000
0.0000
0.0000
0.0000
0.0000
0.0000
0.0000
0.0000
0.0000
0.0000
0.0000
0.0000
0.0000
0.0000
0.0000
0.0000
0.0000
0.0000
0.0000
0.0000
0.0000
0.0000
0.0000
0.0000
0.0000
0.0000
0.0000
0.0000
0.0000
0.0000
0.0000
0.0000
0.0000
0.0000
0.0000
0.0000
0.0000
0.0000
0.0000
0.0000
0.0000
0.0000
0.0000
0.0000
0.0000
0.0000
0.0000
0.0000
0.0000
0.0000
0.0000
0.0000
0.0000
0.0000
0.0000
0.0000
0.0000
0.0000
0.0000
0.0000
0.0000
0.0000
0.0000
0.0000
0.0000
0.0000
0.0000
0.0000
0.0000
0.0000
0.0000
0.0000
0.0000
0.0000
0.0000
0.0000
0.0000
0.0000
0.0000
0.0000
0.0000
0.0000
0.0000
0.0000
0.0000
0.0000
0.0000
0.0000
0.0000
0.0000
0.0000
0.0000
0.0000
0.0000
0.0000
0.0000
0.0000
0.0000
0.0000
0.0000
0.0000
0.0000
0.0000
0.0000
0.0000
0.0000
0.0000
0.0000
0.0000
0.0000
0.0000
0.0000
0.0000
0.0000
0.0000
0.0000
0.0000
0.0000
0.0000
0.0000
0.0000
0.0000
0.0000
0.0000
0.0000
0.0000
0.0000
0.0000
0.0000
0.0000
0.0000
0.0000
0.0000
0.0000
0.0000
0.0000
0.0000
0.0000
0.0000
0.0000
0.0000
0.0000
0.0000
0.0000
0.0000
0.0000
0.0000
0.0000
0.0000
0.0000
0.0000
0.0000
0.0000
0.0000
0.0000
0.0000
0.0000
0.0000
0.0000
0.0000
0.0000
0.0000
0.0000
0.0000
0.0000
0.0000
0.0000
0.0000
0.0000
0.0000
0.0000
0.0000
0.0000
0.0000
0.0000
0.0000
0.0000
0.0000
0.0000
0.0000
0.0000
0.0000
0.0000
0.0000
0.0000
0.0000
0.0000
0.0000
0.0000
0.0000
0.0000
0.0000
0.0000
0.0000
0.0000
0.0000
0.0000
0.0000
0.0000
0.0000
0.0000
0.0000
0.0000
0.0000
0.0000
0.0000
0.0000
0.0000
0.0000
0.0000
0.0000
0.0000
0.0000
0.0000
0.0000
0.0000
0.0000
0.0000
0.0000
0.0000
0.0000
0.0000
0.0000
0.0000
0.0000
0.0000
0.0000
0.0000
0.0000
0.0000
0.0000
0.0000
0.0000
0.0000
0.0000
0.0000
0.0000
0.0000
0.0000
0.0000
0.0000
0.0000
0.0000
0.0000
0.0000
0.0000
0.0000
0.0000
0.0000
0.0000
0.0000
0.0000
0.0000
0.0000
0.0000
0.0000
0.0000
0.0000
0.0000
0.0000
0.0000
0.0000
0.0000
0.0000
0.0000
0.0000
0.0000
0.0000
0.0000
0.0000
0.0000
0.0000
0.0000
0.0000
0.0000
0.0000
0.0000
0.0000
0.0000
0.0000
0.0000
0.0000
0.0000
0.0000
0.0000
0.0000
0.0000
0.0000
0.0000
0.0000
0.0000
0.0000
0.0000
0.0000
0.0000
0.0000
0.0000
0.0000
0.0000
0.0000
0.0000
0.0000
0.0000
0.0000
0.0000
0.0000
0.0000
0.0000
0.0000
0.0000
0.0000
0.0000
0.0000
0.0000
0.0000
0.0000
0.0000
0.0000
0.0000
0.0000
0.0000
0.0000
0.0000
0.0000
0.0000
0.0000
0.0000
0.0000
0.0000
0.0000
0.0000
0.0000
0.0000
0.0000
0.0000
0.0000
0.0000
0.0000
0.0000
0.0000
0.0000
0.0000
0.0000
0.0000
0.0000
0.0000
0.0000
0.0000
0.0000
0.0000
0.0000
0.0000
0.0000
0.0000
0.0000
0.0000
0.0000
0.0000
0.0000
0.0000
0.0000
0.0000
0.0000
0.0000
0.0000
0.0000
0.0000
0.0000
0.0000
0.0000
0.0000
0.0000
0.0000
0.0000
0.0000
0.0000
0.0000
0.0000
0.0000
0.0000
0.0000
0.0000
0.0000
0.0000
0.0000
0.0000
0.0000
0.0000
0.0000
0.0000
0.0000
0.0000
0.0000
0.0000
0.0000
0.0000
0.0000
0.0000
0.0000
0.0000
0.0000
0.0000
0.0000
0.0000
0.0000
0.0000
0.0000
0.0000
0.0000
0.0000
0.0000
0.0000
0.0000
0.0000
0.0000
0.0000
0.0000
0.0000
0.0000
0.0000
0.0000
0.0000
0.0000
0.0000
0.0000
0.0000
0.0000
0.0000
0.0000
0.0000
0.0000
0.0000
0.0000
0.0000
0.0000
0.0000
0.0000
0.0000
0.0000
0.0000
0.0000
0.0000
0.0000
0.0000
0.0000
0.0000
0.0000
0.0000
0.0000
0.0000
0.0000
0.0000
0.0000
0.0000
0.0000
0.0000
0.0000
0.0000
0.0000
0.0000
0.0000
0.0000
0.0000
0.0000
0.0000
0.0000
0.0000
0.0000
0.0000
0.0000
0.0000
0.0000
0.0000
0.0000
0.0000
0.0000
0.0000
0.0000
0.0000
0.0000
0.0000
0.0000
0.0000
0.0000
0.0000
0.0000
0.0000
0.0000
0.0000
0.0000
0.0000
0.0000
0.0000
0.0000
0.0000
0.0000
0.0000
0.0000
0.0000
0.0000
0.0000
0.0000
0.0000
0.0000
0.0000
0.0000
0.0000
0.0000
0.0000
0.0000
0.0000
0.0000
0.0000
0.0000
0.0000
0.0000
0.0000
0.0000
0.0000
0.0000
0.0000
0.0000
0.0000
0.0000
0.0000
0.0000
0.0000
0.0000
0.0000
0.0000
0.0000
0.0000
0.0000
0.0000
0.0000
0.0000
0.0000
0.0000
0.0000
0.0000
0.0000
0.0000
0.0000
0.0000
0.0000
0.0000
0.0000
0.0000
0.0000
0.0000
0.0000
0.0000
0.0000
0.0000
0.0000
0.0000
0.0000
0.0000
0.0000
0.0000
0.0000
0.0000
0.0000
0.0000
0.0000
0.0000
0.0000
0.0000
0.0000
0.0000
0.0000
0.0000
0.0000
0.0000
0.0000
0.0000
0.0000
0.0000
0.0000
0.0000
0.0000
0.0000
0.0000
0.0000
0.0000
0.0000
0.0000
0.0000
0.0000
0.0000
0.0000
0.0000
0.0000
0.0000
0.0000
0.0000
0.0000
0.0000
0.0000
0.0000
0.0000
0.0000
0.0000
0.0000
0.0000
0.0000
0.0000
0.0000
0.0000
0.0000
0.0000
0.0000
0.0000
0.0000
0.0000
0.0000
0.0000
0.0000
0.0000
0.0000
0.0000
0.0000
0.0000
0.0000
0.0000
0.0000
0.0000
0.0000
0.0000
0.0000
0.0000
0.0000
0.0000
0.0000
0.0000
0.0000
0.0000
0.0000
0.0000
0.0000
0.0000
0.0000
0.0000
0.0000
0.0000
0.0000
0.0000
0.0000
0.0000
0.0000
0.0000
0.0000
0.0000
0.0000
0.0000
0.0000
0.0000
0.0000
0.0000
0.0000
0.0000
0.0000
0.0000
0.0000
0.0000
0.0000
0.0000
0.0000
0.0000
0.0000
0.0000
0.0000
0.0000
0.0000
0.0000
0.0000
0.0000
0.0000
0.0000
0.0000
0.0000
0.0000
0.0000
0.0000
0.0000
0.0000
0.0000
0.0000
0.0000
0.0000
0.0000
0.0000
0.0000
0.0000
0.0000
0.0000
0.0000
0.0000
0.0000
0.0000
0.0000
0.0000
0.0000
0.0000
0.0000
0.0000
0.0000
0.0000
0.0000
0.0000
0.0000
0.0000
0.0000
0.0000
0.0000
0.0000
0.0000
0.0000
0.0000
0.0000
0.0000
0.0000
0.0000
0.0000
0.0000
0.0000
0.0000
0.0000
0.0000
0.0000
0.0000
0.0000
0.0000
0.0000
0.0000
0.0000
0.0000
0.0000
0.0000
0.0000
0.0000
0.0000
0.0000
0.0000
0.0000
0.0000
0.0000
0.0000
0.0000
0.0000
0.0000
0.0000
0.0000
0.0000
0.0000
0.0000
0.0000
0.0000
0.0000
0.0000
0.0000
0.0000
0.0000
0.0000
0.0000
0.0000
0.0000
0.0000
0.0000
0.0000
0.0000
0.0000
0.0000
0.0000
0.0000
0.0000
0.0000
0.0000
0.0000
0.0000
0.0000
0.0000
0.0000
0.0000
0.0000
0.0000
0.0000
0.0000
0.0000
0.0000
0.0000
0.0000
0.0000
0.0000
0.0000
0.0000
0.0000
0.0000
0.0000
0.0000
0.0000
0.0000
0.0000
0.0000
0.0000
0.0000
0.0000
0.0000
0.0000
0.0000
0.0000
0.0000
0.0000
0.0000
0.0000
0.0000
0.0000
0.0000
0.0000
0.0000
0.0000
0.0000
0.0000
0.0000
0.0000
0.0000
0.0000
0.0000
0.0000
0.0000
0.0000
0.0000
0.0000
0.0000
0.0000
0.0000
0.0000
0.0000
0.0000
0.0000
0.0000
0.0000
0.0000
0.0000
0.0000
0.0000
0.0000
0.0000
0.0000
0.0000
0.0000
0.0000
0.0000
0.0000
0.0000
0.0000
0.0000
0.0000
0.0000
0.0000
0.0000
0.0000
0.0000
0.0000
0.0000
0.0000
0.0000
0.0000
0.0000
0.0000
0.0000
0.0000
0.0000
0.0000
0.0000
0.0000
0.0000
0.0000
0.0000
0.0000
0.0000
0.0000
0.0000
0.0000
0.0000
0.0000
0.0000
0.0000
0.0000
0.0000
0.0000
1679.0258
2096.2092
2331.7241
3222.3071
3324.2656
4653.2925
4397.9238
3434.7603
4609.8257
4316.4292
4429.2500
4914.7690
4914.7690
4914.7690
4914.7690
4914.7690
3851.0203
1560.1073
1537.5315
1561.4014
1289.1650
2010.0098
3186.2732
3525.5781
0.0000
0.0000
0.0000
0.0000
0.0000
0.0000
0.0000
0.0000
0.0000
0.0000
0.0000
0.0000
0.0000
0.0000
0.0000
0.0000
0.0000
0.0000
0.0000
0.0000
0.0000
0.0000
1379.5980
2075.2415
2555.1489
3019.3118
3530.4570
4914.7690
2812.5808
2702.2896
2772.2510
3480.0400
4181.8740
4914.7690
4914.7690
4914.7690
4914.7690
4914.7690
2995.2271
2546.6050
1523.2426
1454.0143
1261.2905
1367.8416
2336.0547
3345.5391
0.0000
0.0000
0.0000
0.0000
0.0000
0.0000
0.0000
0.0000
0.0000
0.0000
0.0000
0.0000
0.0000
0.0000
0.0000
0.0000
0.0000
0.0000
0.0000
0.0000
0.0000
0.0000
1167.9353
1999.2106
2976.4253
2436.0591
4066.1526
3714.8801
2903.6394
2069.6003
2260.3848
3162.7131
4509.6255
4914.7690
4914.7690
4914.7690
4914.7690
4914.7690
3204.1948
2363.1970
2205.3418
1953.2886
1872.7382
2323.8120
1583.6766
1905.7717
0.0000
0.0000
0.0000
0.0000
0.0000
0.0000
0.0000
0.0000
0.0000
0.0000
0.0000
0.0000
0.0000
0.0000
0.0000
0.0000
0.0000
0.0000
0.0000
0.0000
0.0000
0.0000
1572.5710
1506.6340
3149.2620
3266.2180
4098.7769
3896.7825
3779.2388
2371.6282
2734.0698
3573.3396
4914.7690
4914.7690
4914.7690
4914.7690
4914.7690
4914.7690
4200.8247
2915.9314
2972.8792
2556.7520
2512.6179
2599.8933
2026.4449
2675.5818
0.0000
0.0000
0.0000
0.0000
0.0000
0.0000
0.0000
0.0000
0.0000
0.0000
0.0000
0.0000
0.0000
0.0000
0.0000
0.0000
0.0000
0.0000
0.0000
0.0000
0.0000
0.0000
1592.6190
2504.3794
2112.8965
1917.6716
2154.2141
2664.5276
2769.5542
4152.3027
4372.5967
3850.0784
4914.7690
4914.7690
4914.7690
4914.7690
4914.7690
4914.7690
3428.6436
2785.0056
2719.9468
4121.6826
2845.6516
3236.6609
4329.0742
4373.8706
0.0000
0.0000
0.0000
0.0000
0.0000
0.0000
0.0000
0.0000
0.0000
0.0000
0.0000
0.0000
0.0000
0.0000
0.0000
0.0000
0.0000
0.0000
0.0000
0.0000
0.0000
0.0000
2743.7957
2646.7246
1834.6792
2065.0852
1622.9624
1674.5135
2284.1946
2368.2600
2533.3330
3640.7275
3439.5598
3307.0476
4914.7690
4914.7690
4914.7690
4216.0132
3262.9556
4161.3267
3041.2253
3330.4443
3097.4236
3333.8562
4581.3613
3934.0198
0.0000
0.0000
0.0000
0.0000
0.0000
0.0000
0.0000
0.0000
0.0000
0.0000
0.0000
0.0000
0.0000
0.0000
0.0000
0.0000
0.0000
0.0000
0.0000
0.0000
0.0000
0.0000
2999.5759
1815.1331
1265.3712
1612.2115
2647.0190
1769.2524
2501.3279
2535.7778
2514.3335
3084.1711
3413.9578
3856.4336
4258.4189
4843.4990
4377.9585
4549.3188
4914.7690
4914.7690
4548.2568
3397.0803
2822.6973
2604.6750
3036.8853
4914.7690
0.0000
0.0000
0.0000
0.0000
0.0000
0.0000
0.0000
0.0000
0.0000
0.0000
0.0000
0.0000
0.0000
0.0000
0.0000
0.0000
0.0000
0.0000
0.0000
0.0000
0.0000
0.0000
2459.5261
1901.5486
1827.5219
1863.6541
1923.4771
2092.3955
2765.7759
2599.5042
1923.5704
2217.3418
2860.6089
4292.4067
4914.7690
4914.7690
3678.1343
4514.6787
4258.0820
3516.8120
4914.7690
3758.3691
4914.7690
3428.0166
4436.1338
4324.5825
0.0000
0.0000
0.0000
0.0000
0.0000
0.0000
0.0000
0.0000
0.0000
0.0000
0.0000
0.0000
0.0000
0.0000
0.0000
0.0000
0.0000
0.0000
0.0000
0.0000
0.0000
0.0000
2677.8381
2009.3507
1894.6591
2106.3984
1517.7839
1514.5328
2699.5115
3350.9170
1863.2490
3322.3608
3243.8787
4202.0059
4914.7690
3580.7227
3028.5793
2766.2566
3148.4463
3904.7529
4701.4795
4683.9277
4914.7690
4647.5273
3517.7231
4123.6309
0.0000
0.0000
0.0000
0.0000
0.0000
0.0000
0.0000
0.0000
0.0000
0.0000
0.0000
0.0000
0.0000
0.0000
0.0000
0.0000
0.0000
0.0000
0.0000
0.0000
0.0000
0.0000
2241.9097
2047.8499
2207.5735
2261.3564
1781.4236
1714.1884
3450.5876
1723.1783
2793.2849
4102.7314
3828.7551
3792.5762
4858.2700
4057.6968
3182.9792
2407.5205
3095.1809
4259.9302
3319.8108
4147.8403
4914.7690
4576.5938
4444.6753
4254.2832
0.0000
0.0000
0.0000
0.0000
0.0000
0.0000
0.0000
0.0000
0.0000
0.0000
0.0000
0.0000
0.0000
0.0000
0.0000
0.0000
0.0000
0.0000
0.0000
0.0000
0.0000
0.0000
2006.4850
2416.5498
1953.4384
1202.3763
1736.2548
2189.8909
2526.5945
1950.7076
3266.2146
4914.7690
3798.4673
3427.6790
2771.7598
3228.9299
3145.3237
3145.1414
2902.2446
2882.8267
3844.2900
4914.7690
3636.6326
4252.6963
3708.7183
4914.7690
0.0000
0.0000
0.0000
0.0000
0.0000
0.0000
0.0000
0.0000
0.0000
0.0000
0.0000
0.0000
0.0000
0.0000
0.0000
0.0000
0.0000
0.0000
0.0000
0.0000
0.0000
0.0000
3382.4319
3420.2307
1825.2185
1224.0665
1140.8976
1544.1737
1591.2563
2538.9661
2494.4878
3554.2092
3498.7244
2748.5986
2893.0344
2912.1162
2448.3555
3241.0186
2372.2920
4493.8340
4371.2485
4663.1670
3935.3677
3254.2969
4914.7690
4914.7690
0.0000
0.0000
0.0000
0.0000
0.0000
0.0000
0.0000
0.0000
0.0000
0.0000
0.0000
0.0000
0.0000
0.0000
0.0000
0.0000
0.0000
0.0000
0.0000
0.0000
0.0000
0.0000
3728.7214
2512.5891
1490.8677
1594.5463
1454.8138
2214.2224
1538.2170
1879.8773
2638.8384
1865.6022
2349.7629
1868.5410
3986.2466
2276.0056
2902.9688
3412.2107
3140.9507
3403.6853
4302.5156
4197.9663
4914.7690
4914.7690
4914.7690
4914.7690
0.0000
0.0000
0.0000
0.0000
0.0000
0.0000
0.0000
0.0000
0.0000
0.0000
0.0000
0.0000
0.0000
0.0000
0.0000
0.0000
0.0000
0.0000
0.0000
0.0000
0.0000
0.0000
2682.5342
2409.0254
2208.8079
1546.9860
1283.2938
1605.0721
1450.3706
1912.7026
2643.2920
2273.3574
2683.8167
2832.0115
3053.1111
2917.8433
2161.6765
2586.1592
2753.4138
3710.6892
3244.0081
4278.5864
4914.7690
4914.7690
4914.7690
4914.7690
0.0000
0.0000
0.0000
0.0000
0.0000
0.0000
0.0000
0.0000
0.0000
0.0000
0.0000
0.0000
0.0000
0.0000
0.0000
0.0000
0.0000
0.0000
0.0000
0.0000
0.0000
0.0000
2491.7932
2085.6592
1923.1552
1900.3461
1446.0416
1526.7942
1069.7948
1583.3914
2682.1343
2687.0076
3210.5701
3674.9409
2528.7751
2693.1814
2158.7029
2108.2495
2647.6458
2997.1399
4228.1167
4914.7690
4914.7690
4914.7690
4914.7690
4914.7690
0.0000
0.0000
0.0000
0.0000
0.0000
0.0000
0.0000
0.0000
0.0000
0.0000
0.0000
0.0000
0.0000
0.0000
0.0000
0.0000
0.0000
0.0000
0.0000
0.0000
0.0000
0.0000
1817.4667
1729.5648
1702.6218
2365.4658
2208.7947
1722.7401
1615.0327
2167.0667
1669.8612
2771.7300
2240.8794
2546.0073
2296.9470
1475.0444
1707.2255
1674.9921
2401.3242
2781.7109
3435.3982
4133.9722
4141.7852
3319.4758
4914.7690
4696.1963
0.0000
0.0000
0.0000
0.0000
0.0000
0.0000
0.0000
0.0000
0.0000
0.0000
0.0000
0.0000
0.0000
0.0000
0.0000
0.0000
0.0000
0.0000
0.0000
0.0000
0.0000
0.0000
2328.3215
1499.2069
2252.4756
1635.3328
1668.1713
1363.3094
1825.7810
2176.3264
2388.1155
2235.0007
1788.2045
1931.7603
1597.6721
1496.7988
1741.6718
1765.0828
2137.6865
2708.6418
3106.2305
4116.9824
3488.9172
4066.5957
4670.2910
3719.2161
0.0000
0.0000
0.0000
0.0000
0.0000
0.0000
0.0000
0.0000
0.0000
0.0000
0.0000
0.0000
0.0000
0.0000
0.0000
0.0000
0.0000
0.0000
0.0000
0.0000
0.0000
0.0000
3802.5569
2152.0227
1878.1418
2789.2957
2369.7947
1250.5437
1855.6298
2236.1558
2006.4485
1648.6887
1932.0562
1633.0492
1637.6545
1513.1075
2082.7449
2079.2898
2857.1543
2526.0955
3379.7124
3181.5161
3078.3230
4808.4863
4914.7690
3651.6982
0.0000
0.0000
0.0000
0.0000
0.0000
0.0000
0.0000
0.0000
0.0000
0.0000
0.0000
0.0000
0.0000
0.0000
0.0000
0.0000
0.0000
0.0000
0.0000
0.0000
0.0000
0.0000
2379.5840
2177.7639
1896.7800
2260.1580
2302.6438
1923.6921
2132.2280
2190.8999
1901.8179
2166.1648
1321.6768
1073.6388
1540.9429
1030.0112
1628.0239
1475.3047
2478.2405
4057.5054
3338.0276
3482.2026
4909.5918
4383.4541
4009.9844
4914.7690
0.0000
0.0000
0.0000
0.0000
0.0000
0.0000
0.0000
0.0000
0.0000
0.0000
0.0000
0.0000
0.0000
0.0000
0.0000
0.0000
0.0000
0.0000
0.0000
0.0000
0.0000
0.0000
2066.9854
1573.0558
1540.6588
2328.8174
2663.1782
2552.7551
2277.8154
3060.6951
2750.1431
2921.7246
1424.4117
900.1558
947.2169
1188.8420
1206.8910
1462.8160
2024.9678
4178.6548
4150.0488
4914.7690
4431.2983
3283.9182
4306.4272
4592.2915
0.0000
0.0000
0.0000
0.0000
0.0000
0.0000
0.0000
0.0000
0.0000
0.0000
0.0000
0.0000
0.0000
0.0000
0.0000
0.0000
0.0000
0.0000
0.0000
0.0000
0.0000
0.0000
2850.4880
1772.8911
1747.7821
4130.2432
3541.7666
2491.1042
2275.0176
2215.8508
2185.5815
2128.4995
1522.9501
1433.3071
1373.5580
1123.2417
1251.4639
1675.4207
2240.4851
3166.7639
4162.3481
4914.7690
4914.7690
3025.0720
4193.7778
3958.1709
0.0000
0.0000
0.0000
0.0000
0.0000
0.0000
0.0000
0.0000
0.0000
0.0000
0.0000
0.0000
0.0000
0.0000
0.0000
0.0000
0.0000
0.0000
0.0000
0.0000
0.0000
0.0000
2682.6252
2342.0503
2350.4985
4319.7969
3824.8064
2640.3806
2513.9395
1669.7847
2167.3965
1879.7612
1936.5443
1828.1108
1681.4707
1296.5096
1398.3055
1714.9791
2140.8694
4418.6343
4914.7690
4914.7690
4914.7690
4189.7559
4296.5815
4507.4736
0.0000
0.0000
0.0000
0.0000
0.0000
0.0000
0.0000
0.0000
0.0000
0.0000
0.0000
0.0000
0.0000
0.0000
0.0000
0.0000
0.0000
0.0000
0.0000
0.0000
0.0000
0.0000
2293.1450
1982.9926
2944.9670
4429.5210
4107.0869
4018.2842
3442.3574
2480.1709
2340.8096
2213.8037
2459.1899
1918.3394
2159.7700
1667.7290
1354.6002
1381.7655
1982.3369
3423.0037
4289.4497
4914.7690
4914.7690
4914.7690
4914.7690
4285.1250
0.0000
0.0000
0.0000
0.0000
0.0000
0.0000
0.0000
0.0000
0.0000
0.0000
0.0000
0.0000
0.0000
0.0000
0.0000
0.0000
0.0000
0.0000
0.0000
0.0000
0.0000
0.0000
2533.5310
3067.7461
4717.1465
4914.7690
4914.7690
4914.7690
3591.6794
3031.8027
2456.3958
2232.3684
2669.3406
2441.2341
1693.7883
2482.3765
2092.7720
2704.6108
4667.5347
4250.8687
3862.8584
4914.7690
4914.7690
4914.7690
4914.7690
4483.7764
0.0000
0.0000
0.0000
0.0000
0.0000
0.0000
0.0000
0.0000
0.0000
0.0000
0.0000
0.0000
0.0000
0.0000
0.0000
0.0000
0.0000
0.0000
0.0000
0.0000
0.0000
0.0000
2301.8704
2879.2473
4914.7690
4181.1733
4249.1133
4914.7690
4542.8818
2984.0615
2647.5015
2376.7422
2609.3284
2873.9961
2474.5342
2413.8623
2966.2944
3518.5601
2950.0574
4020.4294
4452.0225
4914.7690
4914.7690
4914.7690
4914.7690
4914.7690
0.0000
0.0000
0.0000
0.0000
0.0000
0.0000
0.0000
0.0000
0.0000
0.0000
0.0000
0.0000
0.0000
0.0000
0.0000
0.0000
0.0000
0.0000
0.0000
0.0000
0.0000
0.0000
2000.5392
2832.2861
4304.3530
3564.7666
4839.3677
4914.7690
4573.7847
4160.8730
4185.9043
2497.4978
2374.1096
3235.0923
2841.0913
3409.9084
3460.9189
2812.2595
2906.7954
3553.2793
4264.8442
4080.0908
4104.8350
4914.7690
4471.4131
3931.4890
0.0000
0.0000
0.0000
0.0000
0.0000
0.0000
0.0000
0.0000
0.0000
0.0000
0.0000
0.0000
0.0000
0.0000
0.0000
0.0000
0.0000
0.0000
0.0000
0.0000
0.0000
0.0000
2341.6138
3395.6650
3159.1860
3119.3870
4914.7690
4914.7690
4914.7690
4914.7690
4914.7690
4330.0342
3469.3003
4156.8037
3990.2568
4186.8398
4880.4746
3729.2324
4061.0811
4754.0962
4364.8320
4506.6489
3125.6533
3876.4160
4914.7690
3182.6543
0.0000
0.0000
0.0000
0.0000
0.0000
0.0000
0.0000
0.0000
0.0000
0.0000
0.0000
0.0000
0.0000
0.0000
0.0000
0.0000
0.0000
0.0000
0.0000
0.0000
0.0000
0.0000
2664.7952
3381.5808
4478.8774
4914.7690
4914.7690
4914.7690
4914.7690
4914.7690
4914.7690
4914.7690
4914.7690
4914.7690
4914.7690
4912.0513
4180.1025
4914.7690
4914.7690
4897.0840
4914.7690
3786.2910
3278.6482
3479.6431
4136.4160
2339.9636
0.0000
0.0000
0.0000
0.0000
0.0000
0.0000
0.0000
0.0000
0.0000
0.0000
0.0000
0.0000
0.0000
0.0000
0.0000
0.0000
0.0000
0.0000
0.0000
0.0000
0.0000
0.0000
3054.4602
4071.1863
4914.7690
4914.7690
4914.7690
4914.7690
4371.7485
4914.7690
4914.7690
4914.7690
4914.7690
4914.7690
4914.7690
4914.7690
4914.7690
3620.6770
4914.7690
4914.7690
3886.2043
3424.8066
2623.1499
3417.1311
4639.0068
3105.2959
0.0000
0.0000
0.0000
0.0000
0.0000
0.0000
0.0000
0.0000
0.0000
0.0000
0.0000
0.0000
0.0000
0.0000
0.0000
0.0000
0.0000
0.0000
0.0000
0.0000
0.0000
0.0000
3373.3042
4424.4751
4914.7690
4914.7690
4914.7690
4914.7690
4914.7690
4914.7690
4914.7690
4914.7690
4914.7690
4914.7690
4914.7690
4914.7690
4914.7690
4042.9287
3809.0066
4220.9800
3260.8264
3099.6782
3066.7905
3512.9558
2241.7544
4209.2612
0.0000
0.0000
0.0000
0.0000
0.0000
0.0000
0.0000
0.0000
0.0000
0.0000
0.0000
0.0000
0.0000
0.0000
0.0000
0.0000
0.0000
0.0000
0.0000
0.0000
0.0000
0.0000
1870.1821
3012.7974
3703.2378
4741.3413
4914.7690
4670.5747
4316.3428
4914.7690
4318.8755
4914.7690
4460.4277
4630.9453
4914.7690
4914.7690
4914.7690
3214.3452
2364.0676
2672.8242
2062.1301
2158.8501
1941.5281
2382.5352
2046.6001
1973.9492
0.0000
0.0000
0.0000
0.0000
0.0000
0.0000
0.0000
0.0000
0.0000
0.0000
0.0000
0.0000
0.0000
0.0000
0.0000
0.0000
0.0000
0.0000
0.0000
0.0000
0.0000
0.0000
1495.3660
2041.1332
3148.4297
3381.4841
4066.0349
4077.9893
4065.9670
3840.9634
4008.5466
4914.7690
4435.1685
4681.6748
4320.9927
3480.1321
3324.7539
3032.3904
1835.9456
1702.6571
1447.5435
1621.2360
1550.1564
1437.4816
1058.7588
1643.2308
0.0000
0.0000
0.0000
0.0000
0.0000
0.0000
0.0000
0.0000
0.0000
0.0000
0.0000
0.0000
0.0000
0.0000
0.0000
0.0000
0.0000
0.0000
0.0000
0.0000
0.0000
0.0000
1732.9595
1603.9363
2018.9224
2268.2537
3010.8806
3775.2590
2945.0859
3169.5830
2987.1123
2592.8079
3600.5337
3193.2954
2557.4592
2406.8601
2303.5635
1353.4491
1353.3726
1601.8438
1372.2518
1205.6104
955.6365
1027.6177
803.5751
1413.2548
0.0000
0.0000
0.0000
0.0000
0.0000
0.0000
0.0000
0.0000
0.0000
0.0000
0.0000
0.0000
0.0000
0.0000
0.0000
0.0000
0.0000
0.0000
0.0000
0.0000
0.0000
0.0000
2280.8833
1768.6097
2318.2764
2291.2334
2854.4243
3387.0005
2534.5229
2231.6934
2833.1216
2712.9902
3020.0220
2389.6204
1640.2814
1661.3251
1064.8503
789.2827
790.1491
1143.4298
890.4123
811.6426
648.1274
500.4312
478.7202
882.1071
0.0000
0.0000
0.0000
0.0000
0.0000
0.0000
0.0000
0.0000
0.0000
0.0000
0.0000
0.0000
0.0000
0.0000
0.0000
0.0000
0.0000
0.0000
0.0000
0.0000
0.0000
0.0000
1179.1094
1463.4283
2494.4333
2348.5879
3377.7827
2559.5271
2210.7231
2366.7021
2502.1365
2248.0349
1278.9089
1762.2927
1467.2717
1317.7477
1300.6859
882.4319
884.1434
901.7875
1195.8398
915.7237
634.0767
577.7860
662.5233
675.9370
0.0000
0.0000
0.0000
0.0000
0.0000
0.0000
0.0000
0.0000
0.0000
0.0000
0.0000
0.0000
0.0000
0.0000
0.0000
0.0000
0.0000
0.0000
0.0000
0.0000
0.0000
0.0000
611.2137
1034.8274
1817.5707
1573.8983
2101.7129
1811.1003
2604.1882
2391.0286
2458.6548
2034.5378
1359.8136
1231.3026
784.1100
1079.5646
1295.6230
1138.6927
793.1251
1309.7721
1213.8723
729.7491
767.6400
914.0276
950.0375
1089.4049
0.0000
0.0000
0.0000
0.0000
0.0000
0.0000
0.0000
0.0000
0.0000
0.0000
0.0000
0.0000
0.0000
0.0000
0.0000
0.0000
0.0000
0.0000
0.0000
0.0000
0.0000
0.0000
663.7360
1302.6866
1378.4927
1419.6215
1655.2155
1641.9279
1891.4343
2140.0596
2110.2581
1655.1794
1092.5314
1213.6505
879.7976
1437.7587
1632.8054
973.4548
992.6758
1656.0225
1147.9612
1116.0125
718.6075
764.5377
905.5885
1014.2185
0.0000
0.0000
0.0000
0.0000
0.0000
0.0000
0.0000
0.0000
0.0000
0.0000
0.0000
0.0000
0.0000
0.0000
0.0000
0.0000
0.0000
0.0000
0.0000
0.0000
0.0000
0.0000
748.5609
823.7565
1247.9211
1961.4697
1596.6676
1222.5283
1178.9989
1176.6368
1178.3409
1550.1014
1522.2765
1001.7076
920.3362
1137.7087
1524.1947
995.2289
683.7655
871.9294
834.3564
1186.8940
680.4124
777.9169
858.5458
1053.2311
0.0000
0.0000
0.0000
0.0000
0.0000
0.0000
0.0000
0.0000
0.0000
0.0000
0.0000
0.0000
0.0000
0.0000
0.0000
0.0000
0.0000
0.0000
0.0000
0.0000
0.0000
0.0000
953.7074
1017.9322
1125.2908
934.5885
1024.6169
940.2294
864.3548
631.6990
904.5123
1234.2990
1142.4482
1049.2585
736.1603
1217.7405
1122.6534
1081.7126
1165.2032
680.7285
1218.6064
1436.7540
1307.5834
1423.4872
865.3544
1285.1086
0.0000
0.0000
0.0000
0.0000
0.0000
0.0000
0.0000
0.0000
0.0000
0.0000
0.0000
0.0000
0.0000
0.0000
0.0000
0.0000
0.0000
0.0000
0.0000
0.0000
0.0000
0.0000
1275.4579
1151.6281
720.0886
840.4047
586.3304
580.5336
621.0193
1110.3892
1058.0854
1009.8793
1124.9611
1163.2572
1096.1997
1033.2706
1339.9666
950.8583
1169.2385
1121.3184
1618.3289
1713.9069
1483.8424
1461.2671
1577.0931
1449.3461
1159.3413
0.0000
0.0000
0.0000
0.0000
0.0000
0.0000
0.0000
0.0000
0.0000
0.0000
0.0000
0.0000
0.0000
0.0000
0.0000
0.0000
0.0000
0.0000
0.0000
0.0000
0.0000
1462.9799
1537.0568
1019.9221
928.1965
557.7916
907.6943
951.4909
645.6410
637.1962
618.4125
767.3318
1154.1974
948.7858
714.2103
1062.6805
1170.8972
1034.1593
777.0610
1092.2607
1865.6744
2101.3633
1411.5842
1722.3513
1650.0972
1221.4084
0.0000
0.0000
0.0000
0.0000
0.0000
0.0000
0.0000
0.0000
0.0000
0.0000
0.0000
0.0000
0.0000
0.0000
0.0000
0.0000
0.0000
0.0000
0.0000
0.0000
0.0000
1394.0833
1396.3359
1175.4969
956.4239
605.0690
484.3383
532.7441
471.0514
460.2181
592.6651
411.9394
657.8334
535.7516
794.9110
1413.3494
1252.9135
1187.0496
802.2369
712.2913
916.6534
1136.6141
1149.8868
1300.2144
1681.0332
1537.9470
2059.2585
0.0000
0.0000
0.0000
0.0000
0.0000
0.0000
0.0000
0.0000
0.0000
0.0000
0.0000
0.0000
0.0000
0.0000
0.0000
0.0000
0.0000
0.0000
0.0000
0.0000
818.8274
804.3909
1337.6456
898.8053
794.0166
575.7189
358.3723
386.2611
294.2487
487.3056
491.1703
572.4217
621.1959
638.9813
1213.2977
1244.7977
1116.4152
984.3589
728.5266
421.0815
645.4388
623.7395
769.4982
1507.7465
2276.6450
1051.5950
1139.9113
0.0000
0.0000
0.0000
0.0000
0.0000
0.0000
0.0000
0.0000
0.0000
0.0000
0.0000
0.0000
0.0000
0.0000
0.0000
0.0000
0.0000
0.0000
0.0000
893.2885
708.4676
1100.6222
916.2955
657.4510
393.5220
402.7401
322.1038
224.9445
284.0900
533.4473
618.5771
624.2452
595.5063
821.6152
708.1520
817.3769
607.3489
555.7276
800.9019
682.4728
622.4728
836.7993
922.4336
1102.7697
898.5765
937.2722
867.3151
0.0000
0.0000
0.0000
0.0000
0.0000
0.0000
0.0000
0.0000
0.0000
0.0000
0.0000
0.0000
0.0000
0.0000
0.0000
0.0000
0.0000
0.0000
563.6925
762.8942
1009.5616
780.5977
910.0870
655.1600
354.2815
252.4436
311.3597
224.2460
445.4987
453.7784
787.2581
1260.6650
1000.9961
628.5799
498.7482
660.1509
700.6051
618.8749
413.0349
533.2698
536.6022
759.9799
881.6580
569.6719
1044.0734
674.4997
0.0000
0.0000
0.0000
0.0000
0.0000
0.0000
0.0000
0.0000
0.0000
0.0000
0.0000
0.0000
0.0000
0.0000
0.0000
0.0000
0.0000
0.0000
355.4432
530.6400
779.3413
820.9481
634.0914
566.4189
261.6306
233.3385
268.5403
325.0427
295.4751
335.7336
496.8744
760.1061
695.0829
458.7328
479.5659
478.9688
471.6133
496.2195
391.7625
419.8757
447.1605
541.5948
739.6914
803.4715
932.6754
865.1871
421.9457
0.0000
0.0000
0.0000
0.0000
0.0000
0.0000
0.0000
0.0000
0.0000
0.0000
0.0000
0.0000
0.0000
0.0000
0.0000
0.0000
0.0000
520.6880
561.5603
611.4155
494.8557
472.2005
380.2779
316.4478
267.9453
235.0417
279.2005
254.1752
332.6782
326.2746
503.4373
392.1907
305.7107
311.7621
368.0089
331.3205
232.2872
338.7204
463.2199
533.6265
555.0541
986.6057
724.0285
587.4026
632.2740
495.8690
0.0000
0.0000
0.0000
0.0000
0.0000
0.0000
0.0000
0.0000
0.0000
0.0000
0.0000
0.0000
0.0000
0.0000
0.0000
0.0000
0.0000
297.7629
531.3024
322.3809
404.2976
351.6056
320.5557
233.1650
252.3462
221.5206
226.9895
201.9344
255.6148
306.8902
503.2773
346.3689
300.0969
295.2502
312.5995
298.6936
321.2981
237.2621
418.8792
559.8137
624.6746
740.8339
795.0361
777.9998
704.3622
498.5975
466.6876
0.0000
0.0000
0.0000
0.0000
0.0000
0.0000
0.0000
0.0000
0.0000
0.0000
0.0000
0.0000
0.0000
0.0000
0.0000
0.0000
445.1822
421.6996
279.1101
255.6041
241.4650
224.6000
234.8161
171.2983
145.4264
198.0993
222.2522
220.2898
267.6862
450.6279
387.7261
328.1035
333.0773
311.4480
310.0113
282.9237
352.9879
377.8737
473.8657
518.8448
768.3427
633.4287
816.1347
622.8968
364.4821
522.0596
270.6257
0.0000
0.0000
0.0000
0.0000
0.0000
0.0000
0.0000
0.0000
0.0000
0.0000
0.0000
0.0000
0.0000
0.0000
0.0000
397.9092
265.0793
190.3929
284.0337
213.2916
163.4828
181.0164
122.9895
110.7461
136.8392
146.2112
199.1390
262.4597
401.0801
321.8048
260.6105
345.9769
352.9064
290.9551
248.8725
281.3506
316.2507
428.1113
653.3951
655.7211
531.1708
537.4145
516.8173
398.6480
279.2248
262.2070
283.5103
0.0000
0.0000
0.0000
0.0000
0.0000
0.0000
0.0000
0.0000
0.0000
0.0000
0.0000
0.0000
0.0000
0.0000
314.1840
203.5596
179.0622
216.8240
212.2167
150.0634
114.2060
79.0782
101.6656
94.6275
183.1949
254.8669
342.5179
289.5671
239.2725
199.9786
353.6713
243.4006
222.0759
359.3591
391.9648
556.2825
411.4136
486.0164
525.2919
615.5702
402.6088
290.2292
316.3606
309.7914
285.4896
225.7049
287.1200
0.0000
0.0000
0.0000
0.0000
0.0000
0.0000
0.0000
0.0000
0.0000
0.0000
0.0000
0.0000
0.0000
239.2356
205.6531
221.6926
194.3158
114.5662
116.8800
69.5725
67.8238
114.7991
105.7717
142.2155
212.6752
258.0918
258.2832
250.8740
177.4539
182.0669
212.5270
212.5836
298.7981
443.4241
587.2023
419.5484
340.3881
362.2355
462.5602
251.1581
181.6115
233.1645
204.0907
259.0016
214.2751
291.6580
0.0000
0.0000
0.0000
0.0000
0.0000
0.0000
0.0000
0.0000
0.0000
0.0000
0.0000
0.0000
0.0000
281.0192
224.8534
202.0704
134.4600
158.2953
108.0447
94.4071
57.7947
83.0384
79.7950
123.1748
165.6758
216.6647
262.3563
266.6794
197.0161
185.6581
139.3129
146.8630
268.3835
386.3799
360.1934
275.5209
261.2367
231.9257
250.7883
187.0641
166.2007
152.1248
180.4638
156.2753
183.6934
306.4066
184.9691
0.0000
0.0000
0.0000
0.0000
0.0000
0.0000
0.0000
0.0000
0.0000
0.0000
0.0000
0.0000
251.1948
250.1048
182.3633
123.7255
134.7397
77.6468
81.2498
65.7916
95.5967
112.5285
112.8383
198.8051
180.8287
205.9321
199.7383
136.1783
74.4880
59.9194
92.9228
133.9657
164.0504
293.2985
158.4070
183.0461
283.2041
200.1746
135.7879
120.3395
121.9379
133.3017
118.2665
167.1758
190.3441
177.4290
93.4551
0.0000
0.0000
0.0000
0.0000
0.0000
0.0000
0.0000
0.0000
0.0000
0.0000
0.0000
360.6138
257.3024
136.2797
122.4640
89.2724
85.3222
122.9978
106.4340
94.4359
66.6073
96.3067
150.9757
105.7928
189.7294
134.5557
102.2015
67.9244
66.7637
98.8196
86.0955
69.5222
115.1016
119.6455
114.0614
157.9906
141.3709
67.2392
119.2955
117.4359
88.9904
96.9217
107.4630
123.1045
102.4026
44.8614
41.8613
0.0000
0.0000
0.0000
0.0000
0.0000
0.0000
0.0000
0.0000
0.0000
0.0000
176.1264
185.3199
123.5068
91.0945
140.6836
110.7645
126.7995
118.7750
98.0015
100.2910
97.4093
135.3644
105.1569
149.8624
99.7406
87.9994
98.7452
80.9074
106.5498
58.9004
78.8221
82.0380
90.4409
94.9100
138.1837
86.3144
90.3921
78.0912
85.2479
74.8658
65.9970
62.8439
78.9786
56.2817
40.2414
28.1859
0.0000
0.0000
0.0000
0.0000
0.0000
0.0000
0.0000
0.0000
0.0000
0.0000
206.3281
163.1911
106.7642
121.5501
98.4072
187.5789
122.2800
117.0226
83.4494
93.7384
75.8542
93.1619
78.5983
91.1189
89.1221
86.9325
104.5280
99.2694
111.8449
70.2993
73.9591
103.4292
78.7917
93.7672
84.1053
102.5482
79.0960
72.1712
73.7066
77.4087
76.0880
69.9686
46.3520
75.9489
57.7098
49.6561
0.0000
0.0000
0.0000
0.0000
0.0000
0.0000
0.0000
0.0000
0.0000
0.0000
158.4712
118.4883
86.5370
115.0107
96.7176
129.1763
119.8755
101.1561
87.8868
68.0793
72.5104
76.4263
69.9566
124.3587
85.2213
99.9647
127.4937
133.5827
95.9945
80.2148
49.2165
57.9018
59.6980
52.9264
112.1572
109.8312
105.6534
59.8561
66.6565
56.3506
66.7271
47.1086
42.6589
64.3500
46.3806
62.2122
0.0000
0.0000
0.0000
0.0000
0.0000
0.0000
0.0000
0.0000
0.0000
0.0000
151.0712
145.2717
115.3365
98.3348
97.6420
116.4677
153.7645
125.7051
78.3918
94.1604
98.0727
79.6396
81.4755
118.0834
135.3937
171.0956
114.4226
87.0779
84.5370
55.8009
58.3110
54.7850
37.9288
49.8831
66.5134
97.8185
137.8230
79.6566
81.7806
61.6907
41.9674
39.9918
45.7467
57.0180
82.1006
80.2705
0.0000
0.0000
0.0000
0.0000
0.0000
0.0000
0.0000
0.0000
0.0000
0.0000
111.5448
109.2713
93.1570
90.1410
115.9512
154.1766
162.7954
98.4170
102.4705
97.2215
90.0211
86.2899
80.6888
109.5176
0.0000
0.0000
88.7875
68.3250
76.0766
43.8062
40.4551
34.9901
23.0266
23.7268
50.6810
85.0617
99.7040
105.7236
91.9314
107.9049
68.8586
65.4632
43.5281
68.8391
52.6418
75.3646
0.0000
0.0000
0.0000
0.0000
0.0000
0.0000
0.0000
0.0000
0.0000
0.0000
79.5590
70.7282
63.5857
69.3474
115.1316
154.6779
144.1478
86.4703
97.1246
92.7246
98.1811
67.8752
82.7065
81.7338
0.0000
0.0000
0.0000
0.0000
0.0000
0.0000
0.0000
0.0000
0.0000
0.0000
41.0344
42.9495
56.7782
86.8969
99.4209
112.8374
102.6065
65.9271
95.2254
49.7831
42.3017
55.3613
0.0000
0.0000
0.0000
0.0000
0.0000
0.0000
0.0000
0.0000
0.0000
0.0000
144.0925
97.6105
76.7223
100.0595
93.3947
123.4447
104.9587
129.6821
92.7705
74.0656
74.0444
58.0107
52.6961
63.8223
0.0000
0.0000
0.0000
0.0000
0.0000
0.0000
0.0000
0.0000
0.0000
0.0000
28.9147
25.9311
53.9617
98.9112
94.6007
100.6077
113.4535
71.6182
80.1168
107.9213
73.0648
66.0046
0.0000
0.0000
0.0000
0.0000
0.0000
0.0000
0.0000
0.0000
0.0000
0.0000
117.4763
95.5100
69.5310
130.0754
121.7440
102.1326
97.8935
95.4132
70.0585
53.9081
44.4592
39.2577
37.6208
60.2042
0.0000
0.0000
0.0000
0.0000
0.0000
0.0000
0.0000
0.0000
0.0000
0.0000
40.6827
39.4351
39.7445
88.1466
83.8616
111.4809
89.1805
59.0603
88.8026
91.2004
87.6554
90.7504
0.0000
0.0000
0.0000
0.0000
0.0000
0.0000
0.0000
0.0000
0.0000
0.0000
99.8078
71.6144
112.4155
113.3243
93.9030
104.0125
131.1645
142.3079
91.8366
60.9002
51.7850
47.1753
40.0697
44.2337
0.0000
0.0000
0.0000
0.0000
0.0000
0.0000
0.0000
0.0000
0.0000
0.0000
57.4786
61.8356
51.4094
49.7239
75.5384
68.3040
96.3324
96.5881
71.5067
90.4112
102.8300
176.0382
0.0000
0.0000
0.0000
0.0000
0.0000
0.0000
0.0000
0.0000
0.0000
0.0000
112.4411
65.6743
97.8840
95.7018
105.4411
106.8754
116.1761
144.2003
131.5869
108.7647
75.9788
42.8084
54.1707
59.5930
0.0000
0.0000
0.0000
0.0000
0.0000
0.0000
0.0000
0.0000
0.0000
0.0000
59.8128
52.0289
52.8676
87.4912
43.5276
39.8707
49.5111
86.4452
83.5557
96.8037
125.2297
164.0384
0.0000
0.0000
0.0000
0.0000
0.0000
0.0000
0.0000
0.0000
0.0000
0.0000
148.2398
102.0695
149.8435
111.1869
109.9080
138.0697
141.9377
132.6857
145.3045
214.9411
95.0417
94.7554
65.3941
53.1204
0.0000
0.0000
0.0000
0.0000
0.0000
0.0000
0.0000
0.0000
0.0000
0.0000
48.4339
46.6779
51.1366
87.3722
67.5585
45.5628
51.8722
64.4649
60.1129
63.8167
92.2872
165.4253
0.0000
0.0000
0.0000
0.0000
0.0000
0.0000
0.0000
0.0000
0.0000
0.0000
143.1147
160.3036
126.2296
138.8489
130.9951
132.6896
123.0376
139.8464
181.8822
153.2585
101.7730
108.7554
79.8731
69.3978
0.0000
0.0000
0.0000
0.0000
0.0000
0.0000
0.0000
0.0000
0.0000
0.0000
39.2082
48.7013
44.3045
75.7885
59.2851
52.7106
56.9942
42.5834
46.3146
64.9612
89.8698
113.3240
0.0000
0.0000
0.0000
0.0000
0.0000
0.0000
0.0000
0.0000
0.0000
0.0000
84.8489
113.8168
166.7200
159.3842
150.6176
139.2045
113.6206
87.9396
136.5453
147.6611
103.0872
152.8764
114.5995
72.6103
0.0000
0.0000
0.0000
0.0000
0.0000
0.0000
0.0000
0.0000
0.0000
0.0000
62.4196
39.7302
60.3551
93.9076
86.0723
77.4179
63.6511
53.8371
40.1807
62.3789
90.0440
93.5717
0.0000
0.0000
0.0000
0.0000
0.0000
0.0000
0.0000
0.0000
0.0000
0.0000
81.8623
109.3438
127.5147
202.0620
127.2317
119.9668
105.3870
119.2369
130.9978
187.3868
169.9692
159.8101
147.6099
119.0316
0.0000
0.0000
0.0000
0.0000
0.0000
0.0000
0.0000
0.0000
0.0000
0.0000
101.0907
49.3113
68.7704
82.3591
80.2391
65.7169
91.7555
94.3208
55.6541
64.7296
103.3413
113.7913
0.0000
0.0000
0.0000
0.0000
0.0000
0.0000
0.0000
0.0000
0.0000
0.0000
65.2508
112.9250
124.6126
159.1868
155.0087
93.3728
98.1713
111.9514
189.3923
223.6100
320.0557
265.9672
189.9142
205.5928
0.0000
0.0000
0.0000
0.0000
0.0000
0.0000
0.0000
0.0000
0.0000
0.0000
105.8334
79.3942
71.6406
77.2654
61.5560
55.1443
77.0911
96.1552
112.3835
85.7513
99.5811
115.3061
0.0000
0.0000
0.0000
0.0000
0.0000
0.0000
0.0000
0.0000
0.0000
0.0000
104.1975
100.9991
93.4936
125.6892
114.6123
91.8616
99.8701
165.1095
233.0697
265.8385
346.8770
327.5757
344.1012
285.6446
0.0000
0.0000
0.0000
0.0000
0.0000
0.0000
0.0000
0.0000
0.0000
0.0000
92.5907
56.3908
52.5186
46.8710
67.5057
86.7710
103.9499
116.8009
149.3309
87.0567
76.3585
72.5289
0.0000
0.0000
0.0000
0.0000
0.0000
0.0000
0.0000
0.0000
0.0000
0.0000
139.8784
133.8733
96.4395
91.4087
102.9575
127.2452
136.7711
161.5551
221.6085
200.6431
399.4325
371.3867
393.4412
384.4657
0.0000
0.0000
0.0000
0.0000
0.0000
0.0000
0.0000
0.0000
0.0000
0.0000
142.1074
95.1960
61.2442
50.1884
63.1479
63.9726
86.1179
99.4100
154.1352
94.5962
79.7928
84.7073
0.0000
0.0000
0.0000
0.0000
0.0000
0.0000
0.0000
0.0000
0.0000
0.0000
188.9208
108.0425
141.6811
133.1948
183.0201
157.0687
162.4423
127.6174
141.0170
184.3717
254.8311
242.5106
459.6446
232.3122
0.0000
0.0000
0.0000
0.0000
0.0000
0.0000
0.0000
0.0000
0.0000
0.0000
137.3927
167.0498
94.8232
83.0922
61.2732
88.0936
95.1737
88.4479
126.0588
111.8070
93.2714
117.8131
0.0000
0.0000
0.0000
0.0000
0.0000
0.0000
0.0000
0.0000
0.0000
0.0000
227.2807
144.5866
138.7572
142.7839
154.9044
145.6531
158.0873
136.6546
158.4180
214.8074
178.1792
257.3513
319.9579
258.4168
0.0000
0.0000
0.0000
0.0000
0.0000
0.0000
0.0000
0.0000
0.0000
0.0000
132.9583
150.2370
104.1740
77.3662
61.7601
80.9748
134.7282
80.2615
97.9398
85.3548
117.5119
116.5490
0.0000
0.0000
0.0000
0.0000
0.0000
0.0000
0.0000
0.0000
0.0000
0.0000
190.2780
154.5352
112.8232
119.6900
184.5848
146.3658
126.0688
167.8112
283.5344
257.2647
262.3346
188.8821
206.7109
292.7624
0.0000
0.0000
0.0000
0.0000
0.0000
0.0000
0.0000
0.0000
0.0000
0.0000
168.3417
181.7446
93.7023
77.8604
71.7565
95.6135
84.6793
88.4316
85.9157
104.4219
95.0897
88.4057
0.0000
0.0000
0.0000
0.0000
0.0000
0.0000
0.0000
0.0000
0.0000
0.0000
216.8448
182.3163
147.6421
160.5622
208.1225
206.2906
194.1478
221.6780
273.5045
275.3830
247.7540
244.7498
164.5299
299.6538
0.0000
0.0000
0.0000
0.0000
0.0000
0.0000
0.0000
0.0000
0.0000
0.0000
214.3855
168.1717
127.1259
106.2844
78.7697
84.1102
115.2802
104.2513
113.5705
64.8639
96.4452
72.0098
0.0000
0.0000
0.0000
0.0000
0.0000
0.0000
0.0000
0.0000
0.0000
0.0000
303.3457
201.6383
205.0864
225.9571
201.7842
236.3707
248.3120
225.2223
281.9373
296.6607
263.2841
274.8478
263.3419
327.6326
0.0000
0.0000
0.0000
0.0000
0.0000
0.0000
0.0000
0.0000
0.0000
0.0000
195.7296
194.9017
122.2037
117.0462
95.8148
85.6770
77.1565
107.6772
109.9308
64.5492
92.1664
136.0410
0.0000
0.0000
0.0000
0.0000
0.0000
0.0000
0.0000
0.0000
0.0000
0.0000
355.5587
232.6240
267.6687
202.4207
231.1386
269.2074
309.9375
318.4356
330.2538
305.9406
213.3844
188.3589
303.8814
354.3417
0.0000
0.0000
0.0000
0.0000
0.0000
0.0000
0.0000
0.0000
0.0000
0.0000
147.3661
158.6660
126.9153
102.2231
75.2730
78.7239
63.4651
71.4958
124.1656
129.0432
132.0034
207.8157
0.0000
0.0000
0.0000
0.0000
0.0000
0.0000
0.0000
0.0000
0.0000
0.0000
0.0000
576.7253
375.8406
389.6327
314.5197
224.5720
296.7545
313.3723
355.0289
301.5328
216.1457
246.1486
362.5709
322.5703
0.0000
0.0000
0.0000
0.0000
0.0000
0.0000
0.0000
0.0000
0.0000
0.0000
144.3891
141.7498
112.5470
55.9687
53.8699
58.1023
57.1735
88.7187
149.6530
138.3303
110.1304
288.6490
0.0000
0.0000
0.0000
0.0000
0.0000
0.0000
0.0000
0.0000
0.0000
0.0000
0.0000
441.7138
581.1002
365.3241
232.3386
333.9965
286.3489
215.7334
255.3409
219.1491
257.7577
0.0000
0.0000
301.0013
0.0000
0.0000
0.0000
0.0000
0.0000
0.0000
0.0000
0.0000
0.0000
0.0000
128.1758
107.4843
104.7465
48.7615
46.1231
50.7341
47.4690
83.6887
91.2070
138.2371
186.0464
256.2245
0.0000
0.0000
0.0000
0.0000
0.0000
0.0000
0.0000
0.0000
0.0000
0.0000
0.0000
0.0000
551.0984
448.0494
323.2683
334.1231
185.0555
270.2273
182.5358
177.6119
195.3185
0.0000
0.0000
0.0000
0.0000
0.0000
0.0000
0.0000
0.0000
0.0000
0.0000
0.0000
0.0000
0.0000
113.6248
101.2092
59.5427
53.0393
56.1026
49.4594
64.1451
91.6088
86.7061
103.8080
189.0656
240.4814
0.0000
0.0000
0.0000
0.0000
0.0000
0.0000
0.0000
0.0000
0.0000
0.0000
0.0000
0.0000
0.0000
378.2907
245.7988
201.7766
188.5643
166.0118
187.0987
286.0785
188.7724
0.0000
0.0000
0.0000
0.0000
0.0000
0.0000
0.0000
0.0000
0.0000
0.0000
0.0000
0.0000
0.0000
84.3870
103.3545
61.3597
93.8250
66.9404
69.2381
81.3498
69.3411
76.4711
94.5489
77.7194
131.5598
0.0000
0.0000
0.0000
0.0000
0.0000
0.0000
0.0000
0.0000
0.0000
0.0000
0.0000
0.0000
0.0000
0.0000
280.2640
194.9823
212.1757
210.8428
361.2184
350.6410
329.6478
0.0000
0.0000
0.0000
0.0000
0.0000
0.0000
0.0000
0.0000
0.0000
0.0000
0.0000
0.0000
0.0000
113.5416
99.5848
92.6451
86.4230
82.4801
105.2685
83.5063
95.8641
97.4352
111.0079
76.4488
102.8071
0.0000
0.0000
0.0000
0.0000
0.0000
0.0000
0.0000
0.0000
0.0000
0.0000
0.0000
0.0000
0.0000
0.0000
308.1442
242.9289
346.6418
323.3503
488.6699
491.8702
316.7421
0.0000
0.0000
0.0000
0.0000
0.0000
0.0000
0.0000
0.0000
0.0000
0.0000
0.0000
0.0000
0.0000
89.3265
57.7575
82.3759
77.7743
104.5270
102.8787
109.9932
79.8895
88.5643
114.4610
126.0107
132.7165
0.0000
0.0000
0.0000
0.0000
0.0000
0.0000
0.0000
0.0000
0.0000
0.0000
0.0000
0.0000
0.0000
0.0000
0.0000
0.0000
288.6002
355.7802
587.2963
447.0680
386.2261
0.0000
0.0000
0.0000
0.0000
0.0000
0.0000
0.0000
0.0000
0.0000
0.0000
0.0000
0.0000
0.0000
0.0000
75.8448
108.8698
70.5731
105.0626
114.0829
81.4430
103.4699
134.4317
98.0432
213.0813
229.3538
0.0000
0.0000
0.0000
0.0000
0.0000
0.0000
0.0000
0.0000
0.0000
0.0000
0.0000
0.0000
0.0000
0.0000
0.0000
0.0000
363.0071
374.2480
437.1950
367.7559
233.8437
0.0000
0.0000
0.0000
0.0000
0.0000
0.0000
0.0000
0.0000
0.0000
0.0000
0.0000
0.0000
0.0000
0.0000
0.0000
0.0000
76.7825
112.7545
90.4937
95.4366
128.9890
139.4337
123.6234
272.6034
238.5245
0.0000
0.0000
0.0000
0.0000
0.0000
0.0000
0.0000
0.0000
0.0000
0.0000
0.0000
0.0000
0.0000
0.0000
0.0000
0.0000
0.0000
520.5092
304.0866
238.5653
204.9813
0.0000
0.0000
0.0000
0.0000
0.0000
0.0000
0.0000
0.0000
0.0000
0.0000
0.0000
0.0000
0.0000
0.0000
0.0000
0.0000
0.0000
120.2484
92.1522
176.0173
118.3836
108.2526
196.7879
249.8049
235.9003
0.0000
0.0000
0.0000
0.0000
0.0000
0.0000
0.0000
0.0000
0.0000
0.0000
0.0000
0.0000
0.0000
0.0000
0.0000
0.0000
0.0000
0.0000
359.1802
252.1622
210.9373
0.0000
0.0000
0.0000
0.0000
0.0000
0.0000
0.0000
0.0000
0.0000
0.0000
0.0000
0.0000
0.0000
0.0000
0.0000
0.0000
0.0000
0.0000
110.0004
211.1853
143.8786
130.7586
202.3806
251.0820
196.3624
0.0000
0.0000
0.0000
0.0000
0.0000
0.0000
0.0000
0.0000
0.0000
0.0000
0.0000
0.0000
0.0000
0.0000
0.0000
0.0000
0.0000
0.0000
367.7989
354.1315
326.2742
0.0000
0.0000
0.0000
0.0000
0.0000
0.0000
0.0000
0.0000
0.0000
0.0000
0.0000
0.0000
0.0000
0.0000
0.0000
0.0000
0.0000
0.0000
0.0000
223.7575
137.0360
112.7469
130.5026
134.2900
247.5127
0.0000
0.0000
0.0000
0.0000
0.0000
0.0000
0.0000
0.0000
0.0000
0.0000
0.0000
0.0000
0.0000
0.0000
0.0000
0.0000
0.0000
0.0000
0.0000
441.8684
389.1980
0.0000
0.0000
0.0000
0.0000
0.0000
0.0000
0.0000
0.0000
0.0000
0.0000
0.0000
0.0000
0.0000
0.0000
0.0000
0.0000
0.0000
0.0000
0.0000
0.0000
0.0000
184.0281
155.0634
128.6089
185.3709
0.0000
0.0000
0.0000
0.0000
0.0000
0.0000
0.0000
0.0000
0.0000
0.0000
0.0000
0.0000
0.0000
0.0000
0.0000
0.0000
0.0000
0.0000
0.0000
0.0000
0.0000
0.0000
0.0000
0.0000
0.0000
0.0000
0.0000
0.0000
0.0000
0.0000
0.0000
0.0000
0.0000
0.0000
0.0000
0.0000
0.0000
0.0000
0.0000
0.0000
0.0000
0.0000
0.0000
157.0615
144.5688
229.3794
0.0000
0.0000
0.0000
0.0000
0.0000
0.0000
0.0000
0.0000
0.0000
0.0000
0.0000
0.0000
0.0000
0.0000
0.0000
0.0000
0.0000
0.0000
0.0000
0.0000
0.0000
0.0000
0.0000
0.0000
0.0000
0.0000
0.0000
0.0000
0.0000
0.0000
0.0000
0.0000
0.0000
0.0000
0.0000
0.0000
0.0000
0.0000
0.0000
0.0000
0.0000
0.0000
0.0000
197.5976
127.8752
265.7422
0.0000
0.0000
0.0000
0.0000
0.0000
0.0000
0.0000
0.0000
0.0000
0.0000
0.0000
0.0000
0.0000
0.0000
0.0000
0.0000
0.0000
0.0000
0.0000
0.0000
0.0000
0.0000
0.0000
0.0000
0.0000
0.0000
0.0000
0.0000
0.0000
0.0000
0.0000
0.0000
0.0000
0.0000
0.0000
0.0000
0.0000
0.0000
0.0000
0.0000
0.0000
0.0000
0.0000
0.0000
0.0000
0.0000
0.0000
0.0000
0.0000
0.0000
0.0000
0.0000
0.0000
0.0000
0.0000
0.0000
0.0000
0.0000
0.0000
0.0000
0.0000
0.0000
0.0000
0.0000
0.0000
0.0000
0.0000
0.0000
0.0000
0.0000
0.0000
0.0000
0.0000
0.0000
0.0000
0.0000
0.0000
0.0000
0.0000
0.0000
0.0000
0.0000
0.0000
0.0000
0.0000
0.0000
0.0000
0.0000
0.0000
0.0000
0.0000
0.0000
0.0000
0.0000
0.0000
0.0000
0.0000
0.0000
0.0000
0.0000
0.0000
0.0000
0.0000
0.0000
0.0000
0.0000
0.0000
0.0000
0.0000
0.0000
0.0000
0.0000
0.0000
0.0000
0.0000
0.0000
0.0000
0.0000
0.0000
0.0000
0.0000
0.0000
0.0000
0.0000
0.0000
0.0000
0.0000
0.0000
0.0000
0.0000
0.0000
0.0000
0.0000
0.0000
0.0000
0.0000
0.0000
0.0000
0.0000
0.0000
0.0000
0.0000
0.0000
0.0000
0.0000
0.0000
0.0000
0.0000
0.0000
0.0000
0.0000
0.0000
0.0000
0.0000
0.0000
0.0000
0.0000
0.0000
0.0000
0.0000
0.0000
0.0000
0.0000
0.0000
0.0000
0.0000
0.0000
0.0000
0.0000
0.0000
0.0000
0.0000
0.0000
0.0000
0.0000
0.0000
0.0000
0.0000
0.0000
0.0000
0.0000
0.0000
0.0000
0.0000
0.0000
0.0000
0.0000
0.0000
0.0000
0.0000
0.0000
0.0000
0.0000
0.0000
0.0000
0.0000
0.0000
0.0000
0.0000
0.0000
0.0000
0.0000
0.0000
0.0000
0.0000
0.0000
0.0000
0.0000
0.0000
0.0000
0.0000
0.0000
0.0000
0.0000
0.0000
0.0000
0.0000
0.0000
0.0000
0.0000
0.0000
0.0000
0.0000
0.0000
0.0000
0.0000
0.0000
0.0000
0.0000
0.0000
0.0000
0.0000
0.0000
0.0000
0.0000
0.0000
0.0000
0.0000
0.0000
0.0000
0.0000
0.0000
0.0000
0.0000
0.0000
0.0000
0.0000
0.0000
0.0000
0.0000
0.0000
0.0000
0.0000
0.0000
0.0000
0.0000
0.0000
0.0000
0.0000
0.0000
0.0000
0.0000
0.0000
0.0000
0.0000
0.0000
0.0000
0.0000
0.0000
0.0000
0.0000
0.0000
0.0000
0.0000
0.0000
0.0000
0.0000
0.0000
0.0000
0.0000
0.0000
0.0000
0.0000
0.0000
0.0000
0.0000
0.0000
0.0000
0.0000
0.0000
0.0000
0.0000
0.0000
0.0000
0.0000
0.0000
0.0000
0.0000
0.0000
0.0000
0.0000
0.0000
0.0000
0.0000
0.0000
0.0000
0.0000
0.0000
0.0000
0.0000
0.0000
0.0000
0.0000
0.0000
0.0000
0.0000
0.0000
0.0000
0.0000
0.0000
0.0000
0.0000
0.0000
0.0000
0.0000
0.0000
0.0000
0.0000
0.0000
0.0000
0.0000
0.0000
0.0000
0.0000
0.0000
0.0000
0.0000
0.0000
0.0000
0.0000
0.0000
0.0000
0.0000
0.0000
0.0000
0.0000
0.0000
0.0000
0.0000
0.0000
0.0000
0.0000
0.0000
0.0000
0.0000
0.0000
0.0000
0.0000
0.0000
0.0000
0.0000
0.0000
0.0000
0.0000
0.0000
0.0000
0.0000
0.0000
0.0000
0.0000
0.0000
0.0000
0.0000
0.0000
0.0000
0.0000
0.0000
0.0000
0.0000
0.0000
0.0000
0.0000
0.0000
0.0000
0.0000
0.0000
0.0000
0.0000
0.0000
0.0000
0.0000
0.0000
0.0000
0.0000
0.0000
0.0000
0.0000
0.0000
0.0000
0.0000
0.0000
0.0000
0.0000
0.0000
0.0000
0.0000
0.0000
0.0000
0.0000
0.0000
0.0000
0.0000
0.0000
0.0000
0.0000
0.0000
0.0000
0.0000
0.0000
0.0000
0.0000
0.0000
0.0000
0.0000
0.0000
0.0000
0.0000
0.0000
0.0000
0.0000
0.0000
0.0000
0.0000
0.0000
0.0000
0.0000
0.0000
0.0000
0.0000
0.0000
0.0000
0.0000
0.0000
0.0000
0.0000
0.0000
0.0000
0.0000
0.0000
0.0000
0.0000
0.0000
0.0000
0.0000
0.0000
0.0000
0.0000
0.0000
0.0000
0.0000
0.0000
0.0000
0.0000
0.0000
0.0000
0.0000
0.0000
0.0000
0.0000
0.0000
0.0000
0.0000
0.0000
0.0000
0.0000
0.0000
0.0000
0.0000
0.0000
0.0000
0.0000
0.0000
0.0000
0.0000
0.0000
0.0000
0.0000
0.0000
0.0000
0.0000
0.0000
0.0000
0.0000
0.0000
0.0000
0.0000
0.0000
0.0000
0.0000
0.0000
0.0000
0.0000
0.0000
0.0000
0.0000
0.0000
0.0000
0.0000
0.0000
0.0000
0.0000
0.0000
0.0000
0.0000
0.0000
0.0000
0.0000
0.0000
0.0000
0.0000
0.0000
0.0000
0.0000
0.0000
0.0000
0.0000
0.0000
0.0000
0.0000
0.0000
0.0000
0.0000
0.0000
0.0000
0.0000
0.0000
0.0000
0.0000
0.0000
0.0000
0.0000
0.0000
0.0000
0.0000
0.0000
0.0000
0.0000
0.0000
0.0000
0.0000
0.0000
0.0000
0.0000
0.0000
0.0000
0.0000
0.0000
0.0000
0.0000
0.0000
0.0000
0.0000
0.0000
0.0000
0.0000
0.0000
0.0000
0.0000
0.0000
0.0000
0.0000
0.0000
0.0000
0.0000
0.0000
0.0000
0.0000
0.0000
0.0000
0.0000
0.0000
0.0000
0.0000
0.0000
0.0000
0.0000
0.0000
0.0000
0.0000
0.0000
0.0000
0.0000
0.0000
0.0000
0.0000
0.0000
0.0000
0.0000
0.0000
0.0000
0.0000
0.0000
0.0000
0.0000
0.0000
0.0000
0.0000
0.0000
0.0000
0.0000
0.0000
0.0000
0.0000
0.0000
0.0000
0.0000
0.0000
0.0000
0.0000
0.0000
0.0000
0.0000
0.0000
0.0000
0.0000
0.0000
0.0000
0.0000
0.0000
0.0000
0.0000
0.0000
0.0000
0.0000
0.0000
0.0000
0.0000
0.0000
0.0000
0.0000
0.0000
0.0000
0.0000
0.0000
0.0000
0.0000
0.0000
0.0000
0.0000
0.0000
0.0000
0.0000
0.0000
0.0000
0.0000
0.0000
0.0000
0.0000
0.0000
0.0000
0.0000
0.0000
0.0000
0.0000
0.0000
0.0000
0.0000
0.0000
0.0000
0.0000
0.0000
0.0000
0.0000
0.0000
0.0000
0.0000
0.0000
0.0000
0.0000
0.0000
0.0000
0.0000
0.0000
0.0000
0.0000
0.0000
0.0000
0.0000
0.0000
0.0000
0.0000
0.0000
0.0000
0.0000
0.0000
0.0000
0.0000
0.0000
0.0000
0.0000
0.0000
0.0000
0.0000
0.0000
0.0000
0.0000
0.0000
0.0000
0.0000
0.0000
0.0000
0.0000
0.0000
0.0000
0.0000
0.0000
0.0000
0.0000
0.0000
0.0000
0.0000
0.0000
0.0000
0.0000
0.0000
0.0000
0.0000
0.0000
0.0000
0.0000
0.0000
0.0000
0.0000
0.0000
0.0000
0.0000
0.0000
0.0000
0.0000
0.0000
0.0000
0.0000
0.0000
0.0000
0.0000
0.0000
0.0000
0.0000
0.0000
0.0000
0.0000
0.0000
0.0000
0.0000
0.0000
0.0000
0.0000
0.0000
0.0000
0.0000
0.0000
0.0000
0.0000
0.0000
0.0000
0.0000
0.0000
0.0000
0.0000
0.0000
0.0000
0.0000
0.0000
0.0000
0.0000
0.0000
0.0000
0.0000
0.0000
0.0000
0.0000
0.0000
0.0000
0.0000
0.0000
0.0000
0.0000
0.0000
0.0000
0.0000
0.0000
0.0000
0.0000
0.0000
0.0000
0.0000
0.0000
0.0000
0.0000
0.0000
0.0000
0.0000
0.0000
0.0000
0.0000
0.0000
0.0000
0.0000
0.0000
0.0000
0.0000
0.0000
0.0000
0.0000
0.0000
0.0000
0.0000
0.0000
0.0000
0.0000
0.0000
0.0000
0.0000
0.0000
0.0000
0.0000
0.0000
0.0000
0.0000
0.0000
0.0000
0.0000
0.0000
0.0000
0.0000
0.0000
0.0000
0.0000
0.0000
0.0000
0.0000
0.0000
0.0000
0.0000
0.0000
0.0000
0.0000
0.0000
0.0000
0.0000
0.0000
0.0000
0.0000
0.0000
0.0000
0.0000
0.0000
0.0000
0.0000
0.0000
0.0000
0.0000
0.0000
0.0000
0.0000
0.0000
0.0000
0.0000
0.0000
0.0000
0.0000
0.0000
0.0000
0.0000
0.0000
0.0000
0.0000
0.0000
0.0000
0.0000
0.0000
0.0000
0.0000
0.0000
0.0000
0.0000
0.0000
0.0000
0.0000
0.0000
0.0000
0.0000
0.0000
0.0000
0.0000
0.0000
0.0000
0.0000
0.0000
0.0000
0.0000
0.0000
0.0000
0.0000
0.0000
0.0000
0.0000
0.0000
0.0000
0.0000
0.0000
0.0000
0.0000
0.0000
0.0000
0.0000
0.0000
0.0000
0.0000
0.0000
0.0000
0.0000
0.0000
0.0000
0.0000
0.0000
0.0000
0.0000
0.0000
0.0000
50.3932
68.2369
76.9856
117.6950
130.4502
198.3403
207.8187
197.9382
334.7856
373.2060
445.8866
593.5845
1301.8854
2509.6272
1857.5834
1085.5017
992.3868
445.2684
462.4213
457.5671
398.8871
575.7773
825.1476
745.2089
0.0000
0.0000
0.0000
0.0000
0.0000
0.0000
0.0000
0.0000
0.0000
0.0000
0.0000
0.0000
0.0000
0.0000
0.0000
0.0000
0.0000
0.0000
0.0000
0.0000
0.0000
0.0000
44.3610
68.0863
80.6013
96.8169
121.9371
183.8917
122.4000
141.9348
174.5180
261.7363
373.0810
647.3549
1360.4055
1799.5413
1881.6744
1407.8885
831.5456
810.6337
491.1828
492.7504
405.6690
413.8328
596.6500
669.1599
0.0000
0.0000
0.0000
0.0000
0.0000
0.0000
0.0000
0.0000
0.0000
0.0000
0.0000
0.0000
0.0000
0.0000
0.0000
0.0000
0.0000
0.0000
0.0000
0.0000
0.0000
0.0000
36.0582
56.5042
86.6182
70.0367
117.5204
112.0127
102.7868
92.0728
120.9907
214.2630
366.0924
731.0084
1398.1002
2645.2185
2187.6331
1715.9425
961.4467
790.2054
652.5164
681.0764
596.7134
661.9315
359.6723
388.3914
0.0000
0.0000
0.0000
0.0000
0.0000
0.0000
0.0000
0.0000
0.0000
0.0000
0.0000
0.0000
0.0000
0.0000
0.0000
0.0000
0.0000
0.0000
0.0000
0.0000
0.0000
0.0000
43.4581
37.5139
75.6631
78.8598
99.1463
99.3088
109.8034
86.7291
126.5815
197.1411
361.2891
585.8276
1180.1853
1349.1219
1829.0594
1556.0024
1198.9502
1003.5575
961.0770
851.5923
705.5318
658.7106
432.7497
505.8582
0.0000
0.0000
0.0000
0.0000
0.0000
0.0000
0.0000
0.0000
0.0000
0.0000
0.0000
0.0000
0.0000
0.0000
0.0000
0.0000
0.0000
0.0000
0.0000
0.0000
0.0000
0.0000
35.3922
52.5035
40.7710
37.0101
43.9378
58.1481
66.3229
120.4203
158.2771
165.5830
282.8542
408.6893
603.0618
931.1688
1360.2544
1223.4700
892.7421
735.0240
824.1616
1044.3201
521.7460
634.7234
800.4335
659.2897
0.0000
0.0000
0.0000
0.0000
0.0000
0.0000
0.0000
0.0000
0.0000
0.0000
0.0000
0.0000
0.0000
0.0000
0.0000
0.0000
0.0000
0.0000
0.0000
0.0000
0.0000
0.0000
46.9143
44.7243
30.3219
33.0219
26.5741
29.4150
44.2677
56.6949
72.7154
128.5249
167.2220
234.2552
586.7552
625.9669
858.1221
758.3611
688.0231
1037.1963
829.0432
797.5804
605.6766
613.9778
734.0925
534.4415
0.0000
0.0000
0.0000
0.0000
0.0000
0.0000
0.0000
0.0000
0.0000
0.0000
0.0000
0.0000
0.0000
0.0000
0.0000
0.0000
0.0000
0.0000
0.0000
0.0000
0.0000
0.0000
42.7785
23.8914
18.0865
21.2145
42.1042
27.5104
45.3659
52.3609
65.0536
96.8574
146.3130
223.7415
330.6907
459.6734
564.2180
689.0549
865.5009
1107.1208
965.0953
694.4965
498.0606
410.7894
442.8360
815.0078
0.0000
0.0000
0.0000
0.0000
0.0000
0.0000
0.0000
0.0000
0.0000
0.0000
0.0000
0.0000
0.0000
0.0000
0.0000
0.0000
0.0000
0.0000
0.0000
0.0000
0.0000
0.0000
31.5899
22.0718
22.8190
22.7112
25.5894
34.7547
48.3703
54.2294
45.1830
64.5963
105.5441
199.6555
370.3729
423.9622
418.1106
616.3436
702.0468
641.0444
1018.1542
644.4435
742.5283
466.2017
582.8990
469.9956
0.0000
0.0000
0.0000
0.0000
0.0000
0.0000
0.0000
0.0000
0.0000
0.0000
0.0000
0.0000
0.0000
0.0000
0.0000
0.0000
0.0000
0.0000
0.0000
0.0000
0.0000
0.0000
34.3721
25.1502
21.4114
25.9634
20.0389
22.2147
47.0012
62.2523
39.1700
78.8692
95.9306
168.6347
283.0935
263.5739
294.3682
328.8648
447.4956
590.5579
781.1031
686.9133
700.8685
541.5548
370.1874
340.3763
0.0000
0.0000
0.0000
0.0000
0.0000
0.0000
0.0000
0.0000
0.0000
0.0000
0.0000
0.0000
0.0000
0.0000
0.0000
0.0000
0.0000
0.0000
0.0000
0.0000
0.0000
0.0000
34.7267
32.3182
29.6514
31.4072
26.3090
28.5048
58.0763
33.5541
61.6316
95.2519
111.7822
146.1982
262.9852
279.6382
290.8630
268.9629
381.5874
558.3614
455.4190
511.1422
684.6667
418.1182
362.9393
266.5044
0.0000
0.0000
0.0000
0.0000
0.0000
0.0000
0.0000
0.0000
0.0000
0.0000
0.0000
0.0000
0.0000
0.0000
0.0000
0.0000
0.0000
0.0000
0.0000
0.0000
0.0000
0.0000
37.0249
38.6600
31.8385
20.8233
33.7742
41.9286
56.1101
41.8066
72.8044
142.3123
120.4230
144.7586
147.1892
205.5570
252.4446
316.7057
335.4443
340.6379
442.9830
703.7380
314.6969
309.0479
239.9564
391.1689
0.0000
0.0000
0.0000
0.0000
0.0000
0.0000
0.0000
0.0000
0.0000
0.0000
0.0000
0.0000
0.0000
0.0000
0.0000
0.0000
0.0000
0.0000
0.0000
0.0000
0.0000
0.0000
84.8974
68.5659
37.0529
28.4585
27.1136
36.8596
39.9917
63.1667
68.8497
114.3554
132.0358
124.8661
160.0337
185.3820
187.1803
282.9754
234.9725
512.1112
420.7180
395.6522
270.3418
179.6910
279.2677
321.5338
0.0000
0.0000
0.0000
0.0000
0.0000
0.0000
0.0000
0.0000
0.0000
0.0000
0.0000
0.0000
0.0000
0.0000
0.0000
0.0000
0.0000
0.0000
0.0000
0.0000
0.0000
0.0000
113.3670
75.9343
41.6771
41.5690
40.4896
60.5715
46.4162
54.9080
88.1630
70.1396
99.8982
89.3140
210.4328
138.9162
202.2034
259.8475
264.5007
282.0378
320.8651
261.7269
290.3125
231.5694
278.9358
276.7222
0.0000
0.0000
0.0000
0.0000
0.0000
0.0000
0.0000
0.0000
0.0000
0.0000
0.0000
0.0000
0.0000
0.0000
0.0000
0.0000
0.0000
0.0000
0.0000
0.0000
0.0000
0.0000
113.3606
93.3762
78.7985
54.9060
48.0323
54.4497
48.4008
64.7987
100.9711
93.9977
118.7929
140.7496
157.2500
168.3283
146.0801
182.3683
190.5403
242.2866
180.7711
197.1169
271.5130
181.5744
248.5954
224.9252
0.0000
0.0000
0.0000
0.0000
0.0000
0.0000
0.0000
0.0000
0.0000
0.0000
0.0000
0.0000
0.0000
0.0000
0.0000
0.0000
0.0000
0.0000
0.0000
0.0000
0.0000
0.0000
131.7783
100.8550
96.4762
94.1173
72.1002
68.0893
45.1636
66.7675
117.6804
115.6859
143.9996
181.5262
126.3982
146.3221
138.7072
136.7609
158.4863
160.8480
193.8314
190.1431
178.5051
151.0996
163.5788
182.6176
0.0000
0.0000
0.0000
0.0000
0.0000
0.0000
0.0000
0.0000
0.0000
0.0000
0.0000
0.0000
0.0000
0.0000
0.0000
0.0000
0.0000
0.0000
0.0000
0.0000
0.0000
0.0000
108.3821
102.3623
102.2934
139.5432
137.3941
102.8743
90.4980
115.2838
83.4089
132.1079
109.9384
123.4213
119.9939
81.3322
102.2533
97.7784
126.4797
126.6078
128.0862
115.0121
91.4393
72.1637
134.9042
105.1222
0.0000
0.0000
0.0000
0.0000
0.0000
0.0000
0.0000
0.0000
0.0000
0.0000
0.0000
0.0000
0.0000
0.0000
0.0000
0.0000
0.0000
0.0000
0.0000
0.0000
0.0000
0.0000
168.1855
115.1198
159.1807
112.1972
122.7409
99.2308
121.4671
127.1169
126.0902
117.7876
97.9982
105.3320
88.4665
86.5501
96.2922
89.2457
95.4732
107.1601
98.9606
96.7473
65.8685
68.3866
86.6273
67.0857
0.0000
0.0000
0.0000
0.0000
0.0000
0.0000
0.0000
0.0000
0.0000
0.0000
0.0000
0.0000
0.0000
0.0000
0.0000
0.0000
0.0000
0.0000
0.0000
0.0000
0.0000
0.0000
311.5631
176.6241
131.7471
191.2467
182.1004
89.7212
122.5280
150.9774
124.3459
93.4530
108.1838
88.9036
87.6533
79.7795
100.2472
89.8536
114.3975
88.3536
91.1479
65.3173
52.3848
68.6156
89.6757
53.7702
0.0000
0.0000
0.0000
0.0000
0.0000
0.0000
0.0000
0.0000
0.0000
0.0000
0.0000
0.0000
0.0000
0.0000
0.0000
0.0000
0.0000
0.0000
0.0000
0.0000
0.0000
0.0000
214.5883
192.7751
171.0838
193.7866
190.8525
147.8897
161.5720
155.9164
126.6006
126.3666
73.7834
55.2239
83.4060
51.3488
72.0351
60.0280
85.8674
120.6637
79.6271
64.3964
66.8902
52.7324
45.9326
72.3262
0.0000
0.0000
0.0000
0.0000
0.0000
0.0000
0.0000
0.0000
0.0000
0.0000
0.0000
0.0000
0.0000
0.0000
0.0000
0.0000
0.0000
0.0000
0.0000
0.0000
0.0000
0.0000
216.1085
169.2815
157.5686
214.7692
255.0486
215.0285
172.1894
197.1017
162.2639
160.3700
76.1834
47.2964
48.5199
56.8009
51.2984
55.9283
65.5693
110.4342
79.5602
90.9750
47.7271
31.3695
46.4946
49.8521
0.0000
0.0000
0.0000
0.0000
0.0000
0.0000
0.0000
0.0000
0.0000
0.0000
0.0000
0.0000
0.0000
0.0000
0.0000
0.0000
0.0000
0.0000
0.0000
0.0000
0.0000
0.0000
298.3036
198.1801
181.1018
388.1264
335.3208
225.8955
180.4323
138.8355
112.7502
102.9256
72.8524
70.7951
69.0181
52.4559
52.9963
59.7727
73.7873
74.6016
74.3237
66.4994
44.6629
27.4559
42.6132
43.3068
0.0000
0.0000
0.0000
0.0000
0.0000
0.0000
0.0000
0.0000
0.0000
0.0000
0.0000
0.0000
0.0000
0.0000
0.0000
0.0000
0.0000
0.0000
0.0000
0.0000
0.0000
0.0000
297.1773
265.8107
240.8781
448.3905
350.5860
205.9533
168.6714
98.8686
109.0393
93.5290
93.0282
86.6576
77.8743
56.5733
49.6672
53.6726
61.6967
98.8481
90.2395
81.5721
47.3861
39.8438
53.5254
55.0878
0.0000
0.0000
0.0000
0.0000
0.0000
0.0000
0.0000
0.0000
0.0000
0.0000
0.0000
0.0000
0.0000
0.0000
0.0000
0.0000
0.0000
0.0000
0.0000
0.0000
0.0000
0.0000
243.4474
217.8029
310.6262
426.2950
350.6615
282.1103
208.7932
139.0929
116.2798
106.8008
114.2151
86.3993
94.8877
67.6964
45.0231
38.6530
48.8938
67.7809
73.0126
91.0019
61.9796
55.4490
67.0210
52.6969
0.0000
0.0000
0.0000
0.0000
0.0000
0.0000
0.0000
0.0000
0.0000
0.0000
0.0000
0.0000
0.0000
0.0000
0.0000
0.0000
0.0000
0.0000
0.0000
0.0000
0.0000
0.0000
268.0690
324.1793
449.2080
441.1555
489.0853
346.6212
208.0717
161.7285
119.9391
104.8511
122.7926
100.3412
67.8963
95.7391
71.1361
76.9035
110.0280
76.6190
58.1053
81.0592
65.7536
79.9098
92.9577
59.2741
0.0000
0.0000
0.0000
0.0000
0.0000
0.0000
0.0000
0.0000
0.0000
0.0000
0.0000
0.0000
0.0000
0.0000
0.0000
0.0000
0.0000
0.0000
0.0000
0.0000
0.0000
0.0000
246.1127
299.9756
471.7643
339.9953
311.2435
335.6920
241.8317
156.9998
123.7888
114.2550
110.0969
107.4322
88.9551
82.9786
99.6653
114.8537
72.2859
76.4833
69.2214
86.5224
85.0122
88.1603
78.6809
76.2088
0.0000
0.0000
0.0000
0.0000
0.0000
0.0000
0.0000
0.0000
0.0000
0.0000
0.0000
0.0000
0.0000
0.0000
0.0000
0.0000
0.0000
0.0000
0.0000
0.0000
0.0000
0.0000
205.4956
281.0336
383.1289
285.4934
356.9820
328.9724
257.0541
210.8199
198.4177
108.1177
92.5861
113.9287
93.2588
109.3173
105.6861
83.6081
69.2068
67.6154
72.5213
77.7052
74.9925
91.0083
78.0463
67.1103
0.0000
0.0000
0.0000
0.0000
0.0000
0.0000
0.0000
0.0000
0.0000
0.0000
0.0000
0.0000
0.0000
0.0000
0.0000
0.0000
0.0000
0.0000
0.0000
0.0000
0.0000
0.0000
241.0734
330.6115
277.6918
268.3192
405.7589
392.3391
350.5931
316.8966
267.2873
179.6766
132.3749
142.9701
129.8553
131.0971
152.0883
109.3777
118.7888
107.3599
87.8261
94.3326
68.7398
84.4634
110.2489
63.4584
0.0000
0.0000
0.0000
0.0000
0.0000
0.0000
0.0000
0.0000
0.0000
0.0000
0.0000
0.0000
0.0000
0.0000
0.0000
0.0000
0.0000
0.0000
0.0000
0.0000
0.0000
0.0000
270.6125
320.8665
394.8093
693.7880
624.2177
525.2020
465.7183
465.7444
316.5262
231.9410
229.9048
193.3371
167.3248
165.2630
135.6420
193.0197
170.1133
145.1044
189.5047
107.6367
93.8881
93.6174
118.6433
57.7471
0.0000
0.0000
0.0000
0.0000
0.0000
0.0000
0.0000
0.0000
0.0000
0.0000
0.0000
0.0000
0.0000
0.0000
0.0000
0.0000
0.0000
0.0000
0.0000
0.0000
0.0000
0.0000
304.7352
411.9952
596.5364
728.0710
647.7099
460.9731
355.6538
509.4657
355.5268
326.8687
333.8009
239.0215
237.7229
260.1656
206.1748
154.2970
352.1073
279.3803
185.3880
151.4125
100.7658
119.1036
156.8216
88.7217
0.0000
0.0000
0.0000
0.0000
0.0000
0.0000
0.0000
0.0000
0.0000
0.0000
0.0000
0.0000
0.0000
0.0000
0.0000
0.0000
0.0000
0.0000
0.0000
0.0000
0.0000
0.0000
357.1240
494.3386
611.1694
758.0538
876.9526
600.4848
468.5142
439.4909
450.9545
378.5159
294.3328
289.9055
432.2414
375.7748
190.8409
311.9649
332.6902
340.8934
223.2767
183.9131
156.7584
163.4104
96.6425
136.8027
0.0000
0.0000
0.0000
0.0000
0.0000
0.0000
0.0000
0.0000
0.0000
0.0000
0.0000
0.0000
0.0000
0.0000
0.0000
0.0000
0.0000
0.0000
0.0000
0.0000
0.0000
0.0000
215.5651
381.9087
440.5558
646.8472
1013.8961
571.4080
464.0783
458.3588
391.2286
449.4937
326.4559
327.3806
522.1157
747.3031
724.5616
798.6951
408.9636
359.6311
217.9558
185.8141
141.6178
159.3647
112.6724
75.2433
0.0000
0.0000
0.0000
0.0000
0.0000
0.0000
0.0000
0.0000
0.0000
0.0000
0.0000
0.0000
0.0000
0.0000
0.0000
0.0000
0.0000
0.0000
0.0000
0.0000
0.0000
0.0000
213.6017
278.8572
430.6549
516.5558
704.3796
662.9305
503.8900
402.4494
410.6567
508.6211
435.4814
476.8708
478.0155
451.6995
581.4734
757.5878
447.4655
336.7875
219.8875
199.0889
160.1405
122.0418
67.4165
72.0702
0.0000
0.0000
0.0000
0.0000
0.0000
0.0000
0.0000
0.0000
0.0000
0.0000
0.0000
0.0000
0.0000
0.0000
0.0000
0.0000
0.0000
0.0000
0.0000
0.0000
0.0000
0.0000
317.0354
297.1775
366.4577
415.8230
593.5325
695.2767
455.3350
434.8690
357.1375
333.8409
476.4151
451.3023
406.3687
421.9308
495.5032
328.6973
334.3767
352.5510
256.6190
186.1373
116.5167
96.3947
54.9754
62.6581
0.0000
0.0000
0.0000
0.0000
0.0000
0.0000
0.0000
0.0000
0.0000
0.0000
0.0000
0.0000
0.0000
0.0000
0.0000
0.0000
0.0000
0.0000
0.0000
0.0000
0.0000
0.0000
587.0710
403.4884
560.4677
588.5796
720.0403
806.8350
482.8389
358.1865
446.0721
424.7123
536.2554
471.7169
328.4706
351.5738
231.6604
178.5834
176.3956
234.7238
163.2373
125.6166
89.6576
45.6149
30.5495
33.6882
0.0000
0.0000
0.0000
0.0000
0.0000
0.0000
0.0000
0.0000
0.0000
0.0000
0.0000
0.0000
0.0000
0.0000
0.0000
0.0000
0.0000
0.0000
0.0000
0.0000
0.0000
0.0000
386.3936
487.0186
753.9384
744.7333
1090.5424
739.6433
586.1468
493.1197
482.1898
431.2344
321.0899
444.4341
362.2749
326.8345
274.9102
175.0644
168.8264
163.5345
187.1624
115.3923
59.6837
41.3976
34.4585
21.8508
0.0000
0.0000
0.0000
0.0000
0.0000
0.0000
0.0000
0.0000
0.0000
0.0000
0.0000
0.0000
0.0000
0.0000
0.0000
0.0000
0.0000
0.0000
0.0000
0.0000
0.0000
0.0000
265.0656
437.4167
743.8835
663.6899
904.8336
719.3775
873.7777
691.7810
632.2332
508.8516
415.0383
390.1713
257.4387
288.1524
271.8874
208.6155
124.2493
176.8285
138.1506
65.3697
48.4900
45.2424
35.6844
26.6361
0.0000
0.0000
0.0000
0.0000
0.0000
0.0000
0.0000
0.0000
0.0000
0.0000
0.0000
0.0000
0.0000
0.0000
0.0000
0.0000
0.0000
0.0000
0.0000
0.0000
0.0000
0.0000
314.1859
639.7640
728.5831
786.8100
950.0496
905.2580
877.5616
912.8250
751.1226
593.1417
423.9760
496.7003
304.9839
429.4852
364.5756
161.1815
126.3683
184.3905
97.3572
69.5184
33.9304
26.8399
23.8439
18.2748
0.0000
0.0000
0.0000
0.0000
0.0000
0.0000
0.0000
0.0000
0.0000
0.0000
0.0000
0.0000
0.0000
0.0000
0.0000
0.0000
0.0000
0.0000
0.0000
0.0000
0.0000
0.0000
405.6409
556.5581
931.3542
1408.3793
1093.6013
798.9665
765.4643
629.7371
663.5479
787.2009
765.8354
511.6327
390.1968
392.8116
359.0667
147.8230
76.1719
74.3087
52.9152
53.3059
22.4514
18.9843
16.6672
14.2309
0.0000
0.0000
0.0000
0.0000
0.0000
0.0000
0.0000
0.0000
0.0000
0.0000
0.0000
0.0000
0.0000
0.0000
0.0000
0.0000
0.0000
0.0000
0.0000
0.0000
0.0000
0.0000
641.9532
786.6886
1041.5219
750.2086
846.4443
807.9751
690.4540
508.4780
635.3641
881.7099
827.7867
667.8572
368.5113
438.5341
232.5191
148.8677
116.0652
48.7550
54.4155
46.9707
29.4171
24.9834
12.3766
13.1238
0.0000
0.0000
0.0000
0.0000
0.0000
0.0000
0.0000
0.0000
0.0000
0.0000
0.0000
0.0000
0.0000
0.0000
0.0000
0.0000
0.0000
0.0000
0.0000
0.0000
0.0000
0.0000
885.1424
961.8819
657.4006
775.4794
475.8022
561.2392
679.3787
1073.8853
1070.0741
1087.9514
1077.7605
854.8354
582.6429
392.6025
271.8346
126.6387
104.4812
67.6625
57.0427
40.6966
24.9533
19.3969
15.5042
10.9179
7.2250
0.0000
0.0000
0.0000
0.0000
0.0000
0.0000
0.0000
0.0000
0.0000
0.0000
0.0000
0.0000
0.0000
0.0000
0.0000
0.0000
0.0000
0.0000
0.0000
0.0000
0.0000
1043.1571
1199.2612
890.7019
925.8550
532.8703
931.5079
1043.4159
791.8409
713.5444
683.9322
844.7377
1125.3796
641.4089
315.3644
228.3215
157.8335
88.6074
43.5555
39.6941
42.2702
31.0521
13.7323
12.1844
9.2322
6.1335
0.0000
0.0000
0.0000
0.0000
0.0000
0.0000
0.0000
0.0000
0.0000
0.0000
0.0000
0.0000
0.0000
0.0000
0.0000
0.0000
0.0000
0.0000
0.0000
0.0000
0.0000
927.5266
1034.9910
871.0853
844.2870
556.7621
507.2487
569.4428
573.8920
568.0259
665.2324
458.4798
634.2274
382.1645
357.3378
291.0354
157.3168
96.7984
44.2692
26.5832
20.9341
16.7024
11.1994
8.2611
6.8014
7.0425
9.3286
0.0000
0.0000
0.0000
0.0000
0.0000
0.0000
0.0000
0.0000
0.0000
0.0000
0.0000
0.0000
0.0000
0.0000
0.0000
0.0000
0.0000
0.0000
0.0000
0.0000
545.3584
535.1255
976.0645
715.6974
701.4586
557.5072
334.3138
354.3580
352.2601
577.6269
526.5386
451.8615
355.3784
265.8374
229.8196
154.3705
94.2930
55.7113
25.4568
9.4313
9.6952
6.4542
6.0811
9.1641
11.7827
5.2581
5.1296
0.0000
0.0000
0.0000
0.0000
0.0000
0.0000
0.0000
0.0000
0.0000
0.0000
0.0000
0.0000
0.0000
0.0000
0.0000
0.0000
0.0000
0.0000
0.0000
579.6943
416.8131
766.1380
766.0405
639.3124
331.0113
332.7344
327.5466
250.7020
338.6116
519.6314
452.7573
331.6896
227.8266
144.2007
89.2473
67.3750
31.4462
19.9973
18.3449
11.6660
7.9597
9.0626
7.7362
7.4807
5.4433
5.1541
4.4725
0.0000
0.0000
0.0000
0.0000
0.0000
0.0000
0.0000
0.0000
0.0000
0.0000
0.0000
0.0000
0.0000
0.0000
0.0000
0.0000
0.0000
0.0000
342.6681
444.3932
657.1031
571.3157
852.7139
665.6716
327.8694
273.7745
365.5933
255.8014
400.7441
320.1425
389.5690
455.6227
168.0690
76.3889
44.6297
36.5583
24.8416
15.9648
8.1814
8.3223
7.1328
8.5450
7.9920
0.0000
0.0000
0.0000
0.0000
0.0000
0.0000
0.0000
0.0000
0.0000
0.0000
0.0000
0.0000
0.0000
0.0000
0.0000
0.0000
0.0000
0.0000
0.0000
0.0000
0.0000
184.2719
232.9114
448.4594
563.5507
560.5729
607.9012
282.8641
276.3065
328.3638
376.6839
278.4587
234.3755
263.4374
291.8305
130.1634
60.6533
45.4409
29.9237
19.5213
14.6623
9.1902
8.0573
7.5069
7.2882
0.0000
0.0000
0.0000
0.0000
0.0000
0.0000
0.0000
0.0000
0.0000
0.0000
0.0000
0.0000
0.0000
0.0000
0.0000
0.0000
0.0000
0.0000
0.0000
0.0000
0.0000
0.0000
253.5056
265.0458
333.0615
332.4687
407.3268
430.5164
447.3844
346.8514
300.6284
331.4922
258.8913
269.4854
190.4236
202.2775
80.1908
0.0000
0.0000
27.1127
16.6399
0.0000
9.5810
10.7198
10.8069
9.4355
0.0000
0.0000
0.0000
0.0000
0.0000
0.0000
0.0000
0.0000
0.0000
0.0000
0.0000
0.0000
0.0000
0.0000
0.0000
0.0000
0.0000
0.0000
0.0000
0.0000
0.0000
0.0000
157.5561
266.5964
193.2807
261.7904
324.1700
385.7917
348.8583
349.4466
306.6424
292.8527
224.4577
217.1430
181.7116
199.7964
0.0000
0.0000
0.0000
0.0000
0.0000
0.0000
8.3154
12.3609
0.0000
12.4337
0.0000
0.0000
0.0000
0.0000
0.0000
0.0000
0.0000
0.0000
0.0000
0.0000
0.0000
0.0000
0.0000
0.0000
0.0000
0.0000
0.0000
0.0000
0.0000
0.0000
0.0000
0.0000
215.1233
211.0146
168.9565
188.8013
227.3986
311.3702
410.8803
267.8788
221.5190
276.7235
257.5301
198.8753
176.3532
200.3180
0.0000
0.0000
0.0000
0.0000
0.0000
0.0000
0.0000
0.0000
0.0000
0.0000
0.0000
0.0000
0.0000
0.0000
0.0000
0.0000
0.0000
0.0000
0.0000
0.0000
0.0000
0.0000
0.0000
0.0000
0.0000
0.0000
0.0000
0.0000
0.0000
0.0000
0.0000
0.0000
196.6361
137.6587
147.8975
260.7528
265.4626
304.7140
422.4241
278.8211
196.5868
204.9483
172.5748
178.1642
184.5280
194.8539
0.0000
0.0000
0.0000
0.0000
0.0000
0.0000
0.0000
0.0000
0.0000
0.0000
0.0000
0.0000
0.0000
0.0000
0.0000
0.0000
0.0000
0.0000
0.0000
0.0000
0.0000
0.0000
0.0000
0.0000
0.0000
0.0000
0.0000
0.0000
0.0000
0.0000
0.0000
0.0000
145.7726
121.1122
152.5090
251.0001
389.0863
377.2103
349.8087
218.0470
206.2032
161.1972
227.4175
222.4905
220.2135
137.5553
0.0000
0.0000
0.0000
0.0000
0.0000
0.0000
0.0000
0.0000
0.0000
0.0000
0.0000
0.0000
0.0000
0.0000
0.0000
0.0000
0.0000
0.0000
0.0000
0.0000
0.0000
0.0000
0.0000
0.0000
0.0000
0.0000
0.0000
0.0000
0.0000
0.0000
0.0000
0.0000
123.3976
146.5093
212.2335
271.1532
254.7791
374.0346
240.7245
211.4768
250.7486
185.9167
183.0823
178.3861
159.3543
117.6684
0.0000
0.0000
0.0000
0.0000
0.0000
0.0000
0.0000
0.0000
0.0000
0.0000
0.0000
0.0000
0.0000
0.0000
0.0000
0.0000
0.0000
0.0000
0.0000
0.0000
0.0000
0.0000
0.0000
0.0000
0.0000
0.0000
0.0000
0.0000
0.0000
0.0000
0.0000
0.0000
171.7037
174.4089
225.0443
222.9328
425.7184
497.6382
352.6846
181.1615
214.2001
128.0458
144.7205
138.1776
132.9946
117.5114
0.0000
0.0000
0.0000
0.0000
0.0000
0.0000
0.0000
0.0000
0.0000
0.0000
0.0000
0.0000
0.0000
0.0000
0.0000
0.0000
0.0000
0.0000
0.0000
0.0000
0.0000
0.0000
0.0000
0.0000
0.0000
0.0000
0.0000
0.0000
0.0000
0.0000
0.0000
0.0000
150.9193
199.9564
205.9384
202.3429
336.9995
266.1255
265.8815
182.8962
229.4160
164.9191
118.8675
152.1070
112.0646
0.0000
0.0000
0.0000
0.0000
0.0000
0.0000
0.0000
0.0000
0.0000
0.0000
0.0000
0.0000
0.0000
0.0000
0.0000
0.0000
0.0000
0.0000
0.0000
0.0000
0.0000
0.0000
0.0000
0.0000
0.0000
0.0000
0.0000
0.0000
0.0000
0.0000
0.0000
0.0000
0.0000
219.5916
200.2512
141.0985
166.0362
170.2034
195.5353
284.3696
227.6232
184.1761
0.0000
89.9695
103.3119
0.0000
0.0000
0.0000
0.0000
0.0000
0.0000
0.0000
0.0000
0.0000
0.0000
0.0000
0.0000
0.0000
0.0000
0.0000
0.0000
0.0000
0.0000
0.0000
0.0000
0.0000
0.0000
0.0000
0.0000
0.0000
0.0000
0.0000
0.0000
0.0000
0.0000
0.0000
0.0000
0.0000
0.0000
102.9609
130.2364
106.8864
97.7205
185.4682
170.0039
207.3997
195.8324
149.4941
129.6794
0.0000
0.0000
0.0000
0.0000
0.0000
0.0000
0.0000
0.0000
0.0000
0.0000
0.0000
0.0000
0.0000
0.0000
0.0000
0.0000
0.0000
0.0000
0.0000
0.0000
0.0000
0.0000
0.0000
0.0000
0.0000
0.0000
0.0000
0.0000
0.0000
0.0000
0.0000
0.0000
0.0000
0.0000
0.0000
0.0000
103.7155
96.8241
73.7107
93.5252
90.2173
201.0941
140.6305
143.5739
107.5709
107.2790
0.0000
0.0000
0.0000
0.0000
0.0000
0.0000
0.0000
0.0000
0.0000
0.0000
0.0000
0.0000
0.0000
0.0000
0.0000
0.0000
0.0000
0.0000
0.0000
0.0000
0.0000
0.0000
0.0000
0.0000
0.0000
0.0000
0.0000
0.0000
0.0000
0.0000
0.0000
0.0000
0.0000
0.0000
0.0000
0.0000
67.7895
56.7702
47.0383
63.0507
64.1076
99.9352
100.5824
100.6690
91.0793
65.8352
0.0000
0.0000
0.0000
0.0000
0.0000
0.0000
0.0000
0.0000
0.0000
0.0000
0.0000
0.0000
0.0000
0.0000
0.0000
0.0000
0.0000
0.0000
0.0000
0.0000
0.0000
0.0000
0.0000
0.0000
0.0000
0.0000
0.0000
0.0000
0.0000
0.0000
0.0000
0.0000
0.0000
0.0000
0.0000
0.0000
60.3477
64.7725
51.8406
45.0702
46.8054
66.2228
98.2132
91.1186
64.4689
79.9454
0.0000
0.0000
0.0000
0.0000
0.0000
0.0000
0.0000
0.0000
0.0000
0.0000
0.0000
0.0000
0.0000
0.0000
0.0000
0.0000
0.0000
0.0000
0.0000
0.0000
0.0000
0.0000
0.0000
0.0000
0.0000
0.0000
0.0000
0.0000
0.0000
0.0000
0.0000
0.0000
0.0000
0.0000
0.0000
0.0000
42.1184
42.6347
35.7171
34.7737
44.5656
65.2802
78.1948
50.9653
58.9138
0.0000
0.0000
0.0000
0.0000
0.0000
0.0000
0.0000
0.0000
0.0000
0.0000
0.0000
0.0000
0.0000
0.0000
0.0000
0.0000
0.0000
0.0000
0.0000
0.0000
0.0000
0.0000
0.0000
0.0000
0.0000
0.0000
0.0000
0.0000
0.0000
0.0000
0.0000
0.0000
0.0000
0.0000
0.0000
0.0000
0.0000
29.4048
26.0804
21.1186
23.8807
37.3613
50.2435
48.0551
34.2151
43.6794
0.0000
0.0000
0.0000
0.0000
0.0000
0.0000
0.0000
0.0000
0.0000
0.0000
0.0000
0.0000
0.0000
0.0000
0.0000
0.0000
0.0000
0.0000
0.0000
0.0000
0.0000
0.0000
0.0000
0.0000
0.0000
0.0000
0.0000
0.0000
0.0000
0.0000
0.0000
0.0000
0.0000
0.0000
0.0000
0.0000
0.0000
51.6293
38.2643
28.8332
33.7532
29.3144
36.1843
26.6823
40.4139
31.0909
0.0000
0.0000
0.0000
0.0000
0.0000
0.0000
0.0000
0.0000
0.0000
0.0000
0.0000
0.0000
0.0000
0.0000
0.0000
0.0000
0.0000
0.0000
0.0000
0.0000
0.0000
0.0000
0.0000
0.0000
0.0000
0.0000
0.0000
0.0000
0.0000
0.0000
0.0000
0.0000
0.0000
0.0000
0.0000
0.0000
0.0000
42.6570
37.8088
27.0897
45.0343
38.6897
27.8078
28.2858
28.5027
0.0000
0.0000
0.0000
0.0000
0.0000
0.0000
0.0000
0.0000
0.0000
0.0000
0.0000
0.0000
0.0000
0.0000
0.0000
0.0000
0.0000
0.0000
0.0000
0.0000
0.0000
0.0000
0.0000
0.0000
0.0000
0.0000
0.0000
0.0000
0.0000
0.0000
0.0000
0.0000
0.0000
0.0000
0.0000
0.0000
0.0000
0.0000
35.9415
25.7888
39.1911
37.8925
28.4121
26.8152
35.4629
38.7852
0.0000
0.0000
0.0000
0.0000
0.0000
0.0000
0.0000
0.0000
0.0000
0.0000
0.0000
0.0000
0.0000
0.0000
0.0000
0.0000
0.0000
0.0000
0.0000
0.0000
0.0000
0.0000
0.0000
0.0000
0.0000
0.0000
0.0000
0.0000
0.0000
0.0000
0.0000
0.0000
0.0000
0.0000
0.0000
0.0000
0.0000
0.0000
34.7641
24.1164
33.3239
28.0705
27.4637
26.0402
26.7940
0.0000
0.0000
0.0000
0.0000
0.0000
0.0000
0.0000
0.0000
0.0000
0.0000
0.0000
0.0000
0.0000
0.0000
0.0000
0.0000
0.0000
0.0000
0.0000
0.0000
0.0000
0.0000
0.0000
0.0000
0.0000
0.0000
0.0000
0.0000
0.0000
0.0000
0.0000
0.0000
0.0000
0.0000
0.0000
0.0000
0.0000
0.0000
0.0000
44.3892
32.6374
41.4908
25.0780
22.9467
27.5167
26.1252
0.0000
0.0000
0.0000
0.0000
0.0000
0.0000
0.0000
0.0000
0.0000
0.0000
0.0000
0.0000
0.0000
0.0000
0.0000
0.0000
0.0000
0.0000
0.0000
0.0000
0.0000
0.0000
0.0000
0.0000
0.0000
0.0000
0.0000
0.0000
0.0000
0.0000
0.0000
0.0000
0.0000
0.0000
0.0000
0.0000
0.0000
0.0000
0.0000
37.6224
41.4880
28.6861
27.6646
25.2897
23.4457
19.9509
0.0000
0.0000
0.0000
0.0000
0.0000
0.0000
0.0000
0.0000
0.0000
0.0000
0.0000
0.0000
0.0000
0.0000
0.0000
0.0000
0.0000
0.0000
0.0000
0.0000
0.0000
0.0000
0.0000
0.0000
0.0000
0.0000
0.0000
0.0000
0.0000
0.0000
0.0000
0.0000
0.0000
0.0000
0.0000
0.0000
0.0000
0.0000
0.0000
18.3081
23.7192
30.7769
27.5920
25.2033
22.8998
16.8064
11.3175
0.0000
0.0000
0.0000
0.0000
0.0000
0.0000
0.0000
0.0000
0.0000
0.0000
0.0000
0.0000
0.0000
0.0000
0.0000
0.0000
0.0000
0.0000
0.0000
0.0000
0.0000
0.0000
0.0000
0.0000
0.0000
0.0000
0.0000
0.0000
0.0000
0.0000
0.0000
0.0000
0.0000
0.0000
0.0000
0.0000
0.0000
0.0000
14.7579
19.5079
21.2374
31.1631
18.9265
18.5840
0.0000
0.0000
0.0000
0.0000
0.0000
0.0000
0.0000
0.0000
0.0000
0.0000
0.0000
0.0000
0.0000
0.0000
0.0000
0.0000
0.0000
0.0000
0.0000
0.0000
0.0000
0.0000
0.0000
0.0000
0.0000
0.0000
0.0000
0.0000
0.0000
0.0000
0.0000
0.0000
0.0000
0.0000
0.0000
0.0000
0.0000
0.0000
0.0000
0.0000
9.2386
16.1243
19.6707
24.3836
22.7650
0.0000
0.0000
0.0000
0.0000
0.0000
0.0000
0.0000
0.0000
0.0000
0.0000
0.0000
0.0000
0.0000
0.0000
0.0000
0.0000
0.0000
0.0000
0.0000
0.0000
0.0000
0.0000
0.0000
0.0000
0.0000
0.0000
0.0000
0.0000
0.0000
0.0000
0.0000
0.0000
0.0000
0.0000
0.0000
0.0000
0.0000
0.0000
0.0000
0.0000
0.0000
12.2754
12.3630
14.6054
19.1108
17.6132
0.0000
0.0000
0.0000
0.0000
0.0000
0.0000
0.0000
0.0000
0.0000
0.0000
0.0000
0.0000
0.0000
0.0000
0.0000
0.0000
0.0000
0.0000
0.0000
0.0000
0.0000
0.0000
0.0000
0.0000
0.0000
0.0000
0.0000
0.0000
0.0000
0.0000
0.0000
0.0000
0.0000
0.0000
0.0000
0.0000
0.0000
0.0000
0.0000
0.0000
0.0000
15.0644
16.0209
12.2269
14.4113
0.0000
0.0000
0.0000
0.0000
0.0000
0.0000
0.0000
0.0000
0.0000
0.0000
0.0000
0.0000
0.0000
0.0000
0.0000
0.0000
0.0000
0.0000
0.0000
0.0000
0.0000
0.0000
0.0000
0.0000
0.0000
0.0000
0.0000
0.0000
0.0000
0.0000
0.0000
0.0000
0.0000
0.0000
0.0000
0.0000
0.0000
0.0000
0.0000
0.0000
0.0000
0.0000
19.6894
12.4859
0.0000
0.0000
0.0000
0.0000
0.0000
0.0000
0.0000
0.0000
0.0000
0.0000
0.0000
0.0000
0.0000
0.0000
0.0000
0.0000
0.0000
0.0000
0.0000
0.0000
0.0000
0.0000
0.0000
0.0000
0.0000
0.0000
0.0000
0.0000
0.0000
0.0000
0.0000
0.0000
0.0000
0.0000
0.0000
0.0000
0.0000
0.0000
0.0000
0.0000
0.0000
0.0000
0.0000
0.0000
22.3439
16.5382
15.9255
0.0000
0.0000
0.0000
0.0000
0.0000
0.0000
0.0000
0.0000
0.0000
0.0000
0.0000
0.0000
0.0000
0.0000
0.0000
0.0000
0.0000
0.0000
0.0000
0.0000
0.0000
0.0000
0.0000
0.0000
0.0000
0.0000
0.0000
0.0000
0.0000
0.0000
0.0000
0.0000
0.0000
0.0000
0.0000
0.0000
0.0000
0.0000
0.0000
0.0000
0.0000
0.0000
0.0000
17.4117
14.3944
10.9867
0.0000
0.0000
0.0000
0.0000
0.0000
0.0000
0.0000
0.0000
0.0000
0.0000
0.0000
0.0000
0.0000
0.0000
0.0000
0.0000
0.0000
0.0000
0.0000
0.0000
0.0000
0.0000
0.0000
0.0000
0.0000
0.0000
0.0000
0.0000
0.0000
0.0000
0.0000
0.0000
0.0000
0.0000
0.0000
0.0000
0.0000
0.0000
0.0000
0.0000
0.0000
0.0000
0.0000
16.5670
14.7640
11.9494
13.9361
0.0000
0.0000
0.0000
0.0000
0.0000
0.0000
0.0000
0.0000
0.0000
0.0000
0.0000
0.0000
0.0000
0.0000
0.0000
0.0000
0.0000
0.0000
0.0000
0.0000
0.0000
0.0000
0.0000
0.0000
0.0000
0.0000
0.0000
0.0000
0.0000
0.0000
0.0000
0.0000
0.0000
0.0000
0.0000
0.0000
0.0000
0.0000
0.0000
0.0000
0.0000
0.0000
18.1914
13.0507
14.1468
0.0000
0.0000
0.0000
0.0000
0.0000
0.0000
0.0000
0.0000
0.0000
0.0000
0.0000
0.0000
0.0000
0.0000
0.0000
0.0000
0.0000
0.0000
0.0000
0.0000
0.0000
0.0000
0.0000
0.0000
0.0000
0.0000
0.0000
0.0000
0.0000
0.0000
0.0000
0.0000
0.0000
0.0000
0.0000
0.0000
0.0000
0.0000
0.0000
0.0000
0.0000
0.0000
0.0000
15.8938
12.1795
15.7162
0.0000
0.0000
0.0000
0.0000
0.0000
0.0000
0.0000
0.0000
0.0000
0.0000
0.0000
0.0000
0.0000
0.0000
0.0000
0.0000
0.0000
0.0000
0.0000
0.0000
0.0000
0.0000
0.0000
0.0000
0.0000
0.0000
0.0000
0.0000
0.0000
0.0000
0.0000
0.0000
0.0000
0.0000
0.0000
0.0000
0.0000
0.0000
0.0000
0.0000
0.0000
0.0000
0.0000
0.0000
25.3528
17.5350
0.0000
0.0000
0.0000
0.0000
0.0000
0.0000
0.0000
0.0000
0.0000
0.0000
0.0000
0.0000
0.0000
0.0000
0.0000
0.0000
0.0000
0.0000
0.0000
0.0000
0.0000
0.0000
0.0000
0.0000
0.0000
0.0000
0.0000
0.0000
0.0000
0.0000
0.0000
0.0000
0.0000
0.0000
0.0000
0.0000
0.0000
0.0000
0.0000
0.0000
0.0000
0.0000
0.0000
0.0000
17.1238
24.0070
0.0000
0.0000
0.0000
0.0000
0.0000
0.0000
0.0000
0.0000
0.0000
0.0000
0.0000
0.0000
0.0000
0.0000
0.0000
0.0000
0.0000
0.0000
0.0000
0.0000
0.0000
0.0000
0.0000
0.0000
0.0000
0.0000
0.0000
0.0000
0.0000
0.0000
0.0000
0.0000
0.0000
0.0000
0.0000
0.0000
0.0000
0.0000
0.0000
0.0000
0.0000
0.0000
0.0000
0.0000
0.0000
20.8108
0.0000
0.0000
0.0000
0.0000
0.0000
0.0000
0.0000
0.0000
0.0000
0.0000
0.0000
0.0000
0.0000
0.0000
0.0000
0.0000
0.0000
0.0000
0.0000
0.0000
0.0000
0.0000
0.0000
0.0000
0.0000
0.0000
0.0000
0.0000
0.0000
0.0000
0.0000
0.0000
0.0000
0.0000
0.0000
0.0000
0.0000
0.0000
0.0000
0.0000
0.0000
0.0000
0.0000
0.0000
0.0000
0.0000
0.0000
0.0000
0.0000
0.0000
0.0000
0.0000
0.0000
0.0000
0.0000
0.0000
0.0000
0.0000
0.0000
0.0000
0.0000
0.0000
0.0000
0.0000
0.0000
0.0000
0.0000
0.0000
0.0000
0.0000
0.0000
0.0000
0.0000
0.0000
0.0000
0.0000
0.0000
0.0000
0.0000
0.0000
0.0000
0.0000
0.0000
0.0000
0.0000
0.0000
0.0000
0.0000
0.0000
0.0000
0.0000
0.0000
0.0000
0.0000
0.0000
0.0000
0.0000
0.0000
0.0000
0.0000
0.0000
0.0000
0.0000
0.0000
0.0000
0.0000
0.0000
0.0000
0.0000
0.0000
0.0000
0.0000
0.0000
0.0000
0.0000
0.0000
0.0000
0.0000
0.0000
0.0000
0.0000
0.0000
0.0000
0.0000
0.0000
0.0000
0.0000
0.0000
0.0000
0.0000
0.0000
0.0000
0.0000
0.0000
0.0000
0.0000
0.0000
0.0000
0.0000
0.0000
0.0000
0.0000
0.0000
0.0000
0.0000
0.0000
0.0000
0.0000
0.0000
0.0000
0.0000
0.0000
0.0000
0.0000
0.0000
0.0000
0.0000
0.0000
0.0000
0.0000
0.0000
0.0000
0.0000
0.0000
0.0000
0.0000
0.0000
0.0000
0.0000
0.0000
0.0000
0.0000
0.0000
0.0000
0.0000
0.0000
0.0000
0.0000
0.0000
0.0000
0.0000
0.0000
0.0000
0.0000
0.0000
0.0000
0.0000
0.0000
0.0000
0.0000
0.0000
0.0000
0.0000
0.0000
0.0000
0.0000
0.0000
0.0000
0.0000
0.0000
0.0000
0.0000
0.0000
0.0000
0.0000
0.0000
0.0000
0.0000
0.0000
0.0000
0.0000
0.0000
0.0000
0.0000
0.0000
0.0000
0.0000
0.0000
0.0000
0.0000
0.0000
0.0000
0.0000
0.0000
0.0000
0.0000
0.0000
0.0000
0.0000
0.0000
0.0000
0.0000
0.0000
0.0000
0.0000
0.0000
0.0000
0.0000
0.0000
0.0000
0.0000
0.0000
0.0000
0.0000
0.0000
0.0000
0.0000
0.0000
0.0000
0.0000
0.0000
0.0000
0.0000
0.0000
0.0000
0.0000
0.0000
0.0000
0.0000
0.0000
0.0000
0.0000
0.0000
0.0000
0.0000
0.0000
0.0000
0.0000
0.0000
0.0000
0.0000
0.0000
0.0000
0.0000
0.0000
0.0000
0.0000
0.0000
0.0000
0.0000
0.0000
0.0000
0.0000
0.0000
0.0000
0.0000
0.0000
0.0000
0.0000
0.0000
0.0000
0.0000
0.0000
0.0000
0.0000
0.0000
0.0000
0.0000
0.0000
0.0000
0.0000
0.0000
0.0000
0.0000
0.0000
0.0000
0.0000
0.0000
0.0000
0.0000
0.0000
0.0000
0.0000
0.0000
0.0000
0.0000
0.0000
0.0000
0.0000
0.0000
0.0000
0.0000
0.0000
0.0000
0.0000
0.0000
0.0000
0.0000
0.0000
0.0000
0.0000
0.0000
0.0000
0.0000
0.0000
0.0000
0.0000
0.0000
0.0000
0.0000
0.0000
0.0000
0.0000
0.0000
0.0000
0.0000
0.0000
0.0000
0.0000
0.0000
0.0000
0.0000
0.0000
0.0000
0.0000
0.0000
0.0000
0.0000
0.0000
0.0000
0.0000
0.0000
0.0000
0.0000
0.0000
0.0000
0.0000
0.0000
0.0000
0.0000
0.0000
0.0000
0.0000
0.0000
0.0000
0.0000
0.0000
0.0000
0.0000
0.0000
0.0000
0.0000
0.0000
0.0000
0.0000
0.0000
0.0000
0.0000
0.0000
0.0000
0.0000
0.0000
0.0000
0.0000
0.0000
0.0000
0.0000
0.0000
0.0000
0.0000
0.0000
0.0000
0.0000
0.0000
0.0000
0.0000
0.0000
0.0000
0.0000
0.0000
0.0000
0.0000
0.0000
0.0000
0.0000
0.0000
0.0000
0.0000
0.0000
0.0000
0.0000
0.0000
0.0000
0.0000
0.0000
0.0000
0.0000
0.0000
0.0000
0.0000
0.0000
0.0000
0.0000
0.0000
0.0000
0.0000
0.0000
0.0000
0.0000
0.0000
0.0000
0.0000
0.0000
0.0000
0.0000
0.0000
0.0000
0.0000
0.0000
0.0000
0.0000
0.0000
0.0000
0.0000
0.0000
0.0000
0.0000
0.0000
0.0000
0.0000
0.0000
0.0000
0.0000
0.0000
0.0000
0.0000
0.0000
0.0000
0.0000
0.0000
0.0000
0.0000
0.0000
0.0000
0.0000
0.0000
0.0000
0.0000
0.0000
0.0000
0.0000
0.0000
0.0000
0.0000
0.0000
0.0000
0.0000
0.0000
0.0000
0.0000
0.0000
0.0000
0.0000
0.0000
0.0000
0.0000
0.0000
0.0000
0.0000
0.0000
0.0000
0.0000
0.0000
0.0000
0.0000
0.0000
0.0000
0.0000
0.0000
0.0000
0.0000
0.0000
0.0000
0.0000
0.0000
0.0000
0.0000
0.0000
0.0000
0.0000
0.0000
0.0000
0.0000
0.0000
0.0000
0.0000
0.0000
0.0000
0.0000
0.0000
0.0000
0.0000
0.0000
0.0000
0.0000
0.0000
0.0000
0.0000
0.0000
0.0000
0.0000
0.0000
0.0000
0.0000
0.0000
0.0000
0.0000
0.0000
0.0000
0.0000
0.0000
0.0000
0.0000
0.0000
0.0000
0.0000
0.0000
0.0000
0.0000
0.0000
0.0000
0.0000
0.0000
0.0000
0.0000
0.0000
0.0000
0.0000
0.0000
0.0000
0.0000
0.0000
0.0000
0.0000
0.0000
0.0000
0.0000
0.0000
0.0000
0.0000
0.0000
0.0000
0.0000
0.0000
0.0000
0.0000
0.0000
0.0000
0.0000
0.0000
0.0000
0.0000
0.0000
0.0000
0.0000
0.0000
0.0000
0.0000
0.0000
0.0000
0.0000
0.0000
0.0000
0.0000
0.0000
0.0000
0.0000
0.0000
0.0000
0.0000
0.0000
0.0000
0.0000
0.0000
0.0000
0.0000
0.0000
0.0000
0.0000
0.0000
0.0000
0.0000
0.0000
0.0000
0.0000
0.0000
0.0000
0.0000
0.0000
0.0000
0.0000
0.0000
0.0000
0.0000
0.0000
0.0000
0.0000
0.0000
0.0000
0.0000
0.0000
0.0000
0.0000
0.0000
0.0000
0.0000
0.0000
0.0000
0.0000
0.0000
0.0000
0.0000
0.0000
0.0000
0.0000
0.0000
0.0000
0.0000
0.0000
0.0000
0.0000
0.0000
0.0000
0.0000
0.0000
0.0000
0.0000
0.0000
0.0000
0.0000
0.0000
0.0000
0.0000
0.0000
0.0000
0.0000
0.0000
0.0000
0.0000
0.0000
0.0000
0.0000
0.0000
0.0000
0.0000
0.0000
0.0000
0.0000
0.0000
0.0000
0.0000
0.0000
0.0000
0.0000
0.0000
0.0000
0.0000
0.0000
0.0000
0.0000
0.0000
0.0000
0.0000
0.0000
0.0000
0.0000
0.0000
0.0000
0.0000
0.0000
0.0000
0.0000
0.0000
0.0000
0.0000
0.0000
0.0000
0.0000
0.0000
0.0000
0.0000
0.0000
0.0000
0.0000
0.0000
0.0000
0.0000
0.0000
0.0000
0.0000
0.0000
0.0000
0.0000
0.0000
0.0000
0.0000
0.0000
0.0000
0.0000
0.0000
0.0000
0.0000
0.0000
0.0000
0.0000
0.0000
0.0000
0.0000
0.0000
0.0000
0.0000
0.0000
0.0000
0.0000
0.0000
0.0000
0.0000
0.0000
0.0000
0.0000
0.0000
0.0000
0.0000
0.0000
0.0000
0.0000
0.0000
0.0000
0.0000
0.0000
0.0000
0.0000
0.0000
0.0000
0.0000
0.0000
0.0000
0.0000
0.0000
0.0000
0.0000
0.0000
0.0000
0.0000
0.0000
0.0000
0.0000
0.0000
0.0000
0.0000
0.0000
0.0000
0.0000
0.0000
0.0000
0.0000
0.0000
0.0000
0.0000
0.0000
0.0000
0.0000
0.0000
0.0000
0.0000
0.0000
0.0000
0.0000
0.0000
0.0000
0.0000
0.0000
0.0000
0.0000
0.0000
0.0000
0.0000
0.0000
0.0000
0.0000
0.0000
0.0000
0.0000
0.0000
0.0000
0.0000
0.0000
0.0000
0.0000
0.0000
0.0000
0.0000
0.0000
0.0000
0.0000
0.0000
0.0000
0.0000
0.0000
0.0000
0.0000
0.0000
0.0000
0.0000
0.0000
0.0000
0.0000
0.0000
0.0000
0.0000
0.0000
0.0000
0.0000
0.0000
0.0000
0.0000
0.0000
0.0000
0.0000
0.0000
0.0000
0.0000
0.0000
0.0000
0.0000
0.0000
0.0000
0.0000
0.0000
0.0000
0.0000
0.0000
0.0000
0.0000
0.0000
0.0000
0.0000
0.0000
0.0000
0.0000
0.0000
0.0000
0.0000
0.0000
0.0000
0.0000
0.0000
0.0000
0.0000
0.0000
0.0000
0.0000
0.0000
0.0000
0.0000
0.0000
0.0000
0.0000
0.0000
0.0000
0.0000
0.0000
0.0000
0.0000
0.0000
0.0000
0.0000
0.0000
0.0000
0.0000
0.0000
0.0000
0.0000
0.0000
0.0000
0.0000
0.0000
0.0000
0.0000
0.0000
0.0000
0.0000
0.0000
0.0000
0.0000
0.0000
0.0000
0.0000
0.0000
0.0000
0.0000
0.0000
0.0000
0.0000
0.0000
0.0000
0.0000
0.0000
0.0000
0.0000
0.0000
0.0000
0.0000
0.0000
0.0000
0.0000
0.0000
0.0000
0.0000
0.0000
0.0000
0.0000
0.0000
0.0000
0.0000
0.0000
0.0000
0.0000
0.0000
0.0000
0.0000
0.0000
0.0000
0.0000
0.0000
0.0000
0.0000
0.0000
0.0000
0.0000
0.0000
0.0000
0.0000
0.0000
0.0000
0.0000
0.0000
0.0000
0.0000
0.0000
0.0000
0.0000
0.0000
0.0000
0.0000
0.0000
0.0000
0.0000
0.0000
0.0000
0.0000
0.0000
0.0000
0.0000
0.0000
0.0000
0.0000
0.0000
0.0000
0.0000
0.0000
0.0000
0.0000
0.0000
0.0000
0.0000
0.0000
0.0000
0.0000
0.0000
0.0000
0.0000
0.0000
0.0000
0.0000
0.0000
0.0000
0.0000
0.0000
0.0000
0.0000
0.0000
0.0000
0.0000
0.0000
0.0000
0.0000
0.0000
0.0000
0.0000
0.0000
0.0000
0.0000
0.0000
0.0000
0.0000
0.0000
0.0000
0.0000
0.0000
0.0000
0.0000
0.0000
0.0000
0.0000
0.0000
0.0000
0.0000
0.0000
0.0000
0.0000
0.0000
0.0000
0.0000
0.0000
0.0000
0.0000
0.0000
0.0000
0.0000
0.0000
0.0000
0.0000
0.0000
0.0000
0.0000
0.0000
0.0000
0.0000
0.0000
0.0000
0.0000
0.0000
0.0000
0.0000
0.0000
0.0000
0.0000
0.0000
0.0000
0.0000
0.0000
0.0000
0.0000
0.0000
0.0000
0.0000
0.0000
0.0000
0.0000
0.0000
0.0000
0.0000
0.0000
0.0000
0.0000
0.0000
0.0000
0.0000
0.0000
0.0000
0.0000
0.0000
0.0000
0.0000
0.0000
0.0000
0.0000
0.0000
0.0000
0.0000
0.0000
0.0000
0.0000
0.0000
0.0000
0.0000
0.0000
0.0000
0.0000
0.0000
0.0000
0.0000
0.0000
0.0000
0.0000
0.0000
0.0000
0.0000
0.0000
0.0000
0.0000
0.0000
0.0000
0.0000
0.0000
0.0000
0.0000
0.0000
0.0000
0.0000
0.0000
0.0000
0.0000
0.0000
0.0000
0.0000
0.0000
0.0000
0.0000
0.0000
0.0000
0.0000
0.0000
0.0000
0.0000
0.0000
0.0000
0.0000
0.0000
0.0000
0.0000
0.0000
0.0000
0.0000
0.0000
0.0000
0.0000
0.0000
0.0000
0.0000
0.0000
0.0000
0.0000
0.0000
0.0000
0.0000
0.0000
0.0000
0.0000
0.0000
0.0000
0.0000
0.0000
0.0000
0.0000
0.0000
0.0000
0.0000
0.0000
0.0000
0.0000
0.0000
0.0000
0.0000
0.0000
0.0000
0.0000
0.0000
0.0000
0.0000
0.0000
0.0000
0.0000
0.0000
0.0000
0.0000
0.0000
0.0000
0.0000
0.0000
0.0000
0.0000
0.0000
0.0000
0.0000
0.0000
0.0000
0.0000
0.0000
0.0000
0.0000
0.0000
0.0000
0.0000
0.0000
0.0000
0.0000
0.0000
0.0000
0.0000
0.0000
0.0000
0.0000
0.0000
0.0000
0.0000
0.0000
0.0000
0.0000
0.0000
0.0000
0.0000
0.0000
0.0000
0.0000
0.0000
0.0000
0.0000
0.0000
0.0000
0.0000
0.0000
0.0000
0.0000
0.0000
0.0000
0.0000
0.0000
0.0000
0.0000
0.0000
0.0000
0.0000
0.0000
0.0000
0.0000
0.0000
0.0000
0.0000
0.0000
0.0000
0.0000
0.0000
0.0000
0.0000
0.0000
0.0000
0.0000
0.0000
0.0000
0.0000
0.0000
0.0000
0.0000
0.0000
0.0000
0.0000
0.0000
0.0000
0.0000
0.0000
0.0000
0.0000
0.0000
0.0000
0.0000
0.0000
0.0000
0.0000
0.0000
0.0000
0.0000
0.0000
0.0000
0.0000
0.0000
0.0000
0.0000
0.0000
0.0000
0.0000
0.0000
0.0000
0.0000
0.0000
0.0000
0.0000
0.0000
0.0000
0.0000
0.0000
0.0000
0.0000
0.0000
0.0000
0.0000
0.0000
0.0000
0.0000
0.0000
0.0000
0.0000
0.0000
0.0000
0.0000
0.0000
0.0000
0.0000
0.0000
0.0000
0.0000
0.0000
0.0000
0.0000
0.0000
0.0000
0.0000
0.0000
0.0000
0.0000
0.0000
0.0000
0.0000
0.0000
0.0000
0.0000
0.0000
0.0000
0.0000
0.0000
0.0000
0.0000
0.0000
0.0000
0.0000
0.0000
0.0000
0.0000
0.0000
0.0000
0.0000
0.0000
0.0000
0.0000
0.0000
0.0000
0.0000
0.0000
0.0000
0.0000
0.0000
0.0000
0.0000
0.0000
0.0000
0.0000
0.0000
0.0000
0.0000
0.0000
0.0000
0.0000
0.0000
0.0000
0.0000
0.0000
0.0000
0.0000
0.0000
0.0000
0.0000
0.0000
0.0000
0.0000
0.0000
0.0000
0.0000
0.0000
0.0000
0.0000
0.0000
0.0000
0.0000
0.0000
0.0000
0.0000
0.0000
0.0000
0.0000
0.0000
0.0000
0.0000
0.0000
0.0000
0.0000
0.0000
0.0000
0.0000
0.0000
0.0000
0.0000
0.0000
0.0000
0.0000
0.0000
0.0000
0.0000
0.0000
0.0000
0.0000
0.0000
0.0000
0.0000
0.0000
0.0000
0.0000
0.0000
0.0000
0.0000
0.0000
0.0000
0.0000
0.0000
0.0000
0.0000
0.0000
0.0000
0.0000
0.0000
0.0000
0.0000
0.0000
0.0000
0.0000
0.0000
0.0000
0.0000
0.0000
230.3521
268.7300
282.3040
399.9527
413.1116
514.9244
435.5109
337.7764
417.8397
367.0150
354.4609
422.1555
838.7502
1784.3629
1298.6425
881.0469
840.9996
411.7997
462.1872
551.0961
489.8056
671.0959
916.4221
788.3813
0.0000
0.0000
0.0000
0.0000
0.0000
0.0000
0.0000
0.0000
0.0000
0.0000
0.0000
0.0000
0.0000
0.0000
0.0000
0.0000
0.0000
0.0000
0.0000
0.0000
0.0000
0.0000
203.0587
293.4017
327.3303
368.2896
453.9646
573.2211
325.3246
309.4059
289.3071
331.0088
380.2013
574.8621
1117.7144
1424.1827
1535.5092
1303.6105
789.4229
809.5352
583.4786
662.6541
577.4290
664.7847
881.7830
861.3307
0.0000
0.0000
0.0000
0.0000
0.0000
0.0000
0.0000
0.0000
0.0000
0.0000
0.0000
0.0000
0.0000
0.0000
0.0000
0.0000
0.0000
0.0000
0.0000
0.0000
0.0000
0.0000
174.0444
280.0116
386.8067
316.0154
520.7233
441.4968
339.0236
245.7031
257.3230
354.3439
485.0170
826.6828
1315.3070
2441.3872
2079.2183
1681.8542
977.8545
873.9310
922.8781
1110.3979
1119.5970
1256.0199
598.6208
570.6797
0.0000
0.0000
0.0000
0.0000
0.0000
0.0000
0.0000
0.0000
0.0000
0.0000
0.0000
0.0000
0.0000
0.0000
0.0000
0.0000
0.0000
0.0000
0.0000
0.0000
0.0000
0.0000
230.7464
205.1642
411.6932
419.0888
529.1462
479.6187
472.5286
301.4335
328.1856
409.5161
589.4871
822.3275
1312.2032
1443.0569
1810.7922
1584.7910
1402.5006
1253.7083
1454.4554
1545.9664
1597.7373
1485.4572
800.3811
731.3420
0.0000
0.0000
0.0000
0.0000
0.0000
0.0000
0.0000
0.0000
0.0000
0.0000
0.0000
0.0000
0.0000
0.0000
0.0000
0.0000
0.0000
0.0000
0.0000
0.0000
0.0000
0.0000
220.0799
349.8981
279.7647
259.1460
288.3071
361.4670
369.0137
528.9979
539.7261
441.7946
567.5679
624.7808
772.4451
1099.2753
1547.9741
1504.6779
1190.6012
1133.0264
1332.7645
2141.8154
1439.5181
1674.6362
1613.7076
1031.2161
0.0000
0.0000
0.0000
0.0000
0.0000
0.0000
0.0000
0.0000
0.0000
0.0000
0.0000
0.0000
0.0000
0.0000
0.0000
0.0000
0.0000
0.0000
0.0000
0.0000
0.0000
0.0000
328.9378
363.6335
260.2496
296.5085
215.5699
227.2248
303.7692
305.3961
316.7823
445.0992
428.5187
400.6678
824.9250
993.4678
1175.2811
1102.3757
1090.2900
1705.4626
1458.7036
1741.5883
1602.2073
1681.0532
1583.6600
890.4017
0.0000
0.0000
0.0000
0.0000
0.0000
0.0000
0.0000
0.0000
0.0000
0.0000
0.0000
0.0000
0.0000
0.0000
0.0000
0.0000
0.0000
0.0000
0.0000
0.0000
0.0000
0.0000
360.1094
238.8575
174.9930
223.3825
358.9519
242.4634
325.6075
305.8330
294.5142
352.9206
395.6443
455.5190
551.8812
776.5306
884.5513
1169.1296
1681.2814
1974.0485
1885.3599
1562.7391
1258.1958
1087.5021
980.5390
1459.0808
0.0000
0.0000
0.0000
0.0000
0.0000
0.0000
0.0000
0.0000
0.0000
0.0000
0.0000
0.0000
0.0000
0.0000
0.0000
0.0000
0.0000
0.0000
0.0000
0.0000
0.0000
0.0000
323.1664
262.8084
253.7122
273.5674
297.8991
325.4794
376.7825
331.5032
228.0791
252.6039
309.9904
456.9528
708.3372
775.4758
736.5291
1120.8177
1328.7074
1207.8966
2055.1479
1420.1495
1741.0663
1130.7144
1267.1699
874.3439
0.0000
0.0000
0.0000
0.0000
0.0000
0.0000
0.0000
0.0000
0.0000
0.0000
0.0000
0.0000
0.0000
0.0000
0.0000
0.0000
0.0000
0.0000
0.0000
0.0000
0.0000
0.0000
411.8345
330.7711
283.3744
352.5311
278.3583
238.9204
374.6330
412.9799
212.1691
337.8338
324.2144
448.3621
680.2491
595.1560
608.6261
661.5609
875.7439
1175.9427
1532.9836
1423.3165
1559.2238
1288.0829
764.5204
652.5261
0.0000
0.0000
0.0000
0.0000
0.0000
0.0000
0.0000
0.0000
0.0000
0.0000
0.0000
0.0000
0.0000
0.0000
0.0000
0.0000
0.0000
0.0000
0.0000
0.0000
0.0000
0.0000
391.8875
377.4643
372.7310
425.8956
352.2275
307.6740
482.0478
225.1740
339.2894
428.9310
406.9328
430.6266
690.8294
661.0422
601.9360
537.9854
723.4617
1079.6562
913.4050
1039.4580
1400.2628
895.7491
716.5831
505.7196
0.0000
0.0000
0.0000
0.0000
0.0000
0.0000
0.0000
0.0000
0.0000
0.0000
0.0000
0.0000
0.0000
0.0000
0.0000
0.0000
0.0000
0.0000
0.0000
0.0000
0.0000
0.0000
409.1404
455.3158
372.9851
257.5863
378.8918
435.6112
446.3401
292.8792
418.2561
666.0432
482.9552
467.2241
412.4329
514.3268
570.0517
644.9370
598.2571
598.4925
809.5688
1311.2335
600.3119
608.3500
437.1265
712.5027
0.0000
0.0000
0.0000
0.0000
0.0000
0.0000
0.0000
0.0000
0.0000
0.0000
0.0000
0.0000
0.0000
0.0000
0.0000
0.0000
0.0000
0.0000
0.0000
0.0000
0.0000
0.0000
817.3022
775.3197
418.0234
301.6487
280.4010
353.4352
317.9591
464.4867
392.1976
512.2177
519.4664
419.9380
482.1472
508.8973
452.1350
605.6470
442.1833
841.8236
706.9038
684.2476
507.4274
351.6071
528.2991
617.0562
0.0000
0.0000
0.0000
0.0000
0.0000
0.0000
0.0000
0.0000
0.0000
0.0000
0.0000
0.0000
0.0000
0.0000
0.0000
0.0000
0.0000
0.0000
0.0000
0.0000
0.0000
0.0000
1031.3645
828.2609
425.9972
401.5902
366.8018
536.2380
362.0402
418.3768
499.1731
302.6584
364.4567
306.9282
664.8073
395.6676
511.4260
615.6936
535.6974
540.6863
594.1114
478.7241
578.1999
497.9854
552.9783
558.2896
0.0000
0.0000
0.0000
0.0000
0.0000
0.0000
0.0000
0.0000
0.0000
0.0000
0.0000
0.0000
0.0000
0.0000
0.0000
0.0000
0.0000
0.0000
0.0000
0.0000
0.0000
0.0000
916.2929
922.4348
726.2986
449.3767
356.9949
445.6106
421.8240
508.8828
579.2825
405.6506
418.7023
444.0982
482.8653
479.1320
385.7402
474.1527
427.4461
489.7613
354.8915
391.7672
628.9213
453.5049
558.0664
522.3058
0.0000
0.0000
0.0000
0.0000
0.0000
0.0000
0.0000
0.0000
0.0000
0.0000
0.0000
0.0000
0.0000
0.0000
0.0000
0.0000
0.0000
0.0000
0.0000
0.0000
0.0000
0.0000
996.9359
928.6829
755.7629
655.2934
457.5274
554.9052
367.3319
470.0897
637.8548
522.7238
530.6251
578.0128
377.8320
401.7855
353.1975
340.9226
391.4056
356.0517
445.5785
442.6330
457.6837
437.9610
440.3556
500.5346
0.0000
0.0000
0.0000
0.0000
0.0000
0.0000
0.0000
0.0000
0.0000
0.0000
0.0000
0.0000
0.0000
0.0000
0.0000
0.0000
0.0000
0.0000
0.0000
0.0000
0.0000
0.0000
754.2068
877.3862
749.6628
932.5812
927.2454
742.9139
619.1266
683.0653
449.5939
614.4742
415.5770
405.0688
410.6838
225.8594
253.5014
242.0331
308.8594
317.7349
326.3773
326.9378
282.6815
252.0092
438.2538
337.2914
0.0000
0.0000
0.0000
0.0000
0.0000
0.0000
0.0000
0.0000
0.0000
0.0000
0.0000
0.0000
0.0000
0.0000
0.0000
0.0000
0.0000
0.0000
0.0000
0.0000
0.0000
0.0000
1208.6222
952.2263
1237.0374
818.0210
901.2083
702.8577
764.3432
678.7176
639.5992
532.0544
390.3072
358.9121
263.4957
230.8931
256.5167
256.6633
289.9632
328.3317
316.2569
372.4370
268.4731
303.1192
344.6365
256.1664
0.0000
0.0000
0.0000
0.0000
0.0000
0.0000
0.0000
0.0000
0.0000
0.0000
0.0000
0.0000
0.0000
0.0000
0.0000
0.0000
0.0000
0.0000
0.0000
0.0000
0.0000
0.0000
2149.4810
1391.7629
945.6470
1367.8572
1328.4062
588.3953
719.6972
788.5763
582.9171
395.0705
424.2348
332.9273
270.1631
239.5025
273.4807
291.4870
456.4541
344.6111
400.6743
325.9078
285.4014
398.5796
453.8503
261.5586
0.0000
0.0000
0.0000
0.0000
0.0000
0.0000
0.0000
0.0000
0.0000
0.0000
0.0000
0.0000
0.0000
0.0000
0.0000
0.0000
0.0000
0.0000
0.0000
0.0000
0.0000
0.0000
1349.5978
1330.9795
1190.6272
1342.0066
1302.6685
948.2334
916.8032
800.7803
581.4666
564.8465
296.2003
205.0978
276.3521
161.4663
239.0408
232.7081
397.8932
610.7690
432.4771
391.6701
485.9342
396.6489
297.3258
417.7498
0.0000
0.0000
0.0000
0.0000
0.0000
0.0000
0.0000
0.0000
0.0000
0.0000
0.0000
0.0000
0.0000
0.0000
0.0000
0.0000
0.0000
0.0000
0.0000
0.0000
0.0000
0.0000
1170.7916
1012.8019
964.8804
1334.3068
1602.2654
1291.4590
951.3871
1003.7460
783.8035
780.5639
351.4065
186.8108
168.6350
194.8838
195.3775
243.1945
323.9744
579.0513
483.8016
641.0221
427.1373
288.8430
362.1205
339.4576
0.0000
0.0000
0.0000
0.0000
0.0000
0.0000
0.0000
0.0000
0.0000
0.0000
0.0000
0.0000
0.0000
0.0000
0.0000
0.0000
0.0000
0.0000
0.0000
0.0000
0.0000
0.0000
1483.2949
1009.6217
990.5591
2104.6619
1912.2856
1291.6321
982.0148
751.2028
588.6824
539.7122
376.1410
306.3773
267.7813
197.7417
219.3455
273.2987
388.0224
419.2136
470.2281
496.5118
459.7895
274.5343
365.7899
322.9701
0.0000
0.0000
0.0000
0.0000
0.0000
0.0000
0.0000
0.0000
0.0000
0.0000
0.0000
0.0000
0.0000
0.0000
0.0000
0.0000
0.0000
0.0000
0.0000
0.0000
0.0000
0.0000
1290.7874
1231.3066
1174.6082
2220.1604
1787.8691
1034.2699
842.7743
536.3912
615.5288
520.0338
490.5789
400.5422
331.7485
231.8716
213.3024
247.5692
318.6492
561.9728
590.4562
599.0864
421.0985
366.8609
486.3608
413.9265
0.0000
0.0000
0.0000
0.0000
0.0000
0.0000
0.0000
0.0000
0.0000
0.0000
0.0000
0.0000
0.0000
0.0000
0.0000
0.0000
0.0000
0.0000
0.0000
0.0000
0.0000
0.0000
959.4969
939.7056
1369.3617
1895.3188
1486.2712
1231.4927
918.8552
662.9671
580.4208
576.2339
566.1140
414.2346
427.9625
291.4483
194.3349
176.9041
240.8993
367.3914
446.5974
602.7874
453.1849
420.5654
520.3476
386.0255
0.0000
0.0000
0.0000
0.0000
0.0000
0.0000
0.0000
0.0000
0.0000
0.0000
0.0000
0.0000
0.0000
0.0000
0.0000
0.0000
0.0000
0.0000
0.0000
0.0000
0.0000
0.0000
894.2476
1185.5479
1642.8752
1660.6691
1710.9071
1270.4042
766.1824
656.4760
524.3638
479.1063
551.5703
456.6110
291.3719
414.7928
319.4759
325.7245
488.7813
377.4102
304.2440
456.6178
409.0498
516.5195
654.5118
412.9611
0.0000
0.0000
0.0000
0.0000
0.0000
0.0000
0.0000
0.0000
0.0000
0.0000
0.0000
0.0000
0.0000
0.0000
0.0000
0.0000
0.0000
0.0000
0.0000
0.0000
0.0000
0.0000
704.4099
872.3272
1428.3030
992.1118
880.2205
930.3325
712.4736
486.8290
430.8949
422.0929
462.4923
450.6692
356.0044
340.9060
382.6567
429.6694
296.4649
331.0492
306.4622
383.5148
422.3088
492.7988
485.9894
452.8657
0.0000
0.0000
0.0000
0.0000
0.0000
0.0000
0.0000
0.0000
0.0000
0.0000
0.0000
0.0000
0.0000
0.0000
0.0000
0.0000
0.0000
0.0000
0.0000
0.0000
0.0000
0.0000
494.3993
692.1169
882.2166
616.1837
731.4626
693.9305
602.9274
504.4202
524.4219
327.5708
310.1206
395.2418
325.5291
389.8089
361.0593
286.0199
268.5442
272.1127
272.9242
292.8102
286.8416
417.4414
386.2038
337.6174
0.0000
0.0000
0.0000
0.0000
0.0000
0.0000
0.0000
0.0000
0.0000
0.0000
0.0000
0.0000
0.0000
0.0000
0.0000
0.0000
0.0000
0.0000
0.0000
0.0000
0.0000
0.0000
468.9907
657.2426
516.2131
448.5528
591.8820
651.6999
679.7704
598.2341
532.7127
399.9001
344.0822
377.7230
372.4329
410.0277
491.1241
366.6173
419.6627
357.2570
267.2696
274.3488
211.5184
322.7374
437.6775
250.8420
0.0000
0.0000
0.0000
0.0000
0.0000
0.0000
0.0000
0.0000
0.0000
0.0000
0.0000
0.0000
0.0000
0.0000
0.0000
0.0000
0.0000
0.0000
0.0000
0.0000
0.0000
0.0000
432.6532
508.7585
557.7116
853.7134
707.0083
640.8530
680.0685
625.6731
463.8521
376.6105
401.4358
380.7423
391.8594
480.5237
418.5576
594.0794
476.3681
355.5231
430.2812
241.0341
237.0684
276.8556
359.0871
176.5896
0.0000
0.0000
0.0000
0.0000
0.0000
0.0000
0.0000
0.0000
0.0000
0.0000
0.0000
0.0000
0.0000
0.0000
0.0000
0.0000
0.0000
0.0000
0.0000
0.0000
0.0000
0.0000
432.3064
557.8722
707.4874
755.6345
655.7584
421.1162
379.6409
534.0252
432.0055
409.6423
453.3398
365.0991
438.4583
645.4490
621.9183
408.4794
755.7115
510.1916
314.8413
276.8426
201.9087
272.5087
362.1911
216.7431
0.0000
0.0000
0.0000
0.0000
0.0000
0.0000
0.0000
0.0000
0.0000
0.0000
0.0000
0.0000
0.0000
0.0000
0.0000
0.0000
0.0000
0.0000
0.0000
0.0000
0.0000
0.0000
440.7137
555.9013
611.8673
687.5964
695.1355
432.0253
378.1943
396.8660
466.6919
418.6661
319.2727
329.3282
616.6227
739.2484
470.7774
568.7690
506.1712
475.1253
295.3998
263.4330
244.3584
293.7734
177.8816
268.4016
0.0000
0.0000
0.0000
0.0000
0.0000
0.0000
0.0000
0.0000
0.0000
0.0000
0.0000
0.0000
0.0000
0.0000
0.0000
0.0000
0.0000
0.0000
0.0000
0.0000
0.0000
0.0000
242.8849
385.1961
430.3867
582.4539
803.6599
438.1465
335.7693
371.1592
369.0690
455.4852
302.0148
301.3656
565.3322
975.0525
1031.5487
932.4517
432.4860
382.3525
242.7615
224.4544
188.4905
240.6381
181.2155
133.0179
0.0000
0.0000
0.0000
0.0000
0.0000
0.0000
0.0000
0.0000
0.0000
0.0000
0.0000
0.0000
0.0000
0.0000
0.0000
0.0000
0.0000
0.0000
0.0000
0.0000
0.0000
0.0000
214.5354
269.2495
390.3179
437.6688
583.1774
484.9002
362.8567
306.0016
329.5564
435.2939
363.2729
415.8737
428.2491
464.0072
599.2280
695.2808
387.3918
305.0788
205.1032
194.0301
176.0660
149.6641
104.0674
129.3227
0.0000
0.0000
0.0000
0.0000
0.0000
0.0000
0.0000
0.0000
0.0000
0.0000
0.0000
0.0000
0.0000
0.0000
0.0000
0.0000
0.0000
0.0000
0.0000
0.0000
0.0000
0.0000
271.2131
268.3391
288.9064
317.4757
409.6796
433.5200
297.2627
308.5185
254.0365
246.1272
343.8557
323.4274
307.4125
357.9694
453.0125
307.5908
294.7253
297.4652
215.8541
157.8456
109.2482
106.8504
85.3423
115.0311
0.0000
0.0000
0.0000
0.0000
0.0000
0.0000
0.0000
0.0000
0.0000
0.0000
0.0000
0.0000
0.0000
0.0000
0.0000
0.0000
0.0000
0.0000
0.0000
0.0000
0.0000
0.0000
405.8592
341.6548
403.3620
399.0551
443.4738
434.3614
263.8167
214.6000
280.9961
271.0012
353.5183
323.0074
227.5722
278.2036
207.7959
180.6580
169.6164
216.6821
144.5916
107.6621
76.2826
56.0080
51.7415
73.0785
0.0000
0.0000
0.0000
0.0000
0.0000
0.0000
0.0000
0.0000
0.0000
0.0000
0.0000
0.0000
0.0000
0.0000
0.0000
0.0000
0.0000
0.0000
0.0000
0.0000
0.0000
0.0000
235.6714
322.4878
483.1901
430.1961
571.1953
357.8262
285.7564
259.4602
273.4517
264.4687
202.0016
271.1046
241.7559
243.7293
260.9423
192.1962
209.3944
194.7670
208.0302
128.8308
81.4947
70.4024
75.2898
58.2739
0.0000
0.0000
0.0000
0.0000
0.0000
0.0000
0.0000
0.0000
0.0000
0.0000
0.0000
0.0000
0.0000
0.0000
0.0000
0.0000
0.0000
0.0000
0.0000
0.0000
0.0000
0.0000
136.0438
257.3364
405.9897
331.4281
406.6650
306.9810
423.0313
342.1982
330.0693
291.4681
221.5163
229.6822
172.6516
213.8606
269.2375
234.8768
180.8430
288.4547
232.5805
114.0281
106.9257
117.4566
112.2334
96.5487
0.0000
0.0000
0.0000
0.0000
0.0000
0.0000
0.0000
0.0000
0.0000
0.0000
0.0000
0.0000
0.0000
0.0000
0.0000
0.0000
0.0000
0.0000
0.0000
0.0000
0.0000
0.0000
146.8874
339.1665
334.3448
346.6396
395.2320
371.5150
383.8952
424.3823
381.8556
303.9478
218.2585
264.2402
192.1066
313.5638
370.1607
199.8854
203.2811
331.7841
218.8204
184.3877
110.3336
104.1097
109.9518
99.1213
0.0000
0.0000
0.0000
0.0000
0.0000
0.0000
0.0000
0.0000
0.0000
0.0000
0.0000
0.0000
0.0000
0.0000
0.0000
0.0000
0.0000
0.0000
0.0000
0.0000
0.0000
0.0000
168.6330
212.6181
336.8451
526.5976
440.1439
328.4235
303.0402
280.7703
293.2760
353.9739
355.9746
251.3781
219.4859
256.8612
350.4890
196.6771
132.8349
173.1418
157.1621
202.1745
110.1316
112.8697
116.3154
117.2745
0.0000
0.0000
0.0000
0.0000
0.0000
0.0000
0.0000
0.0000
0.0000
0.0000
0.0000
0.0000
0.0000
0.0000
0.0000
0.0000
0.0000
0.0000
0.0000
0.0000
0.0000
0.0000
188.5430
246.8697
318.7963
263.7650
306.5423
287.8210
248.5448
187.1966
265.7044
361.3430
331.9185
287.5228
181.9360
275.1393
247.9978
225.6466
228.0612
126.2543
215.8425
244.2363
223.2854
231.9481
132.1097
164.3221
0.0000
0.0000
0.0000
0.0000
0.0000
0.0000
0.0000
0.0000
0.0000
0.0000
0.0000
0.0000
0.0000
0.0000
0.0000
0.0000
0.0000
0.0000
0.0000
0.0000
0.0000
0.0000
249.9600
258.6816
183.1241
232.9583
169.8709
181.4750
200.3726
362.5197
357.7878
342.7550
367.8571
318.1361
263.8748
234.1417
299.1534
196.5650
226.9069
207.5977
265.4011
287.1828
267.7165
263.3783
270.3926
232.3044
178.9111
0.0000
0.0000
0.0000
0.0000
0.0000
0.0000
0.0000
0.0000
0.0000
0.0000
0.0000
0.0000
0.0000
0.0000
0.0000
0.0000
0.0000
0.0000
0.0000
0.0000
0.0000
247.6369
320.6476
240.8745
241.3938
148.6396
263.7618
314.5439
229.8234
217.6506
203.6354
250.1411
330.2692
239.2976
162.1996
245.6682
260.0993
211.4291
147.1389
204.2277
346.2741
420.9145
261.2950
313.2617
297.8369
213.5165
0.0000
0.0000
0.0000
0.0000
0.0000
0.0000
0.0000
0.0000
0.0000
0.0000
0.0000
0.0000
0.0000
0.0000
0.0000
0.0000
0.0000
0.0000
0.0000
0.0000
0.0000
246.0043
287.6162
262.1772
222.4056
153.0667
136.9060
174.9423
175.4531
173.4023
205.0390
132.4314
191.0051
135.1119
183.5592
319.8951
272.0350
254.3724
176.6869
168.0536
211.4064
255.1451
239.3119
273.6454
341.8725
331.5128
469.6703
0.0000
0.0000
0.0000
0.0000
0.0000
0.0000
0.0000
0.0000
0.0000
0.0000
0.0000
0.0000
0.0000
0.0000
0.0000
0.0000
0.0000
0.0000
0.0000
0.0000
148.2825
162.8660
289.1825
204.9136
197.0155
161.0715
122.4753
142.6770
122.0125
187.2006
160.8335
164.1948
147.5300
151.6901
284.4162
298.2849
283.6116
248.1003
190.3769
115.5284
172.4878
174.6315
216.3779
423.6038
627.7485
312.7166
287.2019
0.0000
0.0000
0.0000
0.0000
0.0000
0.0000
0.0000
0.0000
0.0000
0.0000
0.0000
0.0000
0.0000
0.0000
0.0000
0.0000
0.0000
0.0000
0.0000
179.2947
152.1015
251.9847
216.8980
166.6364
110.5658
142.4962
142.7731
100.5467
122.0643
191.5962
193.7955
170.0462
154.6918
223.2484
208.2426
245.5794
178.1733
159.1462
256.4668
238.6530
233.5132
333.7984
337.8596
395.5694
328.6417
343.1958
298.0901
0.0000
0.0000
0.0000
0.0000
0.0000
0.0000
0.0000
0.0000
0.0000
0.0000
0.0000
0.0000
0.0000
0.0000
0.0000
0.0000
0.0000
0.0000
117.9073
166.3666
245.2097
203.9893
251.7313
211.3533
147.5613
131.7676
173.4170
109.9341
191.1814
173.2699
279.9890
389.2972
308.7929
207.2154
177.3517
238.5426
235.7971
252.7084
190.4018
269.8552
276.1384
383.8281
437.5919
267.7828
474.1321
0.0000
0.0000
0.0000
0.0000
0.0000
0.0000
0.0000
0.0000
0.0000
0.0000
0.0000
0.0000
0.0000
0.0000
0.0000
0.0000
0.0000
0.0000
0.0000
78.0920
112.7478
192.9007
229.1585
205.6840
234.9091
133.8343
144.5492
174.5196
200.9096
166.7261
174.8139
232.1496
309.6822
297.7800
196.0493
204.4779
229.4563
219.4078
266.4086
239.7036
277.0445
299.1705
350.9997
469.5369
492.2493
491.3298
0.0000
0.0000
0.0000
0.0000
0.0000
0.0000
0.0000
0.0000
0.0000
0.0000
0.0000
0.0000
0.0000
0.0000
0.0000
0.0000
0.0000
0.0000
0.0000
128.8462
134.3249
164.2780
164.7228
183.6039
187.4669
202.6618
218.7661
189.9693
222.6283
194.2861
246.5118
226.6711
286.2609
234.8295
173.2498
172.4339
230.3323
210.9329
164.3251
254.6273
397.6985
538.5920
509.0026
783.0875
573.2180
0.0000
0.0000
0.0000
0.0000
0.0000
0.0000
0.0000
0.0000
0.0000
0.0000
0.0000
0.0000
0.0000
0.0000
0.0000
0.0000
0.0000
0.0000
0.0000
0.0000
101.0065
159.0889
109.8969
146.8942
175.4173
199.5476
191.9352
229.2796
230.3234
256.4686
228.9091
271.4756
297.1552
402.9292
297.3727
259.8714
224.0484
234.5215
245.0750
279.9990
193.6384
418.6388
682.0927
747.7666
781.9697
773.3230
0.0000
0.0000
0.0000
0.0000
0.0000
0.0000
0.0000
0.0000
0.0000
0.0000
0.0000
0.0000
0.0000
0.0000
0.0000
0.0000
0.0000
0.0000
0.0000
0.0000
170.2665
156.9720
116.8070
128.0114
153.1547
186.3732
238.3956
198.8631
195.9093
294.9126
342.0721
311.2715
355.6369
493.2349
417.6432
377.2026
330.4455
296.1666
319.0994
313.2285
384.1844
448.2292
650.8062
722.0378
1115.0037
0.0000
0.0000
0.0000
0.0000
0.0000
0.0000
0.0000
0.0000
0.0000
0.0000
0.0000
0.0000
0.0000
0.0000
0.0000
0.0000
0.0000
0.0000
0.0000
0.0000
0.0000
201.3401
130.4550
123.8969
201.5433
198.2463
200.1208
271.7582
186.1496
182.1810
242.7056
259.8478
347.6785
398.0781
541.0842
463.6200
339.2290
433.6771
409.5301
347.8083
340.4148
344.8399
410.2987
703.9926
1087.1805
0.0000
0.0000
0.0000
0.0000
0.0000
0.0000
0.0000
0.0000
0.0000
0.0000
0.0000
0.0000
0.0000
0.0000
0.0000
0.0000
0.0000
0.0000
0.0000
0.0000
0.0000
0.0000
186.5956
142.4137
160.4136
226.2325
306.1570
270.2723
247.1484
163.4357
206.2101
215.5577
411.5442
529.4426
634.6737
495.8203
380.1910
277.4055
481.6757
330.3647
329.3047
524.5255
558.1249
784.0939
683.2587
864.1232
0.0000
0.0000
0.0000
0.0000
0.0000
0.0000
0.0000
0.0000
0.0000
0.0000
0.0000
0.0000
0.0000
0.0000
0.0000
0.0000
0.0000
0.0000
0.0000
0.0000
0.0000
0.0000
190.0801
201.0191
271.1050
314.0867
244.1707
312.0473
197.5348
190.4446
311.0757
289.4592
375.2367
492.9057
522.5544
437.3647
414.4598
276.8347
263.1082
326.2633
377.2677
468.3390
684.0020
912.8351
790.2742
0.0000
0.0000
0.0000
0.0000
0.0000
0.0000
0.0000
0.0000
0.0000
0.0000
0.0000
0.0000
0.0000
0.0000
0.0000
0.0000
0.0000
0.0000
0.0000
0.0000
0.0000
0.0000
0.0000
311.2830
295.4193
338.2201
299.8981
484.3206
477.6591
371.7340
217.4077
273.8992
250.4522
359.0781
434.6515
496.5930
466.9964
422.3929
289.9929
282.2655
247.6434
271.1776
439.9138
607.3467
583.6252
523.9694
0.0000
0.0000
0.0000
0.0000
0.0000
0.0000
0.0000
0.0000
0.0000
0.0000
0.0000
0.0000
0.0000
0.0000
0.0000
0.0000
0.0000
0.0000
0.0000
0.0000
0.0000
0.0000
0.0000
319.6248
413.4666
389.9267
346.3193
466.6063
318.5559
334.1530
249.9914
337.2497
376.6357
340.5181
509.2244
406.8597
377.0535
332.7627
206.6819
118.2645
114.4879
182.5396
225.9741
284.4663
609.1200
0.0000
0.0000
0.0000
0.0000
0.0000
0.0000
0.0000
0.0000
0.0000
0.0000
0.0000
0.0000
0.0000
0.0000
0.0000
0.0000
0.0000
0.0000
0.0000
0.0000
0.0000
0.0000
0.0000
0.0000
547.1564
499.6856
323.5488
355.5077
321.0347
338.2665
466.5526
389.5519
330.8616
217.1636
278.2627
364.4776
236.9666
337.6746
250.2835
175.9214
132.6515
137.7558
217.8674
0.0000
144.1509
239.6804
0.0000
0.0000
0.0000
0.0000
0.0000
0.0000
0.0000
0.0000
0.0000
0.0000
0.0000
0.0000
0.0000
0.0000
0.0000
0.0000
0.0000
0.0000
0.0000
0.0000
0.0000
0.0000
0.0000
0.0000
325.4817
414.9255
328.2207
283.8464
507.0551
413.5205
476.3835
448.7805
350.6996
317.9608
291.2790
348.4085
238.7677
268.2114
206.8315
164.7975
198.1723
184.3625
0.0000
0.0000
162.4580
0.0000
0.0000
0.0000
0.0000
0.0000
0.0000
0.0000
0.0000
0.0000
0.0000
0.0000
0.0000
0.0000
0.0000
0.0000
0.0000
0.0000
0.0000
0.0000
0.0000
0.0000
0.0000
0.0000
0.0000
0.0000
425.5049
402.3870
300.4879
387.0118
369.1596
704.6888
448.5003
425.4812
320.9717
310.9924
237.4181
250.2061
181.5540
175.6799
193.8514
170.2068
239.1840
0.0000
0.0000
0.0000
0.0000
0.0000
0.0000
0.0000
0.0000
0.0000
0.0000
0.0000
0.0000
0.0000
0.0000
0.0000
0.0000
0.0000
0.0000
0.0000
0.0000
0.0000
0.0000
0.0000
0.0000
0.0000
0.0000
0.0000
0.0000
0.0000
367.7008
297.1987
240.7125
356.9116
364.8145
481.8098
427.0368
389.9972
336.2245
227.5100
233.0652
216.1839
173.9636
263.5514
206.9615
235.4542
317.6828
0.0000
0.0000
0.0000
0.0000
0.0000
0.0000
0.0000
0.0000
0.0000
0.0000
0.0000
0.0000
0.0000
0.0000
0.0000
0.0000
0.0000
0.0000
0.0000
0.0000
0.0000
0.0000
0.0000
0.0000
0.0000
0.0000
0.0000
0.0000
0.0000
400.1359
417.6992
335.2554
284.6486
312.7807
408.3966
527.2607
421.4112
270.7185
299.8932
283.9914
226.7828
207.5526
258.7747
325.8797
445.8404
0.0000
0.0000
0.0000
0.0000
0.0000
0.0000
0.0000
0.0000
0.0000
0.0000
0.0000
0.0000
0.0000
0.0000
0.0000
0.0000
0.0000
0.0000
0.0000
0.0000
0.0000
0.0000
0.0000
0.0000
0.0000
0.0000
0.0000
0.0000
0.0000
0.0000
324.4431
320.2721
259.3438
246.6820
331.5788
468.9001
505.5723
291.4465
301.4899
282.6090
232.1037
250.2805
208.9825
243.7376
0.0000
0.0000
0.0000
0.0000
0.0000
0.0000
0.0000
0.0000
0.0000
0.0000
0.0000
0.0000
0.0000
0.0000
0.0000
0.0000
0.0000
0.0000
0.0000
0.0000
0.0000
0.0000
0.0000
0.0000
0.0000
0.0000
0.0000
0.0000
0.0000
0.0000
0.0000
0.0000
265.9104
221.2843
175.7148
191.8283
308.9236
413.9767
392.7701
247.5245
269.6924
256.8733
242.1514
188.7502
217.5296
177.5591
0.0000
0.0000
0.0000
0.0000
0.0000
0.0000
0.0000
0.0000
0.0000
0.0000
0.0000
0.0000
0.0000
0.0000
0.0000
0.0000
0.0000
0.0000
0.0000
0.0000
0.0000
0.0000
0.0000
0.0000
0.0000
0.0000
0.0000
0.0000
0.0000
0.0000
0.0000
0.0000
555.7121
374.7397
247.1227
280.4134
237.1719
300.1143
248.6582
328.1431
253.5198
194.5954
182.9069
142.9570
122.9404
120.0951
0.0000
0.0000
0.0000
0.0000
0.0000
0.0000
0.0000
0.0000
0.0000
0.0000
0.0000
0.0000
0.0000
0.0000
0.0000
0.0000
0.0000
0.0000
0.0000
0.0000
0.0000
0.0000
0.0000
0.0000
0.0000
0.0000
0.0000
0.0000
0.0000
0.0000
0.0000
0.0000
516.3294
431.7767
266.7737
393.8730
318.2729
240.3795
214.4326
220.7879
170.8855
130.7076
95.9935
80.8692
70.2993
97.8582
0.0000
0.0000
0.0000
0.0000
0.0000
0.0000
0.0000
0.0000
0.0000
0.0000
0.0000
0.0000
0.0000
0.0000
0.0000
0.0000
0.0000
0.0000
0.0000
0.0000
0.0000
0.0000
0.0000
0.0000
0.0000
0.0000
0.0000
0.0000
0.0000
0.0000
0.0000
0.0000
519.1200
335.1127
445.9480
358.5022
239.1896
240.4986
272.7770
293.2473
191.7924
126.5325
99.3352
88.4543
69.1289
60.7355
0.0000
0.0000
0.0000
0.0000
0.0000
0.0000
0.0000
0.0000
0.0000
0.0000
0.0000
0.0000
0.0000
0.0000
0.0000
0.0000
0.0000
0.0000
0.0000
0.0000
0.0000
0.0000
0.0000
0.0000
0.0000
0.0000
0.0000
0.0000
0.0000
0.0000
0.0000
0.0000
570.6653
346.7914
392.9036
284.0708
255.1595
224.9578
214.3081
267.8118
232.6184
193.6524
132.1525
72.0230
87.1407
79.3888
0.0000
0.0000
0.0000
0.0000
0.0000
0.0000
0.0000
0.0000
0.0000
0.0000
0.0000
0.0000
0.0000
0.0000
0.0000
0.0000
0.0000
0.0000
0.0000
0.0000
0.0000
0.0000
0.0000
0.0000
0.0000
0.0000
0.0000
0.0000
0.0000
0.0000
0.0000
0.0000
840.0455
550.0226
573.7614
312.8150
253.7641
276.3149
272.3098
244.5632
249.5143
346.9804
148.0080
154.2798
104.7123
73.7671
0.0000
0.0000
0.0000
0.0000
0.0000
0.0000
0.0000
0.0000
0.0000
0.0000
0.0000
0.0000
0.0000
0.0000
0.0000
0.0000
0.0000
0.0000
0.0000
0.0000
0.0000
0.0000
0.0000
0.0000
0.0000
0.0000
0.0000
0.0000
0.0000
0.0000
0.0000
0.0000
825.0933
828.0038
478.9924
385.5689
327.5050
289.3557
240.5024
253.7451
296.5004
240.0744
155.6595
165.3908
115.9313
86.4372
0.0000
0.0000
0.0000
0.0000
0.0000
0.0000
0.0000
0.0000
0.0000
0.0000
0.0000
0.0000
0.0000
0.0000
0.0000
0.0000
0.0000
0.0000
0.0000
0.0000
0.0000
0.0000
0.0000
0.0000
0.0000
0.0000
0.0000
0.0000
0.0000
0.0000
0.0000
0.0000
455.1191
560.5159
624.8174
464.1874
392.4415
333.9751
237.1697
148.2024
211.2617
223.1585
143.1046
199.8803
132.8636
77.1747
0.0000
0.0000
0.0000
0.0000
0.0000
0.0000
0.0000
0.0000
0.0000
0.0000
0.0000
0.0000
0.0000
0.0000
0.0000
0.0000
0.0000
0.0000
0.0000
0.0000
0.0000
0.0000
0.0000
0.0000
0.0000
0.0000
0.0000
0.0000
0.0000
0.0000
0.0000
0.0000
469.4594
586.4326
511.2545
621.4620
366.4714
327.0190
228.8023
198.2850
180.8255
235.7384
180.7822
154.7213
123.9750
97.4093
0.0000
0.0000
0.0000
0.0000
0.0000
0.0000
0.0000
0.0000
0.0000
0.0000
0.0000
0.0000
0.0000
0.0000
0.0000
0.0000
0.0000
0.0000
0.0000
0.0000
0.0000
0.0000
0.0000
0.0000
0.0000
0.0000
0.0000
0.0000
0.0000
0.0000
0.0000
0.0000
362.9029
569.3113
566.1791
571.9484
478.7691
261.6766
214.3128
176.3717
225.9820
224.9096
271.1391
180.3671
116.6533
124.6699
0.0000
0.0000
0.0000
0.0000
0.0000
0.0000
0.0000
0.0000
0.0000
0.0000
0.0000
0.0000
0.0000
0.0000
0.0000
0.0000
0.0000
0.0000
0.0000
0.0000
0.0000
0.0000
0.0000
0.0000
0.0000
0.0000
0.0000
0.0000
0.0000
0.0000
0.0000
0.0000
557.8218
504.2383
425.6165
462.8517
360.5202
254.5311
209.0984
242.1940
251.4658
226.1439
250.4560
167.0136
147.1752
125.7817
0.0000
0.0000
0.0000
0.0000
0.0000
0.0000
0.0000
0.0000
0.0000
0.0000
0.0000
0.0000
0.0000
0.0000
0.0000
0.0000
0.0000
0.0000
0.0000
0.0000
0.0000
0.0000
0.0000
0.0000
0.0000
0.0000
0.0000
0.0000
0.0000
0.0000
0.0000
0.0000
695.9447
634.7017
415.3297
364.8301
341.5770
358.7187
309.4827
274.7363
245.4142
171.5521
242.6532
155.7138
134.1549
139.3739
0.0000
0.0000
0.0000
0.0000
0.0000
0.0000
0.0000
0.0000
0.0000
0.0000
0.0000
0.0000
0.0000
0.0000
0.0000
0.0000
0.0000
0.0000
0.0000
0.0000
0.0000
0.0000
0.0000
0.0000
0.0000
0.0000
0.0000
0.0000
0.0000
0.0000
0.0000
0.0000
824.2713
470.8132
562.3468
511.6656
605.8539
441.2404
414.2022
242.6081
194.6827
183.1989
159.0563
104.6787
123.6603
75.0056
0.0000
0.0000
0.0000
0.0000
0.0000
0.0000
0.0000
0.0000
0.0000
0.0000
0.0000
0.0000
0.0000
0.0000
0.0000
0.0000
0.0000
0.0000
0.0000
0.0000
0.0000
0.0000
0.0000
0.0000
0.0000
0.0000
0.0000
0.0000
0.0000
0.0000
0.0000
0.0000
848.1656
546.5200
532.1150
520.8049
488.6669
479.4489
464.5558
321.1792
243.6408
224.3488
129.0643
140.6678
134.9299
102.6650
0.0000
0.0000
0.0000
0.0000
0.0000
0.0000
0.0000
0.0000
0.0000
0.0000
0.0000
0.0000
0.0000
0.0000
0.0000
0.0000
0.0000
0.0000
0.0000
0.0000
0.0000
0.0000
0.0000
0.0000
0.0000
0.0000
0.0000
0.0000
0.0000
0.0000
0.0000
0.0000
636.5705
563.3195
409.9584
424.7374
637.8395
509.4327
496.6776
424.3534
505.2402
325.9980
240.7878
130.9159
121.2880
156.7524
0.0000
0.0000
0.0000
0.0000
0.0000
0.0000
0.0000
0.0000
0.0000
0.0000
0.0000
0.0000
0.0000
0.0000
0.0000
0.0000
0.0000
0.0000
0.0000
0.0000
0.0000
0.0000
0.0000
0.0000
0.0000
0.0000
0.0000
0.0000
0.0000
0.0000
0.0000
0.0000
626.5630
607.0604
505.6067
565.3591
750.6773
708.6463
619.0048
593.3712
536.5233
411.9080
261.3692
189.6661
115.3423
192.8225
0.0000
0.0000
0.0000
0.0000
0.0000
0.0000
0.0000
0.0000
0.0000
0.0000
0.0000
0.0000
0.0000
0.0000
0.0000
0.0000
0.0000
0.0000
0.0000
0.0000
0.0000
0.0000
0.0000
0.0000
0.0000
0.0000
0.0000
0.0000
0.0000
0.0000
0.0000
0.0000
805.9084
583.5219
642.0847
756.1126
743.1259
730.6722
694.7213
526.3300
576.7763
473.2047
297.6482
215.2430
197.8466
264.3549
0.0000
0.0000
0.0000
0.0000
0.0000
0.0000
0.0000
0.0000
0.0000
0.0000
0.0000
0.0000
0.0000
0.0000
0.0000
0.0000
0.0000
0.0000
0.0000
0.0000
0.0000
0.0000
0.0000
0.0000
0.0000
0.0000
0.0000
0.0000
0.0000
0.0000
0.0000
0.0000
832.9138
561.6208
767.8556
596.3708
696.1260
721.2504
733.8668
650.7830
613.5014
489.7190
255.1709
175.9134
286.8913
340.8629
0.0000
0.0000
0.0000
0.0000
0.0000
0.0000
0.0000
0.0000
0.0000
0.0000
0.0000
0.0000
0.0000
0.0000
0.0000
0.0000
0.0000
0.0000
0.0000
0.0000
0.0000
0.0000
0.0000
0.0000
0.0000
0.0000
0.0000
0.0000
0.0000
0.0000
0.0000
0.0000
0.0000
1221.4344
893.2907
1010.6108
825.0677
588.9204
626.1281
563.0356
639.1498
529.8157
337.9678
268.4196
407.7438
343.0690
0.0000
0.0000
0.0000
0.0000
0.0000
0.0000
0.0000
0.0000
0.0000
0.0000
0.0000
0.0000
0.0000
0.0000
0.0000
0.0000
0.0000
0.0000
0.0000
0.0000
0.0000
0.0000
0.0000
0.0000
0.0000
0.0000
0.0000
0.0000
0.0000
0.0000
0.0000
0.0000
0.0000
790.1904
1221.3737
869.6274
606.1760
774.3587
584.3738
389.9101
477.7010
385.3771
434.1762
0.0000
0.0000
378.5278
0.0000
0.0000
0.0000
0.0000
0.0000
0.0000
0.0000
0.0000
0.0000
0.0000
0.0000
0.0000
0.0000
0.0000
0.0000
0.0000
0.0000
0.0000
0.0000
0.0000
0.0000
0.0000
0.0000
0.0000
0.0000
0.0000
0.0000
0.0000
0.0000
0.0000
0.0000
0.0000
0.0000
0.0000
1093.6982
965.6848
765.9271
748.7432
393.2995
529.2478
341.9418
315.6857
324.7556
0.0000
0.0000
0.0000
0.0000
0.0000
0.0000
0.0000
0.0000
0.0000
0.0000
0.0000
0.0000
0.0000
0.0000
0.0000
0.0000
0.0000
0.0000
0.0000
0.0000
0.0000
0.0000
0.0000
0.0000
0.0000
0.0000
0.0000
0.0000
0.0000
0.0000
0.0000
0.0000
0.0000
0.0000
0.0000
0.0000
0.0000
0.0000
745.3944
553.4985
427.1982
364.4990
306.6324
354.4105
483.4185
300.1208
0.0000
0.0000
0.0000
0.0000
0.0000
0.0000
0.0000
0.0000
0.0000
0.0000
0.0000
0.0000
0.0000
0.0000
0.0000
0.0000
0.0000
0.0000
0.0000
0.0000
0.0000
0.0000
0.0000
0.0000
0.0000
0.0000
0.0000
0.0000
0.0000
0.0000
0.0000
0.0000
0.0000
0.0000
0.0000
0.0000
0.0000
0.0000
0.0000
602.8876
408.6239
389.2224
354.8434
654.2110
598.3030
525.6967
0.0000
0.0000
0.0000
0.0000
0.0000
0.0000
0.0000
0.0000
0.0000
0.0000
0.0000
0.0000
0.0000
0.0000
0.0000
0.0000
0.0000
0.0000
0.0000
0.0000
0.0000
0.0000
0.0000
0.0000
0.0000
0.0000
0.0000
0.0000
0.0000
0.0000
0.0000
0.0000
0.0000
0.0000
0.0000
0.0000
0.0000
0.0000
0.0000
601.2854
519.6555
655.7753
556.7943
880.5780
903.1387
554.7389
0.0000
0.0000
0.0000
0.0000
0.0000
0.0000
0.0000
0.0000
0.0000
0.0000
0.0000
0.0000
0.0000
0.0000
0.0000
0.0000
0.0000
0.0000
0.0000
0.0000
0.0000
0.0000
0.0000
0.0000
0.0000
0.0000
0.0000
0.0000
0.0000
0.0000
0.0000
0.0000
0.0000
0.0000
0.0000
0.0000
0.0000
0.0000
0.0000
0.0000
0.0000
555.1589
633.2003
1041.5640
818.7401
687.0098
0.0000
0.0000
0.0000
0.0000
0.0000
0.0000
0.0000
0.0000
0.0000
0.0000
0.0000
0.0000
0.0000
0.0000
0.0000
0.0000
0.0000
0.0000
0.0000
0.0000
0.0000
0.0000
0.0000
0.0000
0.0000
0.0000
0.0000
0.0000
0.0000
0.0000
0.0000
0.0000
0.0000
0.0000
0.0000
0.0000
0.0000
0.0000
0.0000
0.0000
0.0000
758.3836
792.0479
877.6714
721.9304
452.7279
0.0000
0.0000
0.0000
0.0000
0.0000
0.0000
0.0000
0.0000
0.0000
0.0000
0.0000
0.0000
0.0000
0.0000
0.0000
0.0000
0.0000
0.0000
0.0000
0.0000
0.0000
0.0000
0.0000
0.0000
0.0000
0.0000
0.0000
0.0000
0.0000
0.0000
0.0000
0.0000
0.0000
0.0000
0.0000
0.0000
0.0000
0.0000
0.0000
0.0000
0.0000
0.0000
1206.1088
698.7987
548.7562
438.0879
0.0000
0.0000
0.0000
0.0000
0.0000
0.0000
0.0000
0.0000
0.0000
0.0000
0.0000
0.0000
0.0000
0.0000
0.0000
0.0000
0.0000
0.0000
0.0000
0.0000
0.0000
0.0000
0.0000
0.0000
0.0000
0.0000
0.0000
0.0000
0.0000
0.0000
0.0000
0.0000
0.0000
0.0000
0.0000
0.0000
0.0000
0.0000
0.0000
0.0000
0.0000
0.0000
0.0000
1010.8188
611.4863
503.8077
0.0000
0.0000
0.0000
0.0000
0.0000
0.0000
0.0000
0.0000
0.0000
0.0000
0.0000
0.0000
0.0000
0.0000
0.0000
0.0000
0.0000
0.0000
0.0000
0.0000
0.0000
0.0000
0.0000
0.0000
0.0000
0.0000
0.0000
0.0000
0.0000
0.0000
0.0000
0.0000
0.0000
0.0000
0.0000
0.0000
0.0000
0.0000
0.0000
0.0000
0.0000
0.0000
0.0000
1119.0634
842.2465
755.3524
0.0000
0.0000
0.0000
0.0000
0.0000
0.0000
0.0000
0.0000
0.0000
0.0000
0.0000
0.0000
0.0000
0.0000
0.0000
0.0000
0.0000
0.0000
0.0000
0.0000
0.0000
0.0000
0.0000
0.0000
0.0000
0.0000
0.0000
0.0000
0.0000
0.0000
0.0000
0.0000
0.0000
0.0000
0.0000
0.0000
0.0000
0.0000
0.0000
0.0000
0.0000
0.0000
0.0000
0.0000
987.2316
839.3240
0.0000
0.0000
0.0000
0.0000
0.0000
0.0000
0.0000
0.0000
0.0000
0.0000
0.0000
0.0000
0.0000
0.0000
0.0000
0.0000
0.0000
0.0000
0.0000
0.0000
0.0000
0.0000
0.0000
0.0000
0.0000
0.0000
0.0000
0.0000
0.0000
0.0000
0.0000
0.0000
0.0000
0.0000
0.0000
0.0000
0.0000
0.0000
0.0000
0.0000
0.0000
0.0000
0.0000
0.0000
0.0000
0.0000
0.0000
0.0000
0.0000
0.0000
0.0000
0.0000
0.0000
0.0000
0.0000
0.0000
0.0000
0.0000
0.0000
0.0000
0.0000
0.0000
0.0000
0.0000
0.0000
0.0000
0.0000
0.0000
0.0000
0.0000
0.0000
0.0000
0.0000
0.0000
0.0000
0.0000
0.0000
0.0000
0.0000
0.0000
0.0000
0.0000
0.0000
0.0000
0.0000
0.0000
0.0000
0.0000
0.0000
0.0000
0.0000
0.0000
0.0000
0.0000
0.0000
0.0000
0.0000
0.0000
0.0000
0.0000
0.0000
0.0000
0.0000
0.0000
0.0000
0.0000
0.0000
0.0000
0.0000
0.0000
0.0000
0.0000
0.0000
0.0000
0.0000
0.0000
0.0000
0.0000
0.0000
0.0000
0.0000
0.0000
0.0000
0.0000
0.0000
0.0000
0.0000
0.0000
0.0000
0.0000
0.0000
0.0000
0.0000
0.0000
0.0000
0.0000
0.0000
0.0000
0.0000
0.0000
0.0000
0.0000
0.0000
0.0000
0.0000
0.0000
0.0000
0.0000
0.0000
0.0000
0.0000
0.0000
0.0000
0.0000
0.0000
0.0000
0.0000
0.0000
0.0000
0.0000
0.0000
0.0000
0.0000
0.0000
0.0000
0.0000
0.0000
0.0000
0.0000
0.0000
0.0000
0.0000
0.0000
0.0000
0.0000
0.0000
0.0000
0.0000
0.0000
0.0000
0.0000
0.0000
0.0000
0.0000
0.0000
0.0000
0.0000
0.0000
0.0000
0.0000
0.0000
0.0000
0.0000
0.0000
0.0000
0.0000
0.0000
0.0000
0.0000
0.0000
0.0000
0.0000
0.0000
0.0000
0.0000
0.0000
0.0000
0.0000
0.0000
0.0000
0.0000
0.0000
0.0000
0.0000
0.0000
0.0000
0.0000
0.0000
0.0000
0.0000
0.0000
0.0000
0.0000
0.0000
0.0000
0.0000
0.0000
0.0000
0.0000
0.0000
0.0000
0.0000
0.0000
0.0000
0.0000
0.0000
0.0000
0.0000
0.0000
0.0000
0.0000
0.0000
0.0000
0.0000
0.0000
0.0000
0.0000
0.0000
0.0000
0.0000
0.0000
0.0000
0.0000
0.0000
0.0000
0.0000
0.0000
0.0000
0.0000
0.0000
0.0000
0.0000
0.0000
0.0000
0.0000
0.0000
0.0000
0.0000
0.0000
0.0000
0.0000
0.0000
0.0000
0.0000
0.0000
0.0000
0.0000
0.0000
0.0000
0.0000
0.0000
0.0000
0.0000
0.0000
0.0000
0.0000
0.0000
0.0000
0.0000
0.0000
0.0000
0.0000
0.0000
0.0000
0.0000
0.0000
0.0000
0.0000
0.0000
0.0000
0.0000
0.0000
0.0000
0.0000
0.0000
0.0000
0.0000
0.0000
0.0000
0.0000
0.0000
0.0000
0.0000
0.0000
0.0000
0.0000
0.0000
0.0000
0.0000
0.0000
0.0000
0.0000
0.0000
0.0000
0.0000
0.0000
0.0000
0.0000
0.0000
0.0000
0.0000
0.0000
0.0000
0.0000
0.0000
0.0000
0.0000
0.0000
0.0000
0.0000
0.0000
0.0000
0.0000
0.0000
0.0000
0.0000
0.0000
0.0000
0.0000
0.0000
0.0000
0.0000
0.0000
0.0000
0.0000
0.0000
0.0000
0.0000
0.0000
0.0000
0.0000
0.0000
0.0000
0.0000
0.0000
0.0000
0.0000
0.0000
0.0000
0.0000
0.0000
0.0000
0.0000
0.0000
0.0000
0.0000
0.0000
0.0000
0.0000
0.0000
0.0000
0.0000
0.0000
0.0000
0.0000
0.0000
0.0000
0.0000
0.0000
0.0000
0.0000
0.0000
0.0000
0.0000
0.0000
0.0000
0.0000
0.0000
0.0000
0.0000
0.0000
0.0000
0.0000
0.0000
0.0000
0.0000
0.0000
0.0000
0.0000
0.0000
0.0000
0.0000
0.0000
0.0000
0.0000
0.0000
0.0000
0.0000
0.0000
0.0000
0.0000
0.0000
0.0000
0.0000
0.0000
0.0000
0.0000
0.0000
0.0000
0.0000
0.0000
0.0000
0.0000
0.0000
0.0000
0.0000
0.0000
0.0000
0.0000
0.0000
0.0000
0.0000
0.0000
0.0000
0.0000
0.0000
0.0000
0.0000
0.0000
0.0000
0.0000
0.0000
0.0000
0.0000
0.0000
0.0000
0.0000
0.0000
0.0000
0.0000
0.0000
0.0000
0.0000
0.0000
0.0000
0.0000
0.0000
0.0000
0.0000
0.0000
0.0000
0.0000
0.0000
0.0000
0.0000
0.0000
0.0000
0.0000
0.0000
0.0000
0.0000
0.0000
0.0000
0.0000
0.0000
0.0000
0.0000
0.0000
0.0000
0.0000
0.0000
0.0000
0.0000
0.0000
0.0000
0.0000
0.0000
0.0000
0.0000
0.0000
0.0000
0.0000
0.0000
0.0000
0.0000
0.0000
0.0000
0.0000
0.0000
0.0000
0.0000
0.0000
0.0000
0.0000
0.0000
0.0000
0.0000
0.0000
0.0000
0.0000
0.0000
0.0000
0.0000
0.0000
0.0000
0.0000
0.0000
0.0000
0.0000
0.0000
0.0000
0.0000
0.0000
0.0000
0.0000
0.0000
0.0000
0.0000
0.0000
0.0000
0.0000
0.0000
0.0000
0.0000
0.0000
0.0000
0.0000
0.0000
0.0000
0.0000
0.0000
0.0000
0.0000
0.0000
0.0000
0.0000
0.0000
0.0000
0.0000
0.0000
0.0000
0.0000
0.0000
0.0000
0.0000
0.0000
0.0000
0.0000
0.0000
0.0000
0.0000
0.0000
0.0000
0.0000
0.0000
0.0000
0.0000
0.0000
0.0000
0.0000
0.0000
0.0000
0.0000
0.0000
0.0000
0.0000
0.0000
0.0000
0.0000
0.0000
0.0000
0.0000
0.0000
0.0000
0.0000
0.0000
0.0000
0.0000
0.0000
0.0000
0.0000
0.0000
0.0000
0.0000
0.0000
0.0000
0.0000
0.0000
0.0000
0.0000
0.0000
0.0000
0.0000
0.0000
0.0000
0.0000
0.0000
0.0000
0.0000
0.0000
0.0000
0.0000
0.0000
0.0000
0.0000
0.0000
0.0000
0.0000
0.0000
0.0000
0.0000
0.0000
0.0000
0.0000
0.0000
0.0000
0.0000
0.0000
0.0000
0.0000
0.0000
0.0000
0.0000
0.0000
0.0000
0.0000
0.0000
0.0000
0.0000
0.0000
0.0000
0.0000
0.0000
0.0000
0.0000
0.0000
0.0000
0.0000
0.0000
0.0000
0.0000
0.0000
0.0000
0.0000
0.0000
0.0000
0.0000
0.0000
0.0000
0.0000
0.0000
0.0000
0.0000
0.0000
0.0000
0.0000
0.0000
0.0000
0.0000
0.0000
0.0000
0.0000
0.0000
0.0000
0.0000
0.0000
0.0000
0.0000
0.0000
0.0000
0.0000
0.0000
0.0000
0.0000
0.0000
0.0000
0.0000
0.0000
0.0000
0.0000
0.0000
0.0000
0.0000
0.0000
0.0000
0.0000
0.0000
0.0000
0.0000
0.0000
0.0000
0.0000
0.0000
0.0000
0.0000
0.0000
0.0000
0.0000
0.0000
0.0000
0.0000
0.0000
0.0000
0.0000
0.0000
0.0000
0.0000
0.0000
0.0000
0.0000
0.0000
0.0000
0.0000
0.0000
0.0000
0.0000
0.0000
0.0000
0.0000
0.0000
0.0000
0.0000
0.0000
0.0000
0.0000
0.0000
0.0000
0.0000
0.0000
0.0000
0.0000
0.0000
0.0000
0.0000
0.0000
0.0000
0.0000
0.0000
0.0000
0.0000
0.0000
0.0000
0.0000
0.0000
0.0000
0.0000
0.0000
0.0000
0.0000
0.0000
0.0000
0.0000
0.0000
0.0000
0.0000
0.0000
0.0000
0.0000
0.0000
0.0000
0.0000
0.0000
0.0000
0.0000
0.0000
0.0000
0.0000
0.0000
0.0000
0.0000
0.0000
0.0000
0.0000
0.0000
0.0000
0.0000
0.0000
0.0000
0.0000
0.0000
0.0000
0.0000
0.0000
0.0000
0.0000
0.0000
0.0000
0.0000
0.0000
0.0000
0.0000
0.0000
0.0000
0.0000
0.0000
0.0000
0.0000
0.0000
0.0000
0.0000
0.0000
0.0000
0.0000
0.0000
0.0000
0.0000
0.0000
0.0000
0.0000
0.0000
0.0000
0.0000
0.0000
0.0000
0.0000
0.0000
0.0000
0.0000
0.0000
0.0000
0.0000
0.0000
0.0000
0.0000
0.0000
0.0000
0.0000
0.0000
0.0000
0.0000
0.0000
0.0000
0.0000
0.0000
0.0000
0.0000
0.0000
0.0000
0.0000
0.0000
0.0000
0.0000
0.0000
0.0000
0.0000
0.0000
0.0000
0.0000
0.0000
0.0000
0.0000
0.0000
0.0000
0.0000
0.0000
0.0000
0.0000
0.0000
0.0000
0.0000
0.0000
0.0000
0.0000
0.0000
0.0000
0.0000
0.0000
0.0000
0.0000
0.0000
0.0000
0.0000
0.0000
0.0000
0.0000
0.0000
0.0000
0.0000
0.0000
0.0000
0.0000
0.0000
0.0000
0.0000
0.0000
0.0000
0.0000
0.0000
0.0000
0.0000
0.0000
0.0000
0.0000
0.0000
0.0000
0.0000
0.0000
0.0000
0.0000
0.0000
0.0000
0.0000
0.0000
0.0000
0.0000
0.0000
0.0000
0.0000
0.0000
0.0000
0.0000
0.0000
0.0000
0.0000
0.0000
0.0000
0.0000
0.0000
0.0000
0.0000
0.0000
0.0000
0.0000
0.0000
0.0000
0.0000
0.0000
0.0000
0.0000
0.0000
0.0000
0.0000
0.0000
0.0000
0.0000
0.0000
0.0000
0.0000
0.0000
0.0000
0.0000
0.0000
0.0000
0.0000
0.0000
0.0000
0.0000
0.0000
0.0000
0.0000
0.0000
0.0000
0.0000
0.0000
0.0000
0.0000
0.0000
0.0000
0.0000
0.0000
0.0000
0.0000
0.0000
0.0000
0.0000
0.0000
0.0000
0.0000
0.0000
0.0000
0.0000
0.0000
0.0000
0.0000
0.0000
0.0000
0.0000
0.0000
0.0000
0.0000
0.0000
0.0000
0.0000
0.0000
0.0000
0.0000
0.0000
0.0000
0.0000
0.0000
0.0000
0.0000
0.0000
0.0000
0.0000
0.0000
0.0000
0.0000
0.0000
0.0000
0.0000
0.0000
0.0000
0.0000
0.0000
0.0000
0.0000
0.0000
0.0000
0.0000
0.0000
0.0000
0.0000
0.0000
0.0000
0.0000
0.0000
0.0000
0.0000
0.0000
0.0000
0.0000
0.0000
0.0000
0.0000
0.0000
0.0000
71.9362
88.1615
92.5373
136.1168
153.6276
196.4423
172.1981
139.4946
203.3891
187.6643
185.3127
225.0267
429.7593
830.6884
447.4344
223.0321
195.5444
88.7081
93.0336
83.7891
65.3767
98.1646
137.9135
113.7369
0.0000
0.0000
0.0000
0.0000
0.0000
0.0000
0.0000
0.0000
0.0000
0.0000
0.0000
0.0000
0.0000
0.0000
0.0000
0.0000
0.0000
0.0000
0.0000
0.0000
0.0000
0.0000
68.9514
103.0452
117.8921
137.0401
171.6347
228.4860
123.2626
118.0129
126.4604
158.3364
172.6244
245.5284
449.5130
482.4881
426.1067
321.6987
162.3446
169.8802
106.9901
109.1440
90.2917
87.9230
120.7337
128.9853
0.0000
0.0000
0.0000
0.0000
0.0000
0.0000
0.0000
0.0000
0.0000
0.0000
0.0000
0.0000
0.0000
0.0000
0.0000
0.0000
0.0000
0.0000
0.0000
0.0000
0.0000
0.0000
61.1924
99.8745
135.4048
113.3493
191.2133
172.6284
129.4640
87.9866
99.2393
141.6895
186.8721
305.3222
423.5547
655.5852
515.6923
349.8379
186.2334
166.2348
188.0288
167.0645
148.0836
160.3964
80.6542
78.2960
0.0000
0.0000
0.0000
0.0000
0.0000
0.0000
0.0000
0.0000
0.0000
0.0000
0.0000
0.0000
0.0000
0.0000
0.0000
0.0000
0.0000
0.0000
0.0000
0.0000
0.0000
0.0000
81.2609
73.7539
134.5941
144.5176
187.3255
176.2524
160.5642
96.8092
111.9762
149.9591
211.3364
286.1555
382.9474
383.0706
397.7782
312.2876
257.0499
216.2516
249.2970
221.1379
218.7030
198.3742
104.7223
100.5105
0.0000
0.0000
0.0000
0.0000
0.0000
0.0000
0.0000
0.0000
0.0000
0.0000
0.0000
0.0000
0.0000
0.0000
0.0000
0.0000
0.0000
0.0000
0.0000
0.0000
0.0000
0.0000
73.1429
113.9783
91.3200
85.9535
98.3651
122.9578
127.4059
177.4437
184.9512
155.5815
190.6777
190.6242
199.1219
265.9479
347.2200
300.6909
208.8923
204.5547
213.0684
358.3366
276.9023
249.9659
227.6546
164.1796
0.0000
0.0000
0.0000
0.0000
0.0000
0.0000
0.0000
0.0000
0.0000
0.0000
0.0000
0.0000
0.0000
0.0000
0.0000
0.0000
0.0000
0.0000
0.0000
0.0000
0.0000
0.0000
110.8508
119.2058
87.5953
100.0297
72.9554
72.8720
95.9924
101.1237
105.9821
156.7426
144.3199
116.1114
209.9565
247.9790
292.7874
223.7717
197.5477
289.6745
239.5552
282.1503
269.5875
259.5161
244.5709
147.3142
0.0000
0.0000
0.0000
0.0000
0.0000
0.0000
0.0000
0.0000
0.0000
0.0000
0.0000
0.0000
0.0000
0.0000
0.0000
0.0000
0.0000
0.0000
0.0000
0.0000
0.0000
0.0000
117.1452
80.0075
60.2669
76.4459
127.7270
72.4410
99.9393
100.3842
101.3628
123.3756
129.9182
125.3665
138.0814
188.2280
208.2814
244.9481
325.8322
353.8565
354.2503
272.8127
219.9220
187.8355
181.0968
278.6801
0.0000
0.0000
0.0000
0.0000
0.0000
0.0000
0.0000
0.0000
0.0000
0.0000
0.0000
0.0000
0.0000
0.0000
0.0000
0.0000
0.0000
0.0000
0.0000
0.0000
0.0000
0.0000
89.4332
74.5907
77.0572
82.8407
81.7788
89.1067
105.8949
102.1779
71.4590
77.7245
92.7684
116.9734
168.6994
175.1984
159.9138
236.1452
264.0234
242.6362
424.1682
283.3032
339.5817
228.1613
271.5796
199.4002
0.0000
0.0000
0.0000
0.0000
0.0000
0.0000
0.0000
0.0000
0.0000
0.0000
0.0000
0.0000
0.0000
0.0000
0.0000
0.0000
0.0000
0.0000
0.0000
0.0000
0.0000
0.0000
96.8346
80.8159
70.5963
90.7447
68.0723
62.0599
102.6126
117.2300
60.4063
99.2989
92.5889
115.6064
153.1275
129.0285
118.2774
129.8412
177.8469
258.6491
346.6876
311.9785
348.7061
311.5202
193.1852
180.4904
0.0000
0.0000
0.0000
0.0000
0.0000
0.0000
0.0000
0.0000
0.0000
0.0000
0.0000
0.0000
0.0000
0.0000
0.0000
0.0000
0.0000
0.0000
0.0000
0.0000
0.0000
0.0000
78.4353
82.3511
84.3214
96.5847
80.9253
74.8674
125.4035
62.9449
94.7136
124.4312
117.4134
114.9437
159.1156
132.7433
117.1442
107.4238
162.1820
249.0807
208.5741
254.0602
386.4036
271.6417
214.4506
154.8396
0.0000
0.0000
0.0000
0.0000
0.0000
0.0000
0.0000
0.0000
0.0000
0.0000
0.0000
0.0000
0.0000
0.0000
0.0000
0.0000
0.0000
0.0000
0.0000
0.0000
0.0000
0.0000
71.3287
82.1675
75.4738
55.5991
85.2434
101.5310
112.3575
79.1964
115.9118
185.2352
125.8059
115.6115
90.1077
97.5144
105.5715
135.1652
144.5708
157.0623
221.1275
387.1807
199.4674
210.9942
152.4937
245.2040
0.0000
0.0000
0.0000
0.0000
0.0000
0.0000
0.0000
0.0000
0.0000
0.0000
0.0000
0.0000
0.0000
0.0000
0.0000
0.0000
0.0000
0.0000
0.0000
0.0000
0.0000
0.0000
132.8849
121.4737
71.9107
61.7564
62.9602
81.5332
77.3181
117.7278
105.4102
135.2786
138.4029
102.6747
105.7801
100.6607
93.6509
139.9558
121.1462
255.9137
233.0299
244.3779
187.0031
143.8247
215.5769
219.7083
0.0000
0.0000
0.0000
0.0000
0.0000
0.0000
0.0000
0.0000
0.0000
0.0000
0.0000
0.0000
0.0000
0.0000
0.0000
0.0000
0.0000
0.0000
0.0000
0.0000
0.0000
0.0000
136.7421
110.0159
66.8691
78.0528
83.0608
123.3533
83.7083
101.0292
126.3284
76.9871
92.2936
71.0374
145.3544
86.9734
125.6528
168.7517
173.8533
190.8256
226.3726
206.4965
247.5818
219.8754
236.3929
209.4364
0.0000
0.0000
0.0000
0.0000
0.0000
0.0000
0.0000
0.0000
0.0000
0.0000
0.0000
0.0000
0.0000
0.0000
0.0000
0.0000
0.0000
0.0000
0.0000
0.0000
0.0000
0.0000
111.0257
104.4619
99.3573
80.5909
77.8860
98.0968
89.1533
106.2268
126.2815
93.3281
100.1454
108.4399
114.6701
121.0589
103.7517
136.8205
148.8900
203.6903
161.8277
190.8075
267.0752
208.6023
247.6346
186.2018
0.0000
0.0000
0.0000
0.0000
0.0000
0.0000
0.0000
0.0000
0.0000
0.0000
0.0000
0.0000
0.0000
0.0000
0.0000
0.0000
0.0000
0.0000
0.0000
0.0000
0.0000
0.0000
109.6203
99.6611
98.6136
103.4817
93.5736
99.5796
64.8142
81.3917
121.8639
107.0139
120.6367
144.9939
97.0876
111.2500
107.5603
110.1035
144.0411
158.7606
198.7452
226.5611
241.4512
206.4695
193.5848
173.4266
0.0000
0.0000
0.0000
0.0000
0.0000
0.0000
0.0000
0.0000
0.0000
0.0000
0.0000
0.0000
0.0000
0.0000
0.0000
0.0000
0.0000
0.0000
0.0000
0.0000
0.0000
0.0000
86.9860
87.3545
91.7488
128.9368
139.4304
111.2656
94.0605
106.9899
75.2216
116.1383
87.4114
96.1200
101.9829
64.6902
81.9630
81.9379
122.6089
140.3288
164.1353
182.9573
171.2707
126.5746
185.9116
131.1398
0.0000
0.0000
0.0000
0.0000
0.0000
0.0000
0.0000
0.0000
0.0000
0.0000
0.0000
0.0000
0.0000
0.0000
0.0000
0.0000
0.0000
0.0000
0.0000
0.0000
0.0000
0.0000
112.4482
91.2345
131.2698
96.0842
104.8981
84.5968
98.2545
98.4126
97.6702
93.1714
79.7027
84.2887
66.4184
65.5033
78.9767
82.6719
101.1989
126.3694
142.8668
181.5969
148.2530
154.4919
153.9414
98.2988
0.0000
0.0000
0.0000
0.0000
0.0000
0.0000
0.0000
0.0000
0.0000
0.0000
0.0000
0.0000
0.0000
0.0000
0.0000
0.0000
0.0000
0.0000
0.0000
0.0000
0.0000
0.0000
199.9400
118.5158
101.2847
151.1371
136.9594
66.8549
87.8320
98.6970
82.6383
64.5961
79.3100
71.2903
66.9984
69.5985
87.3531
91.9253
140.4278
117.1433
155.5599
146.0186
137.8620
180.1879
196.9655
93.8270
0.0000
0.0000
0.0000
0.0000
0.0000
0.0000
0.0000
0.0000
0.0000
0.0000
0.0000
0.0000
0.0000
0.0000
0.0000
0.0000
0.0000
0.0000
0.0000
0.0000
0.0000
0.0000
121.3462
106.2980
97.0412
116.5927
119.9362
90.0862
93.6486
88.2087
71.0922
81.9836
49.0329
39.0922
65.8198
44.3017
73.0056
73.6323
124.1703
206.0831
154.4950
159.8302
211.4914
159.2305
120.5473
140.8625
0.0000
0.0000
0.0000
0.0000
0.0000
0.0000
0.0000
0.0000
0.0000
0.0000
0.0000
0.0000
0.0000
0.0000
0.0000
0.0000
0.0000
0.0000
0.0000
0.0000
0.0000
0.0000
86.7758
67.6949
68.6418
104.4510
125.9289
109.6048
89.5295
110.1696
86.8867
94.3672
49.9807
32.1965
34.6217
48.8575
62.1334
83.9076
115.0124
218.6434
171.3247
241.1161
166.1001
113.2348
140.0240
110.4466
0.0000
0.0000
0.0000
0.0000
0.0000
0.0000
0.0000
0.0000
0.0000
0.0000
0.0000
0.0000
0.0000
0.0000
0.0000
0.0000
0.0000
0.0000
0.0000
0.0000
0.0000
0.0000
108.4321
67.8227
68.8671
164.2723
145.7112
100.2621
82.4399
71.1827
66.5519
60.4558
42.4524
42.4731
47.6850
46.4868
61.5595
95.7913
168.2742
156.9367
171.2206
177.7372
174.5213
102.8922
128.3525
102.4539
0.0000
0.0000
0.0000
0.0000
0.0000
0.0000
0.0000
0.0000
0.0000
0.0000
0.0000
0.0000
0.0000
0.0000
0.0000
0.0000
0.0000
0.0000
0.0000
0.0000
0.0000
0.0000
97.0994
84.9548
84.2949
153.8286
131.4530
84.8204
78.3974
47.4144
54.6640
46.5889
49.1164
50.7143
56.4392
46.9317
53.4734
83.5327
118.6167
200.1875
211.5418
204.9355
143.5378
125.6841
156.7313
126.1589
0.0000
0.0000
0.0000
0.0000
0.0000
0.0000
0.0000
0.0000
0.0000
0.0000
0.0000
0.0000
0.0000
0.0000
0.0000
0.0000
0.0000
0.0000
0.0000
0.0000
0.0000
0.0000
78.4951
68.1237
96.1686
140.5883
124.2391
115.6280
104.4842
67.2626
60.8715
55.0052
61.2473
47.3484
61.6520
60.8982
48.1525
56.3844
82.8463
124.4651
144.5211
192.1249
154.8604
141.6563
168.5526
116.2256
0.0000
0.0000
0.0000
0.0000
0.0000
0.0000
0.0000
0.0000
0.0000
0.0000
0.0000
0.0000
0.0000
0.0000
0.0000
0.0000
0.0000
0.0000
0.0000
0.0000
0.0000
0.0000
81.8075
99.5523
141.1701
142.5775
160.3515
133.0175
94.5519
78.0417
59.6992
54.5225
68.8986
57.8645
45.1408
77.6327
73.4123
98.9129
160.1206
128.0010
97.4707
144.4925
128.7735
157.9767
200.5216
117.6755
0.0000
0.0000
0.0000
0.0000
0.0000
0.0000
0.0000
0.0000
0.0000
0.0000
0.0000
0.0000
0.0000
0.0000
0.0000
0.0000
0.0000
0.0000
0.0000
0.0000
0.0000
0.0000
69.8864
92.7039
145.0343
108.9602
103.8060
129.2304
106.2188
74.1364
64.3493
63.0819
69.8609
68.0371
61.8538
69.4291
98.9567
126.0357
95.4055
110.5365
100.2131
122.0271
129.2969
141.5363
130.7301
117.0693
0.0000
0.0000
0.0000
0.0000
0.0000
0.0000
0.0000
0.0000
0.0000
0.0000
0.0000
0.0000
0.0000
0.0000
0.0000
0.0000
0.0000
0.0000
0.0000
0.0000
0.0000
0.0000
58.6805
82.4372
113.1843
88.2440
116.9231
124.1308
115.4854
101.1905
107.4421
69.0832
63.7827
81.3630
70.1820
92.2506
101.1981
86.4050
81.8099
81.9188
83.8560
86.4320
86.3018
116.2843
100.0571
79.4791
0.0000
0.0000
0.0000
0.0000
0.0000
0.0000
0.0000
0.0000
0.0000
0.0000
0.0000
0.0000
0.0000
0.0000
0.0000
0.0000
0.0000
0.0000
0.0000
0.0000
0.0000
0.0000
70.0728
99.0031
84.2228
84.7765
133.5198
156.8063
171.1255
162.3890
151.1724
114.9025
91.7655
103.3218
97.5432
103.8813
122.1976
97.3942
104.5220
96.1165
77.5963
78.0885
59.9795
83.1577
109.1930
58.7608
0.0000
0.0000
0.0000
0.0000
0.0000
0.0000
0.0000
0.0000
0.0000
0.0000
0.0000
0.0000
0.0000
0.0000
0.0000
0.0000
0.0000
0.0000
0.0000
0.0000
0.0000
0.0000
79.8695
102.1507
122.3376
223.0519
218.1164
214.5122
205.5731
232.8790
183.2073
146.1999
150.0310
131.0049
115.3209
112.5744
92.9484
128.5523
106.0210
90.3196
114.2810
64.1119
57.1401
65.6853
88.4147
40.7886
0.0000
0.0000
0.0000
0.0000
0.0000
0.0000
0.0000
0.0000
0.0000
0.0000
0.0000
0.0000
0.0000
0.0000
0.0000
0.0000
0.0000
0.0000
0.0000
0.0000
0.0000
0.0000
89.5029
131.1933
188.5834
234.7844
221.2977
180.4198
149.0534
257.5414
208.3899
196.8157
203.6925
146.0978
144.3379
160.1897
131.0816
80.3815
162.2849
118.9507
75.3539
64.5022
44.0176
57.2693
81.8395
49.9343
0.0000
0.0000
0.0000
0.0000
0.0000
0.0000
0.0000
0.0000
0.0000
0.0000
0.0000
0.0000
0.0000
0.0000
0.0000
0.0000
0.0000
0.0000
0.0000
0.0000
0.0000
0.0000
96.1235
143.1101
189.3284
247.1185
290.6295
220.9751
199.4008
238.1908
263.4675
222.3681
177.6963
170.8993
248.8608
212.9471
116.8566
105.5425
105.1592
104.8425
69.5611
57.1729
47.9244
56.2636
36.4571
55.3916
0.0000
0.0000
0.0000
0.0000
0.0000
0.0000
0.0000
0.0000
0.0000
0.0000
0.0000
0.0000
0.0000
0.0000
0.0000
0.0000
0.0000
0.0000
0.0000
0.0000
0.0000
0.0000
54.5421
95.3745
123.6011
186.5295
314.9894
203.2750
206.5923
257.5117
206.5278
260.6644
200.6219
187.6521
275.4746
349.4612
262.2257
170.3727
89.3530
83.3854
52.1415
44.0468
33.9615
44.4496
34.4723
25.7103
0.0000
0.0000
0.0000
0.0000
0.0000
0.0000
0.0000
0.0000
0.0000
0.0000
0.0000
0.0000
0.0000
0.0000
0.0000
0.0000
0.0000
0.0000
0.0000
0.0000
0.0000
0.0000
46.9769
67.7737
109.8066
137.8422
191.0702
210.4662
234.5833
215.9592
236.8038
299.9455
266.7154
257.5538
226.2497
170.8070
168.4977
156.0512
82.5971
66.6800
41.8008
36.9986
32.9333
27.1105
19.1777
24.1732
0.0000
0.0000
0.0000
0.0000
0.0000
0.0000
0.0000
0.0000
0.0000
0.0000
0.0000
0.0000
0.0000
0.0000
0.0000
0.0000
0.0000
0.0000
0.0000
0.0000
0.0000
0.0000
55.7937
58.8395
77.6963
99.8251
158.4783
213.8335
180.6434
192.9277
196.1095
181.3728
258.2837
226.5215
172.0437
144.6727
125.3589
69.4018
64.8241
63.9962
43.3976
29.8577
19.2153
19.8937
17.7033
22.0157
0.0000
0.0000
0.0000
0.0000
0.0000
0.0000
0.0000
0.0000
0.0000
0.0000
0.0000
0.0000
0.0000
0.0000
0.0000
0.0000
0.0000
0.0000
0.0000
0.0000
0.0000
0.0000
81.4363
68.8825
104.5061
121.2563
167.5393
214.8878
160.3527
144.6979
189.1299
199.7730
242.6057
187.4570
123.1920
108.3800
58.8595
40.3956
38.0883
47.9650
28.7058
19.4046
12.4436
9.8083
10.0491
14.6200
0.0000
0.0000
0.0000
0.0000
0.0000
0.0000
0.0000
0.0000
0.0000
0.0000
0.0000
0.0000
0.0000
0.0000
0.0000
0.0000
0.0000
0.0000
0.0000
0.0000
0.0000
0.0000
50.9102
74.3514
125.6641
137.1089
205.7144
160.3010
153.9566
154.6948
173.0593
168.2503
102.0209
148.8372
117.0202
95.2520
76.4590
46.0089
41.5060
36.4303
38.8474
23.3225
13.0650
11.4307
14.6097
12.0786
0.0000
0.0000
0.0000
0.0000
0.0000
0.0000
0.0000
0.0000
0.0000
0.0000
0.0000
0.0000
0.0000
0.0000
0.0000
0.0000
0.0000
0.0000
0.0000
0.0000
0.0000
0.0000
32.9112
65.4897
118.8695
106.7795
157.6053
131.6730
199.7536
173.2156
179.9834
167.2763
122.4042
113.8680
70.2362
79.7379
81.5501
62.0698
33.3403
48.5352
37.4254
19.2970
17.8516
20.5182
22.3754
23.8740
0.0000
0.0000
0.0000
0.0000
0.0000
0.0000
0.0000
0.0000
0.0000
0.0000
0.0000
0.0000
0.0000
0.0000
0.0000
0.0000
0.0000
0.0000
0.0000
0.0000
0.0000
0.0000
37.9734
83.4573
97.3552
116.0937
148.0914
148.1599
156.8956
180.0843
161.3955
149.1380
109.3493
126.3874
82.3811
116.3599
117.7580
50.5128
38.6334
61.5422
35.0172
30.0828
20.4574
19.8094
22.9706
23.5175
0.0000
0.0000
0.0000
0.0000
0.0000
0.0000
0.0000
0.0000
0.0000
0.0000
0.0000
0.0000
0.0000
0.0000
0.0000
0.0000
0.0000
0.0000
0.0000
0.0000
0.0000
0.0000
45.0187
62.3157
106.6394
172.8199
138.2696
107.2810
104.7138
102.3560
115.0681
153.4725
162.2187
113.2663
95.6714
106.5252
131.5221
52.9119
27.9758
31.2989
28.3002
34.4687
19.6466
20.3313
25.0756
30.4683
0.0000
0.0000
0.0000
0.0000
0.0000
0.0000
0.0000
0.0000
0.0000
0.0000
0.0000
0.0000
0.0000
0.0000
0.0000
0.0000
0.0000
0.0000
0.0000
0.0000
0.0000
0.0000
66.7105
76.2448
97.1001
68.5741
79.5786
80.2713
76.9311
61.9864
95.2586
142.4639
148.6383
139.6257
89.2209
118.4349
88.0671
62.7744
53.0030
31.0045
41.8135
46.6309
39.7660
44.7001
32.4862
50.7911
0.0000
0.0000
0.0000
0.0000
0.0000
0.0000
0.0000
0.0000
0.0000
0.0000
0.0000
0.0000
0.0000
0.0000
0.0000
0.0000
0.0000
0.0000
0.0000
0.0000
0.0000
0.0000
77.0185
81.8019
51.0718
57.4732
39.1574
45.6837
59.4544
115.5749
122.1608
134.1278
173.0122
177.1810
162.1852
111.1347
112.7542
66.5223
63.1753
54.3587
61.3819
62.1060
54.2588
60.4635
73.1705
71.8332
63.4548
0.0000
0.0000
0.0000
0.0000
0.0000
0.0000
0.0000
0.0000
0.0000
0.0000
0.0000
0.0000
0.0000
0.0000
0.0000
0.0000
0.0000
0.0000
0.0000
0.0000
0.0000
72.0376
83.3200
56.7293
52.0903
31.9449
62.5935
85.0528
70.6770
74.4962
82.6290
123.1983
200.6141
148.6325
87.5190
106.3378
98.1119
70.6411
48.1187
62.9752
99.9278
107.4687
68.9202
94.6222
103.1098
91.9331
0.0000
0.0000
0.0000
0.0000
0.0000
0.0000
0.0000
0.0000
0.0000
0.0000
0.0000
0.0000
0.0000
0.0000
0.0000
0.0000
0.0000
0.0000
0.0000
0.0000
0.0000
52.4118
57.6387
48.9659
41.0025
29.3355
29.0331
40.6648
49.9568
59.9313
85.2690
69.6801
115.9692
89.9653
104.2202
141.3265
106.5968
92.2331
60.5169
59.8835
63.0325
75.6482
80.4044
95.6100
134.3188
135.3507
164.6026
0.0000
0.0000
0.0000
0.0000
0.0000
0.0000
0.0000
0.0000
0.0000
0.0000
0.0000
0.0000
0.0000
0.0000
0.0000
0.0000
0.0000
0.0000
0.0000
0.0000
24.9497
25.8616
44.6305
33.9894
33.5049
30.5880
27.4783
36.4257
37.8997
72.8903
78.6325
87.1412
81.3477
79.1618
125.3506
118.3071
107.5346
93.0585
67.2152
36.5733
53.6288
54.2489
76.7368
169.1538
244.6734
105.3324
100.3146
0.0000
0.0000
0.0000
0.0000
0.0000
0.0000
0.0000
0.0000
0.0000
0.0000
0.0000
0.0000
0.0000
0.0000
0.0000
0.0000
0.0000
0.0000
0.0000
25.5270
22.9897
34.8098
31.3949
27.0211
21.1391
33.4201
33.6972
28.4361
42.9267
80.8504
89.4072
82.0911
72.3842
92.6928
81.4768
89.9653
64.1383
61.3002
83.3477
75.4942
75.8369
118.7929
144.5275
147.4205
99.3921
95.3525
70.5977
0.0000
0.0000
0.0000
0.0000
0.0000
0.0000
0.0000
0.0000
0.0000
0.0000
0.0000
0.0000
0.0000
0.0000
0.0000
0.0000
0.0000
0.0000
14.6265
20.8220
31.3483
31.4225
41.5594
39.7559
31.2298
30.0622
41.7626
33.8021
69.3484
69.1212
111.0281
161.9998
122.2161
75.6307
67.1675
80.9699
76.8322
77.8391
53.8348
78.9311
90.3364
125.8482
131.4520
70.8039
118.7207
75.8523
0.0000
0.0000
0.0000
0.0000
0.0000
0.0000
0.0000
0.0000
0.0000
0.0000
0.0000
0.0000
0.0000
0.0000
0.0000
0.0000
0.0000
0.0000
9.2613
14.3078
26.2341
35.7646
36.8866
46.3272
28.0329
33.3948
40.5316
52.6810
49.5787
60.6252
81.6856
112.9549
109.0686
65.4786
69.5880
66.0255
58.3518
68.9598
61.9115
71.4439
81.1307
94.1742
119.1959
121.2231
152.1832
133.3127
56.7565
0.0000
0.0000
0.0000
0.0000
0.0000
0.0000
0.0000
0.0000
0.0000
0.0000
0.0000
0.0000
0.0000
0.0000
0.0000
0.0000
0.0000
17.3700
19.1045
25.9785
29.1477
35.2275
39.2767
47.5428
55.8275
47.8227
50.9474
47.2011
67.1184
67.4273
86.1748
67.4711
47.8674
51.6826
60.0922
48.9238
40.8410
68.9012
90.0372
101.9050
99.6411
151.3449
115.6115
96.7445
104.8352
83.1542
0.0000
0.0000
0.0000
0.0000
0.0000
0.0000
0.0000
0.0000
0.0000
0.0000
0.0000
0.0000
0.0000
0.0000
0.0000
0.0000
0.0000
16.4784
27.9930
20.9472
28.7092
36.6575
46.0819
47.5459
61.2283
60.2115
58.5573
51.1575
58.8536
67.2867
95.3626
67.8997
55.8973
50.3779
55.1756
53.1780
59.9161
58.4049
96.4771
114.3729
100.0581
118.7874
148.3309
136.8102
126.5645
97.7274
88.2928
0.0000
0.0000
0.0000
0.0000
0.0000
0.0000
0.0000
0.0000
0.0000
0.0000
0.0000
0.0000
0.0000
0.0000
0.0000
0.0000
25.3401
27.3899
23.6578
26.8665
33.0198
45.3124
63.0549
55.2115
55.5863
69.4050
72.0552
68.5403
75.9156
105.2517
78.0865
63.8888
56.8208
50.8176
52.7060
55.6577
73.4944
77.8275
93.8059
82.1381
131.9974
118.6429
148.1071
126.6657
85.9901
128.0939
63.2369
0.0000
0.0000
0.0000
0.0000
0.0000
0.0000
0.0000
0.0000
0.0000
0.0000
0.0000
0.0000
0.0000
0.0000
0.0000
26.9686
21.5202
23.3609
43.4027
45.4680
53.0151
79.4481
58.4339
55.1307
66.7494
64.9713
75.6090
93.8216
111.2002
80.4768
60.6026
67.1509
60.7696
51.2854
55.2405
56.2502
70.9757
86.9035
114.4985
124.8299
94.5095
109.7337
115.3406
107.5284
93.9486
84.1764
75.3223
0.0000
0.0000
0.0000
0.0000
0.0000
0.0000
0.0000
0.0000
0.0000
0.0000
0.0000
0.0000
0.0000
0.0000
25.4469
22.9504
30.1733
48.5820
74.8197
77.1625
78.1667
56.3494
68.7588
65.3824
104.0193
118.5341
135.5802
93.1181
67.7330
54.5157
77.8868
54.8198
48.0715
83.5575
87.0767
127.0652
96.1422
106.4126
119.7788
123.3726
85.2475
72.8198
93.1038
104.5525
102.0168
71.8510
84.9511
0.0000
0.0000
0.0000
0.0000
0.0000
0.0000
0.0000
0.0000
0.0000
0.0000
0.0000
0.0000
0.0000
27.4941
33.5769
49.6827
62.6454
56.4999
88.7326
64.6528
66.3029
104.5209
89.2244
103.8783
115.9439
119.1864
93.2079
79.1596
53.1430
46.7736
53.6194
58.9537
78.6953
110.2641
137.6799
114.5462
104.4673
85.2340
100.6721
59.1024
50.1307
76.0080
70.6867
93.5878
78.5812
87.9587
0.0000
0.0000
0.0000
0.0000
0.0000
0.0000
0.0000
0.0000
0.0000
0.0000
0.0000
0.0000
0.0000
47.9997
50.2494
62.0617
58.9244
108.7620
128.9751
107.9311
64.9968
84.3945
73.1908
97.3004
105.5014
115.8173
111.8887
96.2491
65.7729
58.7632
45.0660
47.7944
84.2029
106.7663
97.1441
79.1564
83.1629
59.8437
68.0014
48.9128
45.9415
51.1368
62.7442
56.2395
62.5158
92.8549
55.3647
0.0000
0.0000
0.0000
0.0000
0.0000
0.0000
0.0000
0.0000
0.0000
0.0000
0.0000
0.0000
55.7649
73.2544
70.8246
67.4221
100.1934
77.8717
87.3217
67.0485
95.8228
100.7385
87.7996
131.4126
111.6637
101.1876
86.9570
56.5198
29.0930
24.9551
38.7224
52.5911
58.2547
103.0699
52.3592
53.6329
77.9001
54.1783
39.4537
38.3950
40.6552
47.1351
42.6632
57.7069
0.0000
0.0000
0.0000
0.0000
0.0000
0.0000
0.0000
0.0000
0.0000
0.0000
0.0000
0.0000
0.0000
0.0000
92.8111
85.4744
55.9376
63.1469
60.6587
69.2822
109.6074
98.0926
87.5461
57.7544
73.7257
98.8051
66.9155
95.5633
71.5002
52.7027
34.5382
33.0474
53.0384
41.5484
32.4099
45.4478
45.8296
37.2385
49.3424
44.7326
23.7255
42.9863
43.2473
33.8086
38.8216
36.2343
0.0000
0.0000
0.0000
0.0000
0.0000
0.0000
0.0000
0.0000
0.0000
0.0000
0.0000
0.0000
0.0000
0.0000
51.3552
63.7858
49.4431
43.7847
80.9329
76.5483
100.9355
105.9738
87.7477
80.4433
77.7172
93.4474
70.0053
79.4674
57.6389
45.2431
50.7393
45.2375
65.0076
36.8558
42.0764
37.6002
36.8441
35.8427
51.4994
33.9303
36.5399
28.9073
31.7526
27.5454
23.4770
21.9550
0.0000
0.0000
0.0000
0.0000
0.0000
0.0000
0.0000
0.0000
0.0000
0.0000
0.0000
0.0000
0.0000
0.0000
61.2864
57.3509
40.8064
52.6638
53.0396
116.3248
90.7360
98.0392
79.4383
80.8016
64.4501
70.1009
54.7374
54.8770
54.0225
45.5890
60.2827
60.7602
74.2073
48.8898
41.4639
48.6741
35.2235
39.2785
37.3431
44.5286
31.5956
26.8316
27.3253
0.0000
0.0000
0.0000
0.0000
0.0000
0.0000
0.0000
0.0000
0.0000
0.0000
0.0000
0.0000
0.0000
0.0000
0.0000
0.0000
0.0000
45.4661
39.8917
31.0081
41.7683
45.6693
71.8263
78.2677
83.5280
78.7122
58.6321
59.9738
57.0652
50.4453
74.3083
51.9599
58.6604
77.7738
87.7806
65.1438
50.6624
28.8022
29.5600
29.1846
24.5822
50.0881
50.8490
44.3837
22.6902
22.7769
0.0000
0.0000
0.0000
0.0000
0.0000
0.0000
0.0000
0.0000
0.0000
0.0000
0.0000
0.0000
0.0000
0.0000
0.0000
0.0000
0.0000
46.3556
49.9931
39.5073
33.9072
37.8713
56.7466
88.8215
85.5589
65.1193
77.8107
68.4309
59.4037
55.1733
66.3030
78.0615
103.2878
69.3622
53.0649
51.9917
35.3991
36.2175
30.6273
21.2757
28.3564
29.7480
46.7896
58.6336
28.1074
27.4261
0.0000
0.0000
0.0000
0.0000
0.0000
0.0000
0.0000
0.0000
0.0000
0.0000
0.0000
0.0000
0.0000
0.0000
0.0000
0.0000
0.0000
34.2257
35.7684
29.9703
29.3415
41.4058
63.8977
79.6591
52.2144
62.2164
67.5788
56.4518
61.8877
52.3313
59.7665
0.0000
0.0000
52.2214
39.7617
45.4889
24.7090
21.1118
19.0530
11.4870
11.7174
20.9454
37.0259
40.8136
36.0038
27.1048
0.0000
0.0000
0.0000
0.0000
0.0000
0.0000
0.0000
0.0000
0.0000
0.0000
0.0000
0.0000
0.0000
0.0000
0.0000
0.0000
0.0000
24.8320
23.7007
18.8414
22.1868
37.4569
57.6099
54.3742
37.7979
48.8993
55.1173
55.0721
41.8993
47.9314
40.1494
0.0000
0.0000
0.0000
0.0000
0.0000
0.0000
0.0000
0.0000
0.0000
0.0000
14.0415
17.3397
21.3936
26.8079
26.3371
29.1166
0.0000
0.0000
0.0000
0.0000
0.0000
0.0000
0.0000
0.0000
0.0000
0.0000
0.0000
0.0000
0.0000
0.0000
0.0000
0.0000
46.3514
37.1961
27.9106
33.8679
30.7822
42.8328
33.3712
48.5930
34.6075
31.6124
33.8861
26.9466
25.4301
24.7990
0.0000
0.0000
0.0000
0.0000
0.0000
0.0000
0.0000
0.0000
0.0000
0.0000
9.4324
8.4580
15.8411
24.8700
22.1139
0.0000
0.0000
0.0000
0.0000
0.0000
0.0000
0.0000
0.0000
0.0000
0.0000
0.0000
0.0000
0.0000
0.0000
0.0000
0.0000
0.0000
42.5588
39.0576
28.6182
47.5826
41.0700
32.4646
31.9998
33.0751
23.9556
19.3659
17.2150
15.5375
13.6566
17.5639
0.0000
0.0000
0.0000
0.0000
0.0000
0.0000
0.0000
0.0000
0.0000
0.0000
10.7050
9.8712
9.9809
18.7942
16.7678
0.0000
0.0000
0.0000
0.0000
0.0000
0.0000
0.0000
0.0000
0.0000
0.0000
0.0000
0.0000
0.0000
0.0000
0.0000
0.0000
0.0000
37.4529
26.0814
39.1151
36.8287
28.2856
30.0921
39.8597
44.3952
28.6496
19.3097
16.2511
15.1684
11.4407
9.7405
0.0000
0.0000
0.0000
0.0000
0.0000
0.0000
0.0000
0.0000
0.0000
0.0000
9.5595
11.4882
0.0000
0.0000
0.0000
0.0000
0.0000
0.0000
0.0000
0.0000
0.0000
0.0000
0.0000
0.0000
0.0000
0.0000
0.0000
0.0000
0.0000
0.0000
0.0000
0.0000
35.5348
24.6421
31.9295
25.2662
26.0425
27.2449
30.2417
38.3030
34.5668
27.8452
19.1418
10.1247
12.4872
10.4439
0.0000
0.0000
0.0000
0.0000
0.0000
0.0000
0.0000
0.0000
0.0000
0.0000
7.5684
8.1478
0.0000
0.0000
0.0000
0.0000
0.0000
0.0000
0.0000
0.0000
0.0000
0.0000
0.0000
0.0000
0.0000
0.0000
0.0000
0.0000
0.0000
0.0000
0.0000
0.0000
47.7991
35.0284
40.0931
22.1430
22.2587
31.1026
32.5848
30.1313
28.8797
44.1531
18.0064
18.5992
12.0111
7.6920
0.0000
0.0000
0.0000
0.0000
0.0000
0.0000
0.0000
0.0000
0.0000
0.0000
5.2589
6.2476
0.0000
0.0000
0.0000
0.0000
0.0000
0.0000
0.0000
0.0000
0.0000
0.0000
0.0000
0.0000
0.0000
0.0000
0.0000
0.0000
0.0000
0.0000
0.0000
0.0000
43.4522
47.6688
30.4169
27.6903
27.0232
28.4235
27.7952
28.6091
35.6618
29.0063
16.5907
16.9946
11.1946
7.2412
0.0000
0.0000
0.0000
0.0000
0.0000
0.0000
0.0000
0.0000
0.0000
0.0000
3.6878
5.0727
0.0000
0.0000
0.0000
0.0000
0.0000
0.0000
0.0000
0.0000
0.0000
0.0000
0.0000
0.0000
0.0000
0.0000
0.0000
0.0000
0.0000
0.0000
0.0000
0.0000
21.0520
29.2011
35.7161
31.8741
30.1835
29.6581
23.7043
16.0111
24.1919
24.2540
13.9791
18.2452
11.3639
5.8421
0.0000
0.0000
0.0000
0.0000
0.0000
0.0000
0.0000
0.0000
0.0000
0.0000
3.3329
2.9416
0.0000
0.0000
0.0000
0.0000
0.0000
0.0000
0.0000
0.0000
0.0000
0.0000
0.0000
0.0000
0.0000
0.0000
0.0000
0.0000
0.0000
0.0000
0.0000
0.0000
17.2987
25.3194
27.0958
39.1993
25.3390
24.6511
19.4855
18.6302
18.2774
22.2958
15.7179
12.2660
9.2888
6.5471
0.0000
0.0000
0.0000
0.0000
0.0000
0.0000
0.0000
0.0000
0.0000
0.0000
4.4078
2.5374
0.0000
0.0000
0.0000
0.0000
0.0000
0.0000
0.0000
0.0000
0.0000
0.0000
0.0000
0.0000
0.0000
0.0000
0.0000
0.0000
0.0000
0.0000
0.0000
0.0000
11.0457
21.2419
26.5021
30.8315
30.7029
18.4235
16.2423
15.6520
21.0534
20.0933
20.5559
12.6129
8.1163
7.5451
0.0000
0.0000
0.0000
0.0000
0.0000
0.0000
0.0000
0.0000
0.0000
0.0000
3.7541
3.3584
0.0000
0.0000
0.0000
0.0000
0.0000
0.0000
0.0000
0.0000
0.0000
0.0000
0.0000
0.0000
0.0000
0.0000
0.0000
0.0000
0.0000
0.0000
0.0000
0.0000
15.3934
16.5405
17.5858
22.8608
21.3103
16.9357
16.0609
19.8864
21.2397
18.6592
17.4181
10.7573
9.5701
7.1902
0.0000
0.0000
0.0000
0.0000
0.0000
0.0000
0.0000
0.0000
0.0000
0.0000
3.5092
2.4809
0.0000
0.0000
0.0000
0.0000
0.0000
0.0000
0.0000
0.0000
0.0000
0.0000
0.0000
0.0000
0.0000
0.0000
0.0000
0.0000
0.0000
0.0000
0.0000
0.0000
18.2226
20.0147
15.9474
16.8242
18.4615
23.1253
21.6786
19.1264
18.7659
12.2513
15.9667
9.5277
7.6451
7.1517
0.0000
0.0000
0.0000
0.0000
0.0000
0.0000
0.0000
0.0000
0.0000
0.0000
5.3551
0.0000
0.0000
0.0000
0.0000
0.0000
0.0000
0.0000
0.0000
0.0000
0.0000
0.0000
0.0000
0.0000
0.0000
0.0000
0.0000
0.0000
0.0000
0.0000
0.0000
0.0000
23.9361
16.0906
23.1984
24.2153
32.6497
28.2450
27.2104
16.1018
12.4747
11.2281
9.5956
5.4003
6.3139
3.5923
0.0000
0.0000
0.0000
0.0000
0.0000
0.0000
0.0000
0.0000
0.0000
0.0000
0.0000
0.0000
0.0000
0.0000
0.0000
0.0000
0.0000
0.0000
0.0000
0.0000
0.0000
0.0000
0.0000
0.0000
0.0000
0.0000
0.0000
0.0000
0.0000
0.0000
0.0000
0.0000
28.0800
20.6664
22.4329
25.8701
27.7868
29.2535
29.1230
18.5146
14.6762
13.4774
7.3444
6.6930
6.1077
4.3323
0.0000
0.0000
0.0000
0.0000
0.0000
0.0000
0.0000
0.0000
0.0000
0.0000
0.0000
0.0000
0.0000
0.0000
0.0000
0.0000
0.0000
0.0000
0.0000
0.0000
0.0000
0.0000
0.0000
0.0000
0.0000
0.0000
0.0000
0.0000
0.0000
0.0000
0.0000
0.0000
22.9694
22.6627
18.2732
21.1030
36.5055
32.2808
31.3308
26.1100
30.2042
19.4826
12.9081
6.2269
5.3608
6.2223
0.0000
0.0000
0.0000
0.0000
0.0000
0.0000
0.0000
0.0000
0.0000
0.0000
0.0000
0.0000
0.0000
0.0000
0.0000
0.0000
0.0000
0.0000
0.0000
0.0000
0.0000
0.0000
0.0000
0.0000
0.0000
0.0000
0.0000
0.0000
0.0000
0.0000
0.0000
0.0000
24.9676
26.6144
24.1691
29.6245
44.4078
45.9171
40.9912
37.8159
34.3094
24.5092
14.5647
9.8720
5.2577
7.9450
0.0000
0.0000
0.0000
0.0000
0.0000
0.0000
0.0000
0.0000
0.0000
0.0000
0.0000
0.0000
0.0000
0.0000
0.0000
0.0000
0.0000
0.0000
0.0000
0.0000
0.0000
0.0000
0.0000
0.0000
0.0000
0.0000
0.0000
0.0000
0.0000
0.0000
0.0000
0.0000
34.6706
27.6568
34.3639
44.9408
48.3410
51.6270
49.7135
39.5273
40.8605
30.9113
19.7213
12.9781
10.0736
11.1473
0.0000
0.0000
0.0000
0.0000
0.0000
0.0000
0.0000
0.0000
0.0000
0.0000
0.0000
0.0000
0.0000
0.0000
0.0000
0.0000
0.0000
0.0000
0.0000
0.0000
0.0000
0.0000
0.0000
0.0000
0.0000
0.0000
0.0000
0.0000
0.0000
0.0000
0.0000
0.0000
41.0803
30.5290
43.9596
39.5099
50.8267
57.1059
59.7553
53.3383
47.7672
35.6136
20.6612
10.8991
14.6402
14.9865
0.0000
0.0000
0.0000
0.0000
0.0000
0.0000
0.0000
0.0000
0.0000
0.0000
0.0000
0.0000
0.0000
0.0000
0.0000
0.0000
0.0000
0.0000
0.0000
0.0000
0.0000
0.0000
0.0000
0.0000
0.0000
0.0000
0.0000
0.0000
0.0000
0.0000
0.0000
0.0000
0.0000
69.9067
56.3680
69.1244
60.5009
43.8502
52.5694
49.3488
54.1396
43.6156
26.2313
17.3284
22.1885
16.9478
0.0000
0.0000
0.0000
0.0000
0.0000
0.0000
0.0000
0.0000
0.0000
0.0000
0.0000
0.0000
0.0000
0.0000
0.0000
0.0000
0.0000
0.0000
0.0000
0.0000
0.0000
0.0000
0.0000
0.0000
0.0000
0.0000
0.0000
0.0000
0.0000
0.0000
0.0000
0.0000
0.0000
50.8573
78.4245
57.8587
42.5611
60.7421
49.5526
34.1392
43.6485
35.2219
37.3196
0.0000
0.0000
21.4998
0.0000
0.0000
0.0000
0.0000
0.0000
0.0000
0.0000
0.0000
0.0000
0.0000
0.0000
0.0000
0.0000
0.0000
0.0000
0.0000
0.0000
0.0000
0.0000
0.0000
0.0000
0.0000
0.0000
0.0000
0.0000
0.0000
0.0000
0.0000
0.0000
0.0000
0.0000
0.0000
0.0000
0.0000
71.9450
65.9319
59.7299
64.5185
35.8359
49.7257
34.9267
33.9671
32.8836
0.0000
0.0000
0.0000
0.0000
0.0000
0.0000
0.0000
0.0000
0.0000
0.0000
0.0000
0.0000
0.0000
0.0000
0.0000
0.0000
0.0000
0.0000
0.0000
0.0000
0.0000
0.0000
0.0000
0.0000
0.0000
0.0000
0.0000
0.0000
0.0000
0.0000
0.0000
0.0000
0.0000
0.0000
0.0000
0.0000
0.0000
0.0000
56.6961
50.3113
44.8214
42.1072
38.0199
47.2172
63.6131
39.2835
0.0000
0.0000
0.0000
0.0000
0.0000
0.0000
0.0000
0.0000
0.0000
0.0000
0.0000
0.0000
0.0000
0.0000
0.0000
0.0000
0.0000
0.0000
0.0000
0.0000
0.0000
0.0000
0.0000
0.0000
0.0000
0.0000
0.0000
0.0000
0.0000
0.0000
0.0000
0.0000
0.0000
0.0000
0.0000
0.0000
0.0000
0.0000
0.0000
58.7953
47.7724
50.9452
52.8582
99.5943
94.0452
76.9855
0.0000
0.0000
0.0000
0.0000
0.0000
0.0000
0.0000
0.0000
0.0000
0.0000
0.0000
0.0000
0.0000
0.0000
0.0000
0.0000
0.0000
0.0000
0.0000
0.0000
0.0000
0.0000
0.0000
0.0000
0.0000
0.0000
0.0000
0.0000
0.0000
0.0000
0.0000
0.0000
0.0000
0.0000
0.0000
0.0000
0.0000
0.0000
0.0000
60.1560
63.0840
86.6342
89.2693
137.4539
129.7741
84.2511
0.0000
0.0000
0.0000
0.0000
0.0000
0.0000
0.0000
0.0000
0.0000
0.0000
0.0000
0.0000
0.0000
0.0000
0.0000
0.0000
0.0000
0.0000
0.0000
0.0000
0.0000
0.0000
0.0000
0.0000
0.0000
0.0000
0.0000
0.0000
0.0000
0.0000
0.0000
0.0000
0.0000
0.0000
0.0000
0.0000
0.0000
0.0000
0.0000
0.0000
0.0000
79.2883
91.0657
147.6287
104.2425
118.2673
0.0000
0.0000
0.0000
0.0000
0.0000
0.0000
0.0000
0.0000
0.0000
0.0000
0.0000
0.0000
0.0000
0.0000
0.0000
0.0000
0.0000
0.0000
0.0000
0.0000
0.0000
0.0000
0.0000
0.0000
0.0000
0.0000
0.0000
0.0000
0.0000
0.0000
0.0000
0.0000
0.0000
0.0000
0.0000
0.0000
0.0000
0.0000
0.0000
0.0000
0.0000
105.6967
107.9315
128.3264
115.2140
88.8282
0.0000
0.0000
0.0000
0.0000
0.0000
0.0000
0.0000
0.0000
0.0000
0.0000
0.0000
0.0000
0.0000
0.0000
0.0000
0.0000
0.0000
0.0000
0.0000
0.0000
0.0000
0.0000
0.0000
0.0000
0.0000
0.0000
0.0000
0.0000
0.0000
0.0000
0.0000
0.0000
0.0000
0.0000
0.0000
0.0000
0.0000
0.0000
0.0000
0.0000
0.0000
0.0000
166.1613
101.9691
91.4169
89.0892
0.0000
0.0000
0.0000
0.0000
0.0000
0.0000
0.0000
0.0000
0.0000
0.0000
0.0000
0.0000
0.0000
0.0000
0.0000
0.0000
0.0000
0.0000
0.0000
0.0000
0.0000
0.0000
0.0000
0.0000
0.0000
0.0000
0.0000
0.0000
0.0000
0.0000
0.0000
0.0000
0.0000
0.0000
0.0000
0.0000
0.0000
0.0000
0.0000
0.0000
0.0000
0.0000
0.0000
140.6201
101.9476
104.5625
0.0000
0.0000
0.0000
0.0000
0.0000
0.0000
0.0000
0.0000
0.0000
0.0000
0.0000
0.0000
0.0000
0.0000
0.0000
0.0000
0.0000
0.0000
0.0000
0.0000
0.0000
0.0000
0.0000
0.0000
0.0000
0.0000
0.0000
0.0000
0.0000
0.0000
0.0000
0.0000
0.0000
0.0000
0.0000
0.0000
0.0000
0.0000
0.0000
0.0000
0.0000
0.0000
0.0000
157.5515
139.8898
144.4375
0.0000
0.0000
0.0000
0.0000
0.0000
0.0000
0.0000
0.0000
0.0000
0.0000
0.0000
0.0000
0.0000
0.0000
0.0000
0.0000
0.0000
0.0000
0.0000
0.0000
0.0000
0.0000
0.0000
0.0000
0.0000
0.0000
0.0000
0.0000
0.0000
0.0000
0.0000
0.0000
0.0000
0.0000
0.0000
0.0000
0.0000
0.0000
0.0000
0.0000
0.0000
0.0000
0.0000
0.0000
157.3450
170.6470
0.0000
0.0000
0.0000
0.0000
0.0000
0.0000
0.0000
0.0000
0.0000
0.0000
0.0000
0.0000
0.0000
0.0000
0.0000
0.0000
0.0000
0.0000
0.0000
0.0000
0.0000
0.0000
0.0000
0.0000
0.0000
0.0000
0.0000
0.0000
0.0000
0.0000
0.0000
0.0000
0.0000
0.0000
0.0000
0.0000
0.0000
0.0000
0.0000
0.0000
0.0000
0.0000
0.0000
0.0000
0.0000
0.0000
0.0000
0.0000
0.0000
0.0000
0.0000
0.0000
0.0000
0.0000
0.0000
0.0000
0.0000
0.0000
0.0000
0.0000
0.0000
0.0000
0.0000
0.0000
0.0000
0.0000
0.0000
0.0000
0.0000
0.0000
0.0000
0.0000
0.0000
0.0000
0.0000
0.0000
0.0000
0.0000
0.0000
0.0000
0.0000
0.0000
0.0000
0.0000
0.0000
0.0000
0.0000
0.0000
0.0000
0.0000
0.0000
0.0000
0.0000
0.0000
0.0000
0.0000
0.0000
0.0000
0.0000
0.0000
0.0000
0.0000
0.0000
0.0000
0.0000
0.0000
0.0000
0.0000
0.0000
0.0000
0.0000
0.0000
0.0000
0.0000
0.0000
0.0000
0.0000
0.0000
0.0000
0.0000
0.0000
0.0000
0.0000
0.0000
0.0000
0.0000
0.0000
0.0000
0.0000
0.0000
0.0000
0.0000
0.0000
0.0000
0.0000
0.0000
0.0000
0.0000
0.0000
0.0000
0.0000
0.0000
0.0000
0.0000
0.0000
0.0000
0.0000
0.0000
0.0000
0.0000
0.0000
0.0000
0.0000
0.0000
0.0000
0.0000
0.0000
0.0000
0.0000
0.0000
0.0000
0.0000
0.0000
0.0000
0.0000
0.0000
0.0000
0.0000
0.0000
0.0000
0.0000
0.0000
0.0000
0.0000
0.0000
0.0000
0.0000
0.0000
0.0000
0.0000
0.0000
0.0000
0.0000
0.0000
0.0000
0.0000
0.0000
0.0000
0.0000
0.0000
0.0000
0.0000
0.0000
0.0000
0.0000
0.0000
0.0000
0.0000
0.0000
0.0000
0.0000
0.0000
0.0000
0.0000
0.0000
0.0000
0.0000
0.0000
0.0000
0.0000
0.0000
0.0000
0.0000
0.0000
0.0000
0.0000
0.0000
0.0000
0.0000
0.0000
0.0000
0.0000
0.0000
0.0000
0.0000
0.0000
0.0000
0.0000
0.0000
0.0000
0.0000
0.0000
0.0000
0.0000
0.0000
0.0000
0.0000
0.0000
0.0000
0.0000
0.0000
0.0000
0.0000
0.0000
0.0000
0.0000
0.0000
0.0000
0.0000
0.0000
0.0000
0.0000
0.0000
0.0000
0.0000
0.0000
0.0000
0.0000
0.0000
0.0000
0.0000
0.0000
0.0000
0.0000
0.0000
0.0000
0.0000
0.0000
0.0000
0.0000
0.0000
0.0000
0.0000
0.0000
0.0000
0.0000
0.0000
0.0000
0.0000
0.0000
0.0000
0.0000
0.0000
0.0000
0.0000
0.0000
0.0000
0.0000
0.0000
0.0000
0.0000
0.0000
0.0000
0.0000
0.0000
0.0000
0.0000
0.0000
0.0000
0.0000
0.0000
0.0000
0.0000
0.0000
0.0000
0.0000
0.0000
0.0000
0.0000
0.0000
0.0000
0.0000
0.0000
0.0000
0.0000
0.0000
0.0000
0.0000
0.0000
0.0000
0.0000
0.0000
0.0000
0.0000
0.0000
0.0000
0.0000
0.0000
0.0000
0.0000
0.0000
0.0000
0.0000
0.0000
0.0000
0.0000
0.0000
0.0000
0.0000
0.0000
0.0000
0.0000
0.0000
0.0000
0.0000
0.0000
0.0000
0.0000
0.0000
0.0000
0.0000
0.0000
0.0000
0.0000
0.0000
0.0000
0.0000
0.0000
0.0000
0.0000
0.0000
0.0000
0.0000
0.0000
0.0000
0.0000
0.0000
0.0000
0.0000
0.0000
0.0000
0.0000
0.0000
0.0000
0.0000
0.0000
0.0000
0.0000
0.0000
0.0000
0.0000
0.0000
0.0000
0.0000
0.0000
0.0000
0.0000
0.0000
0.0000
0.0000
0.0000
0.0000
0.0000
0.0000
0.0000
0.0000
0.0000
0.0000
0.0000
0.0000
0.0000
0.0000
0.0000
0.0000
0.0000
0.0000
0.0000
0.0000
0.0000
0.0000
0.0000
0.0000
0.0000
0.0000
0.0000
0.0000
0.0000
0.0000
0.0000
0.0000
0.0000
0.0000
0.0000
0.0000
0.0000
0.0000
0.0000
0.0000
0.0000
0.0000
0.0000
0.0000
0.0000
0.0000
0.0000
0.0000
0.0000
0.0000
0.0000
0.0000
0.0000
0.0000
0.0000
0.0000
0.0000
0.0000
0.0000
0.0000
0.0000
0.0000
0.0000
0.0000
0.0000
0.0000
0.0000
0.0000
0.0000
0.0000
0.0000
0.0000
0.0000
0.0000
0.0000
0.0000
0.0000
0.0000
0.0000
0.0000
0.0000
0.0000
0.0000
0.0000
0.0000
0.0000
0.0000
0.0000
0.0000
0.0000
0.0000
0.0000
0.0000
0.0000
0.0000
0.0000
0.0000
0.0000
0.0000
0.0000
0.0000
0.0000
0.0000
0.0000
0.0000
0.0000
0.0000
0.0000
0.0000
0.0000
0.0000
0.0000
0.0000
0.0000
0.0000
0.0000
0.0000
0.0000
0.0000
0.0000
0.0000
0.0000
0.0000
0.0000
0.0000
0.0000
0.0000
0.0000
0.0000
0.0000
0.0000
0.0000
0.0000
0.0000
0.0000
0.0000
0.0000
0.0000
0.0000
0.0000
0.0000
0.0000
0.0000
0.0000
0.0000
0.0000
0.0000
0.0000
0.0000
0.0000
0.0000
0.0000
0.0000
0.0000
0.0000
0.0000
0.0000
0.0000
0.0000
0.0000
0.0000
0.0000
0.0000
0.0000
0.0000
0.0000
0.0000
0.0000
0.0000
0.0000
0.0000
0.0000
0.0000
0.0000
0.0000
0.0000
0.0000
0.0000
0.0000
0.0000
0.0000
0.0000
0.0000
0.0000
0.0000
0.0000
0.0000
0.0000
0.0000
0.0000
0.0000
0.0000
0.0000
0.0000
0.0000
0.0000
0.0000
0.0000
0.0000
0.0000
0.0000
0.0000
0.0000
0.0000
0.0000
0.0000
0.0000
0.0000
0.0000
0.0000
0.0000
0.0000
0.0000
0.0000
0.0000
0.0000
0.0000
0.0000
0.0000
0.0000
0.0000
0.0000
0.0000
0.0000
0.0000
0.0000
0.0000
0.0000
0.0000
0.0000
0.0000
0.0000
0.0000
0.0000
0.0000
0.0000
0.0000
0.0000
0.0000
0.0000
0.0000
0.0000
0.0000
0.0000
0.0000
0.0000
0.0000
0.0000
0.0000
0.0000
0.0000
0.0000
0.0000
0.0000
0.0000
0.0000
0.0000
0.0000
0.0000
0.0000
0.0000
0.0000
0.0000
0.0000
0.0000
0.0000
0.0000
0.0000
0.0000
0.0000
0.0000
0.0000
0.0000
0.0000
0.0000
0.0000
0.0000
0.0000
0.0000
0.0000
0.0000
0.0000
0.0000
0.0000
0.0000
0.0000
0.0000
0.0000
0.0000
0.0000
0.0000
0.0000
0.0000
0.0000
0.0000
0.0000
0.0000
0.0000
0.0000
0.0000
0.0000
0.0000
0.0000
0.0000
0.0000
0.0000
0.0000
0.0000
0.0000
0.0000
0.0000
0.0000
0.0000
0.0000
0.0000
0.0000
0.0000
0.0000
0.0000
0.0000
0.0000
0.0000
0.0000
0.0000
0.0000
0.0000
0.0000
0.0000
0.0000
0.0000
0.0000
0.0000
0.0000
0.0000
0.0000
0.0000
0.0000
0.0000
0.0000
0.0000
0.0000
0.0000
0.0000
0.0000
0.0000
0.0000
0.0000
0.0000
0.0000
0.0000
0.0000
0.0000
0.0000
0.0000
0.0000
0.0000
0.0000
0.0000
0.0000
0.0000
0.0000
0.0000
0.0000
0.0000
0.0000
0.0000
0.0000
0.0000
0.0000
0.0000
0.0000
0.0000
0.0000
0.0000
0.0000
0.0000
0.0000
0.0000
0.0000
0.0000
0.0000
0.0000
0.0000
0.0000
0.0000
0.0000
0.0000
0.0000
0.0000
0.0000
0.0000
0.0000
0.0000
0.0000
0.0000
0.0000
0.0000
0.0000
0.0000
0.0000
0.0000
0.0000
0.0000
0.0000
0.0000
0.0000
0.0000
0.0000
0.0000
0.0000
0.0000
0.0000
0.0000
0.0000
0.0000
0.0000
0.0000
0.0000
0.0000
0.0000
0.0000
0.0000
0.0000
0.0000
0.0000
0.0000
0.0000
0.0000
0.0000
0.0000
0.0000
0.0000
0.0000
0.0000
0.0000
0.0000
0.0000
0.0000
0.0000
0.0000
0.0000
0.0000
0.0000
0.0000
0.0000
0.0000
0.0000
0.0000
0.0000
0.0000
0.0000
0.0000
0.0000
0.0000
0.0000
0.0000
0.0000
0.0000
0.0000
0.0000
0.0000
0.0000
0.0000
0.0000
0.0000
0.0000
0.0000
0.0000
0.0000
0.0000
0.0000
0.0000
0.0000
0.0000
0.0000
0.0000
0.0000
0.0000
0.0000
0.0000
0.0000
0.0000
0.0000
0.0000
0.0000
0.0000
0.0000
0.0000
0.0000
0.0000
0.0000
0.0000
0.0000
0.0000
0.0000
0.0000
0.0000
0.0000
0.0000
0.0000
0.0000
0.0000
0.0000
0.0000
0.0000
0.0000
0.0000
0.0000
0.0000
0.0000
0.0000
0.0000
0.0000
0.0000
0.0000
0.0000
0.0000
0.0000
0.0000
0.0000
0.0000
0.0000
0.0000
0.0000
0.0000
0.0000
0.0000
0.0000
0.0000
0.0000
0.0000
0.0000
0.0000
0.0000
0.0000
0.0000
0.0000
0.0000
0.0000
0.0000
0.0000
0.0000
0.0000
0.0000
0.0000
0.0000
0.0000
0.0000
0.0000
0.0000
0.0000
0.0000
0.0000
0.0000
0.0000
0.0000
0.0000
0.0000
0.0000
0.0000
0.0000
0.0000
0.0000
0.0000
0.0000
0.0000
0.0000
0.0000
0.0000
0.0000
0.0000
0.0000
0.0000
0.0000
0.0000
0.0000
0.0000
0.0000
0.0000
0.0000
0.0000
0.0000
0.0000
0.0000
0.0000
0.0000
0.0000
0.0000
0.0000
0.0000
0.0000
0.0000
0.0000
0.0000
0.0000
0.0000
0.0000
0.0000
0.0000
0.0000
0.0000
0.0000
0.0000
0.0000
0.0000
0.0000
0.0000
0.0000
0.0000
0.0000
0.0000
0.0000
0.0000
0.0000
0.0000
0.0000
0.0000
0.0000
0.0000
0.0000
0.0000
0.0000
0.0000
0.0000
0.0000
0.0000
0.0000
0.0000
0.0000
0.0000
0.0000
0.0000
0.0000
0.0000
0.0000
0.0000
0.0000
0.0000
0.0000
0.0000
0.0000
0.0000
0.0000
0.0000
0.0000
0.0000
0.0000
0.0000
0.0000
0.0000
0.0000
0.0000
0.0000
0.0000
0.0000
0.0000
0.0000
0.0000
0.0000
401.2237
419.7169
434.1125
684.2423
788.2537
1088.7269
985.2021
810.8692
1243.0845
1270.5396
1464.2281
1941.9229
4354.4316
4914.7690
4914.7690
4315.3813
3992.0173
1931.7301
2040.8970
2247.9756
1911.9720
2810.9602
4061.5720
3523.8789
0.0000
0.0000
0.0000
0.0000
0.0000
0.0000
0.0000
0.0000
0.0000
0.0000
0.0000
0.0000
0.0000
0.0000
0.0000
0.0000
0.0000
0.0000
0.0000
0.0000
0.0000
0.0000
360.7268
494.8126
550.7793
654.5650
890.6639
1296.7943
754.9440
735.3337
793.2112
1048.7874
1440.1737
2295.0967
4680.1836
4914.7690
4914.7690
4914.7690
3050.2102
2784.7334
1842.5714
1932.6316
1636.4056
1938.0490
2867.6245
3600.7463
0.0000
0.0000
0.0000
0.0000
0.0000
0.0000
0.0000
0.0000
0.0000
0.0000
0.0000
0.0000
0.0000
0.0000
0.0000
0.0000
0.0000
0.0000
0.0000
0.0000
0.0000
0.0000
337.6760
510.8450
706.1074
599.8933
1104.5248
1008.7531
836.2283
589.4178
674.3551
1031.6704
1577.6320
2857.1375
4914.7690
4914.7690
4914.7690
4914.7690
3522.2505
2811.3572
2532.1682
2667.2058
2584.4851
3073.3982
1806.5732
2216.8445
0.0000
0.0000
0.0000
0.0000
0.0000
0.0000
0.0000
0.0000
0.0000
0.0000
0.0000
0.0000
0.0000
0.0000
0.0000
0.0000
0.0000
0.0000
0.0000
0.0000
0.0000
0.0000
470.7849
389.6587
738.8896
863.2884
1184.9316
1150.7416
1153.3501
689.3168
761.6025
1082.3008
1765.9811
2808.1523
4740.9443
4914.7690
4914.7690
4914.7690
4807.7798
3865.0747
3824.3347
3368.1057
3260.7478
3545.4607
2370.0061
3115.4216
0.0000
0.0000
0.0000
0.0000
0.0000
0.0000
0.0000
0.0000
0.0000
0.0000
0.0000
0.0000
0.0000
0.0000
0.0000
0.0000
0.0000
0.0000
0.0000
0.0000
0.0000
0.0000
420.8145
639.8642
496.4128
521.0701
654.6043
865.3601
870.3890
1211.4496
1286.7083
1112.0000
1592.4030
1970.4703
2626.3711
4085.4333
4914.7690
4914.7690
3946.4236
3331.2903
3524.4585
4914.7690
2904.3220
4101.5234
4914.7690
4885.2222
0.0000
0.0000
0.0000
0.0000
0.0000
0.0000
0.0000
0.0000
0.0000
0.0000
0.0000
0.0000
0.0000
0.0000
0.0000
0.0000
0.0000
0.0000
0.0000
0.0000
0.0000
0.0000
618.7836
621.3599
445.2846
561.0051
466.7138
542.7756
715.8506
726.5225
793.9234
1288.1029
1335.7345
1381.4171
2993.1658
3556.9153
4691.7515
4134.1948
3740.3401
4914.7690
4264.1943
4467.4312
3993.0151
4694.4224
4914.7690
4681.0752
0.0000
0.0000
0.0000
0.0000
0.0000
0.0000
0.0000
0.0000
0.0000
0.0000
0.0000
0.0000
0.0000
0.0000
0.0000
0.0000
0.0000
0.0000
0.0000
0.0000
0.0000
0.0000
616.6550
376.1655
299.2601
405.5426
794.4412
534.3145
773.9726
781.4223
856.0355
1146.3350
1346.1221
1775.9003
2234.0583
3133.6799
3721.7837
4675.8994
4914.7690
4914.7690
4914.7690
4565.0347
3760.8271
3801.1450
3898.5376
4914.7690
0.0000
0.0000
0.0000
0.0000
0.0000
0.0000
0.0000
0.0000
0.0000
0.0000
0.0000
0.0000
0.0000
0.0000
0.0000
0.0000
0.0000
0.0000
0.0000
0.0000
0.0000
0.0000
471.4311
364.3950
389.4121
461.1505
525.8126
634.0598
897.5102
916.5589
723.3278
887.6864
1250.4722
2015.8419
3269.0713
3513.9829
3669.4844
4914.7690
4914.7690
4210.9824
4914.7690
4883.3105
4914.7690
4914.7690
4914.7690
4914.7690
0.0000
0.0000
0.0000
0.0000
0.0000
0.0000
0.0000
0.0000
0.0000
0.0000
0.0000
0.0000
0.0000
0.0000
0.0000
0.0000
0.0000
0.0000
0.0000
0.0000
0.0000
0.0000
516.6916
403.5687
381.3931
529.4563
435.5028
462.1910
922.0859
1245.5903
785.3491
1495.3521
1593.8646
2294.1143
3287.6560
2741.4680
3320.5217
3574.9441
4629.4819
4263.2261
4914.7690
4914.7690
4914.7690
4914.7690
4914.7690
4914.7690
0.0000
0.0000
0.0000
0.0000
0.0000
0.0000
0.0000
0.0000
0.0000
0.0000
0.0000
0.0000
0.0000
0.0000
0.0000
0.0000
0.0000
0.0000
0.0000
0.0000
0.0000
0.0000
467.2736
494.8990
504.3631
604.2877
563.2774
617.8862
1252.3560
775.9319
1293.6277
2028.6440
2101.4309
2391.7817
3793.5571
4059.2046
3731.1045
3954.9375
4914.7690
4914.7690
4368.9062
4914.7690
4914.7690
4914.7690
4914.7690
4914.7690
0.0000
0.0000
0.0000
0.0000
0.0000
0.0000
0.0000
0.0000
0.0000
0.0000
0.0000
0.0000
0.0000
0.0000
0.0000
0.0000
0.0000
0.0000
0.0000
0.0000
0.0000
0.0000
496.6092
570.5336
526.1819
392.1955
642.1224
891.2405
1132.7902
964.0876
1694.5085
3038.0618
2280.8767
2433.3667
2544.7654
3743.4600
4595.8999
4914.7690
4914.7690
4914.7690
4914.7690
4914.7690
4914.7690
4914.7690
4914.7690
4914.7690
0.0000
0.0000
0.0000
0.0000
0.0000
0.0000
0.0000
0.0000
0.0000
0.0000
0.0000
0.0000
0.0000
0.0000
0.0000
0.0000
0.0000
0.0000
0.0000
0.0000
0.0000
0.0000
1099.1025
1040.9967
611.7000
506.8238
523.6987
809.8662
877.5071
1496.3473
1479.2028
2091.7949
2369.7981
2226.9512
3051.2400
3904.0823
4382.0146
4914.7690
4914.7690
4914.7690
4914.7690
4914.7690
4914.7690
4914.7690
4914.7690
4914.7690
0.0000
0.0000
0.0000
0.0000
0.0000
0.0000
0.0000
0.0000
0.0000
0.0000
0.0000
0.0000
0.0000
0.0000
0.0000
0.0000
0.0000
0.0000
0.0000
0.0000
0.0000
0.0000
1464.8951
1205.5559
685.3948
725.4600
761.3436
1358.2920
1062.6138
1398.0475
1912.7789
1293.4785
1783.7476
1752.3009
4406.4648
3223.9546
4914.7690
4914.7690
4914.7690
4914.7690
4914.7690
4914.7690
4914.7690
4914.7690
4914.7690
4914.7690
0.0000
0.0000
0.0000
0.0000
0.0000
0.0000
0.0000
0.0000
0.0000
0.0000
0.0000
0.0000
0.0000
0.0000
0.0000
0.0000
0.0000
0.0000
0.0000
0.0000
0.0000
0.0000
1373.8481
1442.9937
1257.7548
857.7471
791.2277
1146.5164
1231.5507
1811.9073
2490.0823
2028.7191
2408.2847
2911.9639
3252.3950
4601.5605
4537.7988
4914.7690
4914.7690
4914.7690
4914.7690
4914.7690
4914.7690
4914.7690
4914.7690
4914.7690
0.0000
0.0000
0.0000
0.0000
0.0000
0.0000
0.0000
0.0000
0.0000
0.0000
0.0000
0.0000
0.0000
0.0000
0.0000
0.0000
0.0000
0.0000
0.0000
0.0000
0.0000
0.0000
1716.9326
1573.6790
1472.1531
1392.2412
1058.8253
1434.0061
1185.6342
1866.2307
3096.0823
3083.2932
3580.4927
4065.0154
2889.5342
4217.3052
4914.7690
4914.7690
4914.7690
4914.7690
4914.7690
4914.7690
4914.7690
4914.7690
4914.7690
4914.7690
0.0000
0.0000
0.0000
0.0000
0.0000
0.0000
0.0000
0.0000
0.0000
0.0000
0.0000
0.0000
0.0000
0.0000
0.0000
0.0000
0.0000
0.0000
0.0000
0.0000
0.0000
0.0000
1417.6815
1713.3617
1711.6567
2313.0557
2534.8289
2341.9353
2417.3740
3123.3940
2540.6802
4237.8589
3231.7744
3178.4294
2747.7920
2568.6802
4357.2827
4862.6685
4914.7690
4914.7690
4914.7690
4914.7690
4914.7690
4914.7690
4914.7690
4914.7690
0.0000
0.0000
0.0000
0.0000
0.0000
0.0000
0.0000
0.0000
0.0000
0.0000
0.0000
0.0000
0.0000
0.0000
0.0000
0.0000
0.0000
0.0000
0.0000
0.0000
0.0000
0.0000
2384.4265
1981.5148
3113.6973
2325.4202
2879.6707
2679.1780
3334.7261
3573.1975
4075.9307
3899.6416
3075.6108
2994.5010
2360.5869
2618.0715
3921.5964
4642.3911
4914.7690
4914.7690
4914.7690
4914.7690
4914.7690
4914.7690
4914.7690
4914.7690
0.0000
0.0000
0.0000
0.0000
0.0000
0.0000
0.0000
0.0000
0.0000
0.0000
0.0000
0.0000
0.0000
0.0000
0.0000
0.0000
0.0000
0.0000
0.0000
0.0000
0.0000
0.0000
4861.4888
3192.7925
2464.2896
4152.2993
4914.7690
2432.9861
3153.8452
4218.9712
3632.0076
2617.2058
3492.7815
2600.5481
2693.9854
2550.3889
4415.6514
4914.7690
4914.7690
4914.7690
4914.7690
4914.7690
4914.7690
4914.7690
4914.7690
4914.7690
0.0000
0.0000
0.0000
0.0000
0.0000
0.0000
0.0000
0.0000
0.0000
0.0000
0.0000
0.0000
0.0000
0.0000
0.0000
0.0000
0.0000
0.0000
0.0000
0.0000
0.0000
0.0000
3508.0215
3461.8855
3443.3245
4623.1548
4914.7690
4525.9849
4481.3965
4407.2925
3683.9058
4099.9629
2691.8384
1892.7273
2833.9937
1931.8085
2848.2312
2818.6365
4914.7690
4914.7690
4914.7690
4914.7690
4914.7690
4914.7690
4914.7690
4914.7690
0.0000
0.0000
0.0000
0.0000
0.0000
0.0000
0.0000
0.0000
0.0000
0.0000
0.0000
0.0000
0.0000
0.0000
0.0000
0.0000
0.0000
0.0000
0.0000
0.0000
0.0000
0.0000
3317.4802
2912.5559
3071.8193
4833.3750
4914.7690
4914.7690
4524.7480
4865.6748
4292.7773
4914.7690
2884.4224
1624.0294
1826.4420
2070.9673
1558.2050
2091.4563
2854.5901
4914.7690
4914.7690
4914.7690
4914.7690
4741.4839
4914.7690
4914.7690
0.0000
0.0000
0.0000
0.0000
0.0000
0.0000
0.0000
0.0000
0.0000
0.0000
0.0000
0.0000
0.0000
0.0000
0.0000
0.0000
0.0000
0.0000
0.0000
0.0000
0.0000
0.0000
4213.5308
3087.0786
3163.2922
4914.7690
4914.7690
4914.7690
4657.2139
3381.3496
2402.1953
3071.0901
2826.6506
2667.9023
2669.8877
1949.4357
1811.0095
2085.1809
2130.6431
3825.7385
4914.7690
4914.7690
4914.7690
4125.6904
4914.7690
4733.1982
0.0000
0.0000
0.0000
0.0000
0.0000
0.0000
0.0000
0.0000
0.0000
0.0000
0.0000
0.0000
0.0000
0.0000
0.0000
0.0000
0.0000
0.0000
0.0000
0.0000
0.0000
0.0000
3499.1660
3492.0603
3459.7925
4914.7690
4914.7690
4457.4985
3812.7217
2410.7537
2732.7385
2601.8767
3009.1255
2945.2014
2766.4412
2184.1826
1903.6324
2045.8757
2159.3621
4914.7690
4914.7690
4914.7690
4914.7690
4914.7690
4914.7690
4914.7690
0.0000
0.0000
0.0000
0.0000
0.0000
0.0000
0.0000
0.0000
0.0000
0.0000
0.0000
0.0000
0.0000
0.0000
0.0000
0.0000
0.0000
0.0000
0.0000
0.0000
0.0000
0.0000
2620.3628
2449.1853
3721.5454
4914.7690
4878.9780
4891.0601
3706.3091
2847.7546
2426.4167
2552.6316
2880.8440
2579.2830
3199.0005
2319.5847
1764.7000
1560.4614
2205.5693
3866.4885
4914.7690
4914.7690
4914.7690
4914.7690
4914.7690
4914.7690
0.0000
0.0000
0.0000
0.0000
0.0000
0.0000
0.0000
0.0000
0.0000
0.0000
0.0000
0.0000
0.0000
0.0000
0.0000
0.0000
0.0000
0.0000
0.0000
0.0000
0.0000
0.0000
2403.0642
3059.9915
4624.8691
4836.8203
4914.7690
4638.9038
3102.8289
2699.7246
2207.5305
2082.5645
2645.7742
2721.7920
2040.7180
3331.5186
2662.9556
3274.9988
4914.7690
4452.8711
4030.0547
4914.7690
4914.7690
4914.7690
4914.7690
4914.7690
0.0000
0.0000
0.0000
0.0000
0.0000
0.0000
0.0000
0.0000
0.0000
0.0000
0.0000
0.0000
0.0000
0.0000
0.0000
0.0000
0.0000
0.0000
0.0000
0.0000
0.0000
0.0000
1868.4823
2243.9417
3959.4753
2927.4688
2817.4258
3168.6753
2495.8169
1828.5294
1807.5145
1897.0619
2395.8313
2851.7051
2609.7197
2796.7407
3541.8350
4232.5127
3387.4734
4198.4243
4613.0342
4914.7690
4914.7690
4914.7690
4914.7690
4914.7690
0.0000
0.0000
0.0000
0.0000
0.0000
0.0000
0.0000
0.0000
0.0000
0.0000
0.0000
0.0000
0.0000
0.0000
0.0000
0.0000
0.0000
0.0000
0.0000
0.0000
0.0000
0.0000
1372.0500
1868.1935
2573.3726
1941.4384
2373.5676
2344.7231
2038.7158
1941.4696
2297.8237
1675.1726
1790.2168
2748.8584
2651.9482
3501.8391
3741.6812
3076.8308
3054.9060
3535.8315
4581.0015
4914.7690
4914.7690
4914.7690
4914.7690
4914.7690
0.0000
0.0000
0.0000
0.0000
0.0000
0.0000
0.0000
0.0000
0.0000
0.0000
0.0000
0.0000
0.0000
0.0000
0.0000
0.0000
0.0000
0.0000
0.0000
0.0000
0.0000
0.0000
1429.3722
1894.9521
1630.1718
1512.3420
2178.7820
2150.2537
1951.4895
2304.7610
2745.8701
2471.4241
2276.2222
3082.6050
3364.6853
3657.7317
4333.8926
3586.7529
4166.6875
4914.7690
4914.7690
4914.7690
4374.8652
4914.7690
4914.7690
4661.3418
0.0000
0.0000
0.0000
0.0000
0.0000
0.0000
0.0000
0.0000
0.0000
0.0000
0.0000
0.0000
0.0000
0.0000
0.0000
0.0000
0.0000
0.0000
0.0000
0.0000
0.0000
0.0000
1396.4525
1574.3063
1909.2852
3296.3245
2824.3550
2476.3083
2362.2815
3085.0525
2868.7593
2650.4116
3304.1575
3467.9287
3643.0718
3666.6147
3222.5520
4914.7690
4914.7690
4914.7690
4914.7690
4914.7690
4914.7690
4914.7690
4914.7690
3350.5566
0.0000
0.0000
0.0000
0.0000
0.0000
0.0000
0.0000
0.0000
0.0000
0.0000
0.0000
0.0000
0.0000
0.0000
0.0000
0.0000
0.0000
0.0000
0.0000
0.0000
0.0000
0.0000
1403.7828
1661.9628
2400.7341
2802.6328
2404.0618
1851.7677
1618.6689
3024.3525
2689.4993
3074.6384
3902.6040
3271.2380
3882.0793
4625.8252
3963.0227
3119.0710
4914.7690
4914.7690
4914.7690
4914.7690
3887.7708
4908.0957
4914.7690
4238.4214
0.0000
0.0000
0.0000
0.0000
0.0000
0.0000
0.0000
0.0000
0.0000
0.0000
0.0000
0.0000
0.0000
0.0000
0.0000
0.0000
0.0000
0.0000
0.0000
0.0000
0.0000
0.0000
1310.8721
1584.7701
1900.5126
2339.6831
2632.6880
1970.5352
1879.6705
2331.4807
2866.9038
2793.6733
2813.5232
3434.3752
4914.7690
4914.7690
3368.4241
3902.5532
4622.1382
4914.7690
4914.7690
4662.1182
4484.3418
4914.7690
3050.6958
4873.0469
0.0000
0.0000
0.0000
0.0000
0.0000
0.0000
0.0000
0.0000
0.0000
0.0000
0.0000
0.0000
0.0000
0.0000
0.0000
0.0000
0.0000
0.0000
0.0000
0.0000
0.0000
0.0000
687.0117
955.6393
1063.6678
1581.0902
2541.5085
1600.6577
1568.0271
2062.0513
1991.1312
2805.9688
2639.4934
3094.9751
4914.7690
4914.7690
4914.7690
4016.1760
3416.3472
4385.9736
3355.6863
3584.2480
3053.8601
3806.9309
2828.2610
2196.0898
0.0000
0.0000
0.0000
0.0000
0.0000
0.0000
0.0000
0.0000
0.0000
0.0000
0.0000
0.0000
0.0000
0.0000
0.0000
0.0000
0.0000
0.0000
0.0000
0.0000
0.0000
0.0000
572.5254
621.1367
849.3862
938.7097
1495.4318
1520.5872
1479.0878
1479.8068
1824.3658
2834.6965
3161.8435
3843.5361
4174.1343
3818.4905
4278.8735
4612.7568
3223.2029
3245.8638
2863.8569
3144.7234
3012.5259
2419.7351
1617.1517
2010.8663
0.0000
0.0000
0.0000
0.0000
0.0000
0.0000
0.0000
0.0000
0.0000
0.0000
0.0000
0.0000
0.0000
0.0000
0.0000
0.0000
0.0000
0.0000
0.0000
0.0000
0.0000
0.0000
707.1570
636.8463
619.8484
637.7415
943.2060
1227.9521
1041.8448
1323.7352
1395.7039
1640.1322
3018.3550
3124.9553
2922.4761
3144.6084
3486.7976
2423.0789
2834.8193
3613.7500
3239.5688
2735.1477
2030.1064
1914.6754
1391.7006
1605.2489
0.0000
0.0000
0.0000
0.0000
0.0000
0.0000
0.0000
0.0000
0.0000
0.0000
0.0000
0.0000
0.0000
0.0000
0.0000
0.0000
0.0000
0.0000
0.0000
0.0000
0.0000
0.0000
1030.0819
890.3533
856.2648
823.9648
1007.1050
1195.2318
906.0786
957.2817
1460.8573
1808.8307
2819.3401
2617.8657
2050.4963
2316.9521
1725.2524
1562.2061
1809.8296
2739.3188
2191.8591
1924.0615
1703.5028
921.8289
760.8580
968.7087
0.0000
0.0000
0.0000
0.0000
0.0000
0.0000
0.0000
0.0000
0.0000
0.0000
0.0000
0.0000
0.0000
0.0000
0.0000
0.0000
0.0000
0.0000
0.0000
0.0000
0.0000
0.0000
595.1038
734.7809
1136.7596
924.0740
1459.2693
1063.7795
1022.0416
1080.5227
1384.8136
1585.3654
1261.5819
2130.7251
2057.2744
1962.4559
2147.7910
1600.2504
2026.9961
2213.2710
2949.3545
2074.8228
1348.1344
1049.3907
1079.6049
768.8608
0.0000
0.0000
0.0000
0.0000
0.0000
0.0000
0.0000
0.0000
0.0000
0.0000
0.0000
0.0000
0.0000
0.0000
0.0000
0.0000
0.0000
0.0000
0.0000
0.0000
0.0000
0.0000
342.3592
585.8198
878.9844
748.7327
1025.5433
942.3574
1440.2736
1403.7614
1618.1715
1713.6324
1466.4045
1673.0211
1219.8309
1731.3271
2182.3467
1943.1445
1532.0908
2781.0442
2581.4062
1464.3937
1466.9100
1556.9259
1414.9567
1304.2545
0.0000
0.0000
0.0000
0.0000
0.0000
0.0000
0.0000
0.0000
0.0000
0.0000
0.0000
0.0000
0.0000
0.0000
0.0000
0.0000
0.0000
0.0000
0.0000
0.0000
0.0000
0.0000
423.3859
901.1094
809.1237
867.8776
1035.2365
1128.9647
1321.7614
1687.7299
1832.3977
1629.9436
1304.2263
1862.3232
1408.3802
2441.7573
2863.9695
1556.0817
1667.8661
3048.5054
2163.6741
2007.3578
1345.3884
1227.8094
1189.0125
1048.7100
0.0000
0.0000
0.0000
0.0000
0.0000
0.0000
0.0000
0.0000
0.0000
0.0000
0.0000
0.0000
0.0000
0.0000
0.0000
0.0000
0.0000
0.0000
0.0000
0.0000
0.0000
0.0000
585.0128
618.4672
880.0845
1431.3654
1309.5227
1092.6689
1101.0687
1131.4930
1313.3977
1799.8206
1984.4294
1586.7856
1584.5387
1971.0493
2683.1216
1523.7456
1075.9032
1452.5352
1432.6443
2002.6470
1082.7374
1041.4659
987.2352
1020.1835
0.0000
0.0000
0.0000
0.0000
0.0000
0.0000
0.0000
0.0000
0.0000
0.0000
0.0000
0.0000
0.0000
0.0000
0.0000
0.0000
0.0000
0.0000
0.0000
0.0000
0.0000
0.0000
790.7245
831.0935
997.2580
902.2426
1050.4851
1096.5891
1067.5204
813.7974
1190.5409
1816.1742
1863.8979
1764.4913
1234.8582
2123.8762
1963.2749
1792.8964
1899.2476
1122.9604
1907.1350
2244.3711
1900.3683
1822.3616
1043.7283
1351.7229
0.0000
0.0000
0.0000
0.0000
0.0000
0.0000
0.0000
0.0000
0.0000
0.0000
0.0000
0.0000
0.0000
0.0000
0.0000
0.0000
0.0000
0.0000
0.0000
0.0000
0.0000
0.0000
1127.1562
1050.5312
761.7750
1014.4770
749.0359
850.6309
1014.1699
1821.8909
1861.8718
1865.7911
2215.8772
2037.8920
1661.6062
1791.1779
2512.0754
1774.5746
2106.6809
1944.1948
2569.1367
2633.7585
2229.4565
2068.5803
1985.5348
1661.0819
1260.7067
0.0000
0.0000
0.0000
0.0000
0.0000
0.0000
0.0000
0.0000
0.0000
0.0000
0.0000
0.0000
0.0000
0.0000
0.0000
0.0000
0.0000
0.0000
0.0000
0.0000
0.0000
1327.6169
1570.1324
1220.2040
1305.7183
823.4606
1532.9510
1835.8723
1358.4130
1363.8763
1427.1060
1844.0876
2666.7175
1872.3610
1345.7511
2148.5564
2319.9307
2156.5574
1518.6581
2086.5972
3169.3894
3581.5344
2105.0835
2425.9949
2192.0798
1510.5374
0.0000
0.0000
0.0000
0.0000
0.0000
0.0000
0.0000
0.0000
0.0000
0.0000
0.0000
0.0000
0.0000
0.0000
0.0000
0.0000
0.0000
0.0000
0.0000
0.0000
0.0000
1448.4919
1655.8007
1545.1053
1374.2617
919.7977
861.7731
1089.7804
1186.4227
1309.7216
1745.3156
1278.2751
1797.8558
1197.5004
1593.6024
3109.5864
2817.3823
2789.6255
1903.8838
1605.6461
1896.3560
2205.9326
1907.0208
2128.0999
2566.2131
2272.9204
2800.3333
0.0000
0.0000
0.0000
0.0000
0.0000
0.0000
0.0000
0.0000
0.0000
0.0000
0.0000
0.0000
0.0000
0.0000
0.0000
0.0000
0.0000
0.0000
0.0000
0.0000
1020.9236
1072.5314
1922.2518
1419.0778
1344.2111
1092.8931
813.4037
998.0505
1012.0188
1760.6417
1751.0117
1654.7563
1448.4493
1444.6514
2697.5891
2961.0322
2791.7119
2358.5259
1725.1464
999.1964
1443.8872
1363.5837
1627.7445
2947.4351
4066.8821
1785.4736
1575.9679
0.0000
0.0000
0.0000
0.0000
0.0000
0.0000
0.0000
0.0000
0.0000
0.0000
0.0000
0.0000
0.0000
0.0000
0.0000
0.0000
0.0000
0.0000
0.0000
1350.6576
1118.0260
1824.3362
1687.0634
1339.1013
863.2217
1061.0844
1093.1222
874.1033
1235.8365
2086.3584
2120.5288
1792.9197
1563.1403
1954.1035
1778.8550
2157.3223
1574.3293
1301.0468
2089.8052
1748.6777
1643.4668
2238.4229
2094.5034
2258.2046
1782.2498
1643.5171
1330.8247
0.0000
0.0000
0.0000
0.0000
0.0000
0.0000
0.0000
0.0000
0.0000
0.0000
0.0000
0.0000
0.0000
0.0000
0.0000
0.0000
0.0000
0.0000
974.5504
1339.3492
2014.7258
1814.3593
2554.3220
2039.1334
1275.0342
1126.6387
1553.7855
1103.7246
1870.0342
1767.4664
2690.3435
3869.3359
2704.6467
1717.8802
1385.1946
1888.6761
1875.0481
1827.7670
1258.9595
1623.7448
1529.3280
2049.9253
2232.7209
1246.7094
1933.2566
1181.5715
0.0000
0.0000
0.0000
0.0000
0.0000
0.0000
0.0000
0.0000
0.0000
0.0000
0.0000
0.0000
0.0000
0.0000
0.0000
0.0000
0.0000
0.0000
689.4903
978.7647
1889.0913
2460.7505
2490.0344
2607.7307
1343.2488
1364.3878
1726.5258
2089.3792
1633.7517
1642.0155
2146.1750
2868.9436
2417.5552
1496.1093
1447.3541
1513.4249
1313.5818
1477.4822
1203.6313
1346.5227
1393.3436
1527.4749
1968.0428
1850.2410
1709.4225
1513.1414
697.5797
0.0000
0.0000
0.0000
0.0000
0.0000
0.0000
0.0000
0.0000
0.0000
0.0000
0.0000
0.0000
0.0000
0.0000
0.0000
0.0000
0.0000
1122.7841
1296.6228
1757.2135
1869.1855
2301.8491
2496.7905
2368.9480
2040.0088
2010.5874
2297.0317
1908.3899
2177.4802
1828.3524
2279.6526
1658.6218
1135.7610
1064.2552
1205.9191
962.2063
703.7856
1034.2347
1512.4980
1780.6038
1647.2100
2506.4766
1685.8199
1199.7582
1178.1580
915.4055
0.0000
0.0000
0.0000
0.0000
0.0000
0.0000
0.0000
0.0000
0.0000
0.0000
0.0000
0.0000
0.0000
0.0000
0.0000
0.0000
0.0000
742.8123
1471.0095
1090.6077
1759.3942
2126.8035
2644.2271
2213.4373
2632.3413
2491.2410
2562.9456
1985.4203
2171.1863
2113.4409
2772.5391
1823.7527
1401.4912
1152.6866
1087.9932
1012.0968
1010.7296
668.3071
1331.0599
1803.9717
1777.2390
1899.4849
1837.7346
1666.9655
1434.9331
994.8235
877.0308
0.0000
0.0000
0.0000
0.0000
0.0000
0.0000
0.0000
0.0000
0.0000
0.0000
0.0000
0.0000
0.0000
0.0000
0.0000
0.0000
1106.0272
1267.3062
1094.7144
1326.4821
1785.2188
2504.4219
3193.1230
2334.8164
2041.7384
2843.2061
2755.8760
2338.3201
2413.5166
3127.1421
2312.6448
1802.3739
1517.1696
1199.3032
1168.2146
1090.4045
1226.7711
1219.2440
1517.2705
1418.9545
2017.5343
1447.5074
1718.1113
1338.1711
844.9777
1229.8458
616.3656
0.0000
0.0000
0.0000
0.0000
0.0000
0.0000
0.0000
0.0000
0.0000
0.0000
0.0000
0.0000
0.0000
0.0000
0.0000
1141.8831
873.8964
907.1988
1803.5936
2005.1780
2296.6050
3209.1831
2090.4163
1871.6396
2202.1042
2072.9949
2435.1917
2711.5876
3333.9578
2367.4314
1633.4326
1851.3456
1637.3250
1288.4473
1205.6748
1152.3433
1170.3502
1511.0510
1932.5613
1717.7439
1150.6135
1203.6379
1167.3890
1085.5243
850.6725
732.0240
732.3640
0.0000
0.0000
0.0000
0.0000
0.0000
0.0000
0.0000
0.0000
0.0000
0.0000
0.0000
0.0000
0.0000
0.0000
969.1086
810.7231
1043.2603
1699.7745
2615.1653
2626.8542
2328.4795
1687.0262
1901.6310
1845.8242
3125.1223
3611.4485
4124.5317
2872.3357
1954.6349
1333.0289
2093.5525
1399.1995
1239.4569
1926.7394
1929.3534
2208.8420
1578.8254
1579.6982
1542.2452
1458.5458
862.7493
728.5051
961.4068
1004.4646
906.8270
708.5795
835.6056
0.0000
0.0000
0.0000
0.0000
0.0000
0.0000
0.0000
0.0000
0.0000
0.0000
0.0000
0.0000
0.0000
999.0275
1096.6656
1566.6938
1958.3191
1732.5522
2509.3059
1692.5850
1731.6455
2795.1609
2252.8362
2731.6765
3428.6509
3376.7034
2768.9739
2218.0149
1326.3196
1220.4449
1365.4961
1463.9290
1785.3179
2530.6001
2677.6323
1817.3215
1283.8191
1007.6358
1058.3632
566.8154
516.4714
810.8406
729.7952
946.5226
830.8929
960.2680
0.0000
0.0000
0.0000
0.0000
0.0000
0.0000
0.0000
0.0000
0.0000
0.0000
0.0000
0.0000
0.0000
1671.2633
1556.4750
1788.3690
1636.9456
2659.6897
2880.1321
2490.1089
1541.5894
2305.5779
2151.9197
2661.9839
3031.0583
3241.4717
3000.9226
2397.1736
1560.7382
1386.6981
1119.1740
1134.0475
1792.1362
2218.1445
1590.0223
1122.2137
957.0818
612.8644
679.3957
468.3408
472.3928
529.6788
664.1470
596.7845
707.6832
1134.5698
638.3682
0.0000
0.0000
0.0000
0.0000
0.0000
0.0000
0.0000
0.0000
0.0000
0.0000
0.0000
0.0000
1763.9962
2068.0774
1820.3391
1544.6405
2126.4492
1542.6073
1845.0031
1592.7072
2670.7983
2852.4333
2607.8130
3510.7400
2582.6858
2360.8184
1813.6136
1058.6371
597.2870
497.0117
784.0002
873.7825
890.8913
1304.9722
614.1619
557.1082
759.6794
482.1407
354.9482
370.6153
426.0375
520.5639
489.4244
691.9345
782.1357
680.8842
377.5699
0.0000
0.0000
0.0000
0.0000
0.0000
0.0000
0.0000
0.0000
0.0000
0.0000
0.0000
2926.1394
2450.2961
1489.8783
1500.1277
1283.0062
1379.2382
2227.9197
2125.1692
2328.5044
1485.0372
1979.3704
2420.6997
1355.2128
1887.9319
1197.5033
787.0234
596.9175
562.7487
749.0373
496.9572
334.9522
395.5339
397.0220
324.8739
388.6394
351.8685
209.0065
400.1288
465.7108
391.2021
488.6349
471.4045
513.4069
422.5808
178.2275
191.8569
0.0000
0.0000
0.0000
0.0000
0.0000
0.0000
0.0000
0.0000
0.0000
0.0000
1562.1512
1876.4288
1420.3658
1094.0048
1828.8748
1603.8815
2104.8870
2274.5359
2068.9709
1960.5527
1597.0269
1836.7784
1125.5743
1289.2516
904.8748
691.6144
689.7950
539.8041
644.3293
314.7130
329.3583
259.3864
263.6758
238.9846
318.5988
209.7175
266.4987
250.2318
356.2233
348.9275
339.3626
323.2813
389.9512
251.4556
185.8445
142.9165
0.0000
0.0000
0.0000
0.0000
0.0000
0.0000
0.0000
0.0000
0.0000
0.0000
2042.3232
1790.2623
1212.4926
1417.7170
1251.2535
2715.0320
1960.8131
1992.9497
1627.9600
1622.1182
1161.1592
1126.9740
712.3617
698.2092
702.1057
589.5919
628.6901
498.7411
528.7892
322.8351
268.6367
290.2642
205.5201
254.8831
212.2461
261.1055
223.7051
219.3793
282.9287
371.5119
418.9109
393.5056
264.3890
400.1955
324.5528
285.7183
0.0000
0.0000
0.0000
0.0000
0.0000
0.0000
0.0000
0.0000
0.0000
0.0000
1687.5728
1315.0231
923.1705
1330.6305
1326.3662
1870.5934
1936.8932
1768.7906
1448.0129
1018.5106
987.6177
805.6246
594.1506
860.2086
565.4053
578.4280
639.9962
564.6903
362.6581
314.7380
164.8902
179.4636
152.7763
135.6734
271.3157
269.6960
264.5980
170.7210
224.7868
252.4948
365.5740
261.7607
265.1202
409.5761
305.2384
387.9808
0.0000
0.0000
0.0000
0.0000
0.0000
0.0000
0.0000
0.0000
0.0000
0.0000
1957.4418
1963.4205
1421.8367
1150.2073
1262.3643
1722.5021
2317.1155
1753.6396
1105.9266
1265.3887
965.8696
732.9348
562.9226
643.8827
692.0958
777.7620
454.3852
333.3476
269.8402
167.5411
160.9073
147.1135
104.8863
136.8853
165.8866
248.5550
312.3220
197.1615
241.3463
236.3614
192.3575
217.2796
279.1231
367.9179
541.3165
481.2193
0.0000
0.0000
0.0000
0.0000
0.0000
0.0000
0.0000
0.0000
0.0000
0.0000
1655.7126
1488.2455
1057.7246
956.0981
1289.5770
1806.4777
1983.9226
1048.5793
1057.5975
998.2050
722.4395
657.5073
482.2122
484.4153
0.0000
0.0000
307.1805
217.2292
219.1674
115.1022
102.4240
84.6856
61.0344
62.9729
118.1068
189.1905
219.4271
235.4506
266.0974
357.1029
303.9722
340.8688
254.1292
427.7309
340.6252
482.4275
0.0000
0.0000
0.0000
0.0000
0.0000
0.0000
0.0000
0.0000
0.0000
0.0000
1195.3425
954.5403
637.8141
714.4869
1080.2104
1510.6344
1260.0233
753.6151
763.5413
698.0072
601.0820
396.0384
385.5277
281.9790
0.0000
0.0000
0.0000
0.0000
0.0000
0.0000
0.0000
0.0000
0.0000
0.0000
84.8600
87.4851
116.1612
184.8199
231.2587
343.2598
418.3954
339.4146
539.8040
312.6769
279.1435
360.1053
0.0000
0.0000
0.0000
0.0000
0.0000
0.0000
0.0000
0.0000
0.0000
0.0000
1967.9028
1400.9926
958.6713
1052.1215
840.2575
1060.6271
762.1965
853.4286
505.0536
372.3467
330.0751
237.8674
171.3488
154.8960
0.0000
0.0000
0.0000
0.0000
0.0000
0.0000
0.0000
0.0000
0.0000
0.0000
50.0672
46.6216
93.4760
172.1638
196.3816
282.6022
445.5588
373.3721
462.9001
671.4963
478.9722
460.6364
0.0000
0.0000
0.0000
0.0000
0.0000
0.0000
0.0000
0.0000
0.0000
0.0000
1563.1414
1285.3259
887.1766
1332.6865
1028.3699
690.6409
569.5763
483.0224
307.0550
206.7376
134.8697
111.0925
85.1575
106.3297
0.0000
0.0000
0.0000
0.0000
0.0000
0.0000
0.0000
0.0000
0.0000
0.0000
58.7493
57.3544
71.9667
160.3001
170.9224
315.1083
351.8561
306.3809
518.3494
563.1485
593.6389
662.4476
0.0000
0.0000
0.0000
0.0000
0.0000
0.0000
0.0000
0.0000
0.0000
0.0000
1242.6515
746.8735
1040.8715
898.6441
615.1487
525.7421
573.7238
528.1038
304.3382
163.0420
110.6718
90.8447
73.3081
57.8875
0.0000
0.0000
0.0000
0.0000
0.0000
0.0000
0.0000
0.0000
0.0000
0.0000
63.9348
76.3449
76.4167
95.5019
164.9411
195.8400
359.2610
470.5147
411.7462
573.8058
712.7600
1236.0002
0.0000
0.0000
0.0000
0.0000
0.0000
0.0000
0.0000
0.0000
0.0000
0.0000
1036.5524
646.4177
759.3719
547.6874
474.8299
407.6750
365.5564
400.3170
299.2880
197.5234
115.7133
58.1062
65.8516
58.9983
0.0000
0.0000
0.0000
0.0000
0.0000
0.0000
0.0000
0.0000
0.0000
0.0000
61.3644
59.8338
79.6394
143.7981
101.2941
111.1147
182.8997
401.8774
491.1575
617.1049
910.6024
1094.0676
0.0000
0.0000
0.0000
0.0000
0.0000
0.0000
0.0000
0.0000
0.0000
0.0000
1265.5549
801.0073
840.4925
435.3718
350.6754
379.5356
347.1305
271.6591
235.2769
267.9705
99.7324
87.6999
58.0868
43.2026
0.0000
0.0000
0.0000
0.0000
0.0000
0.0000
0.0000
0.0000
0.0000
0.0000
50.3490
56.4075
85.5614
147.3892
150.0071
134.6530
201.8146
295.8789
360.8275
486.0810
736.0342
1147.3539
0.0000
0.0000
0.0000
0.0000
0.0000
0.0000
0.0000
0.0000
0.0000
0.0000
977.1011
942.9652
538.0735
417.5754
317.7146
271.4708
218.5622
204.6972
195.4828
135.7057
77.3193
72.1976
49.5381
41.4833
0.0000
0.0000
0.0000
0.0000
0.0000
0.0000
0.0000
0.0000
0.0000
0.0000
44.8772
62.2647
69.4952
128.1936
128.0123
159.9524
232.5065
234.4154
317.9605
539.0665
812.0704
842.1265
0.0000
0.0000
0.0000
0.0000
0.0000
0.0000
0.0000
0.0000
0.0000
0.0000
403.6742
493.4278
524.6486
392.3945
287.4153
219.6222
144.7908
87.4240
106.8408
90.6790
54.3296
68.4842
47.7609
31.1238
0.0000
0.0000
0.0000
0.0000
0.0000
0.0000
0.0000
0.0000
0.0000
0.0000
58.3661
46.7208
86.4990
154.7890
175.1535
224.8073
250.8565
242.2676
244.7129
462.0675
761.6391
722.8116
0.0000
0.0000
0.0000
0.0000
0.0000
0.0000
0.0000
0.0000
0.0000
0.0000
299.7755
377.6794
347.0645
402.3649
200.6758
160.6411
105.4728
87.2155
72.1813
80.9157
55.0175
46.0053
44.8558
35.5102
0.0000
0.0000
0.0000
0.0000
0.0000
0.0000
0.0000
0.0000
0.0000
0.0000
91.7523
52.9112
90.8304
118.9565
141.8401
166.5682
288.4127
402.7526
334.4632
433.1264
809.5957
928.8608
0.0000
0.0000
0.0000
0.0000
0.0000
0.0000
0.0000
0.0000
0.0000
0.0000
172.5758
278.2111
294.5147
298.4962
222.1446
106.2893
84.6773
61.9918
74.0267
70.0738
82.8809
49.5239
35.3553
41.3407
0.0000
0.0000
0.0000
0.0000
0.0000
0.0000
0.0000
0.0000
0.0000
0.0000
88.2388
75.8369
88.9738
106.3391
105.1866
131.9222
215.5626
369.9392
631.2122
555.7656
657.9146
850.8635
0.0000
0.0000
0.0000
0.0000
0.0000
0.0000
0.0000
0.0000
0.0000
0.0000
210.6986
198.2285
181.0723
205.6531
151.8909
94.4973
71.5596
74.8594
74.5613
61.3973
62.3599
40.6179
39.8539
37.7494
0.0000
0.0000
0.0000
0.0000
0.0000
0.0000
0.0000
0.0000
0.0000
0.0000
78.3570
53.7387
60.6823
63.5988
113.0308
212.5271
326.6681
523.5457
856.7560
560.5657
463.1399
478.5374
0.0000
0.0000
0.0000
0.0000
0.0000
0.0000
0.0000
0.0000
0.0000
0.0000
209.1291
205.8794
147.3609
138.7292
125.3378
125.2288
98.7139
79.6903
66.7608
41.7335
51.6458
33.8530
33.7789
38.0429
0.0000
0.0000
0.0000
0.0000
0.0000
0.0000
0.0000
0.0000
0.0000
0.0000
107.9548
81.8169
64.2123
63.8388
120.1978
176.8994
339.2906
522.9485
971.1251
626.6482
475.3762
500.7341
0.0000
0.0000
0.0000
0.0000
0.0000
0.0000
0.0000
0.0000
0.0000
0.0000
213.0183
136.2815
173.1504
170.7634
206.1181
146.2048
120.6757
62.1178
45.9281
41.6735
30.6783
18.7317
28.2186
20.3991
0.0000
0.0000
0.0000
0.0000
0.0000
0.0000
0.0000
0.0000
0.0000
0.0000
100.3328
145.4306
102.8275
130.2380
145.3494
297.8505
474.4370
534.4434
871.4127
818.2183
609.2484
747.9908
0.0000
0.0000
0.0000
0.0000
0.0000
0.0000
0.0000
0.0000
0.0000
0.0000
202.3648
132.2977
138.8529
157.7955
158.4910
151.2816
133.6117
82.2823
49.4898
40.6068
24.0539
22.7029
25.1670
21.0278
0.0000
0.0000
0.0000
0.0000
0.0000
0.0000
0.0000
0.0000
0.0000
0.0000
114.3723
148.2779
130.9868
144.1401
178.2516
327.9178
687.7233
549.3915
716.8518
694.8454
858.6052
828.9548
0.0000
0.0000
0.0000
0.0000
0.0000
0.0000
0.0000
0.0000
0.0000
0.0000
143.3624
130.5443
104.7852
116.2601
190.6750
161.2905
155.7041
112.2712
101.3940
62.6032
40.3661
23.5161
22.9524
29.3690
0.0000
0.0000
0.0000
0.0000
0.0000
0.0000
0.0000
0.0000
0.0000
0.0000
155.1879
222.3127
157.1520
188.2773
232.8963
410.2944
432.5504
608.3902
740.7952
962.8484
771.8683
697.9240
0.0000
0.0000
0.0000
0.0000
0.0000
0.0000
0.0000
0.0000
0.0000
0.0000
149.0704
154.9419
118.6635
154.1429
216.6474
212.6099
183.2173
162.2609
119.3907
78.3481
50.6792
40.0352
23.4291
39.9309
0.0000
0.0000
0.0000
0.0000
0.0000
0.0000
0.0000
0.0000
0.0000
0.0000
236.8239
244.1193
261.0270
309.5538
296.1639
376.3851
690.7053
760.5745
1025.1609
621.4703
888.8008
641.2018
0.0000
0.0000
0.0000
0.0000
0.0000
0.0000
0.0000
0.0000
0.0000
0.0000
181.2345
123.9476
139.9130
190.2587
230.2235
215.9804
194.5520
138.5183
133.5491
106.1735
87.9976
67.3956
50.5210
56.5926
0.0000
0.0000
0.0000
0.0000
0.0000
0.0000
0.0000
0.0000
0.0000
0.0000
240.0354
327.0952
296.9566
376.6206
388.3788
440.8240
492.7277
838.1536
1030.8029
728.3758
951.3201
1367.8188
0.0000
0.0000
0.0000
0.0000
0.0000
0.0000
0.0000
0.0000
0.0000
0.0000
163.0726
113.3657
160.7711
141.8105
202.0247
222.6519
223.4855
172.8867
174.4427
144.5774
117.5815
55.6304
68.8215
72.7948
0.0000
0.0000
0.0000
0.0000
0.0000
0.0000
0.0000
0.0000
0.0000
0.0000
232.7887
300.2570
350.8563
388.5141
344.1858
430.6013
446.4832
644.5751
1344.9379
1502.8243
1514.0914
2360.1604
0.0000
0.0000
0.0000
0.0000
0.0000
0.0000
0.0000
0.0000
0.0000
0.0000
0.0000
240.5488
173.1263
235.9738
234.9814
178.3209
201.0117
169.8094
205.6680
168.0167
115.1629
86.7199
97.1817
79.9622
0.0000
0.0000
0.0000
0.0000
0.0000
0.0000
0.0000
0.0000
0.0000
0.0000
264.2570
317.9809
382.3012
259.2936
300.1462
363.6292
402.0093
739.3002
1506.7976
1599.6475
1445.8304
3524.5088
0.0000
0.0000
0.0000
0.0000
0.0000
0.0000
0.0000
0.0000
0.0000
0.0000
0.0000
160.7185
238.0265
199.8303
176.4116
225.9133
177.8034
118.6519
148.4035
130.0192
134.5232
0.0000
0.0000
89.9804
0.0000
0.0000
0.0000
0.0000
0.0000
0.0000
0.0000
0.0000
0.0000
0.0000
289.5330
305.0125
412.8233
274.2422
307.3081
351.7390
347.5763
693.8980
906.9698
1748.8458
2546.0396
3373.7732
0.0000
0.0000
0.0000
0.0000
0.0000
0.0000
0.0000
0.0000
0.0000
0.0000
0.0000
0.0000
220.1776
222.4001
201.8512
217.6463
121.0371
162.9722
114.8595
109.7092
113.1586
0.0000
0.0000
0.0000
0.0000
0.0000
0.0000
0.0000
0.0000
0.0000
0.0000
0.0000
0.0000
0.0000
303.7614
325.7245
269.9460
347.9567
429.1536
408.4088
549.3710
868.0150
832.6796
1239.9475
2682.8818
3259.8484
0.0000
0.0000
0.0000
0.0000
0.0000
0.0000
0.0000
0.0000
0.0000
0.0000
0.0000
0.0000
0.0000
160.9121
141.0563
118.5415
114.2801
102.7181
127.9567
195.8947
131.9132
0.0000
0.0000
0.0000
0.0000
0.0000
0.0000
0.0000
0.0000
0.0000
0.0000
0.0000
0.0000
0.0000
256.7474
383.4422
317.5558
672.6895
535.0208
641.0007
768.6912
647.2073
737.8932
1027.5121
905.0983
1488.7701
0.0000
0.0000
0.0000
0.0000
0.0000
0.0000
0.0000
0.0000
0.0000
0.0000
0.0000
0.0000
0.0000
0.0000
149.6496
109.0012
122.9167
128.9836
264.2948
273.4470
279.4671
0.0000
0.0000
0.0000
0.0000
0.0000
0.0000
0.0000
0.0000
0.0000
0.0000
0.0000
0.0000
0.0000
395.1758
407.3911
551.4604
694.4963
736.3093
1029.5389
851.0748
930.7083
918.8793
1120.1833
730.3539
985.3344
0.0000
0.0000
0.0000
0.0000
0.0000
0.0000
0.0000
0.0000
0.0000
0.0000
0.0000
0.0000
0.0000
0.0000
164.1677
150.9074
213.7948
218.0009
375.3629
445.5958
298.7961
0.0000
0.0000
0.0000
0.0000
0.0000
0.0000
0.0000
0.0000
0.0000
0.0000
0.0000
0.0000
0.0000
341.7827
254.7703
501.5005
578.8073
971.2173
1013.6052
1223.2823
809.2781
815.0790
1001.4770
1126.7959
1179.7914
0.0000
0.0000
0.0000
0.0000
0.0000
0.0000
0.0000
0.0000
0.0000
0.0000
0.0000
0.0000
0.0000
0.0000
0.0000
0.0000
183.4299
280.1887
488.9253
471.9090
429.2192
0.0000
0.0000
0.0000
0.0000
0.0000
0.0000
0.0000
0.0000
0.0000
0.0000
0.0000
0.0000
0.0000
0.0000
369.5891
614.5035
489.2373
889.1743
1022.1273
769.6024
943.0518
1171.0186
830.3760
1648.4427
1618.7195
0.0000
0.0000
0.0000
0.0000
0.0000
0.0000
0.0000
0.0000
0.0000
0.0000
0.0000
0.0000
0.0000
0.0000
0.0000
0.0000
250.9485
293.8002
380.9352
386.4588
296.5187
0.0000
0.0000
0.0000
0.0000
0.0000
0.0000
0.0000
0.0000
0.0000
0.0000
0.0000
0.0000
0.0000
0.0000
0.0000
0.0000
433.0373
723.4304
655.5324
736.0817
1017.5362
1159.4329
986.7993
1873.5989
1403.9368
0.0000
0.0000
0.0000
0.0000
0.0000
0.0000
0.0000
0.0000
0.0000
0.0000
0.0000
0.0000
0.0000
0.0000
0.0000
0.0000
0.0000
515.6977
314.6984
278.5378
291.1642
0.0000
0.0000
0.0000
0.0000
0.0000
0.0000
0.0000
0.0000
0.0000
0.0000
0.0000
0.0000
0.0000
0.0000
0.0000
0.0000
0.0000
689.6479
597.7209
1148.0000
781.0580
705.8704
1233.7623
1390.1089
1145.8481
0.0000
0.0000
0.0000
0.0000
0.0000
0.0000
0.0000
0.0000
0.0000
0.0000
0.0000
0.0000
0.0000
0.0000
0.0000
0.0000
0.0000
0.0000
458.6446
320.0046
352.7786
0.0000
0.0000
0.0000
0.0000
0.0000
0.0000
0.0000
0.0000
0.0000
0.0000
0.0000
0.0000
0.0000
0.0000
0.0000
0.0000
0.0000
0.0000
623.6383
1195.4598
807.0352
703.1891
1003.8931
1071.1562
781.4484
0.0000
0.0000
0.0000
0.0000
0.0000
0.0000
0.0000
0.0000
0.0000
0.0000
0.0000
0.0000
0.0000
0.0000
0.0000
0.0000
0.0000
0.0000
591.8274
544.5778
582.0652
0.0000
0.0000
0.0000
0.0000
0.0000
0.0000
0.0000
0.0000
0.0000
0.0000
0.0000
0.0000
0.0000
0.0000
0.0000
0.0000
0.0000
0.0000
0.0000
1044.1479
645.5330
530.4554
566.7428
601.8303
834.4306
0.0000
0.0000
0.0000
0.0000
0.0000
0.0000
0.0000
0.0000
0.0000
0.0000
0.0000
0.0000
0.0000
0.0000
0.0000
0.0000
0.0000
0.0000
0.0000
893.9519
799.8446
0.0000
0.0000
0.0000
0.0000
0.0000
0.0000
0.0000
0.0000
0.0000
0.0000
0.0000
0.0000
0.0000
0.0000
0.0000
0.0000
0.0000
0.0000
0.0000
0.0000
0.0000
663.4461
567.3641
493.9214
577.5623
0.0000
0.0000
0.0000
0.0000
0.0000
0.0000
0.0000
0.0000
0.0000
0.0000
0.0000
0.0000
0.0000
0.0000
0.0000
0.0000
0.0000
0.0000
0.0000
0.0000
0.0000
0.0000
0.0000
0.0000
0.0000
0.0000
0.0000
0.0000
0.0000
0.0000
0.0000
0.0000
0.0000
0.0000
0.0000
0.0000
0.0000
0.0000
0.0000
0.0000
0.0000
0.0000
0.0000
546.4299
547.9492
796.0200
0.0000
0.0000
0.0000
0.0000
0.0000
0.0000
0.0000
0.0000
0.0000
0.0000
0.0000
0.0000
0.0000
0.0000
0.0000
0.0000
0.0000
0.0000
0.0000
0.0000
0.0000
0.0000
0.0000
0.0000
0.0000
0.0000
0.0000
0.0000
0.0000
0.0000
0.0000
0.0000
0.0000
0.0000
0.0000
0.0000
0.0000
0.0000
0.0000
0.0000
0.0000
0.0000
0.0000
798.6403
580.9683
1176.7563
0.0000
0.0000
0.0000
0.0000
0.0000
0.0000
0.0000
0.0000
0.0000
0.0000
0.0000
0.0000
0.0000
0.0000
0.0000
0.0000
0.0000
0.0000
0.0000
0.0000
0.0000
0.0000
0.0000
0.0000
0.0000
0.0000
0.0000
0.0000
0.0000
0.0000
0.0000
0.0000
0.0000
0.0000
0.0000
0.0000
0.0000
0.0000
0.0000
0.0000
0.0000
0.0000
0.0000
0.0000
0.0000
0.0000
0.0000
0.0000
0.0000
0.0000
0.0000
0.0000
0.0000
0.0000
0.0000
0.0000
0.0000
0.0000
0.0000
0.0000
0.0000
0.0000
0.0000
0.0000
0.0000
0.0000
0.0000
0.0000
0.0000
0.0000
0.0000
0.0000
0.0000
0.0000
0.0000
0.0000
0.0000
0.0000
0.0000
0.0000
0.0000
0.0000
0.0000
0.0000
0.0000
0.0000
0.0000
0.0000
0.0000
0.0000
0.0000
0.0000
0.0000
0.0000
0.0000
0.0000
0.0000
0.0000
0.0000
0.0000
0.0000
0.0000
0.0000
0.0000
0.0000
0.0000
0.0000
0.0000
0.0000
0.0000
0.0000
0.0000
0.0000
0.0000
0.0000
0.0000
0.0000
0.0000
0.0000
0.0000
0.0000
0.0000
0.0000
0.0000
0.0000
0.0000
0.0000
0.0000
0.0000
0.0000
0.0000
0.0000
0.0000
0.0000
0.0000
0.0000
0.0000
0.0000
0.0000
0.0000
0.0000
0.0000
0.0000
0.0000
0.0000
0.0000
0.0000
0.0000
0.0000
0.0000
0.0000
0.0000
0.0000
0.0000
0.0000
0.0000
0.0000
0.0000
0.0000
0.0000
0.0000
0.0000
0.0000
0.0000
0.0000
0.0000
0.0000
0.0000
0.0000
0.0000
0.0000
0.0000
0.0000
0.0000
0.0000
0.0000
0.0000
0.0000
0.0000
0.0000
0.0000
0.0000
0.0000
0.0000
0.0000
0.0000
0.0000
0.0000
0.0000
0.0000
0.0000
0.0000
0.0000
0.0000
0.0000
0.0000
0.0000
0.0000
0.0000
0.0000
0.0000
0.0000
0.0000
0.0000
0.0000
0.0000
0.0000
0.0000
0.0000
0.0000
0.0000
0.0000
0.0000
0.0000
0.0000
0.0000
0.0000
0.0000
0.0000
0.0000
0.0000
0.0000
0.0000
0.0000
0.0000
0.0000
0.0000
0.0000
0.0000
0.0000
0.0000
0.0000
0.0000
0.0000
0.0000
0.0000
0.0000
0.0000
0.0000
0.0000
0.0000
0.0000
0.0000
0.0000
0.0000
0.0000
0.0000
0.0000
0.0000
0.0000
0.0000
0.0000
0.0000
0.0000
0.0000
0.0000
0.0000
0.0000
0.0000
0.0000
0.0000
0.0000
0.0000
0.0000
0.0000
0.0000
0.0000
0.0000
0.0000
0.0000
0.0000
0.0000
0.0000
0.0000
0.0000
0.0000
0.0000
0.0000
0.0000
0.0000
0.0000
0.0000
0.0000
0.0000
0.0000
0.0000
0.0000
0.0000
0.0000
0.0000
0.0000
0.0000
0.0000
0.0000
0.0000
0.0000
0.0000
0.0000
0.0000
0.0000
0.0000
0.0000
0.0000
0.0000
0.0000
0.0000
0.0000
0.0000
0.0000
0.0000
0.0000
0.0000
0.0000
0.0000
0.0000
0.0000
0.0000
0.0000
0.0000
0.0000
0.0000
0.0000
0.0000
0.0000
0.0000
0.0000
0.0000
0.0000
0.0000
0.0000
0.0000
0.0000
0.0000
0.0000
0.0000
0.0000
0.0000
0.0000
0.0000
0.0000
0.0000
0.0000
0.0000
0.0000
0.0000
0.0000
0.0000
0.0000
0.0000
0.0000
0.0000
0.0000
0.0000
0.0000
0.0000
0.0000
0.0000
0.0000
0.0000
0.0000
0.0000
0.0000
0.0000
0.0000
0.0000
0.0000
0.0000
0.0000
0.0000
0.0000
0.0000
0.0000
0.0000
0.0000
0.0000
0.0000
0.0000
0.0000
0.0000
0.0000
0.0000
0.0000
0.0000
0.0000
0.0000
0.0000
0.0000
0.0000
0.0000
0.0000
0.0000
0.0000
0.0000
0.0000
0.0000
0.0000
0.0000
0.0000
0.0000
0.0000
0.0000
0.0000
0.0000
0.0000
0.0000
0.0000
0.0000
0.0000
0.0000
0.0000
0.0000
0.0000
0.0000
0.0000
0.0000
0.0000
0.0000
0.0000
0.0000
0.0000
0.0000
0.0000
0.0000
0.0000
0.0000
0.0000
0.0000
0.0000
0.0000
0.0000
0.0000
0.0000
0.0000
0.0000
0.0000
0.0000
0.0000
0.0000
0.0000
0.0000
0.0000
0.0000
0.0000
0.0000
0.0000
0.0000
0.0000
0.0000
0.0000
0.0000
0.0000
0.0000
0.0000
0.0000
0.0000
0.0000
0.0000
0.0000
0.0000
0.0000
0.0000
0.0000
0.0000
0.0000
0.0000
/
